{"segmentId":"5000785","streetsFileVersion":96,"polygonPointList":[[[32.08736985299774,34.90901812500125],[32.08551331699771,34.90882109700126],[32.0834003559977,34.907717027001254],[32.08093899799775,34.90795632600125],[32.08065921599777,34.907983527001264],[32.07807036299769,34.91392266200129],[32.08083845099771,34.914615317001264],[32.084694440997716,34.91558019600131],[32.08465842399768,34.9156368430013],[32.08402211399766,34.91784330600131],[32.08397829999768,34.917995236001275],[32.08263730299772,34.91786917000132],[32.081990854997684,34.920354740001315],[32.080756894997656,34.920004266001285],[32.079579999997705,34.919670000001304],[32.07929999999768,34.919590000001286],[32.078338481997676,34.91941810800131],[32.07784842199764,34.918906865001304],[32.076087798997676,34.91865207500131],[32.07601306999767,34.91839603300132],[32.07600780399766,34.91837798900133],[32.076292856997696,34.91768186500133],[32.07683881299769,34.916348591001274],[32.07725115199766,34.91542929300128],[32.07759683099772,34.9146586100013],[32.07577412499771,34.91419670100127],[32.07557299899767,34.91441045500129],[32.07508900299771,34.914352779001305],[32.07505737399766,34.91374907700126],[32.0726169659977,34.91335427200127],[32.07224013099768,34.9175972310013],[32.07207636299766,34.91944117800131],[32.071745806997704,34.91945113000128],[32.07032245999767,34.91949398100133],[32.069311977997636,34.91841980900131],[32.06918621299765,34.91753348000128],[32.069066997997666,34.916693315001275],[32.068280039997695,34.91677747800128],[32.06798162199772,34.914114782001306],[32.068095731997744,34.91128889600125],[32.06807721399769,34.911121764001244],[32.0677888779977,34.908519354001285],[32.06767079099777,34.90690963800127],[32.06751761899776,34.90482167200122],[32.06710044799778,34.903183991001235],[32.067020635997764,34.902870674001235],[32.06695808699775,34.902693679001224],[32.06821922399781,34.89930184400121],[32.06861979399777,34.89829658400121],[32.0689518999978,34.896343847001184],[32.06916375099783,34.89509818900122],[32.06918507699779,34.8949727690012],[32.06946371099777,34.8929900850012],[32.06958365299782,34.892556421001196],[32.07049281499786,34.88926925100117],[32.070481088997816,34.88860631800116],[32.070625287997835,34.885785785001175],[32.07086830199789,34.881032418001176],[32.07089440599787,34.88052183000118],[32.07089532299788,34.88052056200118],[32.071175965997895,34.87520439000116],[32.07121828699792,34.87440270600115],[32.0714086439979,34.87141410300112],[32.07156092999793,34.86794960800111],[32.07059293299795,34.864599830001076],[32.070114216997915,34.8629432220011],[32.06943512999798,34.85996186400109],[32.069489999997934,34.85995000000105],[32.069919999997936,34.859920000001075],[32.070169999998015,34.85989000000109],[32.070459999997965,34.85986000000105],[32.07089999999796,34.85981000000106],[32.071909999998,34.859740000001075],[32.07244999999796,34.85971000000109],[32.072635813998005,34.85978243600107],[32.07303999999795,34.859940000001075],[32.07321999999795,34.85995000000105],[32.073609999997956,34.85996000000108],[32.073749999997986,34.859970000001056],[32.07429999999799,34.86000000000109],[32.07463999999797,34.86004000000105],[32.075549999998,34.86012000000109],[32.07639999999795,34.8602000000011],[32.07661444199797,34.86022560500107],[32.077055323997975,34.860278248001066],[32.07706999999796,34.86028000000107],[32.07781999999794,34.86035000000106],[32.07891999999794,34.86042000100111],[32.07945872199796,34.86044606700108],[32.07956886899801,34.86045735400108],[32.079631883997955,34.86044877500109],[32.08028999999798,34.86044000000107],[32.08031091599796,34.860356334001104],[32.08032212499798,34.8603548080011],[32.08031744399796,34.86033022100106],[32.08034999999801,34.8602000000011],[32.08038999999798,34.8601100000011],[32.08040999999795,34.85999000000106],[32.08038999999802,34.8599300000011],[32.08017899699801,34.85959431400107],[32.080169999998,34.85958000000107],[32.08004999999793,34.85840000000109],[32.080039999997986,34.857880000001096],[32.080007260997974,34.857444331001076],[32.08017999999797,34.85539000000106],[32.08024999999796,34.85539000000106],[32.08035937199798,34.855406278001034],[32.08171671099802,34.855608288001044],[32.08488564499797,34.856079914001086],[32.084942657997985,34.85608839900106],[32.08590143699803,34.856231092001046],[32.085906697997935,34.85617997300107],[32.08595995199798,34.85566251400108],[32.08596953899802,34.855569358001034],[32.08607486199798,34.854545948001075],[32.086098090998,34.85432023500104],[32.08619999999803,34.85333000000102],[32.08623217199801,34.85331162300102],[32.086267818997996,34.85329126100104],[32.08656999999802,34.85334000000106],[32.08673999999804,34.85231000000104],[32.087029999997995,34.85205000000107],[32.08667091899798,34.85206056100102],[32.086349999997985,34.852070000001014],[32.08627008899802,34.852030044001054],[32.08626106899799,34.85187803700106],[32.08625999999803,34.85186000000104],[32.08627193099799,34.85178245000102],[32.08646000199797,34.85055998500106],[32.08679999999801,34.84835000000102],[32.08682442899802,34.84831580000107],[32.086849999998,34.848280000001026],[32.086909999998014,34.84830000000103],[32.08755999999802,34.84881000000106],[32.087690864998045,34.848543908001055],[32.087703972998,34.84851725500103],[32.087859999998,34.84820000000106],[32.088189999998036,34.84785000000103],[32.088341227998015,34.84787274100104],[32.08838564599805,34.84787942000101],[32.08847266099801,34.84789250500104],[32.089246484998014,34.84800887000104],[32.089463586998065,34.84804151700105],[32.08951999999804,34.84805000000104],[32.089856711997996,34.847004791001055],[32.08999999999803,34.84656000000105],[32.090006283998,34.846456313001],[32.090039999998034,34.845900000001],[32.09020445899803,34.84590128200104],[32.09025134099803,34.84590164800103],[32.09087808799804,34.845906536001],[32.09234617799807,34.845917985001],[32.09234729299803,34.846029105001044],[32.09267055999802,34.845973208001006],[32.09490814099805,34.84611527400103],[32.09705522099803,34.846666993001016],[32.097716664998046,34.84711682300106],[32.09867393499804,34.84754712400105],[32.09986874199804,34.84789042500104],[32.102140094998006,34.84854304600101],[32.103416864998,34.84881534600101],[32.10478272299798,34.85469784700108],[32.10725482699797,34.86534475200109],[32.1076047159979,34.86685166100109],[32.10861244099794,34.86670157400109],[32.10984140899794,34.866518536001095],[32.11103113999796,34.86799380200111],[32.11320711799792,34.86546582800107],[32.11426720699795,34.86423425400109],[32.115980418997935,34.86471014600109],[32.11673020799793,34.865537499001064],[32.11763445999791,34.8665352950011],[32.120120680997914,34.86927871100111],[32.11749861899791,34.875726403001124],[32.117327288997885,34.87614770500113],[32.117217737997905,34.87641709400111],[32.11367338999781,34.885131475001145],[32.11530343899781,34.88670409700118],[32.11730660599784,34.888636691001174],[32.118056259997836,34.889359934001156],[32.118037224997764,34.89318610800121],[32.11793334099776,34.897356284001226],[32.117903974997766,34.89853513600124],[32.12161593399775,34.899239456001204],[32.12051186399771,34.905026306001226],[32.12054993599769,34.90800729400127],[32.12054686099771,34.90800872900128],[32.11969332999776,34.90840704400126],[32.11700963199772,34.90844017600126],[32.116609547997705,34.90844511500127],[32.11563872799773,34.91341343000128],[32.11432526599769,34.91409871400126],[32.11257398199772,34.913889322001275],[32.11097498499768,34.913603787001286],[32.11101005099773,34.907810281001225],[32.111019400997755,34.906265529001246],[32.11101940099778,34.90264874800123],[32.108098996997775,34.90120151100124],[32.108000064997746,34.90115248400126],[32.10660022299771,34.904728193001226],[32.105053572997754,34.90621535600127],[32.10368538299768,34.907524059001226],[32.103420629997714,34.90765242400125],[32.101722326997745,34.90847584400127],[32.09952132599772,34.90954660100125],[32.0989484059977,34.90991490700125],[32.09785570299773,