{"segmentId":"5000447","streetsFileVersion":96,"polygonPointList":[[[31.79742699999859,34.71595600000068],[31.79640599999858,34.7183590000007],[31.797717999998568,34.719904000000675],[31.796915999998586,34.72110600000071],[31.79567599999861,34.719904000000675],[31.794978814998583,34.72065801400067],[31.79427764899857,34.72141633300066],[31.793989225998605,34.72172826600071],[31.79320095799858,34.722580787000666],[31.792976999998587,34.7228230000007],[31.79286582199858,34.722745982000674],[31.79281470999861,34.72279569300072],[31.79256165599857,34.7225425830007],[31.792537893998595,34.72251881300071],[31.791910921998593,34.7220844830007],[31.791736999998605,34.72196400000071],[31.79001323799856,34.72186301900071],[31.789137761998592,34.72181173300068],[31.789071395998597,34.72218489200067],[31.78918712399862,34.722255440000666],[31.788925613998572,34.72388042400071],[31.788934848998583,34.72405955100068],[31.78926590399856,34.724359321000705],[31.788993570998578,34.724930903000676],[31.78869014799857,34.72547801800069],[31.788526999998588,34.72539800000069],[31.787358999998574,34.724539000000696],[31.786629999998574,34.72402400000069],[31.787535560998542,34.72160861900069],[31.78772399999855,34.72110600000071],[31.785972339998594,34.71963385100066],[31.78568099999863,34.719389000000675],[31.785988953998594,34.7184014750007],[31.786483999998573,34.71681400000068],[31.7860171429986,34.71631061600067],[31.78473299999861,34.71492600000067],[31.77837395499864,34.71087927000069],[31.777081062998587,34.71005650700066],[31.775830999998597,34.70926100000063],[31.769409999998633,34.706171000000644],[31.772549283998657,34.700213106000625],[31.772620999998693,34.700077000000675],[31.772547999998636,34.69810300000064],[31.775539999998646,34.69381200000061],[31.777273563998655,34.6956570230006],[31.778603999998623,34.69707300000063],[31.78061104599869,34.689800760000594],[31.781858537998676,34.68528065400061],[31.78225199999868,34.6838550000006],[31.78276836399872,34.68407620700058],[31.783054999998676,34.68419900000058],[31.78414899999873,34.68694500000059],[31.784148999998692,34.6896920000006],[31.784257844998695,34.68986709600061],[31.78632669599868,34.693195197000655],[31.78772399999864,34.695443000000644],[31.78626101799866,34.69812754100065],[31.785000278998634,34.70044096900064],[31.78407599999864,34.70213700000064],[31.78444099999865,34.70342500000063],[31.786189793998663,34.703457723000625],[31.789036999998668,34.70351100000065],[31.79060859299865,34.70054365900064],[31.792173999998642,34.69758800000063],[31.793341999998653,34.69793200000062],[31.792392999998643,34.700507000000655],[31.792572081998657,34.70057961500062],[31.794508999998637,34.70136500000065],[31.79462186499867,34.70061715000061],[31.795091999998665,34.69750200000063],[31.79528871599867,34.69757442100065],[31.79625999999868,34.69793200000062],[31.79552999999863,34.700163000000614],[31.79730181599868,34.70066624300064],[31.797645999998625,34.70076400000063],[31.79881299999865,34.70325300000067],[31.797572999998643,34.705399000000654],[31.7991779999986,34.70909000000067],[31.7977397619986,34.71123605700068],[31.79618699999858,34.713553000000665],[31.79976099999859,34.71578400000066],[31.799249999998565,34.71690000000069],[31.79742699999859,34.71595600000068],[31.79742699999859,34.71595600000068]]]}