{"segmentId":"5000405","streetsFileVersion":96,"polygonPointList":[[[31.738082865998752,34.671652937000566],[31.738081474998747,34.671661429000565],[31.7381259989987,34.67251178100056],[31.73811373399871,34.673161826000594],[31.73816771799876,34.67379916700055],[31.738017456998758,34.67388815100056],[31.737850984998758,34.673831467000596],[31.73788198199873,34.67410523900057],[31.737879489998743,34.674105336000565],[31.737120029998696,34.6741347810006],[31.736959999998742,34.67414000000061],[31.736955131998723,34.674140684000605],[31.73631999999873,34.6742300010006],[31.736229999998717,34.673710000000554],[31.73621078599876,34.67361941700057],[31.73570063499874,34.6732621570006],[31.735482594998754,34.6731015660006],[31.73544999999875,34.6730900000006],[31.735229999998754,34.672920001000605],[31.734949999998708,34.671510000000595],[31.73488724399873,34.67111695000058],[31.73475518599872,34.67031480500056],[31.73535964999876,34.670119757000585],[31.735512740998733,34.66987845700056],[31.735789999998772,34.66944000000059],[31.73586623599876,34.66936226900056],[31.736297475998747,34.66891639700055],[31.73662853099874,34.6686878670006],[31.736664730998775,34.66855867500056],[31.736840087998743,34.66789560500058],[31.73694999999874,34.66748000000059],[31.73696697999873,34.66748000000059],[31.737053127998788,34.6671725510006],[31.738282231998767,34.66734973100058],[31.738288094998747,34.66792155700058],[31.73829520199876,34.66861469400056],[31.738295623998763,34.668619186000576],[31.73856970899873,34.67153610300059],[31.738082865998752,34.671652937000566],[31.738082865998752,34.671652937000566]]]}