{"segmentId":"5000323","streetsFileVersion":96,"polygonPointList":[[[31.652146999998543,34.74646900000075],[31.650332999998547,34.744243000000736],[31.650332550998588,34.74424244900076],[31.65021899999853,34.74410300000075],[31.650019999998545,34.74418000000073],[31.64999999999854,34.74405000000077],[31.649669999998583,34.74372000000075],[31.649299999998547,34.743220000000754],[31.64933999999855,34.74315000000077],[31.649369999998545,34.74306000000077],[31.64935999999857,34.742990000000766],[31.64952999999854,34.742960000000735],[31.649689999998575,34.74295000000076],[31.649809999998578,34.742870000000735],[31.650159999998525,34.74264000000074],[31.650356778998578,34.74247119000076],[31.65035699999854,34.74247100000077],[31.650482999998594,34.742363000000765],[31.65036043099853,34.74220420000076],[31.6492146999986,34.74071980000077],[31.64965531799855,34.74015139500074],[31.65040159899858,34.73918868000072],[31.650482899998558,34.73908380000074],[31.65333259999857,34.73900830000076],[31.65333283299853,34.740219939000724],[31.653332999998526,34.741085000000744],[31.654340999998542,34.741516000000736],[31.65397799999853,34.74327000000074],[31.653926999998557,34.74336100000074],[31.653839999998546,34.743970000000736],[31.653689999998512,34.745090000000765],[31.653479999998563,34.74654000000074],[31.65215999999853,34.74645000000074],[31.652149999998528,34.74647000000074],[31.65214799999856,34.74646700000075],[31.652146999998543,34.74646900000075],[31.652146999998543,34.74646900000075]]]}