{"segmentId":"5000717","streetsFileVersion":96,"polygonPointList":[[[32.041155668997796,34.89538968800124],[32.04091849899778,34.895765509001215],[32.04087963199781,34.895827098001206],[32.040641085997805,34.896562788001205],[32.040054468997766,34.897335109001205],[32.03951756199782,34.897918999001234],[32.039022706997805,34.89831979500125],[32.03876551899778,34.89844218600125],[32.03853237799781,34.89859806700125],[32.03810798399782,34.898829567001236],[32.0377215439978,34.898996764001225],[32.03766992199781,34.899019099001215],[32.03725306299776,34.89915455800125],[32.0372193759978,34.899165505001214],[32.036759708997764,34.8992679440012],[32.03629543899781,34.89932538400125],[32.0359707659978,34.89933405200121],[32.03582764799782,34.899337873001215],[32.035825089997786,34.89933769200125],[32.03536089499779,34.899304832001214],[32.03523918299778,34.89928429300122],[32.0348985279978,34.899226809001206],[32.03469264499781,34.899171437001236],[32.03381433199783,34.89918520400121],[32.03183673099778,34.898869460001244],[32.03141981899778,34.90102774200124],[32.03141474899782,34.90112422500123],[32.0309252329978,34.901413571001214],[32.03090797899776,34.90141275200124],[32.03091074399777,34.90506274800123],[32.03088543899774,34.90506222400125],[32.03087278499773,34.90614645500126],[32.030860001997745,34.90724164200124],[32.03085931499774,34.90730053900126],[32.02741795299774,34.90766278700126],[32.02682522899776,34.907725179001275],[32.026354484997775,34.90777473100128],[32.02479825899778,34.90793854400126],[32.02478492899779,34.907880815001256],[32.024732221997766,34.90765255600128],[32.02468727899774,34.906911539001285],[32.02466565699778,34.90649960500128],[32.024611075997754,34.90601672400124],[32.024541149997766,34.90539808800123],[32.02446781399774,34.90484762600125],[32.02502823099781,34.901098188001235],[32.02574032499785,34.89751314200121],[32.02592657899779,34.89615139400124],[32.02580887599782,34.89561813100121],[32.0258239679978,34.895454432001216],[32.025826748997794,34.8954242640012],[32.02581718399783,34.89526279100121],[32.02610775899784,34.89405590600121],[32.02634267399784,34.89032771200119],[32.026468373997844,34.88841313300116],[32.02662648399788,34.887042617001214],[32.026672161997865,34.88489112200117],[32.026671364997846,34.884884348001194],[32.026572838997886,34.88404720400118],[32.02685892499787,34.88187849800116],[32.026682118997876,34.88114894300114],[32.0257783009979,34.879414397001156],[32.024337357997894,34.87643398100114],[32.02389402499792,34.87519159500113],[32.02315743799794,34.87441134100112],[32.023173384997946,34.874416813001126],[32.023180784997926,34.87441935100111],[32.02331832399795,34.874466544001116],[32.02366901599791,34.874586871001156],[32.023725335997895,34.87430351800111],[32.023738547997894,34.87423704700115],[32.02373996599793,34.87422991100112],[32.02384721599788,34.873690306001144],[32.02403517099791,34.87376036400115],[32.02405476699793,34.8737676680011],[32.0242070919979,34.87382444600115],[32.02444088199794,34.873911590001114],[32.02489429299791,34.874080598001115],[32.025032204997935,34.87405523100114],[32.02514419099792,34.874006438001125],[32.025355398997895,34.87388014100111],[32.02631582199793,34.87390230800111],[32.026988815997896,34.873791375001126],[32.02722696999793,34.87375211900115],[32.02733219899793,34.873734773001104],[32.02804192399791,34.87361778400111],[32.02799340099794,34.872890090001135],[32.02799637699797,34.87288950300114],[32.02847228399789,34.872795657001106],[32.02841918999797,34.87235088700111],[32.02840525299794,34.87223413700114],[32.0283943459979,34.872142770001105],[32.028297299997945,34.871997152001136],[32.02833231399794,34.87166124300113],[32.02829627899798,34.87133215400114],[32.02811421099796,34.870581219001096],[32.028104258997935,34.87029512500111],[32.02766425399794,34.86851408000113],[32.027637268997914,34.86840513900112],[32.027651716997916,34.8683964540011],[32.027582318997915,34.868169633001095],[32.02785582999798,34.868017300001135],[32.02776573599797,34.867701621001096],[32.02793644699797,34.867387877001114],[32.02801023999796,34.86740784500111],[32.02800927799799,34.86739210100112],[32.028277858997974,34.86748025900109],[32.02830762899794,34.86748831400113],[32.02837210999799,34.86750576200112],[32.02857918699794,34.86756179500108],[32.02885472599797,34.86766545900114],[32.02901572199795,34.86772933200112],[32.02915720799799,34.867785465001106],[32.02932965899792,34.86789078800113],[32.02968132399792,34.86804420900112],[32.02992300299797,34.86825316700109],[32.02993279499794,34.86825914700111],[32.03025136399793,34.86832694100112],[32.030293228997934,34.8683291750011],[32.030351939997956,34.86834834500113],[32.030365337997935,34.86835119600111],[32.030554702997975,34.868381922001085],[32.03087083499791,34.86843321800112],[32.03165520799796,34.86856049200109],[32.03212104699792,34.8686360800011],[32.03270636299795,34.86873105600112],[32.032869027997954,34.86875745100114],[32.03322471499796,34.868727146001085],[32.03324096599793,34.86881769100112],[32.033290130997926,34.868823854001086],[32.03368943899794,34.870636316001125],[32.03364160299791,34.87104993400111],[32.03379503599796,34.871904822001106],[32.03331943199794,34.87324241500112],[32.03278253999787,34.87398075200116],[32.03236766999789,34.87439544500115],[32.03236025799791,34.87441269200115],[32.0321805589979,34.874830830001144],[32.03205805599789,34.87541383000115],[32.03242733999787,34.87566292300114],[32.03278065799789,34.875855213001174],[32.035153623997886,34.87697491600114],[32.03629185799785,34.87778341100114],[32.0364931239979,34.87792637200114],[32.0364937639979,34.87792745500117],[32.036489999997904,34.87794000000112],[32.0364599999979,34.87803000000112],[32.03643999999786,34.87813000000115],[32.03643999999786,34.87858000000115],[32.036419999997946,34.87870000000113],[32.0364299999979,34.878950000001126],[32.03643999999786,34.87910000000115],[32.03641999999791,34.87926000000114],[32.036469999997905,34.87943000000117],[32.036489999997904,34.87966000000116],[32.036489999997904,34.87979000000117],[32.036459999997874,34.87992000000113],[32.03654999999788,34.880130000001174],[32.03672999999788,34.88047000000117],[32.037039999997894,34.881030000001175],[32.037219999997866,34.88134000000119],[32.03734999999787,34.88156000000115],[32.03776999999784,34.88229000000117],[32.03784999999787,34.88233000000113],[32.0383799999979,34.88314000000114],[32.03988999999789,34.88323000000114],[32.040169999997865,34.88320000000115],[32.04024975799789,34.88318549800116],[32.04028484599789,34.883188077001165],[32.04030999999786,34.88323000000114],[32.04036999999788,34.88326000000118],[32.04041999999787,34.88323000000114],[32.04045137399788,34.88335549700114],[32.04045513199787,34.88417710800119],[32.04045964799784,34.885166922001176],[32.040462714997865,34.88583927200117],[32.04043733799785,34.886395033001165],[32.04043750499784,34.88653238800116],[32.040339999997876,34.88870000000116],[32.04055693599779,34.888867951001195],[32.04064374599784,34.88896400200121],[32.041014790997835,34.89121559900122],[32.04106270899787,34.89151452000119],[32.04106958899785,34.891557438001215],[32.04106991799783,34.89157161600123],[32.041077707997836,34.891907513001186],[32.04107899599785,34.89196305500122],[32.041087565997834,34.89233262100118],[32.04115808899787,34.89236422200117],[32.0411273749978,34.8934778410012],[32.04122021399784,34.8951251900012],[32.0412278019978,34.89525983500121],[32.041228606997834,34.89527411100121],[32.0412216149978,34.895285190001196],[32.041155668997796,34.89538968800124],[32.041155668997796,34.89538968800124]]]}