{"segmentId":"5000530","streetsFileVersion":96,"polygonPointList":[[[31.84909280199868,34.67297143400056],[31.849041999998697,34.67847900000058],[31.849664121998686,34.67846835100058],[31.852254999998703,34.6784240000006],[31.852188442998703,34.68053696700062],[31.852108999998702,34.68305900000062],[31.855753999998683,34.683230000000584],[31.855477298998647,34.691165057000596],[31.855316999998646,34.695762000000634],[31.851087999998658,34.6959330000006],[31.849389693998603,34.69913217400064],[31.848667050998642,34.70049345000066],[31.848171999998616,34.701426000000616],[31.848084518998636,34.70159766200063],[31.847296999998587,34.70314300000066],[31.84131799999865,34.70383000000063],[31.841156380998665,34.70147045000063],[31.840588999998683,34.69318700000065],[31.840447485998695,34.69327954600061],[31.832842181998625,34.69825317300065],[31.832713999998674,34.69833700000061],[31.831387299998678,34.69627186600064],[31.830681999998628,34.695174000000634],[31.8314259999987,34.69264600000059],[31.831403775998684,34.69232468000063],[31.83129304899869,34.690723780000596],[31.831246999998687,34.69005800000064],[31.830231051998677,34.68749121400059],[31.830057999998694,34.6870540000006],[31.82820282499873,34.68010212900058],[31.82775499999869,34.6784240000006],[31.82633785399869,34.6769559360006],[31.824108999998746,34.674647000000576],[31.822655056998727,34.67452761500058],[31.817836999998715,34.67413200000057],[31.81666999999871,34.67293100000058],[31.81389799999873,34.67293100000058],[31.81365854599874,34.67271625000059],[31.810834999998743,34.67018400000059],[31.804792999998757,34.67018300000059],[31.804729893998722,34.66911441500054],[31.804693601998697,34.668499867000556],[31.80455200499875,34.666102168000585],[31.804730026998744,34.66571374400059],[31.805075479998724,34.664960026000585],[31.806217621998762,34.664960026000585],[31.806217641998735,34.66496000000057],[31.806217999998754,34.66496000000057],[31.806707360998768,34.66432123600053],[31.80731217399877,34.66353235000054],[31.807375693998747,34.66341600200058],[31.80999496599876,34.65864582900058],[31.811352999998764,34.65617260000054],[31.813931835998766,34.651795378000514],[31.81525999999877,34.64954100000054],[31.816459731998766,34.64891009500055],[31.817771009998793,34.6482206460005],[31.817985355998786,34.64810794600052],[31.817831676998804,34.6479686470005],[31.817201969998777,34.64739786300051],[31.816915556998833,34.64606657300051],[31.816500386998808,34.64413472700051],[31.816140489998794,34.64330366800052],[31.81707098799881,34.64229805600054],[31.81770154499878,34.64103694200049],[31.818796096998827,34.64236944000051],[31.819617391998815,34.64210204100051],[31.81981926599876,34.64203631500051],[31.820168615998785,34.642455536000526],[31.8202119389988,34.642507524000514],[31.820295157998828,34.64260738600053],[31.821913190998824,34.6408703790005],[31.822686515998768,34.640037568000494],[31.823108849998793,34.6396901710005],[31.823440456998796,34.63941740200051],[31.823993258998804,34.63791688500049],[31.824048386998818,34.6377672480005],[31.82420056399883,34.63735418000051],[31.824502208998812,34.636535399000486],[31.82469480899882,34.6360126080005],[31.825074953998833,34.63498075000052],[31.825240455998834,34.63453151400051],[31.82537083399882,34.63417761800047],[31.825388112998798,34.634130716000534],[31.82625007499884,34.63024570600049],[31.832252637998813,34.63008861600052],[31.835986984998797,34.629990887000524],[31.84127608799881,34.62985246900052],[31.848171999998804,34.629672000000475],[31.85029842399884,34.62970213600049],[31.859317178998833,34.62982995300052],[31.862020538998816,34.629868266000514],[31.868335919998795,34.62995777000048],[31.872373999998807,34.63001500000052],[31.868252527998767,34.63644885700051],[31.866922467998755,34.63852515800051],[31.864830608998748,34.641790671000486],[31.862869190998783,34.64485255900054],[31.86170336699879,34.6466724780005],[31.860227894998747,34.64897577500053],[31.859046391998767,34.65082016900053],[31.854002363998745,34.65869418800053],[31.85353427599876,34.65942490100058],[31.853165584998745,34.66000044900054],[31.853129999998757,34.66005600000055],[31.853076664998735,34.66020180500054],[31.849885052998708,34.66892685400058],[31.849884999998697,34.668927000000565],[31.849785719998735,34.66923327300055],[31.849562608998706,34.6699215560006],[31.8491079999987,34.671324000000546],[31.84909292599869,34.672958111000604],[31.849092878998714,34.672963173000554],[31.849092845998744,34.672966706000594],[31.84909280199868,34.67297143400056],[31.84909280199868,34.67297143400056]]]}