{"segmentId":"5000055","streetsFileVersion":96,"polygonPointList":[[[30.884120840999298,34.42673354900027],[30.88157243799932,34.42471338700025],[30.881700928999333,34.424584896000255],[30.882912712999335,34.422784818000224],[30.883421278999354,34.42202935500026],[30.885505686999313,34.41915972500024],[30.886669242999297,34.41766780300023],[30.887533974999332,34.41874967000027],[30.88828099399937,34.41968426500026],[30.888970181999326,34.420378009000245],[30.888589467999353,34.421996043000235],[30.887703976999326,34.42285564200026],[30.887486658999336,34.42306660500023],[30.886555028999346,34.423970995000246],[30.88436592499934,34.426469429000264],[30.88418746599934,34.42665978600028],[30.884120840999298,34.42673354900027],[30.884120840999298,34.42673354900027]]]}