{"segmentId":"5000806","streetsFileVersion":96,"polygonPointList":[[[32.12252642099612,35.12808217400247],[32.12251999999612,35.12840000000249],[32.122520997996105,35.128405107002486],[32.12268999999609,35.12927000000251],[32.122503515996115,35.12944612400248],[32.12214999999608,35.1297800000025],[32.1218899999961,35.130030000002485],[32.1218899999961,35.13013000000252],[32.12184999999612,35.13024999900251],[32.12174999999614,35.13036000000251],[32.121442708996135,35.13058799000249],[32.12143999999613,35.13059000000249],[32.12099999999609,35.13091000000248],[32.12052999999608,35.13131000000251],[32.119509999996076,35.13227000100252],[32.1194399999961,35.13234000000252],[32.11932999999608,35.13249000000255],[32.119219999996076,35.13257000000251],[32.11913999999613,35.132620000002504],[32.11904999999613,35.13275000000251],[32.11833999999608,35.13247000000253],[32.118169999996105,35.1324600000025],[32.11786999999608,35.13251000000249],[32.11756999999611,35.1324600000025],[32.1172799999961,35.1328900000025],[32.11703999999607,35.13273000000252],[32.1163099999961,35.13222000000254],[32.11630196899611,35.13220739200252],[32.11630134499612,35.13220696100253],[32.1163006369961,35.13220530100252],[32.11517776399613,35.1304423900025],[32.11430999999614,35.12908000000248],[32.114280603996114,35.12874562400248],[32.11388434999613,35.12817220800246],[32.114085936996126,35.12785594200248],[32.11547127799611,35.12761712500246],[32.11549421199613,35.127565523002474],[32.11550066599613,35.1275198270025],[32.11601275399614,35.12611305700247],[32.11663885699616,35.124773141002464],[32.117436408996156,35.12416972600245],[32.118221524996144,35.12425290100243],[32.12083999999617,35.12264000000244],[32.12225999999616,35.12257000000245],[32.12262042099621,35.12248456700246],[32.123609999996155,35.12225000000245],[32.124418490996156,35.12308514400247],[32.12451999999621,35.12319000000248],[32.124529999996156,35.12429000000244],[32.12428605499614,35.12508146500247],[32.124079999996155,35.125750000002455],[32.12265999999615,35.1267300000025],[32.12253999999615,35.127410000002484],[32.12252642099612,35.12808217400247],[32.12252642099612,35.12808217400247]]]}