{"segmentId":"5000242","streetsFileVersion":96,"polygonPointList":[[[31.480584254997822,34.9286865730014],[31.479632469997828,34.930609177001415],[31.478528400997828,34.931560962001406],[31.47721493799778,34.93070435600138],[31.476272778997792,34.93022677900141],[31.47169458799783,34.92790610900139],[31.471827837997775,34.92661168300136],[31.470845283997843,34.92654463900138],[31.470929675997787,34.926277396001375],[31.470959497997846,34.92618296100138],[31.47156863999781,34.925535747001355],[31.471530568997807,34.924545891001365],[31.47122599799786,34.92367025000136],[31.471397318997845,34.92266135800134],[31.472139710997872,34.92176668100138],[31.473357994997876,34.92140500300139],[31.473871958997858,34.921062361001354],[31.474519171997827,34.92089103900133],[31.47512831399788,34.921347896001365],[31.475356741997842,34.922014145001356],[31.475375777997854,34.92273750100135],[31.47545192099787,34.92315628600137],[31.47549384399781,34.92409423500137],[31.476129903997876,34.92362308000134],[31.476373130997832,34.92356227300139],[31.47772890199783,34.923223330001356],[31.47854743599782,34.92333754400137],[31.47906139999782,34.92371825800139],[31.479507669997812,34.92433706500135],[31.479629999997822,34.92437000000139],[31.479989999997837,34.924750000001396],[31.480189999997812,34.92504000000136],[31.480129999997803,34.9252000000014],[31.481060146997812,34.92550761300136],[31.481364717997838,34.92579314800136],[31.48114851599786,34.92648679600139],[31.48090786199782,34.927258896001405],[31.480584254997822,34.9286865730014],[31.480584254997822,34.9286865730014]]]}