{"segmentId":"5000796","streetsFileVersion":96,"polygonPointList":[[[32.09699134299501,35.236647892003425],[32.09673436099504,35.23611965100338],[32.096745613995004,35.235962105003416],[32.09679146799499,35.23532015300338],[32.09691995899503,35.23470625200337],[32.097219770995,35.23434933300341],[32.09787650199506,35.23414945800339],[32.097890778995044,35.23414945800339],[32.09840474299503,35.23430650200338],[32.09844757299502,35.23472052800337],[32.09864744799501,35.235148831003414],[32.098890152995025,35.23537726000341],[32.09926134899503,35.235677072003405],[32.09961826799498,35.235948330003396],[32.09964997999499,35.23603289500341],[32.099703928994984,35.236176759003406],[32.09954688399498,35.23660506200338],[32.09928990199503,35.23713330200344],[32.09896153699497,35.23777575600345],[32.098761661995,35.23813267600346],[32.09860461799496,35.238161229003445],[32.09833335899497,35.2377329260034],[32.097919332995,35.237533051003446],[32.09753385999498,35.237318900003416],[32.097191217994975,35.2369905340034],[32.09699134299501,35.236647892003425],[32.09699134299501,35.236647892003425]]]}