{"segmentId":"5000351","streetsFileVersion":96,"polygonPointList":[[[31.65680294699619,35.14490300300265],[31.656749999996183,35.14435000000265],[31.656749999996183,35.1443100000027],[31.656751445996225,35.144304214002666],[31.6567458999962,35.14423972900267],[31.657332854996213,35.14309458500265],[31.657349999996228,35.14306000000266],[31.657409999996172,35.142940000002675],[31.65743108099622,35.142897838002675],[31.657501613996228,35.14274301800264],[31.657589999996212,35.14251000000268],[31.65765999999626,35.14236000000266],[31.658559999996257,35.14144000000265],[31.658749999996232,35.14125000000267],[31.65894854199625,35.14105016800264],[31.660289999996223,35.13970000000264],[31.66086999999624,35.13937000000263],[31.661059999996283,35.13927000100264],[31.661229999996237,35.13918000000265],[31.661730837996238,35.13887225600264],[31.662062054996245,35.13866542600262],[31.66237918899625,35.138137839002596],[31.66243754499627,35.13804075800262],[31.662674679996282,35.13764553300264],[31.662867711996267,35.13583498300261],[31.662910542996315,35.134164602002606],[31.662924818996306,35.13366491500259],[31.6633531219963,35.13343648700257],[31.66379570199634,35.133279442002596],[31.664780798996272,35.13349359400261],[31.66542325399633,35.13376485200261],[31.66596577099629,35.13405038800259],[31.666108537996315,35.1346785650026],[31.666293930996268,35.13526196800262],[31.666732075996293,35.13546900300258],[31.666837657996307,35.13551829300263],[31.666854111996308,35.13552949900258],[31.667359999996265,35.13587000000263],[31.66772381599627,35.13602229500259],[31.66779149999631,35.13604993700261],[31.66784945699628,35.13604752200263],[31.668270556996248,35.13602483800258],[31.668310316996315,35.136099114002604],[31.6683399999963,35.1361500000026],[31.668374627996258,35.13621925600262],[31.66837919699627,35.13622779200261],[31.668438045996275,35.136282769002605],[31.66859999999626,35.13643000000264],[31.668479999996258,35.1366500000026],[31.668339999996277,35.136890000002616],[31.668199852996263,35.13699717100264],[31.66819898099624,35.137011221002645],[31.668105311996296,35.137069467002625],[31.667829999996258,35.1372800000026],[31.667455647996253,35.13756076400263],[31.66727294499623,35.13770062400262],[31.667270292996253,35.13769978000261],[31.66726999999623,35.137700000002624],[31.667029999996288,35.13763000000263],[31.666749757996268,35.13729256500262],[31.666534582996245,35.13704129200261],[31.66616659099625,35.13709217000264],[31.666155101996257,35.13709948100263],[31.665877417996253,35.13728914300259],[31.665649999996234,35.13745000000263],[31.664947135996254,35.13803216900261],[31.664214848996274,35.13887502000264],[31.66380141699626,35.13944316300265],[31.66333285499626,35.14028583000263],[31.663063908996246,35.14084560300265],[31.66292293299623,35.141141346002634],[31.66268999999624,35.141630000002685],[31.662676505996224,35.141651928002645],[31.662617671996237,35.14177438300264],[31.662307832996216,35.14239314000263],[31.661738715996222,35.14352968100269],[31.661679999996213,35.14365000000265],[31.66160859199621,35.14384927700269],[31.66122006399621,35.144966004002654],[31.66116999999618,35.14516000000266],[31.661149999996216,35.14517000000269],[31.65974809999622,35.146174198002676],[31.659738679996163,35.14618107800268],[31.658409162996175,35.14663533000268],[31.657300818996216,35.146117830002666],[31.656927995996185,35.145627996002666],[31.65690999999618,35.14561000000267],[31.656897049996203,35.14558733800267],[31.65685731499616,35.14553513100267],[31.656855680996152,35.145516134002676],[31.656839999996194,35.14549000000268],[31.656839999996194,35.14533381300267],[31.65680294699619,35.14490300300265],[31.65680294699619,35.14490300300265]]]}