{"segmentId":"5000935","streetsFileVersion":96,"polygonPointList":[[[32.34442236799764,34.90961640600125],[32.344335879997665,34.91030119300126],[32.34433799899763,34.910301263001266],[32.34420978099766,34.91139184900124],[32.34422506399762,34.91178098300123],[32.344095571997656,34.91268754200128],[32.34388009799762,34.91419605400127],[32.34377253799762,34.91494906900127],[32.343430016997594,34.917347018001266],[32.34318412099757,34.91724078100126],[32.34237263499759,34.916335007001265],[32.34224036499763,34.91618736900128],[32.34116083599757,34.915638794001296],[32.34070347599759,34.91546083000124],[32.340685763997605,34.915444871001256],[32.34029797099758,34.91627045400125],[32.33962622299759,34.9165894320013],[32.33875707199764,34.91654343700125],[32.33839405399761,34.9161424370013],[32.33838060999762,34.914789800001266],[32.33860605899762,34.91385073400126],[32.33882370799762,34.913249292001254],[32.33882215299759,34.91257657400128],[32.33882123499765,34.912179527001236],[32.339072214997614,34.91161410600126],[32.33967726899762,34.91143385300126],[32.33975080799768,34.910512410001225],[32.339733700997634,34.90939064700125],[32.34043298699764,34.90909262400123],[32.340501417997636,34.90817795300126],[32.34075766599764,34.90792499000121],[32.34178494799766,34.90787121400125],[32.34250065399764,34.90789103200125],[32.343007492997685,34.90790506600126],[32.344336918997655,34.90807425400123],[32.3446292769976,34.90850903800121],[32.344613542997614,34.908779016001226],[32.34445036699761,34.908991631001236],[32.34442236799764,34.90961640600125],[32.34442236799764,34.90961640600125]]]}