{"segmentId":"5000464","streetsFileVersion":96,"polygonPointList":[[[31.78709285299637,35.11982078900249],[31.786646997996346,35.12011794000247],[31.786475010996348,35.12010749500249],[31.786469999996378,35.120110000002484],[31.78640999999636,35.120140000002465],[31.786349555996363,35.12015704800248],[31.78627819799637,35.12021981000246],[31.78612654899638,35.12021994800248],[31.78601999999638,35.12025000000248],[31.78593999999637,35.12026000000245],[31.785709999996378,35.12024000000245],[31.785682509996388,35.12024196400248],[31.78529620699636,35.12032859400248],[31.785199999996344,35.12041000000247],[31.78513999999639,35.12051000000245],[31.78508999999633,35.12056000000249],[31.78499999999633,35.12060000000245],[31.78496720199636,35.12062683600247],[31.784847691996333,35.12096500000249],[31.78480999999636,35.121210000002506],[31.78480999999636,35.12154000000247],[31.784805706996327,35.121582929002486],[31.785031297996333,35.12217595100247],[31.78516977099633,35.12239446300247],[31.785306673996324,35.12263028200248],[31.785444650996318,35.12284287900252],[31.785554394996367,35.12301197300252],[31.78555211499633,35.123105050002486],[31.78558516699638,35.12317126800252],[31.78568906299634,35.1234504720025],[31.785564683996334,35.1235841660025],[31.78554007299636,35.12359671800249],[31.78553245899629,35.12390760700249],[31.785530080996317,35.12390720700252],[31.785529999996328,35.123910000002475],[31.785589999996322,35.12435000000251],[31.78565999999632,35.12482000000251],[31.785619999996317,35.125080000002484],[31.78557999999632,35.12541000000251],[31.785489999996297,35.12560000000254],[31.785509999996314,35.125640000002505],[31.78555999999628,35.12581000000252],[31.78555999999628,35.12596000000254],[31.785489999996297,35.12611000000251],[31.785309999996297,35.12632000000254],[31.78520999999632,35.126410000002544],[31.78514999999629,35.12646000000253],[31.785129999996283,35.1264700010025],[31.784979999996327,35.12651000000252],[31.7848599999963,35.12652000000249],[31.7847699999963,35.12648999900253],[31.784719999996334,35.12648000000254],[31.784559999996297,35.12648000000254],[31.784459999996294,35.12640000000252],[31.784339999996302,35.12635000000253],[31.78424999999629,35.12634000000249],[31.78415999999629,35.12628000000253],[31.784099999996286,35.12612000000255],[31.784039999996327,35.12589000000249],[31.783999999996322,35.12563000000252],[31.784009999996282,35.125450000002516],[31.783999999996322,35.12538000000252],[31.7842099999963,35.12504000000253],[31.78424999999629,35.12492000000249],[31.78414999999634,35.124610000002534],[31.784049999996316,35.12439000000252],[31.784043407996343,35.12436143600252],[31.78384535699637,35.12454125100249],[31.78384505899629,35.124067119002525],[31.78384480899635,35.12367199800253],[31.7838631479963,35.12304476600252],[31.783901945996362,35.12280761600248],[31.783914533996366,35.12273067200249],[31.783562165996326,35.122590172002496],[31.783064341996354,35.12266346500252],[31.782756687996358,35.122707763002495],[31.782612023996336,35.12277813200251],[31.782179369996328,35.12298859000248],[31.781563725996367,35.122754171002505],[31.781144120996366,35.1225943970025],[31.78076152999636,35.12246303400251],[31.78053626099636,35.12204178900247],[31.780625765996376,35.12127785100249],[31.78079668699639,35.120860169002455],[31.77993079399638,35.120222738002475],[31.779914552996335,35.1202107820025],[31.779861893996397,35.119427026002455],[31.779849999996372,35.11925000100249],[31.779919999996384,35.119120000002475],[31.77994958799639,35.119092878002476],[31.780039999996376,35.11901000000247],[31.780219999996387,35.11892000000247],[31.780259999996368,35.11890000000247],[31.780329999996376,35.118870000002474],[31.780529999996407,35.118800000002494],[31.78076999999641,35.11879000000246],[31.78098999999634,35.11882000000244],[31.781149999996348,35.11882000000244],[31.78115353899639,35.11882000000244],[31.781304906996372,35.11865435100245],[31.78129999999638,35.118620000002494],[31.78140820899639,35.118541303002445],[31.78141145099637,35.11853775500244],[31.781793573996406,35.11798424200244],[31.781815011996375,35.11796748200244],[31.781819999996355,35.11796000000245],[31.78182925699635,35.11795634600244],[31.782063429996384,35.11777327300247],[31.78285066099639,35.11737742000243],[31.78314295799638,35.117087415002466],[31.78332260199638,35.11656041400244],[31.783390855996387,35.116255769002464],[31.78332999999637,35.11629000000244],[31.7833699999964,35.11622000000245],[31.783409999996405,35.116110000002436],[31.78341999999638,35.11601000000247],[31.78345999999641,35.11591000000243],[31.783471619996394,35.11589528100246],[31.783546903996395,35.11555925600243],[31.78390659399637,35.11511110700246],[31.784288681996433,35.11453122700242],[31.784320482996403,35.11450410500241],[31.78431999999643,35.11450000000246],[31.78431999999643,35.11445000000242],[31.78442999999639,35.11441000000245],[31.78443134699641,35.11440955100243],[31.784536036996446,35.11432026400245],[31.78534585699641,35.114082403002435],[31.78586338599644,35.11410823800241],[31.786077103996433,35.114303721002436],[31.78627999999638,35.11441000000245],[31.786327055996438,35.11453234600242],[31.786381222996386,35.11458189100243],[31.786359999996403,35.11495820900245],[31.78635999999643,35.11496000000244],[31.78642999999642,35.115240000002416],[31.786599999996433,35.11540000000246],[31.78684999999643,35.11563000000245],[31.7870799999964,35.11592000000246],[31.78712347799642,35.11603462400246],[31.787189999996414,35.11621000000242],[31.787209999996428,35.11646000000247],[31.787191141996395,35.11656183200245],[31.787159999996344,35.11673000000247],[31.786919999996407,35.11738999900246],[31.786929999996396,35.11756000000243],[31.78699999999635,35.11771999900243],[31.787189999996404,35.11789000000245],[31.787376570996358,35.11800660700244],[31.787589999996406,35.11814000000245],[31.78792999999639,35.11828000000243],[31.788479999996376,35.118310000002474],[31.788799999996378,35.11842000000247],[31.788977739996408,35.11856388500249],[31.789009999996384,35.11859000000245],[31.789129999996376,35.11882000000244],[31.7891899999964,35.11908000000246],[31.789169999996382,35.119340000002495],[31.789099999996385,35.11973000000248],[31.78895714999635,35.119801425002464],[31.788919999996384,35.11982000000247],[31.7888299999964,35.119900000002445],[31.788719999996356,35.11995000100248],[31.788712807996397,35.119950514002454],[31.7885755339964,35.119961345002444],[31.788076017996325,35.120111142002465],[31.787601785996348,35.11997109000246],[31.78709285299637,35.11982078900249],[31.78709285299637,35.11982078900249]]]}