{"segmentId":"5000834","streetsFileVersion":96,"polygonPointList":[[[32.191285236998155,34.80834556600092],[32.19066866699816,34.81061472600089],[32.19071011299819,34.81103927100089],[32.190965149998156,34.81132132400092],[32.19103276999816,34.8115570010009],[32.190810775998145,34.813304048000944],[32.19122661999819,34.81367982000093],[32.191214946998144,34.81402231800094],[32.19120755999816,34.81423904100093],[32.190947776998165,34.81459487100092],[32.19076080099814,34.8147682400009],[32.19085432399811,34.815908733000946],[32.190913263998155,34.816627497000944],[32.19091294999811,34.81662739100093],[32.19091299999812,34.81662700000091],[32.19068165599812,34.816549494000945],[32.190519300998126,34.81649481400094],[32.188898440998145,34.81594892300094],[32.18747118499813,34.81550473300094],[32.186279301998134,34.81522969200093],[32.18521327099817,34.81510891500092],[32.185039273998164,34.81510965600093],[32.184153999998124,34.81511300000092],[32.1826131049981,34.8153026340009],[32.18253720099815,34.815311955000894],[32.182536999998135,34.8153119980009],[32.18239664199816,34.81533738200092],[32.18151407899818,34.8154969860009],[32.18151399999812,34.815497000000924],[32.18045099999814,34.81568900000095],[32.18022599999816,34.815771000000915],[32.18022571599814,34.81577133700093],[32.180225503998145,34.81577141400091],[32.18015055799812,34.8158601730009],[32.180132684998135,34.8159357740009],[32.18006056499818,34.815948904000905],[32.17979445899813,34.817903366000934],[32.17972699999817,34.81839800000094],[32.17971399999813,34.81848500000095],[32.17967899999815,34.818486000000945],[32.17820799999812,34.81854000000092],[32.178146338998154,34.819196358000944],[32.178086535998105,34.81982793500092],[32.177568090998136,34.819755248000924],[32.17756721599814,34.81975512500092],[32.17749462099813,34.81974491000094],[32.17749462099813,34.82026541700092],[32.17757140899812,34.82045464100091],[32.17757143999816,34.82045471800095],[32.17757799999809,34.820471000000936],[32.177809899998145,34.82131535400093],[32.17827389499815,34.82242180300096],[32.17827392899814,34.82242183000094],[32.17827399999811,34.82242200000097],[32.1783201989981,34.822458698000936],[32.17866257199811,34.82273149900093],[32.172422414998096,34.82050811600092],[32.17170974499811,34.82025419000096],[32.16345035499815,34.817203019000914],[32.1607856399981,34.81621862400092],[32.16048582799817,34.8137582610009],[32.16048263099814,34.81341300100094],[32.16046679199821,34.811702407000894],[32.16053150799818,34.8107127070009],[32.15796836099816,34.80933080000091],[32.15757053799818,34.80885016000094],[32.15633080599818,34.80826468600088],[32.15724171599818,34.80533676300091],[32.15766330499817,34.80398165600091],[32.158095946998195,34.80388551400089],[32.15612802999821,34.80272401800088],[32.15518201099824,34.80216566300087],[32.157599542998234,34.79622652800085],[32.158056399998245,34.79583629700086],[32.15833126199823,34.79581147000086],[32.158057948998255,34.79507564800089],[32.15789252099826,34.79463027600089],[32.15796671699827,34.79451838000086],[32.158143974998204,34.79375229200088],[32.15834090699819,34.79281476700084],[32.15839447699826,34.79258338300089],[32.158458305998245,34.792411748000866],[32.15852214599823,34.79224404900083],[32.15856081199826,34.79216890400085],[32.15860645199828,34.79208020500085],[32.15874148199825,34.79190824200084],[32.15886645799825,34.79177220400084],[32.158961086998296,34.79168807100087],[32.159093008998255,34.79159181500086],[32.159208006998256,34.79151547800087],[32.159336704998275,34.79145918100085],[32.159478916998275,34.791398750000845],[32.15961438999824,34.79136226600087],[32.15975671799825,34.79133770600083],[32.159980512998224,34.79134063800086],[32.16014666999828,34.791355916000846],[32.16042479599823,34.79139448200085],[32.16150017999829,34.79158095900085],[32.16216874299824,34.79175324600084],[32.16300336799823,34.79194488700086],[32.163808528998246,34.792104904000844],[32.16423834099823,34.79219032500083],[32.16467800599822,34.792288678000844],[32.165338805998275,34.79243649900087],[32.16590376899827,34.79256359200088],[32.16592273899825,34.79257067600082],[32.165943241998214,34.79258924800088],[32.16596372199828,34.79263101200087],[32.16597914299829,34.79268081400085],[32.16598114499823,34.79271760500087],[32.16598282499824,34.79274848000086],[32.16597281599829,34.79279839500083],[32.16594918399825,34.79285231700084],[32.16592224099821,34.79288627800083],[32.165893704998204,34.79289633000088],[32.16584094299822,34.792910561000845],[32.16490807799824,34.79502750000087],[32.16491606399824,34.79528826600087],[32.164898740998225,34.79551988400085],[32.16486504299825,34.79570743000087],[32.16483408499821,34.795939108000844],[32.16484250299822,34.79605152900088],[32.16482619599823,34.796173562000845],[32.164837956998205,34.79633062500087],[32.16487449899824,34.79642092100086],[32.1649745319982,34.79653496800088],[32.165122752998236,34.79665962200087],[32.16530856899822,34.796831807000856],[32.16542831599819,34.79717519300086],[32.165555876998184,34.797540989000844],[32.165679027998245,34.797246612000855],[32.16583521899822,34.796873255000854],[32.16607185799825,34.79630760000085],[32.167210085998235,34.79658749200089],[32.16760834399821,34.796685424000856],[32.16922811699822,34.797083729000875],[32.16949149299825,34.79714849400087],[32.16955538899819,34.797164206000865],[32.1707796879982,34.79766299400088],[32.171073349998174,34.79778263400086],[32.17109727999818,34.79779238300087],[32.171111921998246,34.797826059000855],[32.17166834999823,34.79910584600085],[32.17272308099823,34.79949992100089],[32.17686509299823,34.801047486000904],[32.1817029259982,34.80229725900089],[32.18371794099819,34.8028178050009],[32.185239867998206,34.80329769200089],[32.186781160998194,34.80378368500089],[32.186809203998195,34.80379252800086],[32.19005682499819,34.804816552000865],[32.1906849369982,34.80493109000086],[32.190976881998154,34.80498432700089],[32.19122352299819,34.80502930300086],[32.19156609399817,34.80509177200087],[32.19191608799819,34.80515559400089],[32.19248387499817,34.8052591320009],[32.19243806399819,34.805374275000915],[32.19241899899817,34.805422193000865],[32.1918540849982,34.8068420770009],[32.191679319998165,34.80763859300088],[32.191285236998155,34.80834556600092],[32.191285236998155,34.80834556600092]]]}