{"segmentId":"5000335","streetsFileVersion":96,"polygonPointList":[[[31.665540261998586,34.73021627500069],[31.663929722998542,34.73150872500069],[31.66472202299856,34.73270797100069],[31.66529361199857,34.732267998000715],[31.665357152998585,34.7326027750007],[31.663829842998553,34.734067430000714],[31.663791496998545,34.73380537100074],[31.664249908998542,34.73308915700072],[31.66354253899859,34.73231430900073],[31.66331977499858,34.73291669700073],[31.66331999999859,34.7329200000007],[31.66323179499858,34.733033083000734],[31.661585413998566,34.73520775300073],[31.660125490998553,34.73627455100074],[31.659451512998583,34.73701963200073],[31.659014674998534,34.737502555000724],[31.658550507998584,34.73804987900076],[31.65783147299857,34.73799744700074],[31.65671458799857,34.73738978000074],[31.65663999999855,34.737350000000724],[31.656339999998558,34.73679000000072],[31.655459999998566,34.73705000000074],[31.655469999998566,34.736910000000755],[31.6554698089986,34.73686946300074],[31.6555919349986,34.73490314100075],[31.655592194998565,34.734886658000725],[31.65559325299859,34.73481943900071],[31.656319999998583,34.734980000000746],[31.65719162699856,34.73378906400073],[31.657327361998565,34.73359925400074],[31.658294811998598,34.731312512000706],[31.65839496099858,34.7311707620007],[31.659339451998587,34.72978589500074],[31.659554141998594,34.72947110500073],[31.659653007998617,34.72932614100071],[31.65955716099863,34.729247771000736],[31.658493025998578,34.72837767200073],[31.658351174998593,34.72772642900068],[31.65890864199856,34.727009170000684],[31.658909999998606,34.727000000000686],[31.6589699999986,34.72668000000069],[31.65910999999861,34.726749999000695],[31.65911004999857,34.72675003000071],[31.659114284998587,34.7267445810007],[31.659587013998614,34.7270390700007],[31.6600209869986,34.72730941600067],[31.66008098299862,34.72727389200068],[31.66120483599856,34.72657089400072],[31.66259773199861,34.726237768000686],[31.66399980699859,34.725024515000676],[31.66399999999859,34.725020000000676],[31.665719999998625,34.723530000000686],[31.666179999998622,34.72301000000069],[31.666179999998587,34.72303000000069],[31.66624999999861,34.7231400000007],[31.66638726999859,34.723257083000725],[31.667116327998627,34.722954506000704],[31.66733097399859,34.72442045300069],[31.66817111799859,34.72539418400069],[31.66862719899862,34.725578206000726],[31.670049347998628,34.72615202100072],[31.67054813099858,34.727256621000684],[31.670083653998578,34.72776235300071],[31.669649999998565,34.72824000000068],[31.669646561998555,34.728238266000716],[31.66964561199863,34.728239301000684],[31.66887448599858,34.72784952300069],[31.6685983779986,34.72770995600073],[31.668141444998586,34.727478987000694],[31.667410407998577,34.72711020500069],[31.6662321589986,34.72882722200072],[31.66569594899859,34.72990371800072],[31.665540261998586,34.73021627500069],[31.665540261998586,34.73021627500069]]]}