{"segmentId":"5000235","streetsFileVersion":96,"polygonPointList":[[[31.47439999999909,34.53850000000037],[31.47436675899911,34.538642462000354],[31.47439921999911,34.53872630700036],[31.47426252699908,34.53963483200037],[31.47417567899907,34.53962666800036],[31.47414999999907,34.53980000000039],[31.47406999999906,34.54022000000035],[31.47387999999907,34.54080000000037],[31.473699999999084,34.5412600000004],[31.472528355999078,34.54112415700039],[31.47231999999906,34.54110000000034],[31.470999999999083,34.54092000000034],[31.47023999999908,34.540850001000344],[31.469249999999075,34.54075000000038],[31.469219999999066,34.541060000000385],[31.4691599999991,34.541400000000394],[31.469129999999094,34.54146000000035],[31.46901417199909,34.54272889400037],[31.46798624499911,34.542657510000346],[31.46781492299905,34.5441851240004],[31.46581617599907,34.5439281430004],[31.466199999999084,34.540440000000366],[31.46615999999908,34.5403600000004],[31.46627999999906,34.53882000000036],[31.46636999999907,34.537970000000335],[31.466413947999033,34.53759643600037],[31.466322695999118,34.537040469000345],[31.46643418999908,34.53678624400035],[31.466464722999085,34.53671662300039],[31.46595136499904,34.53464024600034],[31.466026783999094,34.53440028200035],[31.46556414799908,34.53412103500036],[31.463947896999063,34.53314546500038],[31.463750697999107,34.53302643600036],[31.463785514999074,34.53297220900034],[31.466856482999113,34.528189266000325],[31.466884517999073,34.52806058600034],[31.46693227699911,34.528071219000324],[31.467062907999114,34.52786776500036],[31.467822302999082,34.52826936900034],[31.469536602999085,34.52917597100033],[31.469813670999102,34.52888043100037],[31.470356187999087,34.52906602900033],[31.471141710999092,34.52945893600033],[31.472643667999098,34.53151548200033],[31.474502916999082,34.53406124900035],[31.474574816999105,34.53446778100036],[31.4746399999991,34.53458999900036],[31.474669999999094,34.53473000000033],[31.47467999999907,34.53497000000036],[31.474719999999085,34.53509000000034],[31.474909999999138,34.53537000000037],[31.4750099999991,34.53555000000037],[31.475069999999096,34.535740000000345],[31.475079999999096,34.53585000000036],[31.4750899999991,34.535950000000376],[31.47503999999908,34.53626000000034],[31.47485810699906,34.536923909000365],[31.474839999999062,34.53699000000037],[31.4746399999991,34.53770000000034],[31.47439999999909,34.53850000000037],[31.47439999999909,34.53850000000037]]]}