{"segmentId":"5000894","streetsFileVersion":96,"polygonPointList":[[[32.26089999999747,34.942690000001356],[32.260844973997486,34.942717513001384],[32.2608475099975,34.9427617920014],[32.26079598599749,34.94276974100141],[32.260727701997475,34.94278027600141],[32.25993140699749,34.9429031300014],[32.25791331299749,34.94306303600141],[32.257114651997476,34.94309876800137],[32.25628214699745,34.943124283001374],[32.256199999997456,34.943190000001415],[32.256207045997485,34.943126585001416],[32.256071822997505,34.94313072900142],[32.25607455799749,34.94268114500139],[32.25607715699747,34.94225382900137],[32.25594033399747,34.94224339400139],[32.255645544997485,34.94218182300139],[32.255500650997476,34.94193604000136],[32.255499382997435,34.94130965100137],[32.255397657997484,34.940511467001414],[32.25541657499745,34.94040053300139],[32.25423192699748,34.940569715001374],[32.25420813299754,34.93971310900135],[32.255529999997506,34.93918000000141],[32.25558589799749,34.93916935300138],[32.255587530997495,34.939140948001366],[32.255950567997495,34.93907784800139],[32.2566781079975,34.939021145001355],[32.2569684389975,34.938771509001384],[32.257183718997524,34.93869164800135],[32.257401563997526,34.93883363900137],[32.25764787299749,34.939590373001366],[32.25943593399751,34.939514751001376],[32.259436922997516,34.93956720800135],[32.2594999999975,34.93956000000136],[32.25979999999748,34.93957000000139],[32.25982737899749,34.941148874001414],[32.26075578399745,34.94115992900137],[32.26075938599751,34.94122282500141],[32.26081975699748,34.941220410001364],[32.26082999999747,34.94122000000138],[32.26083999999747,34.94177000000142],[32.26084999999749,34.94212000000138],[32.26086999999749,34.94242999900141],[32.26089999999747,34.942690000001356],[32.26089999999747,34.942690000001356]]]}