{"segmentId":"5000973","streetsFileVersion":96,"polygonPointList":[[[32.39635546199762,34.9029452850012],[32.39608999999769,34.903102830001245],[32.39608999999769,34.90315279900122],[32.39608999999769,34.90317000000121],[32.39608999999769,34.9033100000012],[32.39413999999766,34.90335000000121],[32.39381999999765,34.90336000000124],[32.39343999999767,34.90336000000124],[32.39323999999764,34.90336000000124],[32.39280999999766,34.903380000001185],[32.392419999997664,34.9034000000012],[32.392109999997665,34.90343000000123],[32.39172999999765,34.90349000000119],[32.39131999999767,34.90359000000123],[32.391009999997635,34.90368000000123],[32.390409999997644,34.90392000000119],[32.38981999999764,34.90421000000121],[32.38937999999767,34.90444000000125],[32.38887999999763,34.904710000001245],[32.38882999999766,34.904590000001214],[32.38868999999765,34.90421000000121],[32.38867999999769,34.90391000000122],[32.38869133399764,34.903868443001244],[32.3885067239976,34.90315053600122],[32.387921117997685,34.90370976600124],[32.387659759997675,34.9037042820012],[32.387501259997684,34.90370095700123],[32.38723767399765,34.9029670870012],[32.38691500999765,34.902068734001226],[32.38660931899767,34.90208482500119],[32.386107612997634,34.90117435800121],[32.385964775997635,34.90051890400123],[32.38772994899768,34.899047313001184],[32.388439460997716,34.898455807001206],[32.38921074199766,34.89908192600121],[32.389559133997665,34.89889386300121],[32.3898124609977,34.89874351300119],[32.3901363149977,34.89866059200119],[32.39060535999766,34.8992625770012],[32.390609999997665,34.89926000000118],[32.39131999999767,34.89887000000119],[32.39148999999765,34.89917000000118],[32.39176999999769,34.8994500000012],[32.391919999997626,34.8995200000012],[32.39204999999766,34.8995000000012],[32.3920799999977,34.89942000000123],[32.3921099999977,34.89942000000122],[32.39212999999769,34.899650000001216],[32.39244999999766,34.8996100000012],[32.39291999999769,34.89950000000119],[32.392999999997684,34.8992700000012],[32.39311999999769,34.899220000001215],[32.393309999997676,34.89919000000118],[32.393409999997694,34.899130000001215],[32.3934799999977,34.898890000001195],[32.394769999997685,34.89935000000118],[32.395021668997686,34.90071530500121],[32.39536771299765,34.901004888001204],[32.39590762699766,34.90133949400123],[32.39625808699763,34.90201114100122],[32.39641754699766,34.90238439700121],[32.39638003699765,34.902507094001194],[32.39635546199762,34.9029452850012],[32.39635546199762,34.9029452850012]]]}