{"segmentId":"5000925","streetsFileVersion":96,"polygonPointList":[[[32.33899295499764,34.90290685000124],[32.337932814997686,34.90236036000121],[32.33801597499769,34.90193596700121],[32.33801697299767,34.90193087300119],[32.3383679899977,34.90021722800119],[32.337385342997685,34.90002116400122],[32.33568904499767,34.8995758580012],[32.3340607609977,34.899131991001205],[32.333827253997676,34.89912254600121],[32.33361467799767,34.8990664900012],[32.332240141997694,34.89870402500118],[32.33099650999769,34.89911454800121],[32.32664599599769,34.898759599001224],[32.32459970999768,34.898784765001224],[32.32403980799772,34.89879165100122],[32.32403073199768,34.89780683600117],[32.32363204399777,34.89287064200117],[32.32352256899772,34.89101084800119],[32.32345751299775,34.88990564700116],[32.32326403199776,34.888013381001166],[32.32341598099776,34.88620444700117],[32.323429819997784,34.886039674001175],[32.32354519899781,34.88466587600114],[32.3236424129978,34.88353657100113],[32.32380921299779,34.88098643700113],[32.324861146997776,34.88133917400115],[32.325713996997784,34.88162515300116],[32.326096276997774,34.88180058200113],[32.32655184099775,34.881954054001156],[32.327088244997746,34.881462843001145],[32.32734067699779,34.88046778800111],[32.327366928997826,34.88036430400115],[32.32794219899782,34.88048022800115],[32.32951360999779,34.88079688500113],[32.32949970499777,34.881322554001144],[32.33042672099777,34.88333175800115],[32.3308661449978,34.883458142001146],[32.33384354099779,34.88380435800117],[32.335208549997766,34.88396308300113],[32.3364233339978,34.88400532000112],[32.33886532099778,34.88407641000113],[32.33981302799774,34.88427593000116],[32.34068267599775,34.884416965001165],[32.34183360899776,34.884717209001124],[32.342723000997744,34.885143212001154],[32.34284207199776,34.88518849000117],[32.34401803499774,34.885635661001146],[32.344655069997756,34.88568045900117],[32.34472288099775,34.88548569100114],[32.346532948997776,34.88546458900114],[32.346013119997785,34.88785944800114],[32.345431614997736,34.89071453800117],[32.34539820899775,34.89086675700115],[32.34526731699771,34.89146319200119],[32.34500857799769,34.89264218800115],[32.3443200489977,34.895779278001214],[32.3428833269977,34.89677226800121],[32.3426878179977,34.897721021001196],[32.342650623997685,34.89795250400119],[32.342407228997686,34.899467319001204],[32.342407222997686,34.89946736500123],[32.34206241999766,34.90136601900124],[32.3418895559977,34.902017015001235],[32.3418413519977,34.9021985500012],[32.34114137299765,34.90201658900119],[32.34096695599767,34.90333412600123],[32.33899295499764,34.90290685000124],[32.33899295499764,34.90290685000124]]]}