{"segmentId":"5000957","streetsFileVersion":96,"polygonPointList":[[[32.37841572299785,34.864941176001075],[32.37659789399787,34.86472861100105],[32.376684402997896,34.86444745700107],[32.375244235997876,34.864120216001076],[32.37527413399788,34.86419457200105],[32.37526736899783,34.86419314100106],[32.37526999999785,34.864200000001055],[32.37523279499784,34.864185827001045],[32.372368891997866,34.86358000000109],[32.37234999999785,34.86358000000109],[32.37223651099784,34.86355199600109],[32.37145618499787,34.863386927001095],[32.370719122997876,34.863304512001086],[32.37049582699786,34.863068022001066],[32.370485891997866,34.86303900400105],[32.37022986699783,34.862980829001046],[32.366855525997885,34.86221409600107],[32.36586295999791,34.862504917001026],[32.365276014997875,34.861947690001095],[32.36505565499787,34.86191381900107],[32.36479867399787,34.86145696300109],[32.364887510997896,34.85999113900105],[32.36489861099788,34.85980799600104],[32.36439178599792,34.85958670600108],[32.36439892399791,34.85906560400108],[32.36434895499785,34.85888000600105],[32.36456310699789,34.85810192300105],[32.365248391997916,34.85824469000105],[32.365298359997894,34.85807336900107],[32.36554820399789,34.85763078900104],[32.36596697599787,34.85773505500104],[32.36638303899787,34.85786136000107],[32.36671000199789,34.858119845001035],[32.36916438999787,34.858608748001046],[32.37028560699786,34.85920913000106],[32.370518892997886,34.85933404900104],[32.37140838199787,34.85942899400104],[32.37290834999787,34.85985552600105],[32.37292999999789,34.859860000001035],[32.37482986999787,34.860194834001035],[32.375438163997885,34.86030204000109],[32.377603946997894,34.86097182400105],[32.37749815899787,34.861697423001075],[32.377604717997855,34.862157444001056],[32.37761521599785,34.862202763001044],[32.377918035997844,34.86326681400105],[32.378096495997895,34.863745086001074],[32.378261875997865,34.86404836000104],[32.37826386299787,34.8640579120011],[32.37841154699784,34.86476813900105],[32.37841572299785,34.864941176001075],[32.37841572299785,34.864941176001075]]]}