{"segmentId":"5000747","streetsFileVersion":96,"polygonPointList":[[[32.0665931419978,34.89495728600123],[32.066034725997824,34.89502020100124],[32.06526821399782,34.89498049600123],[32.06472571899779,34.894922939001184],[32.06422965999778,34.89486100700118],[32.063688610997765,34.89484167800119],[32.06309803499782,34.89475671500118],[32.062915808997836,34.8947304990012],[32.06208325499782,34.89457647500122],[32.06013155399784,34.89452799500119],[32.059408197997804,34.89197721200117],[32.059065555997876,34.88653300600116],[32.059065555997876,34.88554852300119],[32.059065555997876,34.88544797100119],[32.05914169799788,34.884781722001186],[32.06325804599784,34.88402644600118],[32.06400657299785,34.883889105001145],[32.063897231997856,34.883696435001156],[32.06381999999788,34.88307000000114],[32.06381281499786,34.88307122700118],[32.06381050499787,34.883052918001134],[32.063557940997875,34.883098575001185],[32.063387390997875,34.88279805300115],[32.06333704499786,34.88244973700117],[32.06333627199787,34.88244242100117],[32.06336031699785,34.88214123000117],[32.063484169997864,34.88195419400117],[32.064328149997856,34.88171633000118],[32.065853772997905,34.88099102900113],[32.0659112749979,34.881303418001174],[32.06632371799782,34.88484127600114],[32.06669959599783,34.88483328000118],[32.06715395699788,34.88482361500119],[32.067139156997854,34.88571422100118],[32.06713210599782,34.88613853400118],[32.06684755299786,34.886209511001184],[32.06659149799784,34.88627337900116],[32.067144003997825,34.890910334001205],[32.067314393997805,34.8922272410012],[32.067766927997766,34.89217359200121],[32.06782029399784,34.892215107001164],[32.067986608997806,34.894883001001205],[32.068456875997775,34.89481886300123],[32.068510255997786,34.89487080100118],[32.068458376997796,34.89543385800121],[32.06817616299777,34.8963278330012],[32.06805320399783,34.89671733100121],[32.067305152997804,34.89822472500121],[32.06723376899779,34.898403185001236],[32.066883988997795,34.898396047001235],[32.066706494997796,34.89629749400123],[32.0665931419978,34.89495728600123],[32.0665931419978,34.89495728600123]]]}