{"segmentId":"5000023","streetsFileVersion":96,"polygonPointList":[[[29.967712931997497,35.063999815002276],[29.96708999999751,35.06382000000231],[29.966719999997522,35.06370000000227],[29.966199999997563,35.0635500000023],[29.96587999999752,35.0632600000023],[29.965779999997515,35.06314000000225],[29.965749999997563,35.06294000000226],[29.96574741599753,35.0629132980023],[29.965707303997522,35.0628804770023],[29.96572799699753,35.0627126300023],[29.965693952997512,35.062360850002285],[29.965689999997554,35.06232000000227],[29.965749999997563,35.06179000000225],[29.965889999997547,35.061550000002285],[29.965859999997594,35.061220000002265],[29.965869999997533,35.06103000000228],[29.96607999999751,35.06099000000228],[29.966280938997556,35.06102889100225],[29.966514022997536,35.06058146700229],[29.96656999999754,35.060370000002244],[29.966625999997557,35.06041282400223],[29.967100681997525,35.059837501002264],[29.96706999999753,35.05977000100226],[29.967279999997583,35.05940000000224],[29.967399999997536,35.05921000000227],[29.96753999999757,35.05906000000224],[29.96766999999756,35.05897000000224],[29.967792125997576,35.05893868600223],[29.96785571999754,35.05892238000227],[29.968071376997543,35.058660999002235],[29.970803908997553,35.058447766002224],[29.97080999999752,35.058330000002265],[29.97084999999755,35.05814000000223],[29.971099999997534,35.058120000002226],[29.97151999999758,35.05813000000226],[29.971619999997543,35.058140000002226],[29.971719999997582,35.05820000000225],[29.97190999999755,35.05845000000225],[29.971927128997564,35.05853907200223],[29.972886566997566,35.05919835700227],[29.97267505199754,35.061747184002286],[29.972556305997514,35.0625026370023],[29.972432191997534,35.063292237002265],[29.971087899997503,35.06385583300228],[29.970183466997515,35.0638571050023],[29.969617354997474,35.0639978240023],[29.96954710399754,35.063981917002266],[29.969539999997536,35.06424000000227],[29.969519999997498,35.0644100000023],[29.969189999997504,35.064400000002266],[29.968672065997527,35.06427051600231],[29.96864310599753,35.06428053900227],[29.9683396899975,35.064178509002275],[29.96805999999754,35.06410000000229],[29.967712931997497,35.063999815002276],[29.967712931997497,35.063999815002276]]]}