{"segmentId":"5000748","streetsFileVersion":96,"polygonPointList":[[[32.0658815339975,34.94710123200145],[32.06579425499754,34.94783113400145],[32.06488533999749,34.949219195001454],[32.06473820399748,34.94944389500145],[32.064739999997485,34.949450000001455],[32.06456999999749,34.94986000000144],[32.06435999999753,34.95019999900145],[32.06405834099754,34.94992347900145],[32.06375728499751,34.950067377001425],[32.0631391489975,34.951653376001424],[32.062226896997515,34.95213621700144],[32.062130166997505,34.952187415001426],[32.06176999999746,34.952439999001435],[32.06168999999751,34.95246000000144],[32.0615977269975,34.95246922800144],[32.061436750997466,34.95255443000148],[32.060475872997465,34.95256732100146],[32.05858391999749,34.951050305001424],[32.058637550997496,34.950766241001446],[32.058339999997486,34.95028000100146],[32.05817999999749,34.949900000001456],[32.057729999997505,34.949620000001424],[32.05748999999748,34.949600000001425],[32.05720999999751,34.94964000000144],[32.0570399999975,34.94964000000144],[32.05692999999752,34.949620000001424],[32.056839999997536,34.94954000000146],[32.0568299999975,34.949450000001455],[32.05684999999751,34.94925000000144],[32.056927626997506,34.94905038700145],[32.05698999999749,34.94889000000145],[32.0570599999975,34.94872000000142],[32.0571199999975,34.948420000001434],[32.057159999997516,34.94831000000143],[32.05720999999751,34.94802000000142],[32.05719999999754,34.947620000001415],[32.05724999999753,34.947500000001426],[32.05720999999751,34.94745000000144],[32.05720999999752,34.94734999900142],[32.057219999997486,34.9471700000014],[32.05727999999752,34.947010000001406],[32.05751999999754,34.946620000001424],[32.05763999999753,34.946540000001406],[32.05775999999751,34.94631000000142],[32.057969999997525,34.94626000000143],[32.05813999999752,34.94628000000143],[32.058529999997525,34.94613000000142],[32.0587299999975,34.94588000000142],[32.059009999997514,34.9454600000014],[32.0592899999975,34.94508000000145],[32.06012999999754,34.945360000001415],[32.060159999997516,34.945220000001434],[32.06039999999754,34.94533000000144],[32.06055999999754,34.94540000100143],[32.06068999999754,34.9454600000014],[32.06125999999753,34.94564000000139],[32.0616799999975,34.94575000000141],[32.06209999999749,34.94587000000144],[32.06230999999749,34.94593000000141],[32.06232274299752,34.94590536300143],[32.06245999999752,34.94564000000139],[32.06267999999752,34.945540000001415],[32.063009999997526,34.94545000000142],[32.063419999997535,34.94540000000143],[32.064049999997536,34.94545000000142],[32.06480999999755,34.94562000000143],[32.06496999999756,34.945670001001425],[32.06504999999751,34.945750000001404],[32.065089999997525,34.9458600010014],[32.0650999999975,34.94601000000143],[32.06506999999752,34.94633000000142],[32.06501999999755,34.94655000000144],[32.06504999999751,34.94666000000144],[32.06504999999751,34.946780000001425],[32.06530999999753,34.94686000000145],[32.065849999997546,34.947020000001444],[32.06584077499748,34.94709011100146],[32.0658815339975,34.94710123200145],[32.0658815339975,34.94710123200145]]]}