{"segmentId":"5000571","streetsFileVersion":96,"polygonPointList":[[[31.893515169998413,34.7705920950008],[31.89130960499839,34.7721482720008],[31.889055332998378,34.77586410400082],[31.888842843998393,34.7762143610008],[31.888249999998333,34.77566000000084],[31.887863028998414,34.77528295100084],[31.887099059998345,34.7747771290008],[31.88617697799837,34.77416662000084],[31.884461135998365,34.77303056500082],[31.883698391998397,34.772525555000826],[31.883389999998418,34.77299000000081],[31.882359999998407,34.77183000100083],[31.882319999998373,34.77165000000084],[31.8823199999984,34.7716200000008],[31.882323656998366,34.771615346000786],[31.882308545998384,34.771605341000814],[31.88032244699835,34.76974853500083],[31.879501352998368,34.76874358600078],[31.879004352998386,34.7686650760008],[31.878639999998445,34.76860999900079],[31.87864013199841,34.768607542000794],[31.877951274998406,34.76849872500078],[31.876607309998395,34.76680978100081],[31.876607704998385,34.766808555000814],[31.876069999998393,34.766470000000766],[31.876239999998404,34.76597000000079],[31.876319999998454,34.7657600000008],[31.876359999998392,34.76565000000079],[31.87623310999842,34.76553902900076],[31.87572295799841,34.76509288000079],[31.875548694998443,34.76530448400081],[31.87536911499842,34.765522546000796],[31.87518995799845,34.76574009400082],[31.874803175998444,34.765511753000794],[31.873609995998393,34.764807345000804],[31.87471406599841,34.763427258000775],[31.87367570499841,34.761966202000785],[31.873638549998446,34.76191392100077],[31.873770414998415,34.761754773000796],[31.87446660199843,34.76091454700076],[31.874820005998437,34.7610317190008],[31.87488083199841,34.7609609570008],[31.874879999998445,34.7609600000008],[31.875119999998418,34.76068000000076],[31.875122613998474,34.76067968300076],[31.87543140799844,34.760320451000766],[31.875618421998453,34.760269474000765],[31.87678410099843,34.759951729000804],[31.87795260299842,34.759633297000775],[31.878559054998423,34.75963038300078],[31.879069197998405,34.75962793200078],[31.879996977998463,34.758823614000775],[31.880213460998416,34.7586408920008],[31.880504076998466,34.7587276990008],[31.881049999998453,34.75889000000079],[31.881076648998462,34.75890637000076],[31.883072374998427,34.76011756200079],[31.883227012998447,34.75996637300078],[31.88339199999848,34.75980500000076],[31.883449999998412,34.75966000000078],[31.88378999999841,34.75868000000076],[31.884114930998464,34.75888677400081],[31.884115134998442,34.75888644700078],[31.88465440999843,34.759121651000775],[31.884912093998437,34.75923404000075],[31.887089999998445,34.76018000000078],[31.888299999998473,34.76093000000076],[31.89127999999841,34.76277000000077],[31.891279074998444,34.762771730000786],[31.892437201998447,34.763487119000786],[31.89278911299843,34.7638115510008],[31.8927899999984,34.763810000000774],[31.8930599999984,34.76335000000079],[31.89318999999844,34.76307000000076],[31.893199999998394,34.76316000000076],[31.8932499999984,34.76326000000079],[31.893539999998403,34.76368000000082],[31.893610174998418,34.76376354200079],[31.89374999999843,34.76393000000081],[31.89410999999844,34.76424000000077],[31.894269999998436,34.7644300000008],[31.89434999999841,34.7645900000008],[31.8943699999984,34.76476000000076],[31.894349999998386,34.764890000000776],[31.89435999999844,34.765190000000814],[31.89439999999843,34.765300000000764],[31.89440999999843,34.76539000000077],[31.8943699999984,34.76545000000078],[31.8938999999984,34.76583000000079],[31.893840282998383,34.76587505000077],[31.893578162998377,34.766072790000806],[31.89332999999841,34.76626000100078],[31.89313999999845,34.76644000000079],[31.893179999998388,34.766670000000786],[31.89318999999842,34.7668400000008],[31.89294696199839,34.76735571600079],[31.892920603998384,34.767411646000774],[31.89355549999839,34.767698681000816],[31.894083554998435,34.76793741400081],[31.894144970998397,34.76796518000078],[31.894858808998386,34.76910732100079],[31.895095286998412,34.7694772150008],[31.893515169998413,34.7705920950008],[31.893515169998413,34.7705920950008]]]}