{"segmentId":"5000713","streetsFileVersion":96,"polygonPointList":[[[32.02218999999751,34.944950000001434],[32.02100999999754,34.94539000100145],[32.020899999997525,34.94640000000142],[32.01957999999757,34.94695000000145],[32.01889999999753,34.94696000000143],[32.01870138799753,34.94824041100142],[32.0184299999975,34.94999000000146],[32.01715887799752,34.95023765000147],[32.012629999997515,34.95112000000146],[32.0126399999975,34.95022000000145],[32.01256999999751,34.95011000000145],[32.0109499999975,34.94820000000143],[32.01090326299752,34.94807536900143],[32.010889999997545,34.94804000000144],[32.01063999999751,34.94766000000142],[32.01050999999756,34.94738000000145],[32.01044999999751,34.94719000000142],[32.01041999999756,34.946990000001406],[32.01044999999751,34.94662000000144],[32.01049999999752,34.946180000001405],[32.010399999997546,34.94560000000145],[32.01031999999754,34.94536000000143],[32.01017999999754,34.94509000000143],[32.009899999997565,34.94485000000141],[32.009779999997534,34.944440000001414],[32.00964999999758,34.944220000001394],[32.00959999999753,34.9439900000014],[32.00960999999757,34.9437000000014],[32.00964999999758,34.94339000000144],[32.00950999999755,34.942910000001405],[32.00940999999756,34.94250000000142],[32.00959999999753,34.942480000001396],[32.00972999999754,34.94234000000141],[32.009779999997534,34.9421900000014],[32.00981999999754,34.94202000000143],[32.00982999999759,34.9419600000014],[32.009809999997614,34.9417800000014],[32.00986999999756,34.941560000001395],[32.00985999999757,34.94145000000139],[32.00983999999757,34.94105000000143],[32.00991999999758,34.94089000000137],[32.010089999997575,34.94068000000139],[32.01026999999756,34.940180000001405],[32.01040999999757,34.93995000000142],[32.010549999997565,34.93990000000142],[32.0107399999976,34.93987000000139],[32.01086999999757,34.93990000000142],[32.011319999997596,34.9403400000014],[32.0117999999976,34.93978000000139],[32.01189999999756,34.94001000000138],[32.0119699999976,34.940300000001386],[32.01207999999753,34.94058000000142],[32.012099999997545,34.940720000001406],[32.013168835997554,34.94047027200138],[32.01317073299755,34.9404724630014],[32.01330999999756,34.94094000000142],[32.013759999997546,34.94127000000139],[32.01407999999755,34.94145000000139],[32.01437999999758,34.94157000000143],[32.015189999997574,34.9417800000014],[32.01558999999756,34.941800000001415],[32.01593999999758,34.9418500000014],[32.0163599999976,34.9417800000014],[32.01651058999757,34.941719047001406],[32.016602022997574,34.94169985600142],[32.01670067099752,34.94164211000138],[32.016779999997524,34.94161000000139],[32.01692999999756,34.94148000100141],[32.016920436997566,34.94145981200142],[32.01692348099755,34.94145727500142],[32.016995022997556,34.94132726800142],[32.01729691799757,34.94124032500138],[32.01733428099757,34.94122956500142],[32.01748001299758,34.94118759500138],[32.01801200199756,34.94062518900141],[32.01902933099759,34.940129455001376],[32.01910985199757,34.940039852001384],[32.01939999999762,34.940330000001424],[32.01964999999758,34.940510000001424],[32.01971999999756,34.94056000000141],[32.020209999997604,34.940830000001405],[32.020479999997576,34.94099000000142],[32.021119999997566,34.94137000000142],[32.02138999999758,34.941530000001414],[32.02147999999756,34.94159000000143],[32.02157999999754,34.94166000000143],[32.02191999999757,34.94199000000139],[32.02202999999753,34.94211000000142],[32.02191999999757,34.942310000001434],[32.02196999999755,34.94368000000139],[32.02218999999751,34.944950000001434],[32.02218999999751,34.944950000001434]]]}