{"segmentId":"5000435","streetsFileVersion":96,"polygonPointList":[[[31.7780799999986,34.7187900000007],[31.778019999998577,34.71892000000066],[31.777953702998595,34.71902547300068],[31.777338119998564,34.720792673000695],[31.776963398998635,34.72117609900069],[31.77693118499856,34.721181298000666],[31.77564825799857,34.72138833200069],[31.775133507998614,34.72147140100067],[31.774345757998557,34.722975845000704],[31.773191826998588,34.725733123000694],[31.772574088998557,34.72582673800072],[31.771976537998558,34.72591730000069],[31.771317771998557,34.725839551000675],[31.771044526998587,34.7258073100007],[31.770957061998566,34.725796990000696],[31.769793709998584,34.72461190300068],[31.768916571998545,34.723718377000715],[31.769213089998566,34.72143071500069],[31.769032108998612,34.721265783000675],[31.768355655998583,34.720649316000674],[31.768290004998562,34.719435173000704],[31.76820747099858,34.71759614300066],[31.76798101299862,34.71597675000066],[31.767954094998622,34.71578426100069],[31.767984137998585,34.715744833000656],[31.76826936099864,34.71537050700066],[31.768727191998597,34.71540931500066],[31.771085215998628,34.71620566100068],[31.773950347998575,34.7174639130007],[31.774742315998612,34.71597279800068],[31.775724381998636,34.71618361600065],[31.77694209599858,34.71660921200066],[31.77642176899855,34.718075884000655],[31.77652999999859,34.718130000000656],[31.776541261998553,34.71813608700068],[31.776972103998588,34.71814542600067],[31.77727920699859,34.71815208300069],[31.7772799999986,34.71815000000066],[31.777319999998596,34.71815000000066],[31.7772506389986,34.71833826500068],[31.778052726998585,34.718741197000675],[31.778042759998595,34.71876981000066],[31.7780799999986,34.7187900000007],[31.7780799999986,34.7187900000007]]]}