{"segmentId":"5000988","streetsFileVersion":96,"polygonPointList":[[[32.417289920995465,35.180044602002866],[32.41669715499555,35.17036275500278],[32.41730976099557,35.16941289500276],[32.41949777599562,35.166020328002745],[32.42352620799567,35.159774154002676],[32.428583103995614,35.16212917000273],[32.43011731499567,35.16284365800271],[32.428490797995565,35.167499375002734],[32.42773507299557,35.16966255200275],[32.42405117099542,35.18020730100285],[32.422336477995366,35.1851154130029],[32.41917662699542,35.184612353002876],[32.41755376099542,35.18435398600292],[32.417289920995465,35.180044602002866],[32.417289920995465,35.180044602002866]]]}