{"segmentId":"5000510","streetsFileVersion":96,"polygonPointList":[[[31.80677331999649,35.104361985002335],[31.80655046599647,35.10446767600237],[31.806569999996505,35.10449000000236],[31.806439999996503,35.104570000002326],[31.806359999996467,35.10468000000234],[31.806159999996463,35.10510000000236],[31.8060063729965,35.10493677200234],[31.805781091996504,35.10515944900235],[31.805741988996513,35.10523653600237],[31.805601634996496,35.10553034600239],[31.8055545869965,35.10559417700237],[31.805458295996463,35.105724845002364],[31.805315056996463,35.105919171002355],[31.805343061996503,35.105994662002374],[31.805088468996473,35.10619865000238],[31.805013347996468,35.10621792500238],[31.804948422996464,35.10633482100239],[31.804716491996494,35.10634622700239],[31.804247611996463,35.10642960700237],[31.803915981996454,35.106598401002366],[31.803914808996446,35.106623335002375],[31.80381905999645,35.10660662100235],[31.803180667996468,35.10632311800235],[31.802990385996466,35.10619526700235],[31.802843142996508,35.10598162300237],[31.802831593996494,35.105964876002346],[31.80269859999649,35.105602407002365],[31.802530312996463,35.105374647002385],[31.80227350599652,35.105095196002345],[31.802016746996475,35.10487789500238],[31.80201168099651,35.10485897700236],[31.802009999996507,35.10486000000234],[31.801989999996486,35.10485000000236],[31.801939999996467,35.104760000002365],[31.801919999996503,35.104580000002365],[31.801973661996474,35.10439218600234],[31.801985223996535,35.10431776300234],[31.801999999996518,35.104170001002366],[31.80212999999647,35.10411000000235],[31.802151821996468,35.104105635002355],[31.802233283996504,35.10406050300233],[31.8022999619965,35.10373910000234],[31.802319676996525,35.10370389900234],[31.802316631996487,35.10369649000236],[31.802272128996538,35.10334428000234],[31.802218946996494,35.10323038500237],[31.802209976996544,35.10307498400235],[31.802705146996498,35.10268074400235],[31.802812070996527,35.102582182002344],[31.80294999999652,35.10245000000233],[31.802979324996475,35.10241090000235],[31.803005721996467,35.102369601002366],[31.80293764899651,35.10222047400232],[31.802888684996496,35.102119282002334],[31.802859999996517,35.102060000002346],[31.80246999999649,35.101780000002364],[31.802429999996537,35.10198000000232],[31.8023199999965,35.10210000000235],[31.80215999999654,35.10209000000232],[31.802079999996504,35.101930001002316],[31.802079999996504,35.10174000000235],[31.80218999999653,35.10157000000232],[31.802269999996568,35.101389999002336],[31.802369999996525,35.10080000000233],[31.80238999999653,35.10049000000231],[31.80237645899656,35.10040198400231],[31.80213689499653,35.10039056600232],[31.80207021299653,35.100332120002356],[31.801949999996523,35.10039000000234],[31.80173999999653,35.10044000000232],[31.801679999996523,35.10042000000232],[31.801579999996534,35.10032000000235],[31.801519999996515,35.10018000000236],[31.80149999999651,35.100020000002296],[31.80147999999651,35.09977000000231],[31.80146999999652,35.09960000000233],[31.801459999996556,35.09945000000232],[31.80144707899656,35.099236808002324],[31.801443553996545,35.099227421002354],[31.801437024996527,35.099149260002314],[31.80143363099654,35.09896714500235],[31.80142999999651,35.09888000000233],[31.801431069996504,35.09882971300231],[31.801427757996525,35.09865198300229],[31.801441999996563,35.09794000000231],[31.801379999996545,35.09794000000231],[31.801339999996536,35.09776000000231],[31.801359999996556,35.09767000000231],[31.801359999996556,35.0973100000023],[31.801399999996548,35.0969500000023],[31.801271322996566,35.09441002200227],[31.801242266996606,35.09426326700226],[31.8012228659966,35.093453537002304],[31.801169999996617,35.09241000000225],[31.80119467199661,35.09227677200227],[31.801178795996577,35.09161414700225],[31.801231913996574,35.09152063600225],[31.801300900996583,35.09139919000227],[31.801942951996605,35.091398408002256],[31.802005774996605,35.09141739800225],[31.8020499999966,35.091420000002245],[31.802399999996585,35.091480000002264],[31.802549999996604,35.091520000002276],[31.802624725996584,35.091552026002255],[31.802759999996567,35.09161000100226],[31.80304999999658,35.091690000002245],[31.803259999996637,35.09189000000225],[31.80359999999663,35.09225000000225],[31.803799999996546,35.09247000000227],[31.803859999996583,35.09256000000227],[31.80391999999659,35.09267000000227],[31.803989999996595,35.09283000000228],[31.804019999996548,35.09296000000229],[31.804149999996557,35.092950000002254],[31.80420999999659,35.0929800000023],[31.80426999999659,35.093040000002254],[31.80430999999659,35.09310000000227],[31.804329999996583,35.09323000000228],[31.804289999996563,35.09337000000227],[31.80419999999655,35.093460000002274],[31.804079999996585,35.09348000000228],[31.804079999996585,35.09369000000227],[31.804059999996557,35.09399000000231],[31.804059999996557,35.09439000000227],[31.804089999996545,35.09478000000231],[31.80419999999655,35.095420000002285],[31.804229999996604,35.09569000000229],[31.804249999996532,35.0958900000023],[31.80422999999657,35.09637000000228],[31.804179999996563,35.09667000000233],[31.804019999996548,35.09735000000232],[31.803959999996568,35.09760000000232],[31.803919999996562,35.09785000000231],[31.803899999996535,35.09813000000229],[31.80385999999654,35.09846000000231],[31.803829999996537,35.09879000000233],[31.80381999999651,35.09914000000231],[31.803879999996532,35.09974000000231],[31.803959999996547,35.09978000000234],[31.80399999999651,35.09986000000231],[31.804009999996552,35.099950000002316],[31.803969999996507,35.100030000002334],[31.804179999996506,35.100250000002355],[31.804339999996508,35.1004500000023],[31.8048499999965,35.10106000000235],[31.8051199999965,35.10139000000232],[31.805798563996483,35.102185192002324],[31.806399999996508,35.102890000002354],[31.8064681249965,35.10296493700232],[31.806499999996486,35.10300000000236],[31.806549999996506,35.10305999900233],[31.80646999999649,35.103140000002355],[31.806399999996508,35.103140000002355],[31.806239999996514,35.10322000000237],[31.805947108996488,35.10339390400233],[31.80602619299647,35.10349388500233],[31.806251556996514,35.10362293000233],[31.806428291996525,35.103705501002324],[31.80668446099649,35.10370522200233],[31.806770391996466,35.103737584002346],[31.806861271996482,35.10387053700234],[31.806936493996517,35.10404631400238],[31.806982004996506,35.10418847400237],[31.806927827996464,35.10426871600234],[31.80677331999649,35.104361985002335],[31.80677331999649,35.104361985002335]],[[31.8137673279965,35.103931827002356],[31.8137736189965,35.10396361800239],[31.81516809199652,35.10390987800233],[31.81513239999646,35.10533755500237],[31.814219999996464,35.10565000000234],[31.81403773099646,35.105758774002354],[31.813898294996484,35.10585659300237],[31.813791218996464,35.10594964700236],[31.813460172996486,35.10620180200236],[31.813344016996485,35.10628359700238],[31.8133337909965,35.10628121300236],[31.81330736599647,35.10630547600237],[31.81327422899648,35.10632492500234],[31.81326999999646,35.10633000000238],[31.813267613996477,35.10632880700239],[31.813210914996503,35.106362084002384],[31.812763284996496,35.10611786500236],[31.812609175996432,35.106029133002366],[31.811924161996455,35.105634721002374],[31.81187999999645,35.105620000002354],[31.811856808996477,35.105620000002354],[31.811749999996522,35.105620000002354],[31.811791578996445,35.10557842100239],[31.811799999996474,35.10557000000237],[31.81180370699644,35.105565366002374],[31.811576514996474,35.105434555002354],[31.811466304996483,35.10537109900234],[31.811385896996466,35.10526387100234],[31.811277402996524,35.10511919100234],[31.81112717899645,35.10491886000237],[31.81097641499646,35.10471780800234],[31.810855835996485,35.10421007800236],[31.810806809996464,35.104003662002334],[31.8105686969965,35.10402130600235],[31.80982695199647,35.10336334000234],[31.809814695996486,35.10357782100235],[31.809810767996495,35.10365728200233],[31.80980092999651,