{"segmentId":"5000886","streetsFileVersion":96,"polygonPointList":[[[32.28067970299701,35.00950948100172],[32.28067758599699,35.01017283800174],[32.28077145999699,35.01217360100171],[32.28043273499697,35.01614870000173],[32.28043853499696,35.01626775700174],[32.28043420599701,35.01638685400177],[32.28041974499699,35.01650481200176],[32.28037156999698,35.01670277500176],[32.280137476996984,35.017510862001764],[32.28005532199697,35.01779445800174],[32.27980000799697,35.01805998200178],[32.27976999999696,35.018130001001744],[32.27951999999694,35.01861000000174],[32.279289999996955,35.019270000001775],[32.27917999999695,35.01956000000179],[32.27902999999694,35.01982000000176],[32.27888999999695,35.02002000000177],[32.27860999999696,35.02025000000176],[32.27761291499697,35.0205741980018],[32.27394639399696,35.02176635200177],[32.27141226799692,35.025514003001824],[32.26953706499693,35.027891493001796],[32.269413520996906,35.02804812900184],[32.26846740299688,35.02846862600183],[32.26588002099686,35.02961857300183],[32.26398834999687,35.02836935600181],[32.2632313509969,35.02775121500185],[32.259508649996924,35.02471137600177],[32.25795641599693,35.02344387200177],[32.25146048699697,35.0194106860018],[32.250593087997,35.01825079200177],[32.24953328999699,35.01683362000176],[32.24839098299699,35.01530611500174],[32.244081152997055,35.00610069000169],[32.24380679599708,35.00551468700172],[32.24378543599705,35.00552001400172],[32.2435681469971,35.00545432500172],[32.24343637499705,35.00541448900168],[32.24343754399709,35.0054113590017],[32.24344476999708,35.005391632001704],[32.24346363699707,35.00534012200171],[32.24346635199706,35.00533342300167],[32.24346838499705,35.00532837800171],[32.24400103899711,35.004650938001696],[32.24401153799708,35.004649924001676],[32.24405627099707,35.00464567700168],[32.2440634589971,35.00463195100173],[32.24411450599709,35.0046434610017],[32.24428182199709,35.004214983001695],[32.24437011399708,35.004046387001715],[32.244481069997086,35.0038345250017],[32.24460138199708,35.00352848200168],[32.24474323299711,35.0031783860017],[32.2447991009971,35.002142697001695],[32.244800705997086,35.00211268200171],[32.244813879997096,35.00188070800167],[32.24463966599713,35.00153697300167],[32.244640193997114,35.001528377001684],[32.24461923899708,35.001496671001675],[32.24429110399711,35.000849241001646],[32.244117021997106,35.00050573800169],[32.24405149899713,35.000376465001665],[32.244046043997145,35.00036574300165],[32.243812408997094,35.00036673200165],[32.24361093699708,35.0001207980017],[32.24440999999715,34.99860000000168],[32.243359999997125,34.997170000001645],[32.24332986199713,34.99689122200165],[32.24332948199711,34.99666013600166],[32.243359999997125,34.996210000001675],[32.243489999997124,34.995630000001654],[32.24329656099717,34.995471103001655],[32.243225820997175,34.995412996001626],[32.243247601997126,34.99534319100167],[32.24316428499712,34.99513186500167],[32.24311538099714,34.995088449001635],[32.24342999999714,34.994530000001646],[32.243489999997166,34.99447000000163],[32.24357999999717,34.99448000100165],[32.243601167997134,34.99443277900167],[32.24403471899717,34.99334756400162],[32.24407999999714,34.993050000001624],[32.24411520199716,34.99290919100161],[32.24405540899717,34.99264639500164],[32.24424845599718,34.99152451900163],[32.24391381999718,34.99127968400163],[32.24244172199713,34.99029716200162],[32.24253554799714,34.99012070600159],[32.24318135399719,34.98835798300163],[32.24320999999718,34.98827000000162],[32.2432435959972,34.987971373001606],[32.24329527699721,34.9874682460016],[32.24411013299719,34.98740777600161],[32.24412516799717,34.98728080800159],[32.24412999999719,34.98716000000162],[32.24412999999719,34.987100000001604],[32.244171604997234,34.98673388100163],[32.24417875399723,34.986632574001604],[32.24416999999723,34.98644000000162],[32.244109999997185,34.98607000000158],[32.2441899999972,34.985930000001595],[32.24419323399722,34.98593051500161],[32.2441932429972,34.98592489500159],[32.24422483399724,34.98593110000162],[32.244899984997225,34.986043186001616],[32.24556999999721,34.98614999900162],[32.245679999997215,34.9859500000016],[32.2456816589972,34.985950037001615],[32.245682895997206,34.9859471890016],[32.24570939099723,34.98595065900157],[32.2479099999972,34.9860000000016],[32.25108742199722,34.9870748190016],[32.25442012399718,34.98820216400159],[32.26004981699717,34.99067228600163],[32.26482496799713,34.99276746400163],[32.26900808899715,34.994528778001666],[32.272778753997144,34.99611642700166],[32.274590275997085,34.99687917300162],[32.277961582997094,34.99867255600164],[32.28218551599705,35.00091949800166],[32.284584011997076,35.002561326001654],[32.28446979799705,35.00293252200167],[32.28343194599703,35.006966849001685],[32.283289692997045,35.00751981200171],[32.28328926699702,35.00752146600173],[32.28290715599707,35.009583625001724],[32.28184131899705,35.00917539900174],[32.28174767699702,35.00912950100174],[32.281650675997014,35.00909569700174],[32.281551449997,35.00907435300174],[32.281450007997,35.00906560400172],[32.28134854999705,35.009069453001715],[32.28124826599704,35.009086276001725],[32.28115024599702,35.00911548800174],[32.28105562499705,35.009157017001726],[32.28096437099702,35.00921010500174],[32.28087995999704,35.00927432000169],[32.28080003699705,35.00934896200172],[32.28068865599703,35.009488345001756],[32.28067970299701,35.00950948100172],[32.28067970299701,35.00950948100172]]]}