{"segmentId":"5000999","streetsFileVersion":96,"polygonPointList":[[[32.44837219999669,35.04368880200192],[32.44791089999671,35.043697087001895],[32.44793999999672,35.044250000001874],[32.4479299999967,35.044560000001894],[32.44785999999669,35.04472000000189],[32.447769999996694,35.04479000000188],[32.4476299999967,35.044740000001894],[32.44739999999672,35.0447100000019],[32.44734999999666,35.044680000001875],[32.44725999999666,35.04458000000189],[32.44718999999668,35.044430000001874],[32.44716999999665,35.04436000000189],[32.447146457996716,35.04429526000192],[32.44693887699668,35.04435165500192],[32.4469117309967,35.044423872001886],[32.4468940779967,35.0447176660019],[32.446415959996685,35.044687121001886],[32.44633271599666,35.045674155001876],[32.44562601599669,35.04579550800188],[32.44558075199671,35.045796813001886],[32.445548051996695,35.0459265450019],[32.445433306996655,35.04611268200191],[32.44530292699668,35.04639473200192],[32.44505466999669,35.047076577001896],[32.44487751299669,35.04736949900193],[32.44477596599667,35.047342876001935],[32.44474999999669,35.0474000000019],[32.44468999999667,35.04752000000194],[32.44460999999668,35.04771000000191],[32.44450999999667,35.04795000000193],[32.44441999999667,35.0481200000019],[32.444349999996646,35.0483900000019],[32.444279999996674,35.0485500000019],[32.44413999999668,35.04851000000194],[32.44422999999669,35.048360000001935],[32.44420999999665,35.047940000001915],[32.44398999999668,35.0478500000019],[32.44366999999665,35.047690000001914],[32.44365417199666,35.0476741720019],[32.44364999999667,35.0476700000019],[32.4435299999967,35.04763000000189],[32.44337999999668,35.047600000001914],[32.443139999996646,35.04763000000189],[32.44280999999666,35.0475800000019],[32.44274999999666,35.04755000000192],[32.442609999996684,35.047480000001926],[32.442509999996666,35.047430001001935],[32.442299999996685,35.04734000000193],[32.44216999999665,35.047260000001906],[32.442119999996684,35.047210000001925],[32.442029999996684,35.04719000000192],[32.44203999999671,35.047120000001925],[32.44208999999667,35.04639000000189],[32.44208999999667,35.04624000000193],[32.442099999996664,35.04611000000191],[32.442099999996664,35.045940000001885],[32.4420899999967,35.045610000001915],[32.442029999996684,35.04536000000193],[32.44201115699665,35.04531812600189],[32.441939999996684,35.045160000001914],[32.44203999999672,35.04506000000188],[32.4421090549967,35.04493915500191],[32.442091326996696,35.0448877440019],[32.44222695599673,35.04328874600186],[32.44221169299671,35.043199577001886],[32.442209999996685,35.04320000000191],[32.44111999999674,35.04350000000189],[32.4410899999967,35.042850000001884],[32.44104223199668,35.04235929600186],[32.44097999999668,35.04172000000188],[32.44125999999672,35.04159000000187],[32.44160619799671,35.0416284660019],[32.441575049996686,35.04131040300189],[32.44151508099672,35.04070057100188],[32.441873259996775,35.040662944001895],[32.44189828699674,35.04066031900186],[32.44236343799669,35.04061105200186],[32.44226963899678,35.03875230400188],[32.44385030999677,35.03787155300186],[32.44428365099673,35.03721237000188],[32.44555531499677,35.03721002200188],[32.44655949899673,35.037111487001866],[32.446599773996766,35.03710753500187],[32.44672516999673,35.03709523000183],[32.44701468499677,35.03706680600184],[32.447886728996764,35.03702391000188],[32.447809768996784,35.03730357700185],[32.447791328996736,35.03737058700185],[32.44773360299679,35.037580361001844],[32.44778615999677,35.03811596000184],[32.447816439996735,35.03842631800187],[32.44785733699677,35.03867866100188],[32.44789301999673,35.03924336600186],[32.44784942099674,35.039513622001884],[32.44786670299672,35.039800910001865],[32.4479089149967,35.0401851820019],[32.44799996399675,35.04085482200185],[32.448112513996755,35.041159568001895],[32.44816927999675,35.04147817000189],[32.4481784729967,35.04161869800186],[32.44830416899671,35.04207080800189],[32.4483493409967,35.04252416000187],[32.448369827996736,35.04272977300191],[32.448408086996714,35.0431139780019],[32.44837219999669,35.04368880200192],[32.44837219999669,35.04368880200192]]]}