{"segmentId":"5000440","streetsFileVersion":96,"polygonPointList":[[[31.766189672997513,34.96590994000156],[31.766177073997497,34.96601227200155],[31.766178613997504,34.966059842001535],[31.76615857899748,34.966162486001515],[31.766063809997483,34.96693220300155],[31.765668382997475,34.96710305700153],[31.7653215359975,34.96746863100153],[31.7649346119975,34.96818374400154],[31.76461313499748,34.969160803001586],[31.76465999999748,34.96922000000158],[31.76429681899746,34.97050601800155],[31.764295935997495,34.970509144001575],[31.76409132099746,34.97157018400155],[31.764134928997485,34.97177249800158],[31.764272661997463,34.97206807400157],[31.76459033599745,34.972749803001584],[31.764424625997442,34.9737030950016],[31.764305243997484,34.974188218001586],[31.764335925997468,34.974428374001604],[31.76433616699746,34.9745617610016],[31.764336257997478,34.97461230300161],[31.764281165997428,34.97481802100157],[31.764229483997447,34.974858533001566],[31.764173387997477,34.97490250600157],[31.764162052997484,34.9749877030016],[31.76401316699743,34.97508777200159],[31.76352888999742,34.97521488900156],[31.76256460399742,34.97535264700162],[31.76254019999744,34.97533843100161],[31.76235938399745,34.97537459100159],[31.761471719997427,34.97524693300159],[31.760481757997415,34.974784133001606],[31.759871763997463,34.97446694400156],[31.759611991997446,34.97433186600159],[31.758880479997476,34.97365464800156],[31.75887421099746,34.973644985001606],[31.75883600899747,34.97367991200161],[31.75853865799751,34.97410434800156],[31.75832361799748,34.97443406400157],[31.758050230997434,34.9748532410016],[31.757837104997485,34.97475407400157],[31.757262101997423,34.9747305710016],[31.756516427997447,34.9745330320016],[31.756254915997463,34.974513935001596],[31.755859999997416,34.974490000001595],[31.75585905699746,34.97448502600155],[31.755856205997464,34.9744848180016],[31.75583677299745,34.97438124800158],[31.75574870199745,34.9739118690016],[31.755728340997457,34.97377076200161],[31.755679999997458,34.97346000000157],[31.756098571997455,34.9732195440016],[31.756151987997477,34.973188121001606],[31.75636149399745,34.973228454001564],[31.757469999997486,34.97343000000159],[31.757873810997445,34.973321660001595],[31.757833721997482,34.9728848660016],[31.75751102699749,34.97109123000158],[31.757572717997483,34.96989477500157],[31.75767881799747,34.96969512800158],[31.758123722997475,34.96938729600154],[31.75815705599752,34.96939617600154],[31.758179999997495,34.96939999900159],[31.75818311899752,34.96940311900156],[31.758615468997487,34.96951829500156],[31.759595435997472,34.96974014100155],[31.759765468997493,34.96956524200155],[31.75993499699754,34.96911619300156],[31.760018510997497,34.96821873400156],[31.760076658997487,34.967959358001536],[31.758353977997526,34.96683888900152],[31.758472950997486,34.966125050001565],[31.758663307997512,34.96531603400155],[31.758853664997527,34.96498290900156],[31.75949611999752,34.96491152500154],[31.760067189997493,34.96517326600157],[31.76121526399752,34.965493889001564],[31.761503087997525,34.964974860001526],[31.761621128997533,34.964416988001524],[31.7617815539975,34.96395050300152],[31.761883896997535,34.96365290900155],[31.762479301997484,34.963202736001506],[31.763309928997508,34.963275357001514],[31.76390622999751,34.96329872600154],[31.76395193799752,34.9632868990015],[31.76399999999754,34.96321000000154],[31.76421117399749,34.96321982200152],[31.76441022399755,34.96316831800152],[31.764587325997486,34.96312249300154],[31.765056645997515,34.963569918001554],[31.765186465997512,34.96402243900155],[31.76526127699751,34.96428321200153],[31.76531999999751,34.96441000000153],[31.765415675997506,34.96482140800153],[31.765421053997507,34.96484015400154],[31.765653268997497,34.96513330800157],[31.765669999997506,34.96514000000156],[31.765720978997507,34.96521878600153],[31.76581760199751,34.965340766001546],[31.765889999997537,34.96540000000153],[31.765929999997493,34.96544000000155],[31.76599999999751,34.965510000001544],[31.766089999997522,34.965560000001524],[31.766149999997495,34.965690000001544],[31.766148973997485,34.965713603001525],[31.76616880399753,34.96575689000157],[31.766172860997514,34.96588219300152],[31.766189672997513,34.96590994000156],[31.766189672997513,34.96590994000156]]]}