{"segmentId":"5000272","streetsFileVersion":96,"polygonPointList":[[[31.577123525999056,34.54189378100037],[31.576553164999076,34.542083201000345],[31.57617554199905,34.54271616600037],[31.575702698999034,34.543349797000396],[31.575227992999032,34.544772058000355],[31.57532748099903,34.546494682000386],[31.574970561999052,34.54768441200034],[31.573947393999063,34.54792235800038],[31.57294801999907,34.5479937420004],[31.57225797599907,34.5474940550004],[31.571904968999053,34.545526922000406],[31.57170683799906,34.54547400900035],[31.570806504999048,34.54523356800039],[31.570747955999064,34.542754499000395],[31.570426522999036,34.541978232000396],[31.568288831999077,34.542240520000384],[31.568229345999075,34.5427461560004],[31.56665295299908,34.54304358800036],[31.566504236999073,34.5454230490004],[31.56268531699903,34.54552289000035],[31.561953516999058,34.54554202200039],[31.560823272999052,34.54360871000037],[31.56031763799908,34.542062061000344],[31.561894030999092,34.53911747800035],[31.56276010999907,34.538363877000364],[31.562771902999078,34.53835361500037],[31.563316168999094,34.53788003500037],[31.563316391999066,34.537879841000375],[31.56418426199903,34.53712467900036],[31.565000576999065,34.536233375000364],[31.5654753149991,34.535970486000366],[31.566593245999044,34.53566534200037],[31.567125627999072,34.535921645000336],[31.568042013999083,34.53513657300035],[31.56808893699906,34.53486649900033],[31.56831932899911,34.533540442000366],[31.568410846999072,34.53283540300034],[31.568694559999052,34.53246264000037],[31.569329172999048,34.532421007000345],[31.57050609599905,34.53289452900034],[31.570573857999072,34.53370967300034],[31.57050364199907,34.53391370400035],[31.570292472999068,34.53452731500036],[31.569915080999063,34.53519733800035],[31.56988683399907,34.53586487400033],[31.570080571999064,34.53649374400035],[31.570591707999075,34.537120347000354],[31.57093061399908,34.53731526800036],[31.571107466999045,34.53732487500034],[31.571543335999056,34.53700234900034],[31.571808365999043,34.53705992600035],[31.57236954599908,34.537181842000365],[31.573421611999073,34.53806415000034],[31.573875921999075,34.538546429000384],[31.57501749999906,34.539758285000374],[31.575589987999052,34.53997668400038],[31.576161308999062,34.53997263100038],[31.57682632399904,34.53967130200036],[31.577016178999063,34.53955872900039],[31.57700724999907,34.53859787200034],[31.576962188999047,34.53374860100038],[31.57643320199905,34.52939393000033],[31.576698617999032,34.52915431900034],[31.576577253999055,34.52882475000037],[31.57636127099908,34.52842394100033],[31.57651401499909,34.52805262300036],[31.57659480699906,34.527856220000345],[31.576820072999116,34.526981684000376],[31.57690662099908,34.52623034200037],[31.580036763999118,34.523781404000324],[31.58085075399908,34.52476644400037],[31.580976319999067,34.52478660400033],[31.585169497999054,34.52545983800037],[31.58531068899907,34.52543551400033],[31.58919186999906,34.52476686800033],[31.589236009999066,34.52490216100035],[31.58996909499911,34.527149600000335],[31.590337241999034,34.52827823800034],[31.59340488299907,34.537682786000374],[31.593255097999066,34.53793895900034],[31.592395279999074,34.53885078200037],[31.59122590099905,34.54009088800038],[31.589807647999045,34.54059413900038],[31.583849571999096,34.54270829600038],[31.580762509999058,34.542598044000364],[31.57885270299908,34.54252983600035],[31.57789997099909,34.54098851600035],[31.577755833999053,34.54140731700037],[31.577123525999056,34.54189378100037],[31.577123525999056,34.54189378100037]]]}