{"segmentId":"5000472","streetsFileVersion":96,"polygonPointList":[[[31.802593693998205,34.82163772600097],[31.802400572998227,34.822135732000966],[31.80255926899821,34.82254076600095],[31.802372392998215,34.823242287000944],[31.80168377999822,34.82468343500098],[31.802316774998218,34.825713503000955],[31.8018143689982,34.82623187800097],[31.80105572699823,34.82531296600099],[31.79992493499819,34.82635022400099],[31.79759564899823,34.82683912600096],[31.794949208998187,34.82659173700099],[31.79350470499821,34.82645297400099],[31.792985683998186,34.82640311500099],[31.792582907998213,34.82565618700097],[31.79247794899821,34.82537940300098],[31.792205576998214,34.82491736000095],[31.79216999999819,34.82494000000095],[31.79197999999818,34.82470000000098],[31.791910966998202,34.824417591000966],[31.79189935899821,34.82439790000099],[31.791904703998217,34.82439197200098],[31.79186999999823,34.82425000000099],[31.791894748998228,34.824027262001],[31.791791254998227,34.82380196800097],[31.791916691998207,34.82361707400094],[31.791963905998198,34.82358047000094],[31.792019999998214,34.82330000000099],[31.792189999998236,34.82273000000095],[31.792359999998194,34.82225000000096],[31.79267999999824,34.82159000000099],[31.792789999998202,34.821240000000955],[31.792849999998225,34.820970000000955],[31.792877131998235,34.820800426000964],[31.79271678999823,34.82077575100095],[31.79240504599825,34.81930513100098],[31.793627285998237,34.81731231800096],[31.793635565998237,34.81731133300098],[31.79498384599821,34.817150879000955],[31.79555166599825,34.81744354100094],[31.79671669199827,34.817328052000946],[31.797849647998234,34.817028303000924],[31.79834655799825,34.81708744900094],[31.798513670998215,34.81702246100098],[31.79864279999822,34.81687018600097],[31.79888767599824,34.816581419000954],[31.799003678998247,34.81669379200092],[31.79900999999824,34.81669000000094],[31.799129999998247,34.816600000000946],[31.799229999998285,34.816559999000944],[31.799099999998255,34.816719999000945],[31.799060959998265,34.81674928000096],[31.79919696699827,34.81688103200093],[31.799266742998242,34.816948624000986],[31.79924878399823,34.81697944600096],[31.799459232998256,34.81723522200098],[31.79986785199821,34.81700326800096],[31.801197206998214,34.81863123100094],[31.802454335998213,34.819074410000944],[31.802620118998213,34.819792174000945],[31.802709644998213,34.82017978100094],[31.80274436599825,34.82124918300099],[31.802593693998205,34.82163772600097],[31.802593693998205,34.82163772600097]]]}