{"segmentId":"5000529","streetsFileVersion":96,"polygonPointList":[[[31.808379707991186,35.49497282000696],[31.807939999991074,35.49862000000705],[31.807956495991068,35.49879115300704],[31.808070043991048,35.499354231007025],[31.80791238099108,35.499774924007056],[31.807904806991086,35.49998252300703],[31.80789999999108,35.50017000000703],[31.807589999991087,35.500400000007076],[31.8075318459911,35.50039574500705],[31.80729114899104,35.50038014100706],[31.80724160999109,35.50040189100703],[31.807055214991045,35.50045164000706],[31.806811409991084,35.50054315400707],[31.806703859991043,35.50057636400705],[31.80654978199103,35.50059266300708],[31.80641376199104,35.50055026800705],[31.806393689991065,35.50052933700706],[31.806295898991085,35.50057511100706],[31.806200748991042,35.500620339007085],[31.806197390991073,35.50062000000704],[31.806159999991017,35.50062000000704],[31.805559999991075,35.50077000000706],[31.805449999991072,35.500570000007045],[31.80567564099107,35.50032824200708],[31.805734493991064,35.50014030100704],[31.805916432991076,35.49988382200708],[31.806117482991056,35.49966911200704],[31.80626187199108,35.49946732500706],[31.80632999999108,35.49937000000705],[31.806451479991114,35.499086546007035],[31.806202766991106,35.498853702007054],[31.80514437299116,35.496600059006994],[31.804876357991187,35.49439850000694],[31.80478520699122,35.492914764006905],[31.804531765991275,35.48878931100686],[31.804635069991374,35.4863912400068],[31.804649999991334,35.48585000000677],[31.804649999991334,35.485770000006795],[31.804669999991347,35.485720000006815],[31.80532999999139,35.48359000000675],[31.805369999991406,35.48278000000674],[31.805392378991428,35.48237077500674],[31.805439999991428,35.48150000000671],[31.804759999991436,35.48141000000671],[31.804869999991464,35.479860000006674],[31.805519999991503,35.478770000006676],[31.80558999999151,35.47819000000666],[31.80572999999152,35.47732000000668],[31.805805172991537,35.47689402000661],[31.805847327991508,35.47663663300664],[31.805854882991543,35.4766281750066],[31.806679999991548,35.4746300000066],[31.806999999991593,35.4746300000066],[31.807675286991575,35.47459027700661],[31.80767706299154,35.474588289006604],[31.80768463299157,35.47458384200662],[31.808499999991582,35.473500000006595],[31.80962969799157,35.47350597700659],[31.81038999999156,35.47351000000656],[31.811009999991597,35.47351000000656],[31.811539999991552,35.47372000000661],[31.811969999991536,35.475650000006596],[31.811939999991548,35.47619000000661],[31.81185999999147,35.47753000000666],[31.81122999999142,35.479000000006664],[31.81103170399148,35.47945608100672],[31.81103102799149,35.47946008200669],[31.810970780991447,35.47951020700667],[31.810569999991472,35.4798500000067],[31.81002999999146,35.4803000000067],[31.809646878991444,35.48248460600676],[31.809559999991396,35.48298000000675],[31.809425974991388,35.48396153800678],[31.809219999991335,35.48547000000681],[31.809179999991333,35.485780000006784],[31.80893999999134,35.48750000000685],[31.808417995991253,35.491431182006885],[31.808400906991224,35.493011912006914],[31.808379707991186,35.49497282000696],[31.808379707991186,35.49497282000696]]]}