{"segmentId":"5000442","streetsFileVersion":96,"polygonPointList":[[[31.767311912997254,35.008341358001765],[31.76694414799725,35.00838228100174],[31.765839999997187,35.00936000000179],[31.76513999999723,35.0092000000018],[31.76445999999724,35.00899000000176],[31.764049999997248,35.00889000000178],[31.76397999999725,35.008850001001754],[31.76398999999721,35.00865000000175],[31.76378999999721,35.00787000000173],[31.763743869997235,35.00776516000178],[31.763714944997258,35.00775980600174],[31.76369328299725,35.007755796001724],[31.76316096699723,35.00765310200177],[31.763218962997225,35.00692630600173],[31.76354321099727,35.00630275200176],[31.76359562999725,35.00621747200176],[31.763743076997272,35.00597758900175],[31.763926573997256,35.00567905500173],[31.76433950699725,35.00505530100172],[31.764663199997237,35.00408568100174],[31.76463215799725,35.00315143300171],[31.764601886997234,35.002701645001736],[31.76383293299728,35.00253029400173],[31.76380723499732,35.00189451900175],[31.76380216499731,35.00176907300172],[31.76380967599729,35.00173919900171],[31.763991082997286,35.001017635001716],[31.76382134699726,35.000996418001726],[31.76352999999729,35.00096000000175],[31.763459999997306,35.0008200000017],[31.763129999997286,35.00080000000169],[31.76300999999729,35.00079000000172],[31.762739999997308,35.000710000001696],[31.76258999999729,35.000620000001696],[31.762559999997293,35.0005500000017],[31.762529999997266,35.00014000000171],[31.762769999997296,35.000080000001695],[31.76288999999729,35.00009000000173],[31.762836677997292,34.99997743000173],[31.762615984997257,34.999522423001686],[31.762774598997296,34.998820946001686],[31.762849999997336,34.998480000001685],[31.762960652997283,34.99822549900171],[31.763145355997285,34.997791074001725],[31.763154700997333,34.99778877400173],[31.763609999997275,34.99767000000168],[31.763779999997308,34.99763000000173],[31.76379113499732,34.99763210600168],[31.763854613997296,34.99761648000169],[31.763874973997286,34.99758358200171],[31.764090517997296,34.997235306001706],[31.764689546997275,34.997330658001715],[31.764689999997284,34.99733000000168],[31.76469106299729,34.99733090000172],[31.764948110997256,34.9973718160017],[31.764948397997305,34.9975486450017],[31.76494999999732,34.9975500000017],[31.76498999999735,34.99758000000168],[31.765139999997306,34.99783000000174],[31.765449999997287,34.99826000000172],[31.76554999999731,34.9983400000017],[31.76562433999727,34.99881577500169],[31.76639951099726,34.999064227001725],[31.766932709997285,34.999340200001726],[31.76710999999731,34.99938000000169],[31.767259999997318,34.99942999900169],[31.767293682997277,34.999444617001714],[31.767257427997283,34.99940838400171],[31.76754764399728,34.99955482600173],[31.76778999999729,34.99966000000173],[31.76785999999728,34.999700000001745],[31.767892373997284,34.99972877700169],[31.768011814997323,34.999789046001716],[31.768769999997332,34.99990000000169],[31.768869999997296,34.99988000000175],[31.76894999999732,34.9998300000017],[31.769059999997246,34.99968000000174],[31.769159999997285,34.9995800000017],[31.76926958099731,35.00010798300175],[31.769288930997288,35.000137669001695],[31.76939999999732,35.00030000000171],[31.769648379997257,35.00068912900175],[31.769802414997315,35.00092544600172],[31.76989215399727,35.00158277200174],[31.771343106997282,35.00218055100171],[31.77111179599728,35.00332195200176],[31.770630303997272,35.00497937500175],[31.769788501997247,35.00570633600175],[31.768981324997235,35.00518376800174],[31.76889264699724,35.00529407900176],[31.768884051997244,35.00532865700176],[31.768483200997252,35.00593150600172],[31.768258423997256,35.006318132001745],[31.767842521997217,35.00703350000174],[31.76753999999724,35.00775000000175],[31.767532380997228,35.007758964001766],[31.767311912997254,35.008341358001765],[31.767311912997254,35.008341358001765]]]}