{"segmentId":"5000385","streetsFileVersion":96,"polygonPointList":[[[31.74227605399853,34.74239102300072],[31.742139625998497,34.74272566700074],[31.742205188998526,34.74275654300073],[31.742100635998515,34.74294066800076],[31.742069999998552,34.74339000000072],[31.7418099999985,34.743940000000755],[31.74119999999852,34.74468000000077],[31.74063999999851,34.74493000100075],[31.740526197998527,34.744970082000755],[31.74035590499853,34.74503005900074],[31.73984186599853,34.74539874000074],[31.73967756799851,34.74559589700073],[31.740284018998533,34.74670499300075],[31.740361184998502,34.747133396000734],[31.740382821998526,34.747248165000734],[31.740404281998504,34.74731325900077],[31.740491283998487,34.74751608800075],[31.740633105998544,34.747846721000734],[31.74063209699852,34.74787778400073],[31.740617885998486,34.747902082000756],[31.74060147199849,34.74792164400072],[31.740614424998498,34.74795213900076],[31.740477988998517,34.74848555800073],[31.74033669999851,34.74903795400078],[31.73983317499852,34.75017576800079],[31.740365772998512,34.75068963900073],[31.739887735998504,34.751795846000775],[31.739892322998482,34.75181209200079],[31.739881134998527,34.75184744100076],[31.73989822499851,34.75197594100078],[31.739907192998515,34.752234635000754],[31.739787005998483,34.75238994100076],[31.73964496399848,34.75257348800076],[31.73941871799848,34.75293141800078],[31.73937919499847,34.753009227000774],[31.7393372239985,34.75306976400075],[31.738087289998504,34.755962187000804],[31.73803916099849,34.75617485300079],[31.738159999998473,34.756340000000804],[31.73793999999848,34.75678000100076],[31.737889999998487,34.75693000000079],[31.737749999998478,34.75718000000079],[31.73761999999849,34.75736000000079],[31.73739999999847,34.75757000000077],[31.736989999998478,34.75787000000075],[31.736909999998453,34.75802000000077],[31.736909999998453,34.7582800000008],[31.73687999999846,34.75838000000078],[31.73682999999848,34.75846000000081],[31.736809999998464,34.75850000000076],[31.736679999998486,34.75864000000081],[31.736559999998473,34.758700000000765],[31.73646999999847,34.75873000000081],[31.736429999998464,34.75874000000078],[31.736329999998475,34.7588200000008],[31.736239999998492,34.75893000000081],[31.736239999998492,34.75901000000078],[31.7361299999985,34.758970000000765],[31.736069999998467,34.7588900000008],[31.735989999998495,34.7588700000008],[31.73593999999846,34.75890000000077],[31.73575999999846,34.7588200000008],[31.735419999998452,34.75857000000081],[31.735179999998508,34.7587100000008],[31.735049999998466,34.75865000000078],[31.734819999998496,34.75865000000078],[31.734429999998454,34.7589100000008],[31.734059999998482,34.75851000100078],[31.733949999998465,34.75859000000076],[31.73371999999849,34.75833000000079],[31.73365999999848,34.758260000000796],[31.733529999998435,34.75809000000076],[31.73345505799849,34.75799007700077],[31.733372711998484,34.75788712300077],[31.733352708998442,34.75785838600079],[31.733329999998467,34.757829999000805],[31.73311999999847,34.757560000000794],[31.732779999998474,34.757090000000794],[31.73276044599848,34.75706251800079],[31.732709214998472,34.75700138100079],[31.732457447998474,34.7567982080008],[31.732391817998476,34.75671980600076],[31.73228329099846,34.756594751000804],[31.732243203998486,34.75652260300079],[31.73220336799848,34.75645938400076],[31.73136634499846,34.75513105300079],[31.730436727998452,34.75365578000075],[31.730265761998492,34.75335834900077],[31.730039999998475,34.75299000000077],[31.729799999998495,34.75260000000074],[31.72954534399847,34.75219711100076],[31.729129999998502,34.75154000000075],[31.728839999998502,34.75109000000075],[31.72856999999849,34.75070000100075],[31.72843999999846,34.750520000000755],[31.72827999999849,34.75031000000077],[31.728089999998527,34.75011000000077],[31.72791999999849,34.74993000000076],[31.72762999999849,34.74965999900078],[31.7274199999985,34.74946000000076],[31.727169999998537,34.74922000000074],[31.72685999999851,34.74891000000073],[31.726459999998493,34.748520000000745],[31.726331625998498,34.74839903200077],[31.726152655998508,34.74823809100077],[31.72564457799854,34.747768221000754],[31.72539634799852,34.74756760000072],[31.725088599998543,34.74732253500073],[31.724752263998543,34.74702791200078],[31.724714319998505,34.746994471000754],[31.724669999998518,34.74696000000077],[31.724079999998523,34.74651999900074],[31.72350999999851,34.74608000000076],[31.723452302998517,34.74603615100076],[31.723306521998516,34.74594888600077],[31.723316587998514,34.74593300700078],[31.72325999999851,34.745890000000735],[31.723287115998552,34.74584351500074],[31.72323693599851,34.74580136000073],[31.723263773998504,34.74575312800074],[31.723389380998533,34.74556189900075],[31.722487500998515,34.74482909100074],[31.72135411699851,34.743908178000716],[31.722521793998524,34.742327113000734],[31.723115740998544,34.741522892000724],[31.725471254998546,34.738333465000714],[31.723825930998565,34.736839691000725],[31.72396869799857,34.7365113260007],[31.725439204998533,34.73471245300071],[31.726195873998567,34.734683900000725],[31.726809774998536,34.734997989000746],[31.72760927399855,34.73571182700071],[31.728376843998518,34.73646633600071],[31.729302297998558,34.735019717000725],[31.729537024998585,34.73524290700071],[31.729709524998544,34.7354040790007],[31.72986999999857,34.735451689000726],[31.72986999999857,34.73545000000074],[31.729899999998533,34.735370000000714],[31.729949999998528,34.735310000000695],[31.729989999998534,34.73527000000074],[31.730069999998573,34.735230000000726],[31.730149999998545,34.735230000000726],[31.73022999999858,34.7352400000007],[31.730289999998536,34.735280000000714],[31.730329999998567,34.735320000000726],[31.730359999998587,34.735370000000714],[31.73036423499854,34.73541659200071],[31.73146182899859,34.73515457900071],[31.731623333998552,34.73637144600075],[31.731668397998572,34.73671098400075],[31.734156476998542,34.73696300700072],[31.736513894998534,34.737020683000694],[31.736509363998515,34.73715155100074],[31.736925257998543,34.73716090700071],[31.736925921998555,34.73720459500071],[31.73696188099856,34.7372068750007],[31.736966422998567,34.7372290150007],[31.736960587998556,34.73746157000072],[31.73695515199855,34.737701854000754],[31.73694486799851,34.7379600770007],[31.736939730998557,34.73811302900071],[31.736986710998536,34.74120376900073],[31.737440245998563,34.741262290000755],[31.737461556998543,34.74125901800073],[31.737511678998555,34.74127150700077],[31.737809999998515,34.741310000000745],[31.738525391998536,34.741524095000734],[31.73877988099851,34.741587507000766],[31.739594194998542,34.741779576000745],[31.740007081998527,34.74183896400076],[31.740568028998496,34.741919647000714],[31.740632342998563,34.741928898000715],[31.74129754899852,34.74209451400072],[31.741297654998508,34.74209171800073],[31.741859999998496,34.74223000000075],[31.742069999998552,34.74234000000075],[31.742071979998535,34.74234561000072],[31.74227605399853,34.74239102300072],[31.74227605399853,34.74239102300072]]]}