{"segmentId":"5000890","streetsFileVersion":96,"polygonPointList":[[[32.26491128999787,34.867186226001095],[32.264539999997865,34.86815000000111],[32.2641099999979,34.868510000001116],[32.26393069099785,34.868510000001116],[32.26391612699791,34.86854327500108],[32.263389697997845,34.86974599900107],[32.263375906997865,34.86982950700112],[32.263367677997884,34.869845444001115],[32.26336479699789,34.86984647600112],[32.262869999997875,34.872010000001104],[32.262059999997895,34.87151000000111],[32.26203999999788,34.87133000000111],[32.261969999997895,34.8712400000011],[32.26187702499787,34.871178017001085],[32.26163999999785,34.871020000001096],[32.2615199999979,34.870900000001114],[32.26142999999789,34.870840000001095],[32.26133999999789,34.87083000000112],[32.26089846199786,34.87051905800112],[32.25950371099784,34.86986056800108],[32.25915905699785,34.8706617200011],[32.25895740899787,34.870675645001114],[32.25892745099785,34.870805934001076],[32.258849999997864,34.871290000001096],[32.25881999999788,34.87145000000109],[32.25877999999786,34.87166000000113],[32.25859999999786,34.87159000000108],[32.258585765997864,34.87158555200111],[32.25796371099786,34.87158782200109],[32.25784088499786,34.871496461001094],[32.25783999999785,34.87150000000108],[32.257729999997835,34.87153000000112],[32.257569999997834,34.8714900000011],[32.25749217999784,34.87123708500113],[32.25748646399788,34.87123283300113],[32.25670659699788,34.8710827750011],[32.25659592499787,34.87105234500112],[32.25538999999786,34.87076000000113],[32.25538999999786,34.87063000000111],[32.25538999999786,34.8703200000011],[32.25536712599791,34.86836808800111],[32.25535999999788,34.867760001001116],[32.25539999999793,34.86709000000111],[32.25542999999789,34.86663000000109],[32.25558825199791,34.86525519000105],[32.2556497219979,34.864461774001086],[32.255664530997876,34.86439568000106],[32.255669999997906,34.864310001001066],[32.25578999999791,34.86316000000108],[32.25588999999794,34.862200000001046],[32.256029999997935,34.86108000000109],[32.256169999997915,34.85994000000106],[32.25623999999793,34.859420000001066],[32.25628999999789,34.859000000001046],[32.25634999999795,34.85862000000104],[32.25641999999793,34.858280000001045],[32.25650999999794,34.85787000000106],[32.25653835699795,34.85777784000105],[32.256589999997956,34.85761000000109],[32.25664999999793,34.85742000000105],[32.256829999997926,34.85698000000108],[32.25696999999792,34.85671000000107],[32.257099999997926,34.856480000001035],[32.25750999999791,34.85599000000108],[32.2578699999979,34.85571000000105],[32.258339999997915,34.85546000000105],[32.25870999999796,34.85534000000106],[32.25918999999795,34.855280000001045],[32.25958999999795,34.85529000000102],[32.25987999999798,34.85531000000102],[32.260209999997905,34.85535000000103],[32.26047999999793,34.85542000000103],[32.260719999997924,34.85551000000103],[32.26125999999794,34.85579000000107],[32.261769999997945,34.85618000000105],[32.26169714699794,34.85788294200107],[32.26168999999792,34.85805000000106],[32.26168989199791,34.85805076900105],[32.262066215997926,34.85837065700109],[32.26212884699794,34.85842389500106],[32.262779045997945,34.85867627500106],[32.263321688997934,34.85891340700105],[32.263419999997915,34.85889000000105],[32.265169999997916,34.85989000000107],[32.264909999997904,34.86062000000105],[32.26489031899794,34.860762692001046],[32.26486413799793,34.86097449000107],[32.26485999999791,34.86102000000106],[32.264839588997944,34.861173085001084],[32.264821585997886,34.86131872400108],[32.26503841299793,34.861445319001064],[32.265429999997885,34.86167000000108],[32.26562295099793,34.86177389700106],[32.265819091997926,34.86187558200106],[32.266080117997916,34.862333289001064],[32.2660392519979,34.86325082200108],[32.26586758099791,34.8638121750011],[32.26573932199789,34.86389905600106],[32.26556999999788,34.86402000000106],[32.26536847499791,34.86436212300106],[32.26533355199789,34.86468522100108],[32.2651189289979,34.86531296700112],[32.26505285999786,34.86682219100108],[32.26491128999787,34.867186226001095],[32.26491128999787,34.867186226001095]]]}