{"segmentId":"5000597","streetsFileVersion":96,"polygonPointList":[[[31.88182429599509,35.238676037003486],[31.881823999995103,35.23867600000348],[31.88190474799511,35.238890574003456],[31.88196699999507,35.23905600000349],[31.881966903995078,35.2390563210035],[31.881823999995103,35.23953200000349],[31.881157999995065,35.2398650000035],[31.88065799999506,35.240032000003474],[31.880181999995095,35.240365000003486],[31.880318788995083,35.240509122003495],[31.880610999995092,35.24081700000349],[31.88091999999508,35.241150000003515],[31.88092599999506,35.24130000000347],[31.880926004995057,35.241300134003474],[31.880943999995083,35.24179300000348],[31.880962655995088,35.2420573600035],[31.880990999995067,35.24245900000351],[31.880134999995054,35.2430060000035],[31.879185004995072,35.24310712400354],[31.878800999995068,35.24314800000354],[31.878801043995058,35.24314789200349],[31.878837999995053,35.243057000003546],[31.877062587995074,35.24145816300351],[31.876775450995083,35.24119958400352],[31.8762639999951,35.240739000003515],[31.876009999995105,35.23928000000349],[31.875659999995094,35.237810000003435],[31.87592099999516,35.2340040000034],[31.87719332799516,35.23402862500344],[31.88279299999513,35.2341370000034],[31.883914099995145,35.23248110000338],[31.88496659999516,35.2320931000034],[31.88510809999516,35.23254190000342],[31.885418899995134,35.23427270000346],[31.885383599995155,35.23488770000344],[31.885074999995133,35.23565300000346],[31.88436999999511,35.236880000003445],[31.883846999995125,35.23779500000347],[31.883754656995105,35.238035985003485],[31.883536999995094,35.238604000003484],[31.88338813399508,35.23900934500348],[31.883370999995126,35.23905600000349],[31.883370950995094,35.23905598400348],[31.88244597699508,35.238763139003495],[31.88239510099511,35.238747032003474],[31.882394999995086,35.23874700000347],[31.882365568995112,35.23874334000347],[31.88182429599509,35.238676037003486],[31.88182429599509,35.238676037003486]]]}