{"segmentId":"5000342","streetsFileVersion":96,"polygonPointList":[[[31.646969348995068,35.254477266003654],[31.64694079499508,35.25246424200363],[31.65023624899509,35.251701433003646],[31.651421637995096,35.25080882300364],[31.65587805099512,35.24745309700361],[31.656891700995153,35.24816693500358],[31.65426477599503,35.25551946900367],[31.651345858995054,35.25510248100368],[31.646969348995068,35.254477266003654],[31.646969348995068,35.254477266003654]]]}