{"segmentId":"5000867","streetsFileVersion":96,"polygonPointList":[[[32.225532975997844,34.87638494700115],[32.22403410299786,34.877018168001136],[32.22300498699781,34.877339395001115],[32.2221721749978,34.87741672800115],[32.22218407199784,34.87821979600113],[32.22218227199782,34.87829898800112],[32.222178123997836,34.878481537001115],[32.220225444997844,34.878500650001115],[32.220294299997825,34.87826015400111],[32.22078114399783,34.876559721001115],[32.22109631499788,34.87545881400114],[32.221239216997866,34.874959649001134],[32.220352721997834,34.87451313500111],[32.21964931899784,34.87461912900112],[32.21924905399787,34.874620574001135],[32.21909957899785,34.874621114001116],[32.21881044099787,34.874421543001105],[32.21861492999786,34.874286596001106],[32.217555276997835,34.87374649400111],[32.21736127799789,34.87367580500113],[32.217343833997894,34.87366944800111],[32.21674639299786,34.873451761001135],[32.216375406997834,34.87331658700109],[32.2133874189979,34.87222787000113],[32.213389812997875,34.872200215001136],[32.2128487959979,34.87200045000109],[32.21284566299788,34.870818946001094],[32.212800191997886,34.87068641500114],[32.21247006799788,34.870584164001095],[32.21227208599788,34.870559026001075],[32.212336344997865,34.869912142001084],[32.21284337999788,34.8699579900011],[32.212842677997884,34.86969332200109],[32.212819157997906,34.86954826700108],[32.21266489499788,34.86941949200113],[32.21266338599787,34.868850453001095],[32.212726809997875,34.867893204001085],[32.21272574999791,34.86749539000109],[32.21272508699787,34.86724657000112],[32.21239482199789,34.86709259800109],[32.21219650399792,34.86693813800112],[32.21219525999788,34.86647255900108],[32.212326781997895,34.86631688200107],[32.21286914099791,34.86628935700107],[32.21333000199793,34.86264161700109],[32.21387390999796,34.86116359900109],[32.21443595899796,34.86106886300109],[32.21514325599789,34.86134266600106],[32.215759125997884,34.86200250900106],[32.21616613599791,34.86217716000107],[32.21691336599789,34.8621543830011],[32.218642056997936,34.862101689001065],[32.218516801997936,34.858064252001085],[32.217926955997946,34.85700558000108],[32.217929054997946,34.85699202200105],[32.218250456997964,34.85491620600104],[32.219338294997954,34.854861525001034],[32.219949384997946,34.85546289400102],[32.21979523299797,34.85616937900105],[32.21963428099791,34.85663870900104],[32.21953937699794,34.857024771001065],[32.219521021997934,34.857099437001054],[32.21954071099792,34.85731828300105],[32.21966807999796,34.85765179500104],[32.2198651719979,34.858178706001056],[32.22015123799788,34.858960692001055],[32.22021383199796,34.859165344001084],[32.22025502099797,34.85939533900107],[32.22059907799796,34.860447681001055],[32.22097233399794,34.860833604001066],[32.22276222799795,34.86099528000107],[32.22291895199789,34.862085663001096],[32.22517468099793,34.86251510500108],[32.22523051199793,34.86252720400108],[32.22530025999792,34.86252694300106],[32.22530127299794,34.86303426500109],[32.22519556099795,34.86361158500108],[32.22520646199794,34.86497162300106],[32.2253012169979,34.866491205001076],[32.225308222997924,34.866514327001106],[32.225310074997886,34.86744144500109],[32.22519382999785,34.86754496600106],[32.22521738599788,34.86775084600108],[32.22526255499785,34.86814561100108],[32.22551453299786,34.86897154600112],[32.2254871169979,34.870108232001115],[32.22553008299786,34.87048374300113],[32.22544695199785,34.87177354000111],[32.22538955399784,34.87415331100111],[32.225532975997844,34.87638494700115],[32.225532975997844,34.87638494700115]]]}