{"segmentId":"5000792","streetsFileVersion":96,"polygonPointList":[[[32.11013744899742,34.95707507200149],[32.108097000997375,34.960446030001506],[32.108404910997415,34.96069235700146],[32.108404930997416,34.960692373001464],[32.10846656799739,34.96074168300148],[32.10933432099742,34.9614358860015],[32.10994123299739,34.9614705660015],[32.11000056999741,34.9614739570015],[32.110190926997404,34.96219731300149],[32.110286782997385,34.96375965300152],[32.11028976099741,34.96380818800148],[32.11034999999737,34.96479000000151],[32.11025999999739,34.96559000000154],[32.110254843997375,34.965760134001506],[32.11022999999739,34.96658000000155],[32.110194785997415,34.966777201001534],[32.11017999999738,34.96686000000152],[32.11016999999738,34.96693000000151],[32.110181060997405,34.966935028001544],[32.11027999999737,34.96698000000149],[32.11026999999739,34.96723000000149],[32.110199999997405,34.96733000000153],[32.11019087299739,34.96750342100153],[32.11018999999737,34.96752000000151],[32.11020792099735,34.96752995600155],[32.11034957699742,34.96760865400152],[32.11036999999738,34.96762000000154],[32.11035999999738,34.96778000000153],[32.110356751997344,34.967780722001514],[32.11026999999739,34.96780000000153],[32.11022125099735,34.96788124700151],[32.11020999999737,34.967899999001524],[32.11021999999735,34.967930000001495],[32.11022157999737,34.967935268001554],[32.110249999997414,34.96803000000152],[32.11036878999737,34.96806959700154],[32.11048999999736,34.96811000000149],[32.110689999997334,34.96836000000154],[32.110431828997356,34.968626499001516],[32.11037999999738,34.968680000001534],[32.11033999999738,34.9687400000015],[32.11031018299734,34.968942755001535],[32.11025949899737,34.969287404001534],[32.11025454699738,34.969321078001535],[32.11023999999733,34.96942000000155],[32.10991999999735,34.96958000000155],[32.109879999997354,34.96960000000155],[32.109729999997384,34.969680000001524],[32.109649999997345,34.96976000100154],[32.10958999999733,34.96981000000152],[32.10948999999736,34.96996000000156],[32.109411018997356,34.96992283300153],[32.10931999999733,34.96988000000153],[32.10919999999736,34.969910000001505],[32.10906999999735,34.97008000000154],[32.10882999999737,34.970310000001525],[32.10880999999738,34.97035000000154],[32.10880999999737,34.97045000000151],[32.10880391799735,34.97050169700151],[32.10878999999737,34.97062000000154],[32.10879999999735,34.970820000001545],[32.10879999999735,34.97100646900151],[32.10852259899735,34.97096430300156],[32.10852192699732,34.97096420100156],[32.108291717997304,34.97133470000155],[32.107848247997346,34.97204842100156],[32.10775634999733,34.97228272800153],[32.10774521799732,34.97231111200155],[32.10767763499737,34.972326829001545],[32.107319999997365,34.97241000000152],[32.10723999999733,34.972440000001555],[32.107237614997324,34.97243977300157],[32.107094444997294,34.97242613800156],[32.10702999999735,34.972420000001556],[32.10700902599739,34.97245196100154],[32.10695239199733,34.97253826000157],[32.1068199999973,34.972740000001544],[32.10681671699736,34.972799098001545],[32.10680277399736,34.97305006300157],[32.106779999997364,34.973460000001545],[32.10664999999734,34.97350000000156],[32.10639753599732,34.97361880600155],[32.106139999997346,34.97374000000158],[32.10487126699737,34.97358932500154],[32.10366350899735,34.97293054800157],[32.103562562997325,34.972875487001566],[32.10354705199735,34.97219302300154],[32.10352521699735,34.97123226300154],[32.10350307599737,34.97025807900156],[32.104514346997405,34.966867348001514],[32.10606041199737,34.96443781800153],[32.10617996999739,34.96424994000151],[32.1063053339974,34.96357000500152],[32.10677345999744,34.96103104300149],[32.10645776999744,34.96069873700147],[32.10632136299743,34.960555151001486],[32.10594064899744,34.9584850200015],[32.10601776299746,34.95649933500145],[32.10603582799746,34.956034175001484],[32.106297567997466,34.95470167700147],[32.10555290099749,34.95415031500145],[32.105726497997445,34.95317882200143],[32.10663026599745,34.95088927500145],[32.1067972549975,34.95046623600145],[32.10698189899749,34.95033563400143],[32.10728705299747,34.95011979300144],[32.10735578199752,34.95007118000145],[32.1077728339975,34.94977619300143],[32.110889927997505,34.94896717600143],[32.113348503997486,34.94903809700142],[32.113364566997525,34.94903856000146],[32.11304929199747,34.95024233900144],[32.11284108599748,34.95103730700143],[32.111865506997475,34.95403542800146],[32.11157997199747,34.95486823900146],[32.11077317999743,34.95603808700144],[32.110628186997424,34.95624832700144],[32.11020218499743,34.95696812400149],[32.11013744899742,34.95707507200149],[32.11013744899742,34.95707507200149]]]}