{"segmentId":"5000368","streetsFileVersion":96,"polygonPointList":[[[31.705379999998573,34.725730000000716],[31.70537519299861,34.72574562300073],[31.70538899999856,34.72604528400072],[31.705241737998605,34.72616565700067],[31.705239999998582,34.72617000000067],[31.705069999998585,34.726580000000716],[31.704919999998616,34.726430000000704],[31.704694836998584,34.7266129450007],[31.70464390299857,34.72665432900069],[31.704597980998592,34.726691866000714],[31.704383346998583,34.7265141950007],[31.704018652998585,34.72621230500069],[31.7033099999986,34.72563000000068],[31.702889999998565,34.72593000000071],[31.702439999998553,34.72624000000073],[31.70227999999856,34.726350001000725],[31.702104760998573,34.72660312100069],[31.702087380998602,34.72662892700069],[31.701799999998567,34.7270600000007],[31.701509999998564,34.72749000000069],[31.70125999999857,34.72786000000073],[31.701029999998575,34.72821000000071],[31.70076999999858,34.72860000000068],[31.70039999999858,34.72914000000068],[31.699919999998603,34.72962000000073],[31.699917823998593,34.72961782300072],[31.69960525799861,34.7299299170007],[31.699543280998583,34.73001872300071],[31.6991938089986,34.73052520500071],[31.69887999999855,34.73098000000071],[31.697909999998558,34.73237000000072],[31.697909766998574,34.73237085500072],[31.70023461099857,34.73506668000072],[31.70029748199855,34.7355660840007],[31.69950693299857,34.73635533100071],[31.698969856998556,34.7358322570007],[31.69887999999854,34.735950000000734],[31.69845999999858,34.73550000000073],[31.697889999998537,34.73489000000073],[31.696879999998618,34.73516000000073],[31.696871590998565,34.73515312000074],[31.696389259998565,34.73501465500071],[31.695570590998564,34.73426541300073],[31.695225670998568,34.73394974300071],[31.693343358998533,34.73660041500073],[31.695510440998586,34.738684010000725],[31.69585460299853,34.739014913000744],[31.695674369998567,34.73980104300074],[31.695492175998574,34.74002572600074],[31.694708679998563,34.74099194000076],[31.69469531599853,34.74100842100075],[31.694670794998515,34.740991233000734],[31.69120661699855,34.73856300200072],[31.690969999998543,34.738400000000745],[31.69087722899857,34.7382867890007],[31.690394071998554,34.73771097500071],[31.689351525998575,34.736468541000754],[31.68934999999855,34.73647000000073],[31.68875999999856,34.735770000000734],[31.688279999998606,34.73555000000072],[31.688667767998577,34.73508268900069],[31.688574625998577,34.7344115740007],[31.68808504899857,34.7340571430007],[31.687835301998568,34.733594267000726],[31.687739999998595,34.73342000000069],[31.68789091499854,34.733159329000706],[31.688070200998602,34.73284504000069],[31.688133195998564,34.73277565100072],[31.68823999999856,34.732650000000696],[31.688379999998556,34.732460000000714],[31.688381090998583,34.732458102000734],[31.68840585399858,34.7321800210007],[31.688615089998546,34.73204279400071],[31.689973919998575,34.733191045000744],[31.690647134998557,34.73368731100071],[31.690936159998554,34.73330845300073],[31.69118999999859,34.73297000000075],[31.691309999998566,34.73275999900072],[31.691853748998618,34.73181750100074],[31.69050665599857,34.73036393200071],[31.689697976998573,34.729491334000706],[31.689960111998573,34.7292014300007],[31.6897199999986,34.7289300000007],[31.69005999999861,34.728550000000695],[31.690719999998574,34.7278300000007],[31.690910482998575,34.728046757000726],[31.691064863998594,34.72783519400074],[31.69270612299859,34.72932257100073],[31.69343896299858,34.73010140800072],[31.693439999998592,34.730100000000704],[31.694169999998575,34.7297400000007],[31.694809999998622,34.72885000000073],[31.695589999998553,34.7277600000007],[31.695660208998575,34.72766521700069],[31.69598999999861,34.7272200000007],[31.695994573998583,34.727225047000694],[31.69639039799861,34.7266779620007],[31.696425899998605,34.72662460000069],[31.695689999998578,34.72584000000071],[31.695684997998605,34.72583314500067],[31.695426958998564,34.72547953600073],[31.69541999999861,34.725470000000676],[31.69569591699857,34.725026133000675],[31.695832199998577,34.72480689600072],[31.69644622499859,34.72373618000071],[31.696589122998574,34.72348697200068],[31.6966499999986,34.72335000000067],[31.696739999998574,34.72320000000072],[31.696775217998585,34.72316243400072],[31.69849081899858,34.720170564000696],[31.698609334998636,34.71996386900067],[31.699241790998634,34.71886085500069],[31.699762710998634,34.71795233300065],[31.699774728998626,34.71793137300069],[31.699902233998632,34.71804043000066],[31.700625904998592,34.71865937100068],[31.701227688998628,34.7185717240007],[31.70139879699859,34.718691637000695],[31.703046294998593,34.71984631900067],[31.70315630799862,34.72004778900067],[31.704403786998604,34.72233234000067],[31.704304136998623,34.72295428800068],[31.704738261998596,34.72340429600071],[31.704872350998603,34.723543291000695],[31.705119999998615,34.723800000000686],[31.70540999999858,34.72414000000068],[31.70549999999857,34.72419000000072],[31.705569999998627,34.72488000000068],[31.70549999999857,34.725390000000715],[31.70540999999858,34.7256200000007],[31.705379999998573,34.725730000000716],[31.705379999998573,34.725730000000716]]]}