{"segmentId":"5000503","streetsFileVersion":96,"polygonPointList":[[[31.821472399998466,34.7620960780008],[31.819572652998477,34.76164373100079],[31.81941033499841,34.761560168000806],[31.81920999999846,34.76146000000079],[31.819019999998407,34.76136000000076],[31.819020124998428,34.76135928300078],[31.818898653998463,34.761296748000795],[31.81918910999842,34.758843983000794],[31.818638192998442,34.758524682000754],[31.818139999998436,34.75824000000078],[31.817669999998493,34.75772000000079],[31.817671230998503,34.7577139090008],[31.81633928899842,34.756231279000794],[31.815588677998452,34.75535944000078],[31.81558151699845,34.75535491000077],[31.81548999999847,34.75530000000076],[31.815349999998425,34.75581000000077],[31.814989999998517,34.75564000000075],[31.815139999998472,34.75508000000079],[31.81393999999847,34.75432000000078],[31.813350366998463,34.753777918000736],[31.81263164899843,34.753117161000745],[31.81257699799847,34.75306706300078],[31.8125154579985,34.75301065000079],[31.812077212998478,34.75261084800079],[31.81184999999848,34.75268000000077],[31.811904682998513,34.752453453000754],[31.811465501998466,34.75205279700074],[31.811759215998467,34.75056315700075],[31.81227653999849,34.74889731500078],[31.8126426149985,34.748291773000766],[31.813019673998465,34.747668062000756],[31.814291097998513,34.74783689600073],[31.81429151699853,34.74784000000076],[31.814519999998538,34.747840001000746],[31.81435999999851,34.74834000000074],[31.814449999998505,34.748970000000746],[31.81459999999849,34.74910000000075],[31.81477999999849,34.748580000000764],[31.814839999998497,34.74853000000077],[31.815549999998478,34.74844000000078],[31.815769999998494,34.74830000000073],[31.815939999998506,34.74788000000077],[31.816039999998495,34.74758000000072],[31.81614427599847,34.74754350300073],[31.816159501998506,34.74748607500073],[31.81622107399849,34.74751662400077],[31.816239999998487,34.74750999900075],[31.81660068099852,34.74770496300074],[31.817422871998506,34.74811288800074],[31.818251197998457,34.74863003800074],[31.8195665119985,34.748660204000736],[31.819567329998463,34.748658243000776],[31.8197713729985,34.74854559500075],[31.819839999998507,34.74859000000074],[31.819879999998513,34.748660000000726],[31.819989999998505,34.74877000000073],[31.8200399999985,34.74881000000075],[31.82045999999845,34.749120000000765],[31.82059999999851,34.74922000000073],[31.82081999999845,34.74940000000074],[31.821309999998455,34.749800000000754],[31.821369999998502,34.74985000000074],[31.821339999998496,34.74990000000072],[31.821329999998493,34.74998000100074],[31.821359999998446,34.750040000000766],[31.821399999998455,34.750070000000754],[31.821449999998464,34.75008000000073],[31.82152999999847,34.75002000000076],[31.821637942998475,34.75010095800077],[31.821729999998503,34.75017000000072],[31.821879999998522,34.75028000000074],[31.822169999998447,34.75051000000078],[31.82312999999849,34.75114000000078],[31.823619999998492,34.75140000000076],[31.824009999998445,34.75154000000074],[31.824509999998472,34.75167000000075],[31.824589999998473,34.75168000000078],[31.824799999998465,34.75169000000076],[31.824939999998456,34.75168000000078],[31.825279999998518,34.75164000000078],[31.82549309299846,34.751602941000755],[31.825509999998495,34.751600001000746],[31.825522466998446,34.75159465700076],[31.82552347399851,34.75159630200077],[31.825544792998482,34.75168674600078],[31.82557676599847,34.75182073400074],[31.825693948998456,34.751769879000754],[31.825741292998504,34.75176106000074],[31.825788602998475,34.751751355000785],[31.82566925599845,34.75401085300078],[31.825615911998437,34.7550207720008],[31.82536497899844,34.75495235800073],[31.823648528998433,34.76178821300078],[31.823572718998413,34.76187773700081],[31.823467527998424,34.761933095000806],[31.823321261998416,34.76196807900078],[31.823169128998483,34.76199623900078],[31.822957371998484,34.76205763700079],[31.82290999999842,34.762440000000765],[31.82176479699845,34.76216570000075],[31.821472399998466,34.7620960780008],[31.821472399998466,34.7620960780008]]]}