{"segmentId":"5000526","streetsFileVersion":96,"polygonPointList":[[[31.818909999996432,35.11372000000243],[31.81885999999639,35.11396000000245],[31.81885999999639,35.11411000000241],[31.818899999996418,35.11426000000243],[31.819089999996404,35.11462000000244],[31.819239999996388,35.11498000000243],[31.81926999999642,35.115120000002435],[31.819289999996386,35.115320000002434],[31.81928999999636,35.11555000000243],[31.819269999996397,35.11577000000244],[31.819219999996363,35.115970000002456],[31.81912999999635,35.116190000002454],[31.81901999999635,35.11636000000244],[31.81854999999641,35.11693000000242],[31.8183699999964,35.11712000000245],[31.8181899999964,35.117260000002446],[31.817839999996362,35.11749000000244],[31.817729999996374,35.11760000000243],[31.81760999999637,35.117790000002465],[31.817599999996332,35.11792000000243],[31.817669999996387,35.11865000000246],[31.817719999996385,35.11882000000243],[31.817769999996365,35.118850000002475],[31.817829999996373,35.11884000000245],[31.81784999999639,35.11899000000247],[31.817829999996373,35.119060000002456],[31.817789999996343,35.119120000002475],[31.817739999996363,35.119180000002444],[31.817679999996383,35.119330000002456],[31.817539999996388,35.119360000002445],[31.817419999996343,35.11934000000249],[31.81738999999634,35.11934000000249],[31.817269999996384,35.119380000002444],[31.817139999996343,35.11925000000249],[31.81690999999635,35.11911000000244],[31.81679999999636,35.119060000002456],[31.816629999996348,35.11900000000244],[31.816469999996354,35.118980000002495],[31.816229999996395,35.11896000000248],[31.816119999996356,35.11896000000248],[31.816029101996357,35.11896227200245],[31.81571999999636,35.118970000002456],[31.815399999996387,35.118980000002495],[31.815259999996314,35.11896000000248],[31.815079999996343,35.11890000000247],[31.814909999996352,35.11880000000249],[31.814739999996355,35.11866000000245],[31.814569999996397,35.11847000000247],[31.814439999996353,35.11824000000248],[31.81435999999641,35.11797000000246],[31.8143199999964,35.11783000000243],[31.814289999996348,35.117670000002434],[31.814259999996356,35.117520000002465],[31.81424999999639,35.11733000000244],[31.81423999999635,35.11709000000246],[31.81425999999639,35.11681000000244],[31.814299999996386,35.116540000002445],[31.814369999996398,35.11628000100245],[31.814469999996355,35.11605000000241],[31.814559999996344,35.11589000000242],[31.81463999999638,35.11578000000242],[31.814749999996383,35.115660000002435],[31.814869999996375,35.11556000000246],[31.81498999999643,35.11550000000244],[31.815189999996367,35.11540000000246],[31.81561999999636,35.11519000000242],[31.816096401996376,35.11492033900242],[31.816149999996373,35.11489000000244],[31.816329999996398,35.114750000002445],[31.816459999996415,35.114600000002426],[31.81655999999639,35.114480000002445],[31.816649999996365,35.114330000002425],[31.81669999999636,35.11413000000241],[31.816709999996398,35.113940000002444],[31.8166999999964,35.113740000002444],[31.816659999996403,35.11354000000242],[31.81663999999644,35.113460000002405],[31.81654999999644,35.11320000000243],[31.816480846996384,35.112990072002425],[31.816269999996404,35.1123500010024],[31.816145134996432,35.11198854800242],[31.81607999999643,35.111800000002425],[31.815969999996423,35.1114900010024],[31.81581999999639,35.11120000000241],[31.81571999999643,35.11099000000242],[31.815589999996398,35.11072000000241],[31.815509999996465,35.110440000002384],[31.815449999996442,35.11019000000238],[31.815399999996473,35.10995000000237],[31.81536999999642,35.10973000000241],[31.81536999999642,35.10957000000242],[31.815469999996456,35.109030000002406],[31.815489999996462,35.10880000000237],[31.815489999996462,35.108640000002374],[31.815469999996456,35.10850000000239],[31.815439999996414,35.108330000002354],[31.81537999999646,35.108180000002385],[31.81556999999642,35.1079500000024],[31.815689999996465,35.10787000000238],[31.81574999999646,35.1079500000024],[31.815859999996448,35.1079500000024],[31.815919999996456,35.1080200000024],[31.816029999996484,35.1080200000024],[31.815919999996456,35.10751000000238],[31.81587999999646,35.10736000000235],[31.815819999996457,35.107230000002396],[31.815629999996467,35.10693000000236],[31.815479999996484,35.10660000000239],[31.815589999996448,35.10615000000239],[31.815939999996484,35.10598000000236],[31.816109999996446,35.105960000002355],[31.8161399999965,35.10591000000237],[31.816129999996445,35.10534000000238],[31.81625639999648,35.10527258700237],[31.81627999999648,35.10526000000236],[31.816429999996462,35.105210000002366],[31.816559999996482,35.10519000000236],[31.816639999996475,35.10510000000236],[31.81691999999648,35.104940000002365],[31.817009999996475,35.104930000002334],[31.816969999996473,35.10480000000238],[31.817349999996477,35.104610000002346],[31.817549999996462,35.10456000000236],[31.81758999999648,35.10452000000234],[31.817649999996515,35.10418000000235],[31.817689999996457,35.10352000000236],[31.81779999999647,35.10310999900232],[31.81784999999653,35.102920000002335],[31.8180099999965,35.10249000000234],[31.818020826996506,35.10246216000236],[31.818079999996524,35.10231000000235],[31.818239999996518,35.10219999900234],[31.8184899999965,35.10213000000233],[31.81865999999654,35.10220000000233],[31.819021840996495,35.10248485400236],[31.819129999996477,35.10257000000236],[31.818989999996482,35.102660000002366],[31.81897631899651,35.10276944700236],[31.819083844996516,35.10281400000232],[31.8191372659965,35.10293939000237],[31.81911966699651,35.10312653700233],[31.819057834996485,35.10350083800236],[31.818765947996503,35.10481099800236],[31.818403569996427,35.10681773900238],[31.81831575999648,35.10806529700238],[31.818280824996442,35.108824215002365],[31.818458583996446,35.10913589900241],[31.818867038996455,35.1093225990024],[31.819381887996467,35.109353267002426],[31.819905698996454,35.1094878660024],[31.81992990299646,35.109501503002384],[31.81998999999644,35.10950000000237],[31.820349999996477,35.10966000000242],[31.820579999996447,35.109850001002386],[31.820639999996406,35.109850000002396],[31.820719999996427,35.109960000002395],[31.820719999996427,35.110030001002386],[31.82072999999643,35.11018000000243],[31.8207899999964,35.11023000000241],[31.82091999999643,35.11027000000241],[31.821149999996425,35.11040000000237],[31.82122999999646,35.11043000000241],[31.82138999999643,35.110710000002385],[31.821449999996386,35.11089000000239],[31.821509999996422,35.11121000000239],[31.821499999996448,35.11133000000242],[31.821319999996433,35.11172000000241],[31.821199999996402,35.111880000002394],[31.821039999996394,35.11202000000239],[31.820799999996435,35.112100000002414],[31.820599999996425,35.11230000000242],[31.820169999996455,35.11250000000243],[31.820006003996408,35.112557398002394],[31.81995142699639,35.112589425002426],[31.81939720899639,35.11297962800243],[31.819343659996434,35.11305530000241],[31.819022237996435,35.11350951700244],[31.81891075299644,35.11371774200243],[31.818909999996432,35.11372000000243],[31.818909999996432,35.11372000000243]]]}