{"segmentId":"5000849","streetsFileVersion":96,"polygonPointList":[[[32.20834499999791,34.86701700000107],[32.20782309799793,34.8669620100011],[32.207822999997916,34.866962000001095],[32.20781859399791,34.86696188400107],[32.2072775999979,34.8669476000011],[32.20742023399789,34.86738692900112],[32.20774199999792,34.8683780000011],[32.20779934199788,34.8685678800011],[32.20784219999792,34.86870980000108],[32.207793089997885,34.868989813001086],[32.20774259999791,34.8692777000011],[32.207484199997914,34.86993140000109],[32.20751629999789,34.87062800000112],[32.207540003997906,34.871188999001085],[32.207327999997915,34.87153000000112],[32.207056999997896,34.87163600000108],[32.205103999997874,34.87182000000113],[32.20507299999787,34.87182300000112],[32.19872287899787,34.87241735100108],[32.19793599999784,34.87249100000109],[32.198337999997854,34.8759810000011],[32.19866799999786,34.87610600000112],[32.198668238997826,34.87610609000114],[32.19903299999785,34.87624400000112],[32.19914099999789,34.876614000001155],[32.19927699999785,34.877828000001166],[32.19927700899789,34.877828083001134],[32.19958699999787,34.88058400000114],[32.20228399999787,34.88035100000117],[32.202495212997874,34.88033267200115],[32.20349399999782,34.880246000001144],[32.20482497799784,34.88014386000112],[32.206021999997866,34.88005200000112],[32.206303999997836,34.88372700000118],[32.20629999399782,34.88386300000118],[32.2062999879978,34.88386321100116],[32.20629799999784,34.883931000001176],[32.20629792799779,34.883931002001155],[32.20532099999778,34.88396500000115],[32.20386599999784,34.88401700000113],[32.20373799999782,34.884021000001184],[32.19982899999784,34.884258000001154],[32.19854025899778,34.884706910001135],[32.19853999999782,34.88470700000116],[32.198040999997794,34.884880000001175],[32.19747699999782,34.88492000000119],[32.19635199999781,34.88542700000116],[32.19507599999781,34.886106000001156],[32.194843999997815,34.886098000001176],[32.193149999997836,34.88604100000115],[32.191859999997845,34.88599700000114],[32.19148799999781,34.88579800000119],[32.1913389999978,34.88724800000117],[32.18977899999781,34.887794000001165],[32.1896060669978,34.888235829001175],[32.18960599999775,34.888236000001186],[32.18946599999779,34.888592000001196],[32.18946299999777,34.8885940000012],[32.18946292899783,34.888594035001155],[32.18851399999781,34.8890630000012],[32.18474799999782,34.8898070000012],[32.18350299999776,34.88952300000118],[32.18350279899778,34.88952297900117],[32.18296499999778,34.88946600000115],[32.18043999999778,34.88883600000115],[32.18043988499779,34.88883597100117],[32.17958499999779,34.88862300000117],[32.17909545199783,34.888660699001186],[32.1786759999978,34.88869300000117],[32.17793289999778,34.888901900001194],[32.175370999997774,34.89144900000121],[32.17534299999777,34.89141700000119],[32.175342904997756,34.89141709700118],[32.17530899999776,34.8914520000012],[32.175308605997785,34.89145153100116],[32.17520999999779,34.891334000001166],[32.17507699599778,34.891176004001174],[32.1749619999978,34.8910290000012],[32.17478499999778,34.89082100000121],[32.174689264997774,34.89071614700117],[32.1745959999978,34.89061400000116],[32.174431000997814,34.89044900000117],[32.1744305979978,34.8904485940012],[32.174281999997795,34.890296000001165],[32.17389514099782,34.88994688400117],[32.1738719999978,34.88992600000119],[32.17318906299779,34.88921706500115],[32.17318899999777,34.88921700000116],[32.173078999997784,34.88894000000117],[32.17305464099783,34.8888777110012],[32.1730089999978,34.88876100000116],[32.172768999997814,34.888158000001155],[32.1727639999978,34.88803400000119],[32.1727580009978,34.887888008001184],[32.17268499999783,34.88612600000116],[32.17418799999784,34.88533100000118],[32.17448799999782,34.88331400000114],[32.174496999997814,34.882506000001136],[32.17460199999785,34.881994000001164],[32.1727199999978,34.881466500001146],[32.172691299997844,34.88090620000112],[32.17371999999785,34.88122700000112],[32.173994999997845,34.87983300000116],[32.17423399999786,34.878713000001156],[32.17434799999785,34.87764700000111],[32.17341299999784,34.877297003001104],[32.17341297499787,34.87729699700111],[32.17308999999786,34.87717600000115],[32.17252829999787,34.87704650000115],[32.17251499999783,34.87587700000113],[32.172515026997836,34.87587493800112],[32.17253645299792,34.87425802500114],[32.172544099997864,34.873680900001126],[32.172177999997885,34.869152900001126],[32.172402165997894,34.86667182100111],[32.1724719999979,34.865898900001085],[32.17281639999792,34.86478590000111],[32.1733423999979,34.863715900001075],[32.17479389999795,34.86166150000105],[32.17641789999794,34.859714500001076],[32.177569699997946,34.85787460000107],[32.17779017699799,34.85726402300103],[32.17810822799795,34.85638322900109],[32.17817995499797,34.85618459200104],[32.178849999997965,34.854329000001066],[32.17967593499795,34.85257913700107],[32.17967599999797,34.852579000001036],[32.18062089299796,34.850578879001056],[32.18101777599799,34.849738771001014],[32.181148999998,34.84946100000106],[32.18160999999797,34.84848500000102],[32.18370596999804,34.845690943001046],[32.18406599999798,34.84521100000103],[32.18695899999803,34.841975000001014],[32.19019796799806,34.83872294400099],[32.19166099999808,34.83725400000097],[32.19179699999803,34.844025000001],[32.19632799999802,34.844252000001],[32.19623300799798,34.84594385100104],[32.19623299999802,34.845944000001],[32.19620099999798,34.84651300000104],[32.196185099998,34.847178300001026],[32.199094451997986,34.84716566400102],[32.202493799998045,34.847150900001004],[32.20392723899795,34.856707424001044],[32.2048239999979,34.86268600000108],[32.20788814799792,34.86254663200107],[32.207967691997936,34.86254301400106],[32.20796799999791,34.8625430000011],[32.208212999997926,34.86257600000107],[32.208212999997926,34.8626090000011],[32.20821199999795,34.862632000001106],[32.20860599999791,34.86513800000109],[32.20876699999791,34.86556000000111],[32.20884199999791,34.86576400000111],[32.208841866997915,34.86576433500109],[32.20834499999791,34.86701700000107],[32.20834499999791,34.86701700000107]]]}