{"segmentId":"5000896","streetsFileVersion":96,"polygonPointList":[[[32.250829999990884,35.48757000000669],[32.24989999999083,35.48838000000671],[32.24991999999084,35.4884300000067],[32.249889373990875,35.48860500500671],[32.24984999999082,35.48885605900671],[32.24984999999082,35.4888600000067],[32.24971937499082,35.489005140006725],[32.24972368899087,35.48902530700673],[32.24963287399081,35.48910174600673],[32.24957838599085,35.48916316300672],[32.249504584990866,35.48920972700672],[32.24875435399081,35.489841197006704],[32.24735749799077,35.492053841006744],[32.24728704699078,35.49200436300674],[32.24727999999078,35.49201000000676],[32.2469799999908,35.49184000000673],[32.24671598199079,35.49161822500673],[32.24659257299078,35.49151662600678],[32.246357651990785,35.49135163900677],[32.24633045499084,35.49131751500675],[32.24603884699085,35.49111038500676],[32.24566556399079,35.490798586006726],[32.24536963399082,35.49033170700673],[32.24522728899085,35.490046517006725],[32.245212839990856,35.489998518006715],[32.24516999999079,35.489870000006725],[32.246119999990896,35.48812000000668],[32.246276754990895,35.4877984510067],[32.24650642299086,35.48731827600668],[32.24606899499089,35.486731833006694],[32.245446284990905,35.48682147300669],[32.24491776599093,35.486294959006685],[32.24470999999092,35.48609000000665],[32.244710371990905,35.48608835100665],[32.244708714990914,35.48608670000665],[32.24521957499097,35.48379926600663],[32.245217788990935,35.48374546200662],[32.24521421299096,35.48365725500659],[32.24518999999095,35.483060000006645],[32.245179999990995,35.48270000000662],[32.245122519990964,35.482677311006576],[32.243006158991,35.48186976000659],[32.243263643991014,35.48070814800659],[32.24331999999101,35.480450000006584],[32.243649999991035,35.47905000000652],[32.24368654799104,35.47895862900651],[32.243713069991074,35.47885045400653],[32.24376604299107,35.47800806900652],[32.24378999999107,35.47757000000654],[32.24379359099107,35.47757000000654],[32.24379366199108,35.47756886500654],[32.24417279599107,35.47757000000654],[32.244959999991096,35.47757000000654],[32.24724999999108,35.47863000000655],[32.24828999999106,35.47909000000653],[32.24854999999109,35.47920000000654],[32.24868999999104,35.47927000000653],[32.25100999999105,35.480080000006545],[32.25107906499103,35.480106310006555],[32.25121916899101,35.48015496100654],[32.251387745991,35.47998877600653],[32.25195997899102,35.479424664006565],[32.25402031099101,35.480209219006575],[32.254018718991006,35.48021457300657],[32.25394999999098,35.48046000000656],[32.253591265991005,35.481652412006596],[32.252932749990954,35.48386747900659],[32.25285470599095,35.48412999900663],[32.25268999999092,35.48469000000664],[32.25268514699098,35.48470132400665],[32.25240561099089,35.485751591006654],[32.25233999999091,35.486020000006654],[32.25233499299088,35.48601691800668],[32.252334522990914,35.486018683006655],[32.25221055399091,35.485943985006664],[32.252022257990895,35.486475542006666],[32.25202125099087,35.48647644500666],[32.252019999990914,35.486480000006644],[32.25188832899088,35.48659571100668],[32.251246471990875,35.48717162500665],[32.25095178599085,35.48743603500666],[32.250829999990884,35.48757000000669],[32.250829999990884,35.48757000000669]]]}