{"segmentId":"5000186","streetsFileVersion":96,"polygonPointList":[[[31.35264599999696,35.070701000002174],[31.352165999997,35.06953000000217],[31.352049999996986,35.06892700000215],[31.352477599996956,35.06778350000219],[31.347953104997025,35.06107451900211],[31.34794789999705,35.061066800002116],[31.347306499997032,35.0615817000021],[31.346921599996996,35.061442300002135],[31.34679339999699,35.0611633000021],[31.34675959999703,35.06086840000213],[31.346958299996995,35.06054640000214],[31.347324799997022,35.060417700002134],[31.347323942997033,35.06038670400212],[31.34731559999705,35.0600851000021],[31.346994899996997,35.06000460000213],[31.346985799997015,35.05966130000213],[31.347691299997045,35.05965060000211],[31.347978563997053,35.0594889730021],[31.348044099997015,35.0594521000021],[31.348405999997066,35.05959690000208],[31.348546399997012,35.0599645000021],[31.348433299997026,35.06020200000213],[31.348634014997042,35.0604152740021],[31.348706599997058,35.060492400002104],[31.348834099997024,35.06102380000211],[31.348613799997054,35.06116080000211],[31.348411999997023,35.06118640000213],[31.348033999997018,35.06108650000212],[31.352498199996997,35.067713800002146],[31.35395499999696,35.06749000000218],[31.354069999996966,35.067500000002156],[31.354269999996973,35.067570000002156],[31.35439999999698,35.06765000000219],[31.354459999996994,35.067680000002156],[31.35449999999695,35.06769000000214],[31.354889999996992,35.066900000002136],[31.355019999996983,35.066720000002135],[31.355159999996992,35.06662000000215],[31.355399999996987,35.066570000002166],[31.355569999996984,35.066470000002134],[31.355889999996986,35.06617000000216],[31.35605999999701,35.06610000000216],[31.356219999996984,35.06610000000216],[31.356319999996984,35.06609000000213],[31.356529999997026,35.06601000000216],[31.35672999999698,35.06597000000215],[31.356735999996985,35.065969000002156],[31.356896977997017,35.06580302700217],[31.356896999996987,35.06580300000217],[31.356920999996984,35.065778000002176],[31.357124999996987,35.06595400000214],[31.358799999996968,35.06635000000216],[31.359069999996958,35.06725000000217],[31.359089999996943,35.068220000002164],[31.35906399999693,35.07115400000217],[31.359063997996948,35.07115417900221],[31.359059999996955,35.07162000000219],[31.358759999996963,35.07291000000218],[31.358099999996913,35.0737800000022],[31.35745999999695,35.07408000000219],[31.356766133996928,35.07391202900219],[31.35676599999694,35.07391200000221],[31.35650999999696,35.0738500000022],[31.356169999996936,35.07343000000218],[31.35607999999694,35.07309000000218],[31.355663999996935,35.0723140000022],[31.355483999996924,35.07210400000216],[31.354466999996948,35.0714800000022],[31.353336999996955,35.07146000000219],[31.352935999996962,35.071020000002164],[31.352935819996915,35.071019802002155],[31.35264599999696,35.070701000002174],[31.35264599999696,35.070701000002174]]]}