{"segmentId":"5000866","streetsFileVersion":96,"polygonPointList":[[[32.222055810998086,34.83006946200094],[32.22030677099805,34.829462686000966],[32.21953432699809,34.82914553300094],[32.21842126199809,34.828749719000946],[32.2174040829981,34.82854974200097],[32.216559477998125,34.828383694000934],[32.21580979999808,34.82809316700098],[32.214515774998056,34.82788496200095],[32.21428798299812,34.82759229400097],[32.21434220599805,34.82649739900096],[32.21300039099809,34.825983530000926],[32.21256998399806,34.82573207300094],[32.212608026998076,34.82505627700094],[32.212643131998085,34.82443267400093],[32.21266816199812,34.82398805100096],[32.21304925699812,34.822109877000955],[32.212853641998095,34.82137143600094],[32.21236847999813,34.82080481900093],[32.212411632998105,34.81909865400095],[32.212795787998125,34.81824404600095],[32.21323071199811,34.81818533500095],[32.2146717549981,34.81841516100095],[32.214840235998096,34.818392862000934],[32.21517275099813,34.81849678900093],[32.21517675599813,34.81849622300094],[32.21517721499812,34.81849591100095],[32.21517940499813,34.81849626200093],[32.21571398299812,34.81888490100093],[32.21578587899814,34.819340785000946],[32.215814146998135,34.81937380200091],[32.21585104299811,34.819596139000936],[32.21603539799808,34.82011137200092],[32.21662642199809,34.820455887000925],[32.217518127998105,34.82064991700091],[32.21782985799816,34.82071774800094],[32.21844284099811,34.82082194100096],[32.21880509399812,34.820553498000926],[32.21898556099812,34.820205741000926],[32.21975795299811,34.820496106000945],[32.22005488799808,34.82113548500096],[32.219852688998095,34.821803663000914],[32.22008016299809,34.82198955800093],[32.22112897799807,34.82219505700093],[32.22121592799809,34.82238521500094],[32.221353774998114,34.82294519700093],[32.22126859599813,34.823877021000946],[32.221277544998124,34.82390307200095],[32.221251448998125,34.82406460000094],[32.221145203998084,34.825226880000955],[32.221134084998106,34.82534851600098],[32.22108083499811,34.82655248300096],[32.22189921599809,34.82664782000096],[32.22295249399805,34.82624212200096],[32.223294080998095,34.826386652000956],[32.22300814699804,34.82819150100096],[32.22280659599807,34.82946371300096],[32.22276896099805,34.82997581700096],[32.222055810998086,34.83006946200094],[32.222055810998086,34.83006946200094]]]}