{"segmentId":"5000058","streetsFileVersion":96,"polygonPointList":[[[30.88757895199844,34.83342462200106],[30.8848425709984,34.83143182300106],[30.88492481099845,34.83076876200104],[30.885318463998473,34.827594943001046],[30.88686511299845,34.82625649600102],[30.888679451998453,34.82488830600103],[30.890166614998407,34.826464699001015],[30.890910196998405,34.82821955100106],[30.890285588998402,34.82914159200103],[30.889210282998434,34.830850297001035],[30.888114329998427,34.83259181100105],[30.88757895199844,34.83342462200106],[30.88757895199844,34.83342462200106]]]}