{"segmentId":"5000326","streetsFileVersion":96,"polygonPointList":[[[31.655089999996413,35.118940000002496],[31.654809999996427,35.11906000000248],[31.653959999996438,35.11900000000246],[31.65367909199646,35.11900000000246],[31.653399999996413,35.11900000000246],[31.6533387459964,35.1190110260025],[31.65328619199642,35.119064878002504],[31.652835319996452,35.11910164200246],[31.65239999999644,35.11918000000246],[31.651939999996415,35.119030000002496],[31.651259999996448,35.11881000000248],[31.650602512996414,35.118602846002474],[31.650529347996468,35.11857997100246],[31.65052608099647,35.11857982600246],[31.649875772996456,35.118580423002456],[31.649779999996465,35.11859000000247],[31.649609999996425,35.11859000000247],[31.64936999999639,35.118580000002495],[31.649169769996472,35.11855269600248],[31.649145428996427,35.118551137002484],[31.64912691699645,35.11855115400247],[31.648749999996475,35.11857000000246],[31.64871306799646,35.118551534002485],[31.648684286996428,35.1185515600025],[31.648351122996463,35.11837218400249],[31.64758239599647,35.11813330700247],[31.647307025996458,35.11805783500248],[31.646709999996446,35.1179000000025],[31.645989999996427,35.1179900000025],[31.64552999999645,35.11802000000249],[31.64468459099646,35.11749070000249],[31.64437999999646,35.11730000000248],[31.64404999999646,35.11727000000249],[31.643995080996476,35.117528901002494],[31.643973910996458,35.117636535002454],[31.643969999996425,35.11766000000248],[31.643639999996456,35.1177200000025],[31.643199999996437,35.11763000000251],[31.64310999999644,35.11741000000248],[31.643171015996472,35.117254068002495],[31.643379767996432,35.11652006500244],[31.643442911996445,35.11619593500248],[31.643509999996454,35.11583000000248],[31.643539999996445,35.115680000002456],[31.64357999999646,35.11547000000248],[31.643719999996442,35.11537000000244],[31.643949999996497,35.11519000000246],[31.644229999996487,35.11497000000243],[31.64431999999649,35.114890000002454],[31.644732593996473,35.114593779002476],[31.645060425996498,35.11435841200245],[31.645094722996497,35.114332306002446],[31.645334239996487,35.11401178700243],[31.645629999996466,35.113610000002446],[31.64585999999647,35.11316000000244],[31.646399999996454,35.11298000000244],[31.6463699999965,35.11262000000244],[31.646568889996484,35.11214572400245],[31.646630188996507,35.111994921002456],[31.64711658799652,35.11148531500242],[31.647244764996486,35.11160497400242],[31.64775370099649,35.11156947200242],[31.648119999996524,35.11154000000242],[31.64900999999647,35.11211000000242],[31.64941000099647,35.112230002002434],[31.649653137996513,35.11218602900243],[31.650084528996462,35.11199876600243],[31.650239450996505,35.11193024300245],[31.65038999999651,35.111400760002404],[31.65038999999651,35.11140000000244],[31.650370127996542,35.11126941200244],[31.650237944996533,35.11043457100241],[31.650411422996495,35.110206020002444],[31.650580179996528,35.110162001002415],[31.650799999996515,35.11010000000241],[31.65100999999653,35.11009000000244],[31.65126050299654,35.11008304200241],[31.651366413996513,35.11007817100242],[31.652082859996508,35.110255088002404],[31.652460528996507,35.11032827800241],[31.652469999996516,35.110330000002406],[31.6524700559965,35.110330124002395],[31.652473631996532,35.1103308170024],[31.65253910999652,35.11048357700239],[31.652559999996527,35.110530000002406],[31.652573858996487,35.11056464700241],[31.65258235099648,35.11058446000241],[31.6526207379965,35.11077605000239],[31.652739999996488,35.111350000002446],[31.65270999999652,35.11140000000244],[31.65266999999651,35.11145000000243],[31.652524973996524,35.11146611400243],[31.652043947996475,35.11152907800242],[31.651922864996532,35.11160506800245],[31.65170993799652,35.111771299002434],[31.65152384999649,35.11220731800244],[31.651293423996524,35.11270563500244],[31.65115163799647,35.11304821500243],[31.651180251996507,35.11320643900245],[31.651319321996496,35.11318823800246],[31.65188298799649,35.113247584002465],[31.65232638199649,35.113765057002475],[31.65239999999649,35.11385000000246],[31.652429578996486,35.11388549500243],[31.65244707999648,35.11390592000242],[31.652448845996464,35.11390861600245],[31.65244999999646,35.11391000000243],[31.65246279899646,35.11392990900243],[31.652780481996466,35.11441474200247],[31.6534510169965,35.115097005002454],[31.653738951996427,35.11538845200245],[31.653779999996424,35.11543000000247],[31.654859999996447,35.11618000000246],[31.65485814399646,35.11618433200246],[31.65498525099642,35.116628957002455],[31.655063126996442,35.118126400002474],[31.655085641996457,35.11882233100248],[31.655089999996413,35.118940000002496],[31.655089999996413,35.118940000002496]]]}