{"segmentId":"5000766","streetsFileVersion":96,"polygonPointList":[[[32.06678281799121,35.4788198100066],[32.065812480991205,35.47947117400658],[32.06497380699122,35.480015052006614],[32.063732693991234,35.48019345600662],[32.06332739499118,35.48113928200665],[32.062924167991184,35.48113806800664],[32.0620171019912,35.47972243800663],[32.06134470199122,35.47867304200658],[32.0595572129913,35.47588336100655],[32.05955456199131,35.475882963006555],[32.05692578799136,35.47223296000647],[32.05668086499138,35.47070251100647],[32.056992114991445,35.47019350900647],[32.056342801991434,35.469208227006405],[32.056321584991444,35.46794837200644],[32.056315198991456,35.467569152006426],[32.061437294991535,35.46558049800638],[32.06224278999145,35.466056286006356],[32.0622827379915,35.46611465800637],[32.062892203991424,35.467005195006415],[32.06312294499143,35.46813108900641],[32.06316856699145,35.468353701006436],[32.063570588991425,35.46893764800644],[32.06431410099142,35.469376898006445],[32.06552335099137,35.469598939006424],[32.06645227299139,35.470366560006454],[32.06639796499143,35.47054735600645],[32.067654892991335,35.473721282006494],[32.06774732899131,35.474012979006524],[32.067340134991284,35.47586953600656],[32.0672746539913,35.47747210500658],[32.06705501199119,35.478637093006576],[32.06678281799121,35.4788198100066],[32.06678281799121,35.4788198100066]]]}