{"segmentId":"5000139","streetsFileVersion":96,"polygonPointList":[[[31.235722181998728,34.71892319900073],[31.235050031998732,34.716159913000716],[31.23520231699875,34.71204820400068],[31.23577701599872,34.71152034100067],[31.235821589998736,34.71147940000066],[31.23676751999875,34.7106105610007],[31.238663273998714,34.70895825400067],[31.240376756998735,34.70904899600067],[31.242064371998776,34.70918044200068],[31.243034883998767,34.71085847800067],[31.24353999099872,34.71166036300072],[31.243709208998702,34.71192900600069],[31.243890759998724,34.71407999500071],[31.243320887998692,34.717561127000714],[31.24186344099873,34.71970071900072],[31.2405389379987,34.719987993000736],[31.239574362998702,34.71985266700071],[31.237281574998704,34.7190228650007],[31.235735315998703,34.7189771940007],[31.235722181998728,34.71892319900073],[31.235722181998728,34.71892319900073]]]}