{"segmentId":"5000198","streetsFileVersion":96,"polygonPointList":[[[31.380532797997645,34.96153482200154],[31.380529588997657,34.96153806100156],[31.380529999997687,34.96154000000158],[31.380277807997675,34.961792192001575],[31.380031672997674,34.96204062400156],[31.380030670997638,34.96203932800157],[31.380029999997646,34.962040000001565],[31.37941999999765,34.961260000001545],[31.378661744997665,34.96005208200155],[31.378555940997668,34.95988513900155],[31.378399546997674,34.95959740900152],[31.378049999997653,34.95896000000154],[31.377672504997687,34.95877624600156],[31.377046982997694,34.95847646100152],[31.376683471997644,34.95829481200157],[31.37662460699767,34.958266158001564],[31.376159999997657,34.958040000001525],[31.375643059997696,34.958179176001536],[31.375519828997685,34.95840122400155],[31.375199999997694,34.95899000000152],[31.37492096499769,34.95930708500152],[31.374763560997696,34.95949136600156],[31.374140439997685,34.95957370200154],[31.37356052799769,34.959772466001546],[31.37330999999769,34.95986000000155],[31.372789999997707,34.95980000000153],[31.372702253997666,34.959707093001576],[31.372616941997638,34.95961800500154],[31.372615977997683,34.95911353600157],[31.372476316997695,34.958508545001514],[31.3722762159977,34.958096064001566],[31.37215999999771,34.957860000001524],[31.372109999997704,34.957540001001526],[31.3722799999977,34.956880000001554],[31.372281955997714,34.95687755500155],[31.372282730997657,34.95687455000155],[31.372559073997692,34.95653078900153],[31.37255852799768,34.956248282001525],[31.372454869997714,34.95595279500151],[31.371510200997683,34.955859752001516],[31.370410889997682,34.956487930001515],[31.370096800997704,34.95630233200154],[31.369989013997714,34.9557536010015],[31.369782711997722,34.954703334001515],[31.3693544089977,34.95393238800151],[31.369325854997737,34.95314716600153],[31.36951145299771,34.952761694001516],[31.369925479997715,34.9526760330015],[31.37071070199772,34.953061506001504],[31.37199561099772,34.9533327640015],[31.372738001997703,34.95360402300149],[31.373375414997714,34.95428012300152],[31.375303851997725,34.954822851001545],[31.375441653997708,34.9548370880015],[31.375585848997734,34.954916999001505],[31.375755811997735,34.9553691070015],[31.37602462999774,34.955878657001506],[31.376082670997704,34.9559886740015],[31.376104077997667,34.95615642600155],[31.37641763399771,34.95631787000156],[31.3765202399977,34.95628923600151],[31.376655454997696,34.95624945800154],[31.376834831997684,34.95619668700152],[31.37754234399771,34.955910112001504],[31.377577717997685,34.95589578400154],[31.37766576599769,34.95589285300156],[31.377699999997695,34.95589000000154],[31.378044621997706,34.95585061500151],[31.378046104997697,34.95585044200152],[31.378049999997653,34.95585000000153],[31.378286023997678,34.955925528001565],[31.378549999997723,34.95601000000153],[31.378899999997692,34.956340000001546],[31.378969999997675,34.95641000000154],[31.37910999999766,34.95845000000153],[31.378939999997662,34.95896000000154],[31.378711749997656,34.95905923900154],[31.378809147997693,34.95917717400154],[31.378819999997706,34.959190000001534],[31.3789199999977,34.959310000001565],[31.37910999999766,34.95954000000155],[31.379579999997645,34.95986000000155],[31.37971999999769,34.96007000000152],[31.380314733997647,34.96098621200158],[31.380462937997663,34.961212112001554],[31.380532797997645,34.96153482200154],[31.380532797997645,34.96153482200154]]]}