{"segmentId":"5000534","streetsFileVersion":96,"polygonPointList":[[[31.857933656998107,34.840523112000994],[31.857605844998087,34.840407171001004],[31.85757770199815,34.84039934800103],[31.857569206998114,34.84040197200102],[31.857558390998122,34.840405312000996],[31.857430165998103,34.84124277900101],[31.857173283998122,34.84215586900104],[31.857150924998088,34.84223534400105],[31.856900826998107,34.84355826600104],[31.856595253998126,34.84522292200105],[31.856515072998082,34.845648335001066],[31.856372923998077,34.84640252200106],[31.856355437998097,34.84648220000102],[31.856211529998085,34.84713792700106],[31.855918021998086,34.84847532600103],[31.855662028998058,34.849691940001065],[31.85563964599807,34.84979831400106],[31.855449011998093,34.85053375400103],[31.85513173699808,34.85175775500107],[31.85508109699808,34.852107146001046],[31.855037077998087,34.85242151600106],[31.85476840799806,34.85434027500104],[31.85474345599805,34.854338163001096],[31.854729401998032,34.854402930001065],[31.85457754799807,34.85435638500109],[31.85453878999806,34.85434450600109],[31.854432148998054,34.8543118200011],[31.854269965998068,34.85429809500108],[31.85427553099806,34.85426381500105],[31.85387185799806,34.85414008800108],[31.853470162998057,34.85390667400105],[31.853314790998073,34.85381638900105],[31.853310975998074,34.85380296800105],[31.85328571999804,34.85372302000109],[31.853224889998042,34.85361471000106],[31.85312026099807,34.8535210570011],[31.853100047998062,34.85351198900104],[31.853027514998086,34.85349704000105],[31.852838814998044,34.85345731300105],[31.852823768998057,34.85345244600107],[31.852797708998086,34.853439291001045],[31.852768356998073,34.85342112900104],[31.85272726299809,34.85340499200106],[31.852592431998076,34.85337633400109],[31.852527062998043,34.853360309001054],[31.852504718998052,34.85334884900106],[31.85249255099807,34.85334311800107],[31.85247001899809,34.85332329600106],[31.852452729998053,34.853309230001045],[31.852438187998082,34.853286544001094],[31.852400301998056,34.85321406700108],[31.85228577499807,34.85308430300107],[31.852263938998078,34.85304591500107],[31.85226376599808,34.853043750001056],[31.85226320899807,34.85303590900103],[31.85226668599808,34.85302743200105],[31.852311496998098,34.85295240600106],[31.852313142998106,34.852949501001085],[31.852316002998066,34.85293848700108],[31.852315902998058,34.852925885001056],[31.852303458998062,34.85290090600107],[31.852293795998058,34.85286918800107],[31.85228587699805,34.852786893001046],[31.85222123199806,34.852465797001045],[31.852207682998113,34.85233480600105],[31.8522017539981,34.85230796400104],[31.85219175399808,34.85224505600109],[31.85218853899806,34.852224727001094],[31.852188555998083,34.852200786001035],[31.852188591998072,34.85218375700106],[31.852188412998096,34.852179265001084],[31.852188285998103,34.85217697300106],[31.852179533998104,34.85215450300109],[31.85210195399804,34.851998307001054],[31.852035290998096,34.85198821800104],[31.851999676998055,34.85193325000107],[31.851992386998067,34.85191477000107],[31.851994375998103,34.85190302200105],[31.85200190099809,34.85186592800107],[31.852014963998048,34.851808600001036],[31.851504519998095,34.851637362001085],[31.851452648998094,34.85183537300104],[31.851425211998077,34.85193552300108],[31.84975471499809,34.851312277001036],[31.849651390998105,34.851210398001044],[31.849437676998054,34.85122670000105],[31.848799114998105,34.851407918001065],[31.848466612998056,34.85173721800105],[31.84725837099809,34.85178797600104],[31.844186483998065,34.85191702500104],[31.844204016998027,34.85720510600107],[31.83887997299811,34.854409240001075],[31.83936224099811,34.85025215200106],[31.838261942998127,34.85017582000107],[31.836880049998076,34.850079952001046],[31.836728714998088,34.84962349600106],[31.836723628998097,34.84960815500106],[31.836723614998082,34.849603026001084],[31.836722806998115,34.84931390800106],[31.836719974998093,34.84830000000105],[31.837119376998118,34.84691759400104],[31.829297950998125,34.84632087600104],[31.82895896999808,34.84629501400108],[31.829143771998112,34.84582194300103],[31.829307989998128,34.845628322001026],[31.82942204099812,34.845493850001006],[31.8299799069981,34.84531001700102],[31.831002274998124,34.844833691001064],[31.8324584189981,34.84417398900106],[31.83306777699813,34.84367480000102],[31.833572601998107,34.84326123600103],[31.835025963998124,34.843478746001054],[31.835465712998147,34.84354456800101],[31.83551601999814,34.84342968800106],[31.835928049998138,34.842488967001046],[31.837224247998122,34.84289764400104],[31.837977288998108,34.84313506300101],[31.83839272499812,34.841160508001],[31.838478293998126,34.840753799001],[31.839019899998114,34.840725236001],[31.839367691998138,34.83880049300103],[31.839808994998133,34.836358243001015],[31.84001590399815,34.83623883600102],[31.840067867998158,34.836209378000994],[31.840509964998134,34.83595940800102],[31.841680770998142,34.83514947300101],[31.841709012998173,34.83512844000103],[31.841751593998172,34.83509674700103],[31.84183747499815,34.835032578001],[31.842203289998142,34.83475978300098],[31.84230973099818,34.834680398001],[31.842566352998148,34.83448756800099],[31.843167174998182,34.83404081600097],[31.843325093998214,34.83357370700097],[31.843388876998162,34.833601936000974],[31.846459663998164,34.834961465000994],[31.84753990799814,34.83235031500098],[31.84770311299818,34.83195581700099],[31.849343014998134,34.83315443200101],[31.850536940998143,34.83348746900098],[31.851311589998197,34.83389300700097],[31.851288058998165,34.83417552300101],[31.85132305699817,34.834182768001014],[31.851360041998156,34.83419042500098],[31.851418583998143,34.83420774000102],[31.85167245299816,34.83427979800102],[31.851729872998188,34.834296198001006],[31.851926063998167,34.83436582700101],[31.85231101099816,34.83448614500099],[31.852315381998114,34.834487546001],[31.852330065998128,34.83449730000101],[31.85250186899813,34.834552410001024],[31.852537631998185,34.83456386300097],[31.852784284998148,34.83464411900103],[31.85299225399817,34.834708042001],[31.85307906699813,34.83473472600103],[31.85308324599815,34.834736019001],[31.853147887998112,34.834752076000974],[31.853191852998165,34.834770823000994],[31.853279654998154,34.83479874400102],[31.85368825799813,34.83492161300101],[31.853794622998123,34.83495360500101],[31.853962091998177,34.835003940000995],[31.85434793299815,34.83511780300101],[31.854507883998128,34.83516469200099],[31.854567175998138,34.835182721000976],[31.85482264699814,34.83526064300098],[31.854907574998144,34.83528094900099],[31.855113605998135,34.83534040400103],[31.855136249998143,34.83534738700103],[31.855457174998133,34.835456470001006],[31.855608867998132,34.835495792001026],[31.855648364998135,34.83550886700101],[31.855807515998105,34.83556306700102],[31.85587061699815,34.83558610000102],[31.85589300899813,34.83559828900103],[31.855901667998165,34.83560314700098],[31.85614042599813,34.83567822500099],[31.856161437998168,34.83568889600103],[31.856191261998145,34.835697272001006],[31.856345562998158,34.83574124600101],[31.85635800399819,34.83574541700101],[31.856507490998148,34.835794657001024],[31.856510183998164,34.83579554900102],[31.856610739998164,34.835828871001],[31.85665317199816,34.83584158700102],[31.856778853998154,34.83587928200102],[31.85679121399815,34.835883331001],[31.85692371299816,34.83592480700098],[31.857048308998134,34.835963804001025],[31.857099485998155,34.835979982000985],[31.857163216998146,34.83599988700102],[31.85727266399815,34.836034128001],[31.857389893998132,34.83607105500099],[31.857409785998165,34.83607709000101],[31.857493506998154,34.83610263000099],[31.857544582998138,34.83611829700099],[31.857596424998135,34.83613408200101],[31.85769962999815,34.836165005001014],[31.85782088199815,34.83618611800102],[31.857844234998158,34.83619018400098],[31.85786200299813,34.83620066000099],[31.85792178199816,34.836235568001015],[31.857914731998147,34.836316744000996],