{"segmentId":"5000491","streetsFileVersion":96,"polygonPointList":[[[31.800801163996848,35.064745615002096],[31.79902719999684,35.06556735700213],[31.79885893299682,35.066145055002096],[31.798705275996817,35.06667259300214],[31.798696200996783,35.06708096800209],[31.7987406889968,35.067126817002084],[31.798756990996818,35.06737095200209],[31.798636975996786,35.0676340660021],[31.79862001499678,35.06766493300212],[31.79854999999677,35.06797000000212],[31.7984199999968,35.06842000000213],[31.798339999996788,35.068650000002116],[31.798279999996755,35.06874000000211],[31.798149999996816,35.068800000002135],[31.798099999996754,35.06881000000211],[31.79802999999676,35.068790000002096],[31.798049999996774,35.068710000002135],[31.79806878599678,35.06865364200215],[31.797658365996817,35.068967899002104],[31.797073676996785,35.06925854800211],[31.796375956996794,35.06904881200213],[31.795925084996828,35.06823278200212],[31.795722423996818,35.0680750200021],[31.795516474996784,35.06821045200214],[31.7955089799968,35.068221521002116],[31.795358196996776,35.0684551500021],[31.795291983996773,35.0686745230021],[31.795298232996778,35.06887256000211],[31.795350474996788,35.069028416002105],[31.795402755996772,35.06918081400212],[31.795395369996783,35.06931803300213],[31.79528687799678,35.06955161200213],[31.795063568996756,35.0697499760021],[31.794931675996747,35.06985839800213],[31.794788683996753,35.06996129700216],[31.794553335996767,35.07004270900214],[31.79448105799677,35.0700582090021],[31.794239623996777,35.07015837200211],[31.794201595996753,35.070143128002115],[31.794147609996767,35.07024030400211],[31.793669999996798,35.07110000000214],[31.793529999996753,35.07077000000212],[31.793379999996795,35.07049000000213],[31.793239999996764,35.070270000002125],[31.793201910996768,35.07021921500214],[31.792729999996798,35.06959000000214],[31.7925899999968,35.06936000000214],[31.79248999999676,35.069190000002116],[31.792249999996752,35.06867000000212],[31.79206999999675,35.06820000000211],[31.79203999999679,35.06801000000213],[31.79203999999679,35.067800000002094],[31.792089999996787,35.06734000000212],[31.79211999999684,35.06711000000213],[31.792149999996802,35.066870000002105],[31.79225999999682,35.06696000000211],[31.79238999999684,35.06696000000211],[31.792459999996822,35.066930000002124],[31.792559999996787,35.066880001002126],[31.79267999999684,35.06681000000209],[31.792729999996798,35.06679000000208],[31.793548542996806,35.0663456480021],[31.79376284999682,35.0661547940021],[31.794649999996803,35.065733774002126],[31.794649999996803,35.0657000000021],[31.79472999999683,35.06562000000207],[31.794839999996846,35.065460000002076],[31.794939999996807,35.0652900000021],[31.79508999999684,35.06495000000211],[31.795219999996792,35.06479000000211],[31.79528999999684,35.06465000000207],[31.795309999996796,35.06451000100207],[31.79528999999684,35.064410000002106],[31.795219999996792,35.06429000000207],[31.795139999996806,35.064230000002105],[31.79563716599683,35.064180283002074],[31.79583000399682,35.063570001002105],[31.79583002399683,35.0635699690021],[31.796571727996827,35.06285753900208],[31.796728609996837,35.062304053002066],[31.797492185996852,35.06103833400206],[31.798256672996814,35.06058929100206],[31.798857564996855,35.06068884500209],[31.798947740996855,35.06067220500207],[31.79971797099685,35.060530079002056],[31.800492289996864,35.063543548002066],[31.800792791996827,35.0639553180021],[31.800672332996854,35.06424423300211],[31.800801163996848,35.064745615002096],[31.800801163996848,35.064745615002096]]]}