{"segmentId":"5000257","streetsFileVersion":96,"polygonPointList":[[[31.531826886997774,34.935527047001415],[31.531172534997772,34.9363896010014],[31.530295016997794,34.93676568100143],[31.529715115997746,34.9370142100014],[31.528644357997756,34.937281899001405],[31.52799000599774,34.93704395300143],[31.52742488399772,34.935913709001404],[31.52736539799775,34.9347537220014],[31.527484370997797,34.933831681001436],[31.527276167997805,34.93305835600142],[31.52730591099777,34.931571193001375],[31.527603343997786,34.929756854001404],[31.52781154699778,34.92850763700139],[31.528317181997775,34.92773431200137],[31.528912046997792,34.92785328500136],[31.52901682299781,34.927469107001365],[31.529090506997807,34.92719893300139],[31.529536655997806,34.926217405001374],[31.530042290997777,34.92511690500135],[31.5304730589978,34.92497331500137],[31.530577669997825,34.9249384450014],[31.531023818997788,34.92553331000138],[31.531410481997824,34.92651483800139],[31.531328703997783,34.92751660700136],[31.531291507997803,34.927972258001404],[31.530785872997832,34.9284481500014],[31.531261764997808,34.92948916400141],[31.531291507997803,34.92948916400141],[31.53164842799778,34.930351719001386],[31.531618683997795,34.93136299000138],[31.532629954997812,34.932552720001404],[31.53248123899774,34.93395065400142],[31.53233252299775,34.9348132080014],[31.531826886997774,34.935527047001415],[31.531826886997774,34.935527047001415]]]}