{"segmentId":"5000410","streetsFileVersion":96,"polygonPointList":[[[31.760506284998385,34.78872696600089],[31.760383901998345,34.78875463500085],[31.76050846499834,34.789124039000875],[31.76059521999834,34.789381321000874],[31.760653831998354,34.789491359000884],[31.761097253998354,34.79032384500086],[31.761427039998352,34.790942989000854],[31.76136275799838,34.79103842600088],[31.761039187998318,34.79151881800087],[31.76088214299836,34.79198995100088],[31.760635932998348,34.79228138400086],[31.760532362998322,34.79240397800086],[31.7601683049983,34.79198281300088],[31.757933071998373,34.79062542000085],[31.75756678899836,34.79040298600088],[31.755572653998346,34.79000712000085],[31.755667056998327,34.78952330700084],[31.75056633299837,34.788505921000834],[31.749653326998363,34.79059340900088],[31.74910788899838,34.79224757400087],[31.748881240998337,34.792878273000866],[31.748527876998363,34.79386158600087],[31.74816967499834,34.79477177900086],[31.747844957998318,34.795596888000865],[31.747399689998353,34.79682550700089],[31.746606900998344,34.797627403000874],[31.745562870998338,34.79675104100088],[31.74511958099833,34.7972613700009],[31.743155580998327,34.799588136000914],[31.742522432998292,34.80035204700089],[31.741921043998317,34.8011542640009],[31.740910580998307,34.802695580000886],[31.740584766998282,34.802488332000905],[31.74058347699828,34.80248851900092],[31.740556704998337,34.8024704820009],[31.739733086998307,34.8019465850009],[31.73926959699829,34.801651763000905],[31.73769838399832,34.80122120500089],[31.737918202998326,34.79982067400089],[31.738697918998348,34.798044986000875],[31.739797675998307,34.79737468900088],[31.740973083998362,34.79665828400088],[31.742539838998365,34.7956891640009],[31.74279079899832,34.794668012000876],[31.743056362998352,34.793587433000866],[31.743874426998318,34.79227164500086],[31.74431755799835,34.79060759000086],[31.744833434998355,34.78833081400088],[31.74579723499837,34.78696435400089],[31.74684290599836,34.78560993200086],[31.747588139998385,34.78490671500084],[31.748802789998376,34.78530769600087],[31.74898519499836,34.78547841900088],[31.750510143998348,34.786905696000886],[31.750750887998347,34.78687777200083],[31.750712608998388,34.788171477000866],[31.755778161998368,34.78895389300086],[31.75595336799838,34.788055962000854],[31.75597840999838,34.787296525000855],[31.755753016998398,34.78660924900084],[31.755800605998378,34.78525295600088],[31.755991928998395,34.784365914000844],[31.756193216998376,34.78343266900083],[31.75720448799839,34.78262365200084],[31.75757590299835,34.782612508000845],[31.75772975899837,34.78287065700084],[31.758038009998376,34.78315000100082],[31.759167743998354,34.78417379100085],[31.759527829998348,34.78443377000089],[31.759956391998355,34.78474318800085],[31.760289320998403,34.784966784000865],[31.76027365299839,34.785079498000876],[31.76039369799836,34.78511037500084],[31.76046999999838,34.78513000000084],[31.760529999998404,34.78495000000084],[31.760565524998377,34.78481805100086],[31.760599999998377,34.78469000000087],[31.76065863099839,34.784455476000865],[31.760659999998342,34.78445000000085],[31.76068448599839,34.78445597200085],[31.7610699999984,34.78455000000083],[31.761176628998363,34.78456254500083],[31.761409999998396,34.78459000000084],[31.761679999998393,34.78460000000087],[31.761859999998407,34.78460000000087],[31.7619999999984,34.78459000000084],[31.762209999998365,34.78457000000083],[31.762529999998346,34.78452000000084],[31.762636250998384,34.78449343700084],[31.762849999998405,34.78444000000088],[31.76305999999837,34.78437000000083],[31.763209999998388,34.78432000000084],[31.763549999998396,34.78415000000087],[31.763939999998374,34.78394000000083],[31.76415864099838,34.78385444500082],[31.764169999998366,34.78385000000083],[31.76415999999839,34.78402000000086],[31.76407750099835,34.784521103000834],[31.763889999998383,34.78566000000087],[31.76335999999836,34.785740000000835],[31.763305237998374,34.785730221000854],[31.763181560998376,34.78613595700086],[31.76311203099836,34.786498213000876],[31.76306409699837,34.78675118900084],[31.762866284998356,34.78744928200088],[31.761225489998385,34.789007052000855],[31.76093172299836,34.78928595400085],[31.760779999998373,34.789430000000856],[31.760629999998354,34.78905000000085],[31.760506284998385,34.78872696600089],[31.760506284998385,34.78872696600089]]]}