{"segmentId":"5000105","streetsFileVersion":96,"polygonPointList":[[[31.194751228999404,34.32053361100016],[31.194121228999393,34.32074361100019],[31.194161228999388,34.321053611000146],[31.19417122899939,34.32235361100016],[31.194120890999407,34.322472590000196],[31.194106936999418,34.32250557300018],[31.19395122899938,34.322873611000155],[31.19381939099937,34.32298825300018],[31.193737904999356,34.32305911000015],[31.193261227999372,34.323473611000175],[31.1928812289994,34.323593611000156],[31.19292122899937,34.323773611000156],[31.191181228999387,34.32446361000019],[31.1911800549994,34.32445961900016],[31.19117028799937,34.32442641100017],[31.191169975999333,34.324426535000164],[31.19116880199938,34.32442254400019],[31.1911503119994,34.324429876000195],[31.19111207899938,34.32429988400015],[31.191111760999394,34.324299988000185],[31.19055122899937,34.32448361000019],[31.18976122899939,34.324733611000184],[31.188991228999402,34.32498361100017],[31.1881412289994,34.32510361100015],[31.186621228999332,34.32558361100019],[31.186620128999408,34.3255796220002],[31.18661974299939,34.32557974300017],[31.186610916999385,34.32554773100014],[31.186591485999394,34.32555386800016],[31.186248194999415,34.325674116000194],[31.185321363999385,34.325998766000176],[31.18532036699937,34.3259947270002],[31.185319877999355,34.325994898000154],[31.184417318999373,34.3223376540002],[31.182578738999396,34.31488757400018],[31.18637034399942,34.31376655500014],[31.190795332999386,34.31245827100014],[31.19079572399939,34.31245815500017],[31.190867805999346,34.31243684400015],[31.19086877899938,34.31243655600019],[31.190888636999397,34.31243068500015],[31.19088901799942,34.31243057200015],[31.1924967639994,34.31195522900015],[31.19293653299943,34.311825208000194],[31.192937723999414,34.31182916300014],[31.192938018999406,34.31182907500017],[31.1929779939994,34.31196186800014],[31.193140637999374,34.312502154000185],[31.193148190999384,34.312535148000165],[31.193168895999367,34.31252803000018],[31.193169824999362,34.31253208900017],[31.193170381999437,34.312531897000156],[31.193364800999376,34.313381187000175],[31.193379742999362,34.31340974300019],[31.193380035999386,34.313411331000175],[31.19338122899941,34.31341361100016],[31.193418484999395,34.31361569600018],[31.1938492479994,34.31549741800018],[31.193063483999403,34.31578517500014],[31.193071228999404,34.31589361100015],[31.193281228999368,34.316693611000176],[31.19341601999937,34.31730234600019],[31.194111986999385,34.31711950900018],[31.194112870999394,34.31712353400019],[31.19437999999935,34.31834000000015],[31.194387279999404,34.31837018400017],[31.194387828999375,34.318370173000176],[31.194409742999405,34.318369744000165],[31.194410677999404,34.31837362200014],[31.194411227999353,34.31837361100014],[31.194821227999356,34.320073611000176],[31.194891228999385,34.32043361100018],[31.1948412289994,34.32050361000018],[31.194751228999404,34.32053361100016],[31.194751228999404,34.32053361100016]]]}