{"segmentId":"5000885","streetsFileVersion":96,"polygonPointList":[[[32.25362406899769,34.91078772500123],[32.25380518399765,34.91147939500128],[32.25554298799763,34.911876497001245],[32.255532945997665,34.91304021500124],[32.25574999999761,34.91303000000126],[32.25580718999765,34.91301366000126],[32.25588846099764,34.91298913800127],[32.25615510999767,34.91297118100126],[32.25697779899762,34.91292566200129],[32.25697788899764,34.91293119500127],[32.25699999999767,34.91293000000129],[32.25699388299766,34.91394548100126],[32.257046048997644,34.914266096001285],[32.25896941199764,34.914583134001276],[32.25897295399763,34.91511872600129],[32.26083149499763,34.91515000000126],[32.26105999999763,34.91515000000126],[32.26109917799765,34.91539486100126],[32.261168570997604,34.91538787200127],[32.26121424499765,34.91538305700126],[32.26126303099763,34.915377913001265],[32.261367822997634,34.91537853800125],[32.26206981699762,34.91544343100125],[32.262316611997655,34.91596178500126],[32.26238651399765,34.91661907000125],[32.26273186699765,34.91796541800129],[32.2627265469976,34.918334522001295],[32.2625823559976,34.918569900001316],[32.26258279499763,34.91876398500129],[32.26233511499761,34.91878190900131],[32.26184675799762,34.918817247001286],[32.26177535899765,34.91911430900131],[32.26177999999761,34.91917000000131],[32.26182999999758,34.92017000000128],[32.261849999997594,34.920590000001305],[32.26191275499759,34.92157615400128],[32.26191999999756,34.92169000000131],[32.26192999999761,34.92202000000128],[32.261909999997606,34.92245000000129],[32.26176999999761,34.92325000000131],[32.26176602499757,34.9232725270013],[32.26167828399757,34.9244574180013],[32.26152848199761,34.92501878600134],[32.261479999997576,34.924980000001334],[32.26138999999758,34.925000000001326],[32.261359999997545,34.925040000001296],[32.26133999999758,34.925120000001314],[32.26133999999758,34.92514145100132],[32.26118417899759,34.92512257500131],[32.261129999997564,34.925100000001294],[32.261066678997594,34.9250879390013],[32.26091999999757,34.925060000001295],[32.26073999999758,34.92502000000134],[32.26044999999757,34.92495000000129],[32.260420870997585,34.92503010600133],[32.260385675997576,34.92502584200129],[32.26035588299758,34.92500945600131],[32.259887669997596,34.924904944001305],[32.25969536799759,34.92499049200132],[32.258655520997586,34.92473886300133],[32.25848298599758,34.9250451600013],[32.25845743799758,34.925218170001315],[32.258459999997605,34.925220000001296],[32.258413899997564,34.92552372100131],[32.25848159499756,34.92556690800133],[32.258375221997554,34.92638190700133],[32.2577656019976,34.92630069200131],[32.256607257997544,34.92599574700132],[32.25655769499755,34.9260329930013],[32.25566482099758,34.92711874600135],[32.25420301299756,34.92704913600133],[32.252439561997576,34.92793086200132],[32.25200121799754,34.92811769700134],[32.25102416099755,34.92853414800132],[32.24905187999755,34.92851094400132],[32.24877999999757,34.928480000001315],[32.24876670899754,34.928480306001326],[32.2487606539976,34.92840027500134],[32.247838829997555,34.92839441500134],[32.247809999997564,34.92838000000134],[32.24780999999759,34.92788000000135],[32.24780315299757,34.927332206001346],[32.247746643997615,34.92640288700132],[32.24770052699759,34.92512913300131],[32.24756745099761,34.923702765001295],[32.247451714997595,34.92336485900132],[32.24739127299761,34.92319360900132],[32.246816055997606,34.92315026500132],[32.24609276899755,34.92310019100131],[32.2460389839976,34.92333467300132],[32.2459899999976,34.923560000001316],[32.24598723199762,34.923560291001316],[32.245965107997606,34.92365674400129],[32.24590730799756,34.92366599300131],[32.24590468899758,34.92369117900132],[32.24576756699758,34.92368835400129],[32.2453157739976,34.92376064900129],[32.24514619299757,34.923675553001324],[32.24474449999756,34.9236672780013],[32.24537315399762,34.9217317340013],[32.24539640299758,34.92162950300133],[32.24540028899756,34.9216122890013],[32.245486395997624,34.921230081001276],[32.24550058099761,34.921167119001325],[32.245537591997625,34.92100284600133],[32.24554650299763,34.92095805100132],[32.24561948599761,34.9208077280013],[32.245674382997606,34.92069464900128],[32.245699999997605,34.92064000000129],[32.24578607599763,34.920398987001306],[32.24587495199763,34.92014415900132],[32.245879209997604,34.92013189100128],[32.2459471849976,34.9199358350013],[32.24615292999763,34.91942345200129],[32.24616999999762,34.91938000000129],[32.24617046499759,34.919379782001315],[32.24617203799761,34.9193758650013],[32.246415631997614,34.919260327001325],[32.24640228799764,34.9171907150013],[32.246024822997605,34.91687366800129],[32.24577999999758,34.9167600000013],[32.24578999999762,34.9166700000013],[32.24584139699763,34.91657748600128],[32.245885955997636,34.91643863900127],[32.245911483997624,34.9163605520013],[32.24601033999766,34.91605877300126],[32.24603011299767,34.915995560001285],[32.246066736997605,34.91588689500126],[32.246121383997625,34.915719651001304],[32.24664574999764,34.91389271700128],[32.24664585699762,34.91389177000129],[32.24672859199767,34.910643281001235],[32.24682230399767,34.90696382400125],[32.24681999999771,34.90695000000124],[32.24673793299773,34.90496590000122],[32.2501261669977,34.904767064001234],[32.251367041997675,34.90481553400126],[32.251689272997695,34.904870630001234],[32.25167834199769,34.90529181700122],[32.251760694997664,34.906507475001256],[32.252217473997696,34.90799676400126],[32.252306888997694,34.90799138100124],[32.252662885997665,34.907969951001235],[32.252806533997706,34.90818006300123],[32.25287965699768,34.908839638001275],[32.2531195279977,34.90938636800128],[32.25345773099765,34.91015248700126],[32.25362406899769,34.91078772500123],[32.25362406899769,34.91078772500123]]]}