{"segmentId":"5000764","streetsFileVersion":96,"polygonPointList":[[[32.0820579219945,35.27586695600384],[32.08155294299455,35.27582419500381],[32.081639999994515,35.27654000000385],[32.0812599999945,35.276610000003835],[32.08079999999451,35.27665000000385],[32.08008999999449,35.27724000000384],[32.07965999999449,35.27765000000384],[32.07958012599449,35.27791419800386],[32.079269999994494,35.27894000000383],[32.079172470994465,35.27951669700388],[32.07901552799446,35.2815649820039],[32.078515230994405,35.283748813003896],[32.0767902039944,35.28593153100395],[32.07483890599433,35.28726160700395],[32.07465624599441,35.287310359003946],[32.07225298899437,35.287951795003934],[32.06903235999437,35.288161942003946],[32.06879704499438,35.28823794400396],[32.06771666699439,35.28858688700397],[32.067505368994354,35.28820576000393],[32.06703708999437,35.287361105003946],[32.066539245994385,35.28565609700395],[32.066494867994436,35.2841113020039],[32.06651028699441,35.28408960600392],[32.06650999999443,35.28408000000393],[32.067189999994426,35.2831200000039],[32.06840590299443,35.28202272100388],[32.06894644999448,35.28054441300386],[32.06926456699448,35.27953256500387],[32.06927040499447,35.27953028500387],[32.069279999994485,35.27950000000384],[32.069989999994505,35.27922000000387],[32.07050999999453,35.27902000000386],[32.0710499999945,35.279820000003845],[32.07167999999446,35.280840000003884],[32.07231999999444,35.281530000003855],[32.07280574099443,35.281578575003856],[32.07293804099445,35.280547722003874],[32.07293964499454,35.27783089300383],[32.072939691994485,35.277749451003814],[32.07294050099453,35.27633930000385],[32.073531005994525,35.274848159003795],[32.07375824299453,35.27404926000378],[32.07294210199458,35.27346265800377],[32.07153608799457,35.273248518003804],[32.0705389079946,35.27191602600377],[32.069586902994615,35.27090321100379],[32.069352916994625,35.27032773800376],[32.06888952899461,35.26997290600378],[32.06870390399462,35.26947068800377],[32.06874141399461,35.268815820003745],[32.06903913899461,35.26820479100376],[32.068983569994636,35.26781181500376],[32.06861207499461,35.267265814003714],[32.06853444899461,35.267048953003695],[32.06831506799467,35.26643608100371],[32.068166848994686,35.2654318160037],[32.0676670399947,35.26368497100367],[32.067267314994666,35.26293049900369],[32.0671405849947,35.26248321900368],[32.06677439599468,35.261850875003674],[32.06640311999474,35.26075918200368],[32.06625473899473,35.26001689600363],[32.066340040994724,35.25969692300363],[32.06625158299476,35.258547811003616],[32.066252205994786,35.25706815100363],[32.06618444799477,35.25682905400361],[32.0660619859948,35.25639692800363],[32.06579249599476,35.2554459900036],[32.065791160994785,35.255385382003595],[32.06562477899482,35.25514862800358],[32.065625133994814,35.25425363600358],[32.06575565199482,35.25322774000359],[32.06576998599484,35.25320011400357],[32.0657699999948,35.253200000003574],[32.065790138994814,35.2531612710036],[32.06601608099482,35.25272580600359],[32.06601700899484,35.25272498300359],[32.06602999999483,35.252700000003586],[32.06626149399482,35.252495563003556],[32.06679999999481,35.2520200000036],[32.06740999999482,35.25191000000358],[32.06762999999483,35.25187000000357],[32.06833999999481,35.25193000000359],[32.06862999999481,35.25206000000355],[32.06961999999481,35.25211000000359],[32.06985999999484,35.252700000003586],[32.0698499999948,35.2531500000036],[32.06985999999482,35.253270000003575],[32.07009999999476,35.25449000000358],[32.0701016099948,35.254502879003574],[32.0701048289948,35.25451803100358],[32.070112236994795,35.25458789300361],[32.07013999999478,35.25481000000363],[32.07022999999478,35.25554000000361],[32.070589999994766,35.25643000000365],[32.07061579499475,35.2565088190036],[32.07076999999475,35.25698000000362],[32.070699999994744,35.25759000000363],[32.070679999994724,35.2578700000036],[32.07117999999472,35.25855000000366],[32.0712699999947,35.25907000000366],[32.071439999994745,35.259860000003656],[32.07135999999469,35.26045000000366],[32.07130999999471,35.26113000000365],[32.0712899999947,35.26165000000365],[32.07128999999467,35.2622400000037],[32.07169999999473,35.26268000000367],[32.07249999999468,35.26316000000365],[32.07304999999467,35.26340000000368],[32.07394999999466,35.2636200000037],[32.07479999999468,35.263640000003704],[32.07508145599469,35.263640000003704],[32.07594999999465,35.263640000003704],[32.07643999999468,35.263970000003674],[32.07647999999468,35.26408000000367],[32.07695999999467,35.264220000003725],[32.07749999999464,35.264750000003694],[32.07790999999462,35.26614000000373],[32.07805999999466,35.266370000003704],[32.078665936994604,35.267299104003754],[32.07880999999461,35.26752000000373],[32.07971999999463,35.2682900010037],[32.0801299999946,35.26864000000375],[32.080439999994596,35.27040000000377],[32.08042739799458,35.27042851400377],[32.08042794999459,35.270431580003745],[32.08024617999463,35.270838542003744],[32.07944999999459,35.272640000003754],[32.07975999999458,35.27285000000379],[32.08098999999455,35.271890000003765],[32.081669999994546,35.271890000003765],[32.08190999999455,35.272090000003764],[32.08261999999459,35.2726900000038],[32.08325999999456,35.273760000003776],[32.083799999994554,35.27392000000377],[32.08391603499457,35.2739114680038],[32.08447999999455,35.27387000000378],[32.08454999999452,35.273770000003815],[32.08565999999457,35.27227000000378],[32.08733999999456,35.27162999900374],[32.088839999994576,35.27162999900374],[32.089699999994565,35.27195000000378],[32.09007999999455,35.27294000000379],[32.09023999999454,35.27334000000381],[32.09041999999451,35.275580000003806],[32.090279999994515,35.27702000000383],[32.09026924899453,35.277024142003846],[32.09026721299451,35.277045532003825],[32.089042248994495,35.27752408900383],[32.08768172799451,35.27709676500385],[32.0864122859945,35.27603018100383],[32.08568690299453,35.275390272003804],[32.08477948599454,35.275815795003794],[32.08387104999449,35.27641796400385],[32.0837358389945,35.27650759100381],[32.0829192879945,35.2766667800038],[32.0820579219945,35.27586695600384],[32.0820579219945,35.27586695600384]]]}