{"segmentId":"5001311","streetsFileVersion":96,"polygonPointList":[[[32.794606999993164,35.3339880000043],[32.79356999999319,35.3334200000043],[32.793558999993216,35.333396000004306],[32.79297199999321,35.333064000004285],[32.792746898993194,35.333039367004275],[32.79211299999315,35.3329700000043],[32.79094299999321,35.33111900000429],[32.790006999993246,35.329545000004266],[32.78899299999326,35.32806500000424],[32.788851751993256,35.327855054004246],[32.787415999993335,35.32572100000421],[32.78737399999329,35.325694000004226],[32.78731299999332,35.325403000004215],[32.78740363999331,35.32498794900421],[32.787590999993334,35.324130000004175],[32.78731599999334,35.322638000004176],[32.786509223993335,35.32193568500415],[32.78645130599335,35.32188526600416],[32.786450999993384,35.32188500000419],[32.786394999993334,35.3218360000042],[32.78624099999339,35.32172700000419],[32.7862739999934,35.31979800000415],[32.78650499899341,35.31899100300416],[32.78677873699344,35.31803338900413],[32.78679799999341,35.31796600000415],[32.78679081299341,35.31785853400411],[32.78675499999339,35.317323000004116],[32.786804999993464,35.31733600000414],[32.78683395099345,35.31723393600411],[32.786863999993415,35.3171280000041],[32.78686409099343,35.3171276770041],[32.787063999993435,35.31641900000411],[32.78714299999347,35.316110000004095],[32.78719899999348,35.3155430000041],[32.787851099993496,35.31460430000408],[32.78811269999348,35.314743800004074],[32.78820289999347,35.314797400004075],[32.78877599999341,35.31717700000415],[32.78877616199342,35.31717728700412],[32.789860999993394,35.31909600000415],[32.790286999993405,35.31899600000412],[32.79063999999341,35.318910000004166],[32.791519999993426,35.31845000000412],[32.79211999999341,35.320780000004184],[32.79236999999338,35.32152000000419],[32.79286999999334,35.322960000004215],[32.7934269999933,35.32534700000424],[32.79345999999326,35.32646000000423],[32.793489999993334,35.32646000000423],[32.7934699999933,35.32714000000423],[32.79342999999327,35.32736000000424],[32.79341999999326,35.32740000000425],[32.79333999999331,35.32771000000422],[32.79333099999323,35.32776800000425],[32.793542999993264,35.32775500000422],[32.79359291799327,35.327978634004225],[32.79359299999326,35.32797900000422],[32.79446499999322,35.33189400000427],[32.79444999999318,35.33210000000427],[32.79508699999316,35.33378800000429],[32.79461099999316,35.33399100000429],[32.794606999993164,35.3339880000043],[32.794606999993164,35.3339880000043]]]}