{"segmentId":"5001827","streetsFileVersion":96,"polygonPointList":[[[32.00386614699818,34.81938778200093],[32.00362516799817,34.81957679100092],[32.003372774998184,34.81977418100096],[32.00341247099815,34.819804386000946],[32.002709383998166,34.82035460600092],[32.00204899299819,34.82087141300097],[32.001566152998194,34.82124927300093],[32.00134828599814,34.82140414100097],[32.001032612998166,34.821604270000975],[31.998617706998154,34.82313526500098],[31.99639922699815,34.82454164200095],[31.99556917499819,34.825169404000974],[31.99410819199818,34.82627433500097],[31.993565579998148,34.82572628100098],[31.991959797998135,34.82528656800094],[31.99091340299814,34.82500003300095],[31.988669273998195,34.82451644200097],[31.98744960399818,34.82357098000096],[31.98588857499815,34.82330600500096],[31.98403233499819,34.82169465500094],[31.983000936998163,34.82105141300098],[31.98207957099815,34.82047679400095],[31.98148426299816,34.82010552400094],[31.98020497399818,34.81774661700095],[31.97870757499819,34.81638821100094],[31.976957600998194,34.81594581300092],[31.976397809998183,34.815816107000934],[31.97603248499822,34.81583578100092],[31.97577767699819,34.81641537500096],[31.974785109998184,34.81614031900094],[31.974496507998193,34.81693628300096],[31.974020680998194,34.81828859900092],[31.973311661998192,34.820303652000966],[31.973022082998163,34.82112664400096],[31.97194462199814,34.82349616200093],[31.971132901998203,34.82447751700096],[31.970785874998157,34.825031581000985],[31.97050820999814,34.825462553001],[31.969786481998177,34.825860813000986],[31.969203256998142,34.82656724200098],[31.96819658899818,34.82705272500097],[31.967908131998154,34.82720940100098],[31.967786956998125,34.827275217000995],[31.96757199799815,34.82680141100099],[31.96729811199813,34.82631061200096],[31.967029551998156,34.82577838500095],[31.966799542998174,34.82553758800095],[31.966512831998138,34.82520385100094],[31.96613524999817,34.82492879700095],[31.965520978998182,34.82442661000096],[31.96533551699813,34.824670230000955],[31.96521644199813,34.824962104000974],[31.965117981998127,34.82522960500097],[31.96503171599817,34.82542907300098],[31.96489406999818,34.825722373000985],[31.96488015499817,34.82575202400097],[31.964825568998133,34.825752271000965],[31.964806386998166,34.82579715100099],[31.96454156599814,34.82577122800098],[31.963906520998172,34.82506591300097],[31.963574766998157,34.825630271001],[31.963525590998156,34.82560706500095],[31.96348565799815,34.82569939700097],[31.963404674998134,34.82590608600095],[31.96340001799818,34.825946375000974],[31.963241132998164,34.82595187500096],[31.96319684399816,34.82605464600096],[31.963173830998166,34.82613668500097],[31.963155428998142,34.82620504800099],[31.963116135998142,34.82629262400099],[31.963067572998145,34.826393898000966],[31.96302835099815,34.82650332200098],[31.962963526998177,34.82661559300096],[31.962889325998145,34.82670878900098],[31.962860792998168,34.826727354000994],[31.962820167998157,34.826719856000985],[31.962800541998146,34.826726090000996],[31.962779717998153,34.82672829700096],[31.96274724399817,34.82671029500097],[31.96270665799816,34.82668974000098],[31.96267269299815,34.82666656100094],[31.962630629998127,34.826645147000995],[31.96258705299814,34.82661077800095],[31.962572161998185,34.82656331600095],[31.962537405998127,34.82652372400094],[31.962451813998182,34.82648263100095],[31.96243104599819,34.82646836200099],[31.96243072199819,34.82636977600095],[31.962364451998138,34.826313942000986],[31.962305837998183,34.826303932000954],[31.962109711998135,34.826339337000945],[31.961388630998144,34.82601725900094],[31.96068231899818,34.826089217000984],[31.96013299099814,34.82626434800097],[31.960141030998148,34.82611724700099],[31.95971178199817,34.82614484000096],[31.95964775599815,34.82621752600097],[31.95963034499816,34.82624447800096],[31.95963232799814,34.82642396300094],[31.959468667998156,34.826476138000956],[31.95925873999816,34.82661811000094],[31.959025975998188,34.82657780600096],[31.95902292799811,34.826577088000995],[31.958630563998145,34.826632860000984],[31.958333184998168,34.827698709000984],[31.958243166998134,34.827683881000965],[31.95820833899816,34.827755734000974],[31.958152109998167,34.82782062100098],[31.958126785998118,34.82790812900096],[31.95808075699817,34.82807219800095],[31.95802791199816,34.82828818800097],[31.957947367998177,34.82857803900096],[31.957894389998117,34.828753063001],[31.957832283998165,34.82898548100099],[31.957751462998164,34.82910483700097],[31.95768375499817,34.82913362400099],[31.957578926998135,34.82911770900099],[31.957355140998143,34.82903678400097],[31.95717325599815,34.82895294100099],[31.956961174998153,34.828891082000965],[31.956807309998137,34.82883169200097],[31.95654156999817,34.82873730300095],[31.95637839099812,34.82867795700095],[31.95618725499813,34.82861327200096],[31.9560428279982,34.828592075001],[31.956017457998158,34.82866592600097],[31.955941221998128,34.82884924400095],[31.95587685099814,34.82910078200099],[31.955822191998106,34.829341150000985],[31.955817171998106,34.82936322400101],[31.955748266998114,34.82965301400097],[31.955688265998113,34.829817141000966],[31.95565219999812,34.829926096000996],[31.95562485799817,34.830018498001],[31.955572776998153,34.83010167900098],[31.955538446998133,34.83016532000097],[31.955496528998175,34.830282265000974],[31.95549206899816,34.830342366000956],[31.955443900998134,34.830530571000985],[31.955443786998135,34.830531018000976],[31.95538395399815,34.83074703000098],[31.955328776998133,34.830963023000976],[31.955294939998144,34.831065597001015],[31.955241320998137,34.831028651000985],[31.955235356998138,34.83102286700099],[31.95522640199813,34.83105635600096],[31.95454059199814,34.83101409300101],[31.954392599998155,34.83114991800099],[31.95415771399815,34.83122757800098],[31.954041290998145,34.83158050300099],[31.95400790599815,34.831802482000995],[31.953964408998093,34.83181186700098],[31.953799280998144,34.831948544000994],[31.95361820499815,34.832273014001],[31.95329883999814,34.832501001000956],[31.95282928799812,34.832367158001006],[31.952542384998168,34.832394330000994],[31.951957584998137,34.83246166900099],[31.951549557998142,34.83258000400101],[31.950665160998156,34.83216319900097],[31.950377438998146,34.831937928001],[31.950103590998175,34.83176243100101],[31.95002776699814,34.83133102800102],[31.94985491099814,34.83078807000098],[31.94976543099817,34.83041793400096],[31.949748617998143,34.83034838400098],[31.949458562998167,34.82907863000095],[31.94950496899814,34.828274694000996],[31.9492747939982,34.82788910600097],[31.948694494998144,34.827535526001],[31.948168488998174,34.827387122000985],[31.947932380998136,34.82744302600095],[31.947726018998193,34.828344079000956],[31.947625040998147,34.82946968600097],[31.947400221998162,34.83006395600099],[31.94717905299818,34.830366631000985],[31.947070277998165,34.83051549300099],[31.946785814998147,34.83049078200096],[31.946713189998132,34.830484473001],[31.946339823998155,34.830783256001006],[31.94622139399816,34.830878029001006],[31.945854467998156,34.83034036600096],[31.944627650998193,34.82854268700096],[31.944045806998172,34.82769010000096],[31.944103510998154,34.827095599001],[31.944280415998143,34.825272727000936],[31.94443584299817,34.823671164000984],[31.9445381509982,34.82261676700096],[31.944726096998195,34.82179903300095],[31.94475961999819,34.82153774300098],[31.944672786998193,34.821521959000954],[31.944673296998175,34.821516601000944],[31.942479814998208,34.821118815000936],[31.942336200998167,34.82109276300093],[31.939624974998196,34.820600930000964],[31.939643181998196,34.82047124400093],[31.9397596319982,34.81964180200094],[31.939909168998184,34.81857668800095],[31.941299336998235,34.809094228000916],[31.94142776899823,34.8082181800009],[31.94194905899824,34.80466241200088],[31.942002439998266,34.80467035700093],[31.942303772998265,34.8047152090009],[31.94315245599827,34.80484153000089],[31.94343011599825,