{"segmentId":"5001272","streetsFileVersion":96,"polygonPointList":[[[32.76353303299591,35.115977118002306],[32.763265298995925,35.116801025002296],[32.76329999999594,35.11692000000232],[32.763248074995886,35.11714500700231],[32.76355489399592,35.1174648880023],[32.76396756099592,35.11830336600235],[32.76381983399589,35.11922043300235],[32.76363895399588,35.11986439400233],[32.7634581879959,35.120683925002325],[32.7635408139959,35.12099598700236],[32.76372240099586,35.12140550400235],[32.76360735899587,35.12193234800233],[32.76319544799587,35.12218634900236],[32.76294139299589,35.12218658200234],[32.762700954995864,35.122186803002336],[32.762387341995876,35.121543310002345],[32.762354436995885,35.12116461500236],[32.762299999995875,35.120590000002345],[32.76209848999586,35.12032313600232],[32.76192484799587,35.12010011100235],[32.76181797899587,35.11950451900233],[32.75404850099596,35.114782020002316],[32.75375718999594,35.11460495300228],[32.75403473599594,35.113509378002306],[32.754072537995945,35.11336015800228],[32.754299706995944,35.112463438002315],[32.75954968999597,35.10977411800229],[32.75993972199601,35.109574322002295],[32.76028538299598,35.10945023700225],[32.761043076996,35.10874715400228],[32.76128991199598,35.10820065200226],[32.761547545995974,35.10768503000223],[32.76154999999603,35.107670000002244],[32.761567347995985,35.107505198002265],[32.76156949899601,35.10747951800225],[32.76130999999601,35.107230000002275],[32.76109719799602,35.107097590002226],[32.76086037699599,35.10695258400226],[32.76085304699603,35.10693311300223],[32.760789999996014,35.10678000000227],[32.76093999999603,35.10625000000224],[32.761173735996024,35.10582927400222],[32.76118914899604,35.10580124800222],[32.761287476996046,35.10507933100226],[32.761354388996054,35.10487512300224],[32.76139999999601,35.104730000002256],[32.761412674996016,35.10454620700224],[32.76141882699605,35.104435413002214],[32.761445372996036,35.104422811002244],[32.76172999999605,35.10423000000222],[32.76322818599602,35.10519238500226],[32.76551648699605,35.10666231200222],[32.767439090995964,35.10892755900227],[32.76703934199595,35.110602700002296],[32.764738820995966,35.11022729400225],[32.76465474099599,35.1111428940023],[32.76442490499598,35.1124112160023],[32.764159903995946,35.113006152002264],[32.76409999999595,35.11328000000228],[32.76395322699596,35.113743803002286],[32.763859450995916,35.11404013500229],[32.76384627899594,35.1141158900023],[32.763789999995915,35.11481000000229],[32.76368986199591,35.11502960100231],[32.76365005099594,35.11527856200233],[32.76353303299591,35.115977118002306],[32.76353303299591,35.115977118002306]]]}