{"segmentId":"5001221","streetsFileVersion":96,"polygonPointList":[[[32.72859999999278,35.35943000000462],[32.727959999992784,35.35977000000462],[32.72752766199283,35.359259056004625],[32.72728652999284,35.359252505004605],[32.72699999999281,35.35956000000463],[32.72696999999281,35.359470001004624],[32.726869999992836,35.35945000100462],[32.726669999992836,35.35944000000465],[32.72652999999278,35.35943000000462],[32.726439999992785,35.359450000004635],[32.72619999999281,35.35957000000466],[32.72609999999279,35.35960000000465],[32.72580999999279,35.35967000000464],[32.725709999992795,35.359660000004666],[32.7256199999928,35.35959000000462],[32.72545999999281,35.35951000000465],[32.72540999999283,35.35942000000465],[32.7252899999928,35.35925000000462],[32.72503999999281,35.359140000004615],[32.72449801799287,35.3581846420046],[32.724449999992856,35.358100000004605],[32.72265186199289,35.35809207900465],[32.722300792992826,35.35809053200464],[32.72217526499282,35.3581031770046],[32.7221634729928,35.35812315400463],[32.72168353799282,35.358936235004634],[32.71992569499281,35.35853281800465],[32.71990213399284,35.358419838004615],[32.719789999992855,35.35837000000462],[32.71981259099282,35.358061258004646],[32.71981642599289,35.3580088400046],[32.71966422899285,35.357279007004614],[32.719509999992866,35.357050000004634],[32.719209999992856,35.35661000000461],[32.71854501099288,35.35675895800462],[32.71828714599289,35.356964330004594],[32.71801008899287,35.356927446004605],[32.71797039499286,35.356887672004596],[32.71795999999287,35.35689000100463],[32.71781999999288,35.3568600000046],[32.71762999999286,35.35731000000461],[32.71750999999286,35.35693000000459],[32.717148524992844,35.356064140004605],[32.71677860299292,35.35569347100461],[32.7167426279929,35.35573451400461],[32.71662664699289,35.355541208004574],[32.71618129299288,35.35509495300459],[32.71612428599287,35.354703916004595],[32.71570455899292,35.35400435200458],[32.71412998599292,35.352185462004584],[32.71377699599295,35.350495567004536],[32.71377688599298,35.35049511600453],[32.713357964993,35.34878604900454],[32.713515529993,35.3481613570045],[32.71358283899299,35.34821700900451],[32.713649999993,35.3481200000045],[32.71382424799298,35.34797188900452],[32.713849999992995,35.34795000000449],[32.714049999993,35.34768000000447],[32.71430999999302,35.34833999900453],[32.714459999992975,35.34860000000449],[32.71447240299301,35.348646512004535],[32.71479437699298,35.34876883300453],[32.715991119993014,35.34898559300453],[32.716586340993,35.348244404004525],[32.716747013993015,35.348220299004495],[32.71675738299305,35.34820891100448],[32.716964223992974,35.34818771200448],[32.717552356993,35.34809947600453],[32.71768361899303,35.34808357700452],[32.71769999999299,35.34793000000452],[32.717819999993054,35.3479200000045],[32.718679999993014,35.34774000000449],[32.719790144993,35.3478284190045],[32.719804632992975,35.34782666400447],[32.719839290992994,35.347809405004526],[32.72040816799304,35.34740941300448],[32.720449999993,35.347380000004485],[32.721179999993,35.347020000004484],[32.721309999993046,35.34700000000448],[32.722169999993056,35.346510000004514],[32.72227999999305,35.34641999900447],[32.72287963299303,35.34595361800449],[32.72290999999305,35.34593000000449],[32.72373999999307,35.345240000004466],[32.72398999999307,35.34512000000448],[32.72410999999307,35.345240000004466],[32.72417999999305,35.34518000100449],[32.72448999999307,35.34509000000444],[32.724629999993056,35.345080000004465],[32.72473999999304,35.34510000000447],[32.72482999999307,35.345170000004465],[32.72495999999307,35.3452500000045],[32.72505999999303,35.3453400000045],[32.725199999993016,35.34550000000449],[32.72523999999303,35.3457000000045],[32.72525923799301,35.345962919004464],[32.72541546099307,35.345979136004466],[32.72584308799303,35.34581773400446],[32.725924424993046,35.346070246004494],[32.72645999999301,35.34610000000446],[32.72645999999301,35.346110000004494],[32.726479999993025,35.34625000000448],[32.726589999993024,35.346570000004476],[32.727049999993035,35.34755000000451],[32.72706428199303,35.347583920004475],[32.72712999999302,35.34774000000449],[32.72728999999298,35.34821000000449],[32.727389999993036,35.34863000100452],[32.72746999999296,35.349020000004515],[32.72750999999297,35.349380001004505],[32.727639999992974,35.350080000004525],[32.72775999999297,35.350470000004506],[32.72792999999299,35.35136000000455],[32.72802999999292,35.35173000000454],[32.72832999999291,35.35240000000455],[32.728469999992924,35.35299000100459],[32.72845999999289,35.35343000000458],[32.72894999999289,35.35467000000459],[32.728949999992864,35.35547000000457],[32.729259999992905,35.355900000004624],[32.729719999992874,35.355900000004624],[32.73026999999287,35.35660000000462],[32.73044999999287,35.35780000000462],[32.73033781899284,35.35833846700464],[32.73029999999282,35.35852000000464],[32.7295899999928,35.35885000000466],[32.72937999999281,35.358960000004615],[32.728719999992826,35.35930000000467],[32.72865999999281,35.35940000000465],[32.72859999999278,35.35943000000462],[32.72859999999278,35.35943000000462]]]}