{"segmentId":"5001312","streetsFileVersion":96,"polygonPointList":[[[32.789049485991164,35.446422602005825],[32.78537399999116,35.445976000005814],[32.784965851991174,35.44558710500585],[32.784526227991215,35.44516821800582],[32.784525999991175,35.44516800000579],[32.78451599999117,35.445159000005816],[32.78435835799124,35.4448592020058],[32.784119088991226,35.4444041700058],[32.784118999991186,35.44440400000583],[32.78407213199122,35.4443143050058],[32.78394499999124,35.44407100000581],[32.784065967991246,35.4427583190058],[32.78411999999125,35.44217200000575],[32.78417899999129,35.441323000005774],[32.78417919299127,35.44132023300577],[32.784237999991305,35.44047500000575],[32.784468999991326,35.43945800000575],[32.784699999991325,35.43857600000574],[32.78605029999136,35.43701230000569],[32.78602199999138,35.43657380000571],[32.78428001899139,35.4361467840057],[32.78346419999134,35.4359468000057],[32.78361071799141,35.43446836000564],[32.78375469999141,35.43301550000565],[32.78433700599142,35.43321722600566],[32.78631829999143,35.433903600005664],[32.786301653991394,35.43453071400567],[32.78630136199145,35.43454169700565],[32.78627347999136,35.435592090005684],[32.78624499999138,35.436665000005696],[32.786245441991355,35.43666513800566],[32.786787651991354,35.43683477200569],[32.78712399999136,35.4369400000057],[32.78787299999135,35.437216000005684],[32.78842499999134,35.43776800000572],[32.78869556999135,35.43803621700571],[32.78911485099134,35.438451852005734],[32.78911499999133,35.4384520000057],[32.7899139999913,35.440219000005776],[32.79010532699127,35.440712982005735],[32.79025599999129,35.44110200000577],[32.790256107991254,35.44110204000574],[32.79042500999125,35.441164160005734],[32.791000963991245,35.44137598700578],[32.791000999991276,35.441376000005754],[32.791341999991225,35.44300500000576],[32.79229468899124,35.44338430100578],[32.79305999999119,35.44368900000581],[32.79314899999119,35.44375000000582],[32.7931490959912,35.443750066005805],[32.79358862199123,35.44405276300581],[32.79414799999121,35.44443800000581],[32.794893751991246,35.44430404500578],[32.794893999991196,35.44430400000579],[32.795389969991206,35.4433970540058],[32.795389999991215,35.4433970000058],[32.796522999991204,35.44420600000581],[32.796654681991214,35.4443001180058],[32.79684170299117,35.44443378800578],[32.79684199999116,35.44443400000582],[32.7968796159912,35.444706959005785],[32.7969199999912,35.44500000000582],[32.79658799999118,35.44549800000581],[32.79658767499118,35.445498487005835],[32.79620699999118,35.446069000005856],[32.796159869991165,35.446140123005854],[32.796041999991154,35.44631800000585],[32.79506140799114,35.44631492400581],[32.79476699999115,35.44631400000581],[32.79409517299118,35.44646378600583],[32.79309399999116,35.446687000005845],[32.79309225599119,35.44668787200583],[32.79309199999117,35.44668800000584],[32.79309171099115,35.446688204005845],[32.79308656899113,35.446691841005865],[32.79305099999116,35.446717000005826],[32.79173999999117,35.446589000005865],[32.79103952799117,35.44658693100586],[32.79038599999119,35.44658500000582],[32.789049485991164,35.446422602005825],[32.789049485991164,35.446422602005825]]]}