{"segmentId":"5001368","streetsFileVersion":96,"polygonPointList":[[[32.85626095499409,35.2687794720036],[32.8548431269941,35.267696504003595],[32.854825725994104,35.267680239003596],[32.85426164499412,35.267708889003586],[32.85352222399414,35.26755959300357],[32.85351999999412,35.267560000003584],[32.85331999999411,35.26753000000361],[32.853289584994094,35.26751262000358],[32.85263296899413,35.26738004300358],[32.85118902399413,35.266359539003574],[32.85067880799413,35.26536911800353],[32.850613115994136,35.26524159800355],[32.85051354099417,35.265048305003546],[32.850488851994164,35.26493522100353],[32.85029888699418,35.26406511400355],[32.85065104399418,35.2631426710035],[32.850729681994196,35.262936687003524],[32.851498424994176,35.262026930003515],[32.85236902099422,35.26160287500351],[32.85266451399416,35.261323134003526],[32.85315804899421,35.26112010000349],[32.85335789699419,35.261132689003546],[32.85336999999418,35.2611300000035],[32.85346999999421,35.26111000000349],[32.85354999999418,35.26114000000353],[32.853558803994204,35.261145345003506],[32.85438094299419,35.26119713600353],[32.85502400399416,35.260949528003486],[32.855303663994235,35.26084185500348],[32.8555612879942,35.26046073500349],[32.855512802994234,35.2601438470035],[32.85605062899419,35.26010498500351],[32.856716877994174,35.26031913700351],[32.857040957994165,35.26061182000352],[32.857102007994165,35.26100154700349],[32.85718181899421,35.26107254600349],[32.85753344299422,35.26105659400348],[32.858209828994184,35.26102590800354],[32.85838249999421,35.26158025100352],[32.85912013299417,35.262079938003524],[32.859673743994186,35.262864220003515],[32.85997673899416,35.263293463003514],[32.8615499999942,35.26302000000352],[32.86155999999417,35.26313000000353],[32.861589999994166,35.26337000000354],[32.86160999999414,35.26351000000353],[32.86168999999415,35.26385000000353],[32.86190867499413,35.26473311100355],[32.86194999999414,35.264900000003564],[32.862045952994166,35.26528945600356],[32.861933513994124,35.26565216200354],[32.86192467799412,35.26565510700354],[32.86175999999415,35.26571000000358],[32.861459999994146,35.26585000000357],[32.86119999999415,35.265990000003555],[32.86084999999409,35.26625000000357],[32.86026999999413,35.26657000000357],[32.86008999999413,35.26675000000357],[32.85985999999409,35.267100000003545],[32.8595973949941,35.26708124300358],[32.859579999994104,35.267080000003595],[32.85906091799414,35.26674593700356],[32.85873303399411,35.266893034003594],[32.8581038919941,35.266612996003566],[32.8580999999941,35.266620000003556],[32.85790999999412,35.266530000003556],[32.85743257599413,35.267334082003565],[32.85734775099413,35.26758669800358],[32.85731717199407,35.26760478000358],[32.857234822994116,35.267667140003596],[32.85714999999411,35.26781000000357],[32.857049999994125,35.26793000000356],[32.85690999999408,35.26802000000356],[32.85690521999409,35.26802000000357],[32.8565067989941,35.26869716800361],[32.856422674994086,35.26884014800358],[32.85639716199411,35.26888351000362],[32.85626095499409,35.2687794720036],[32.85626095499409,35.2687794720036]]]}