{"segmentId":"5001595","streetsFileVersion":96,"polygonPointList":[[[33.09008562099372,35.2859577810037],[33.09005378999371,35.286114808003695],[33.0900599999937,35.286150000003744],[33.0900599999937,35.2863000000037],[33.09003999999367,35.28641000000371],[33.08999999999366,35.286510000003744],[33.089959663993675,35.28657914800371],[33.08989541599367,35.28689609100375],[33.08951964599366,35.28721603300372],[33.08866232499363,35.28794601200376],[33.08833279299367,35.28871291900373],[33.08780777899364,35.289934739003755],[33.08730107599361,35.291548379003785],[33.08695300099358,35.29222372000377],[33.0849942689936,35.29158364800375],[33.084595893993644,35.291109638003796],[33.0845522389936,35.29105769500378],[33.08433228599365,35.28925571200375],[33.08433329899365,35.28775423800373],[33.08432597299364,35.28774116200371],[33.08431999999367,35.28774000000373],[33.08421463099367,35.28754243300373],[33.084158753993634,35.28744270200375],[33.08384030899365,35.28784734900375],[33.08204037699366,35.28776341800374],[33.08028529299367,35.285090610003714],[33.079355302993754,35.281926787003655],[33.079303574993745,35.281750810003686],[33.079332076993765,35.28082187000368],[33.0788713369938,35.280242186003676],[33.07915628499382,35.27934159900368],[33.08273388599377,35.277848789003656],[33.08347627799376,35.27943826900362],[33.083638080993765,35.279942715003656],[33.08366137899374,35.28041900200364],[33.08368926999375,35.280459396003636],[33.08464999999378,35.28135000000365],[33.08477273699371,35.28147273700367],[33.0849799999937,35.28168000000367],[33.08504999999371,35.28178000000365],[33.08507999999377,35.28186000000367],[33.08503999999374,35.281940000003694],[33.08496255599372,35.282071655003655],[33.084939999993765,35.28211000000367],[33.08488645799372,35.282193288003654],[33.08527622099376,35.28275778300371],[33.08535686999374,35.28270586700369],[33.08586999999374,35.28237000100369],[33.08587369699374,35.28237317000365],[33.086092704993746,35.28223218800371],[33.08664334699374,35.28268881900367],[33.08718947399376,35.282462299003654],[33.08725288099372,35.2821308520037],[33.087319999993724,35.28178000000365],[33.087422408993746,35.28180793000369],[33.08754339699372,35.28129833000364],[33.087560651993755,35.28122564800364],[33.08763874699371,35.28123694700364],[33.087938078993716,35.28128032200365],[33.08860334499372,35.28137669800363],[33.088701271993735,35.28168405800367],[33.088856827993745,35.282172309003656],[33.088878926993736,35.28224167300367],[33.08895026899374,35.28246563100366],[33.089234087993724,35.28340435000371],[33.08923341699371,35.28445543700372],[33.09008562099372,35.2859577810037],[33.09008562099372,35.2859577810037]]]}