{"segmentId":"5001116","streetsFileVersion":96,"polygonPointList":[[[32.60841295799567,35.14857221000258],[32.60729396599563,35.151126037002584],[32.60619634499566,35.150779144002605],[32.606105922995646,35.15099307000257],[32.60569922899563,35.15122608200259],[32.604724919995654,35.14942997300258],[32.60397731199567,35.14746552400255],[32.60509668799574,35.145887526002525],[32.60519757199576,35.14389579600252],[32.60598895199576,35.14263876600254],[32.60629422099573,35.14199514700251],[32.60664894299573,35.14124726500252],[32.60698811599574,35.14095750200251],[32.60691365499576,35.13945644200249],[32.60725361499578,35.13864731200249],[32.60743049499579,35.13854649200248],[32.60736311399579,35.13820253300246],[32.6077446099958,35.13775124300247],[32.60817392899577,35.1375254330025],[32.60931893999578,35.13718632400246],[32.60937750199579,35.13715456100248],[32.610314338995835,35.1366464330025],[32.611098782995796,35.137404718002465],[32.611691444995834,35.138212419002514],[32.61242588999578,35.13899046300247],[32.613026781995806,35.13960107000248],[32.613494158995756,35.14011322500251],[32.61405338299574,35.14081257700254],[32.614495775995785,35.14141346300251],[32.61481295799578,35.14183703800253],[32.61488204799573,35.14219968300253],[32.61490495199576,35.14231990700252],[32.614779890995756,35.142438262002514],[32.61415795399574,35.14288362300252],[32.613915384995714,35.14314135900249],[32.61321600099573,35.14389684400252],[32.61232037399571,35.144864403002536],[32.61166724599568,35.14562254800256],[32.61127502799574,35.146065806002525],[32.610596047995685,35.14736776300255],[32.60972468199569,35.14698065800259],[32.609198950995676,35.14761854200255],[32.60841295799567,35.14857221000258],[32.60841295799567,35.14857221000258]]]}