{"segmentId":"5001846","streetsFileVersion":96,"polygonPointList":[[[31.960031999996776,35.06361400000205],[31.960009999996778,35.06352000000206],[31.960005999996774,35.063375000002075],[31.960005993996724,35.06337478400209],[31.95999999999674,35.06317000000209],[31.960012999996763,35.063127000002076],[31.959996999996754,35.06272300000207],[31.959996999996754,35.06253900000208],[31.959804999996813,35.061284000002054],[31.95877999999678,35.05988400000206],[31.95869039999673,35.060035900002056],[31.95858259999678,35.06001480000202],[31.958394399996767,35.05986160000202],[31.958238899996765,35.05972450000207],[31.958146099996824,35.05953970000206],[31.958058499996774,35.05933420000206],[31.958001599996788,35.05916140000204],[31.957971199996766,35.05850850000206],[31.958039499996776,35.05821180000203],[31.95812779999682,35.05793450000203],[31.958219699996786,35.05764530000202],[31.95836529999677,35.057483600002044],[31.958468999996793,35.05746200000202],[31.958651999996807,35.05703300000202],[31.958779999996786,35.05673000000204],[31.958779999996786,35.05672900000206],[31.95886499999682,35.056679000002006],[31.9592499999968,35.056450000002016],[31.959417999996806,35.05645300000201],[31.96006799999679,35.05645200000201],[31.960317999996786,35.05645200000201],[31.960469999996818,35.056450000002016],[31.960649999996804,35.056450000002016],[31.960769999996767,35.056380000002015],[31.961219999996768,35.056200000002015],[31.961223999996836,35.05619900000202],[31.961276999996812,35.05617600000202],[31.961369966996827,35.056150009002046],[31.9613699999968,35.05615000000202],[31.961872999996793,35.05601200000203],[31.962785999996814,35.05636700000205],[31.963477999996815,35.05729000000205],[31.9636319999968,35.05917100000204],[31.963869999996763,35.06140900000202],[31.96417599999678,35.06291700000204],[31.96468049999675,35.061903300002044],[31.96642489999678,35.06027760000206],[31.96767459999679,35.06033050000208],[31.9681169999968,35.06127320000208],[31.968192236996725,35.06355794700206],[31.96825799999671,35.0655550000021],[31.967761999996743,35.0676150000021],[31.96714399999673,35.068571000002116],[31.966769999996703,35.069736000002095],[31.966599999996664,35.070270000002104],[31.966592999996703,35.070278000002084],[31.965651999996673,35.0722570000021],[31.96435199999671,35.07271300000215],[31.963422999996677,35.07271300000215],[31.96290799999665,35.0722800000021],[31.962442999996693,35.07182400000212],[31.96216599999668,35.07075400000214],[31.962069999996707,35.06853100000211],[31.961199999996754,35.0666190000021],[31.961199921996716,35.06661882900209],[31.960467999996744,35.065011000002045],[31.960036999996774,35.063730000002096],[31.960031999996776,35.06361400000205],[31.960031999996776,35.06361400000205]]]}