{"segmentId":"5001097","streetsFileVersion":96,"polygonPointList":[[[32.56974773199264,35.37698621800493],[32.56899378499261,35.377065705004924],[32.567990168992644,35.37717151400492],[32.56765353699269,35.37697387800492],[32.567802235992644,35.376214379004885],[32.56657931499268,35.375813482004915],[32.56643053299266,35.37663523700493],[32.566233266992604,35.377268671004884],[32.56483103499266,35.376830075004904],[32.56246039799266,35.37591740800493],[32.56254584799268,35.375233809004904],[32.56294580799274,35.37203412800485],[32.563634981992735,35.370941352004834],[32.563852998992814,35.368465743004805],[32.5648310409928,35.36822726100482],[32.56793276299277,35.3690071050048],[32.56883695799279,35.369393223004785],[32.56912669399277,35.370028583004846],[32.56963741799276,35.37114854600481],[32.56971693999272,35.37169379200483],[32.569554345992735,35.37323402000485],[32.5694055869927,35.3738400920049],[32.56938851699267,35.37429950600488],[32.56921030499268,35.37540952300487],[32.56914582299266,35.375811161004904],[32.56980149799265,35.376608997004915],[32.56974773199264,35.37698621800493],[32.56974773199264,35.37698621800493]]]}