{"segmentId":"5001019","streetsFileVersion":96,"polygonPointList":[[[32.46310191998896,35.561416633008],[32.462420523988946,35.56192050000798],[32.461562343988966,35.561663828008],[32.461026971989014,35.56115516800795],[32.45959596098898,35.56098068000797],[32.458572653989016,35.56071391200795],[32.457699703989014,35.56080436500793],[32.457581086989016,35.560465418007944],[32.45718795298904,35.56023163400795],[32.457187185989014,35.56023125000797],[32.456092197989044,35.559682393007954],[32.45563152598902,35.559203758007904],[32.45534180898904,35.55954321700794],[32.45453173198904,35.56008496200798],[32.454304371988975,35.56019118800794],[32.454239999988985,35.56037000000795],[32.453969999989,35.56036000000797],[32.45368999998901,35.56033000000799],[32.45371965498901,35.560280574007955],[32.45332047198902,35.55953528700796],[32.45332258298905,35.55878603100794],[32.45372914998909,35.557970245007894],[32.453615894989056,35.557290707007894],[32.45361311098907,35.55729028600792],[32.45282109198909,35.55781998400791],[32.45280999998909,35.557830000007876],[32.452743679989055,35.55784231600792],[32.45211208998911,35.55796392900789],[32.451535323989106,35.557689226007895],[32.451247905989064,35.55721130800788],[32.451193773989125,35.555916948007884],[32.45127184898915,35.55514133300786],[32.45168896998917,35.554623851007825],[32.451709999989134,35.55455000000786],[32.45181999998916,35.554350000007844],[32.45178999998918,35.55425000000781],[32.45167999998919,35.55401999900783],[32.451809999989145,35.554040000007824],[32.45175999998915,35.55388000000783],[32.45179999998916,35.55383000000784],[32.45186999998919,35.55379000000782],[32.452049999989164,35.55382000000781],[32.4521999999892,35.55391000000781],[32.45224201498913,35.553988779007845],[32.4527410159892,35.553786230007844],[32.45276999998919,35.55375000000781],[32.45278999998915,35.55368000000781],[32.452619999989146,35.55324000000784],[32.4526227699892,35.553145816007806],[32.45262999998919,35.552900000007845],[32.45263999998918,35.5528700000078],[32.45304999998922,35.55269000000779],[32.453109999989174,35.55275000000782],[32.45324049898919,35.55316324900785],[32.45335812798916,35.55353573900781],[32.45351068298918,35.55347381600784],[32.454492851989194,35.553341375007825],[32.4550999999892,35.55327029300779],[32.4550999999892,35.55321572500779],[32.4550999999892,35.5528500000078],[32.455149999989196,35.55279000000783],[32.455249999989164,35.55278000000779],[32.45567999998917,35.552850000007794],[32.45603999998918,35.552850000007794],[32.456359999989196,35.55280000000781],[32.45683999998919,35.55266000000781],[32.456915102989164,35.552636283007786],[32.45679552498924,35.5513879210078],[32.4573669139892,35.5513839860078],[32.46073224898921,35.55136081000779],[32.462448417989236,35.5519583660078],[32.46399494798918,35.553466828007835],[32.46444712898916,35.553907878007855],[32.464606135989115,35.55433363400783],[32.46467999998912,35.554470000007825],[32.464726440989125,35.55465576400786],[32.46473131798917,35.554668823007844],[32.464729939989134,35.55466976000781],[32.4647299999891,35.55467000000783],[32.464660798989144,35.55471675800783],[32.46361979198911,35.55542437000783],[32.46272193098906,35.55656063800789],[32.46314723998908,35.55803975700794],[32.46357466998907,35.558759050007914],[32.46468299998901,35.55914331900794],[32.464786913988995,35.560367927007974],[32.46310191998896,35.561416633008],[32.46310191998896,35.561416633008]]]}