{"segmentId":"5001437","streetsFileVersion":96,"polygonPointList":[[[32.91936999999146,35.4267400000055],[32.91917999999142,35.42705000000552],[32.91887460999141,35.427475938005514],[32.91879999999139,35.4275800000055],[32.918379999991416,35.428060000005544],[32.91822999999141,35.42830000000551],[32.917799999991416,35.42827000000552],[32.9176199999914,35.428150000005544],[32.91756454399145,35.42744016000552],[32.91751999999139,35.426870000005515],[32.9179994119914,35.42649228100549],[32.918044405991424,35.42633335200547],[32.91795440599143,35.425793889005476],[32.91777209099147,35.42545263300551],[32.91753065299144,35.42517955000548],[32.91717377599143,35.42506106400547],[32.91671736899145,35.42513048300546],[32.91622095299149,35.425387978005496],[32.91568435899146,35.425927619005485],[32.91532626299144,35.42649121300552],[32.91490886399142,35.426937063005475],[32.91344099599145,35.4268393100055],[32.91266772299142,35.4266021730055],[32.91211321199147,35.426059844005515],[32.91209406599149,35.4259970160055],[32.912079999991455,35.42601000000552],[32.912066470991455,35.42605058700552],[32.91180999999146,35.42493000100549],[32.91206999999148,35.42415000000547],[32.9121539439915,35.42430110000546],[32.912612853991455,35.423967852005454],[32.9137195339915,35.42375198100547],[32.913720105991494,35.423751869005464],[32.91404171899151,35.423689135005475],[32.91449800099145,35.423690259005475],[32.914855043991466,35.42371467400546],[32.91507804099151,35.423841238005494],[32.9150999999915,35.42379000000546],[32.9150799999915,35.42349000000548],[32.91505999999149,35.42343000000547],[32.915589999991525,35.423150000005485],[32.91569999999153,35.422740000005426],[32.915659999991526,35.42210000000544],[32.9157399999915,35.42203000000545],[32.914929999991536,35.420800000005414],[32.91482999999155,35.42059000000542],[32.914769999991535,35.420340000005424],[32.91473999999155,35.420040000005386],[32.914769999991535,35.41973000000542],[32.9149999999916,35.41855000000537],[32.9155199999916,35.41905000000537],[32.915599999991564,35.418910000005376],[32.91570999999158,35.4188100000054],[32.915869999991585,35.41868000000539],[32.9160899999916,35.418569999005385],[32.91617999999159,35.41854000000539],[32.9164899999916,35.41863000000539],[32.9169199999916,35.4186300000054],[32.917349999991586,35.41873000000538],[32.91746999999155,35.418790000005394],[32.91751999999155,35.41885000000541],[32.91760999999155,35.41908000000541],[32.91766999999159,35.41921000000542],[32.91772999999162,35.419280000005415],[32.918089999991565,35.4195800000054],[32.91822999999157,35.41965000000539],[32.91860999999157,35.419760000005404],[32.918689999991535,35.41980000000542],[32.918829999991594,35.42003000000541],[32.918939999991565,35.4204200000054],[32.91896999999156,35.42083000000538],[32.919029999991565,35.42118000000542],[32.91901754299153,35.42146029100545],[32.919077567991515,35.42156697000544],[32.9193076469915,35.42251861200542],[32.919307111991515,35.42282508600544],[32.919280103991504,35.42286927400545],[32.91926999999149,35.42294000000543],[32.91920999999151,35.42312000000544],[32.91913999999149,35.42327000000546],[32.9189999999915,35.42343000000545],[32.91887327799148,35.42353487300546],[32.91879761599149,35.423658663005426],[32.91875304799148,35.423730658005475],[32.91892999999147,35.42398000000544],[32.91914999999148,35.42454000000546],[32.91935999999147,35.424600000005476],[32.919319999991444,35.4246800000055],[32.91928999999144,35.424800000005476],[32.91958999999143,35.42485000000547],[32.91975710899147,35.424894562005505],[32.92003999999143,35.42497000000546],[32.919959999991455,35.42513000000545],[32.919925238991475,35.42524526200546],[32.9199251519915,35.425245550005485],[32.91976999999144,35.42576000000547],[32.91973846199144,35.425856273005515],[32.91957999999143,35.42634000000549],[32.91936999999146,35.4267400000055],[32.91936999999146,35.4267400000055]]]}