{"segmentId":"5001658","streetsFileVersion":96,"polygonPointList":[[[33.24207979998659,35.61228150000868],[33.24160769998658,35.61267810000867],[33.2414370069866,35.6128097020087],[33.24143615198659,35.6128103620087],[33.24130159998658,35.612914100008716],[33.24105789998656,35.613033500008676],[33.24055048398658,35.613268054008714],[33.240411499986564,35.61333230000867],[33.23991349998658,35.6134198000087],[33.23956829998655,35.61330160000871],[33.23936659998655,35.61284000000871],[33.23942999998657,35.61238900000869],[33.238805999986646,35.61216700000868],[33.23879816298663,35.6121560280087],[33.23879119398659,35.61214627100866],[33.238790999986605,35.612146000008686],[33.238559999986606,35.61212000000869],[33.23848999998661,35.6120700000087],[33.23841999998664,35.61195000000866],[33.238443999986636,35.61164000000869],[33.238292999986626,35.61142000000868],[33.23781799998665,35.61047700000865],[33.23765399998669,35.60999400000861],[33.237617999986675,35.609558000008626],[33.23761773298669,35.6095581150086],[33.23758999998669,35.609570000008645],[33.23754999998671,35.609570000008645],[33.237509999986685,35.60953000000864],[33.23748999998667,35.60944000000863],[33.2375199999867,35.60936000000861],[33.237399999986685,35.60915000000862],[33.237222999986685,35.608833000008616],[33.23721514098671,35.60882728400858],[33.23715699998668,35.60878500000862],[33.237135116986714,35.608685745008614],[33.2371289999867,35.6086580000086],[33.23700999998672,35.60845000000861],[33.2369299999867,35.608220000008615],[33.236939999986745,35.608050000008596],[33.236893095986765,35.60790230200861],[33.236892999986736,35.60790200000856],[33.23686999998674,35.60783000000858],[33.23683999998673,35.607670000008575],[33.23676999998674,35.607520000008606],[33.236669999986795,35.606690000008584],[33.23665699998677,35.60655600000858],[33.23662771998678,35.60642695000858],[33.236575999986805,35.60619900000856],[33.23657261498681,35.60585511800857],[33.23657099998676,35.60569100000853],[33.23651999998681,35.60518000000855],[33.23647999998681,35.6044300000085],[33.23648999998684,35.60423000000849],[33.23655299998686,35.6041350000085],[33.23655299998686,35.604104449008496],[33.23655299998686,35.60410200000853],[33.236574547986876,35.60409059200849],[33.23658699998685,35.60408400000852],[33.236649999986874,35.60399000000852],[33.23669799998683,35.60402600000849],[33.236826799986915,35.60281330000847],[33.23780659998689,35.602614600008465],[33.23840939998692,35.60217990000847],[33.239353799986894,35.60172930000846],[33.240751099986916,35.60174350000846],[33.240792194986895,35.601745874008486],[33.241105999986914,35.601764000008465],[33.24145311398687,35.60167843900847],[33.2416049999869,35.601641000008435],[33.24160545398695,35.60164099700847],[33.242131999986874,35.60163750000844],[33.24197714898688,35.602148509008494],[33.24197699998692,35.602149000008474],[33.241713999986885,35.60311700000849],[33.241713999986885,35.603117252008495],[33.24171999998684,35.60362100000848],[33.24188299998679,35.60476500000851],[33.24237939998681,35.605001800008495],[33.24284459998682,35.60536600000854],[33.2430680999868,35.606114800008555],[33.24317899998675,35.60665040000855],[33.243306099986754,35.60704400000855],[33.24361739998675,35.607240600008595],[33.24391089998675,35.607384900008576],[33.244276199986736,35.6076110000086],[33.244408199986715,35.60806840000858],[33.2444197379867,35.60812594300861],[33.2445238999867,35.60864540000861],[33.244446499986694,35.6091517000086],[33.24441149998668,35.60952120000864],[33.24430329998666,35.610089100008615],[33.24415149998664,35.61038990000861],[33.24344019998667,35.611042400008635],[33.2430689999866,35.61152290000868],[33.24257439998657,35.61197730000866],[33.24207979998659,35.61228150000868],[33.24207979998659,35.61228150000868]]]}