{"segmentId":"5001661","streetsFileVersion":96,"polygonPointList":[[[33.245119999988255,35.55168000000745],[33.24476999998828,35.55168000000745],[33.244559999988255,35.55166000000744],[33.24426999998825,35.551600000007475],[33.24403999998825,35.55152000000745],[33.24380999998825,35.551380000007455],[33.24344999998828,35.55101000000747],[33.243369999988275,35.55004000100745],[33.24326999998831,35.54968000000745],[33.24325999998835,35.54908000000742],[33.24323999998835,35.54890000000742],[33.24328999998835,35.54877000000741],[33.24348999998836,35.54830000000739],[33.243619999988375,35.54822000000742],[33.243749999988324,35.548270000007406],[33.24397999998836,35.54823000000739],[33.24449999998839,35.54793000000741],[33.24444999998835,35.547750000007404],[33.244869999988346,35.5474600000074],[33.24484849998838,35.547204000007405],[33.24510279998836,35.547104600007394],[33.24532863798839,35.54699244700736],[33.24541229998839,35.546950900007396],[33.245442074988354,35.546940141007376],[33.2461146999884,35.54669710000739],[33.24745669998838,35.54629590000739],[33.249067799988396,35.54613070000735],[33.24935099998839,35.546043900007334],[33.24960599998837,35.54600340000737],[33.24996039998842,35.546042600007375],[33.2502302999884,35.54618480000735],[33.25065044498842,35.54652276600738],[33.250661799988386,35.54653190000736],[33.25072345298838,35.546577099007365],[33.25094769998834,35.546741500007364],[33.25094778698835,35.546741559007366],[33.25113509998837,35.54686900000738],[33.25135079998839,35.54713710000736],[33.251674099988364,35.5476413000074],[33.25167479998835,35.54796300000738],[33.251510899988304,35.5485109000074],[33.25123929998834,35.5490804000074],[33.2509831999883,35.54996180000744],[33.25087946398828,35.55007246500741],[33.25061189998826,35.550357900007434],[33.250286899988275,35.55066320000742],[33.25004399998827,35.55081720000744],[33.24988849998825,35.55087770000744],[33.24971149998827,35.550923200007446],[33.249311399988294,35.551070500007434],[33.24914699998827,35.55121620000745],[33.24902309998826,35.55127190000748],[33.248542599988276,35.55159830000749],[33.24830649998827,35.55180010000745],[33.248076199988276,35.55182540000745],[33.24762449998821,35.55184810000744],[33.247209999988264,35.551820000007496],[33.24658999998823,35.552090000007496],[33.24637999998824,35.552100000007464],[33.245699999988254,35.55200000000749],[33.24562999998825,35.55198000000749],[33.24557999998826,35.55195000000745],[33.24553499998828,35.55189900000747],[33.245400202988236,35.55179815200748],[33.24539999998829,35.55179800000749],[33.24539968798829,35.55174427000743],[33.24539899998828,35.55162600000747],[33.24539855798826,35.55162612000745],[33.24519999998828,35.55168000000745],[33.245119999988255,35.55168000000745],[33.245119999988255,35.55168000000745]]]}