{"segmentId":"5001101","streetsFileVersion":96,"polygonPointList":[[[32.60101130199652,35.05916460100199],[32.60069177699655,35.059664825001946],[32.600525275996496,35.05985329300198],[32.60052485999652,35.05985549900194],[32.60031114599647,35.06026457100198],[32.600111031996484,35.06040063400201],[32.599926376996486,35.06124591700199],[32.59993924799648,35.06140825000198],[32.59987271399651,35.06149156500197],[32.599797667996526,35.06183509900199],[32.59821882899653,35.063219891002014],[32.59799142199647,35.063368454001996],[32.597838166996496,35.06357242200198],[32.59709554399649,35.06399224200197],[32.59705014999645,35.063983377002],[32.5970343869965,35.063993675002],[32.59659372399648,35.064012310002006],[32.59639919499648,35.06385625700199],[32.596203636996464,35.063818068001986],[32.5959742099965,35.06351532900198],[32.594829365996496,35.06259692400199],[32.5942813899965,35.061789988001976],[32.59496698299652,35.06115549900198],[32.59489762099649,35.060925082001965],[32.59559342699649,35.06002414800195],[32.59616620799654,35.059433200001976],[32.596104254996504,35.058839059001954],[32.5955808589965,35.05903831200196],[32.59477004599653,35.059795888001965],[32.5937747909965,35.05923029200196],[32.59369630899652,35.05864364100197],[32.59350999999652,35.05886000000195],[32.59323999999651,35.05857000000194],[32.59283999999649,35.05796000000195],[32.59277999999655,35.05692000000195],[32.59268623699655,35.056582017001936],[32.592648364996556,35.05644550200193],[32.592349999996564,35.05537000000193],[32.59219999999656,35.054580000001934],[32.592499999996534,35.054360000001914],[32.59273168099654,35.053800103001954],[32.59297999999657,35.05320000000194],[32.59300420599656,35.05318291400192],[32.592944456996534,35.05311409800192],[32.59343964999657,35.05260078700195],[32.59343999999655,35.05260000000192],[32.59346999999654,35.05242000000191],[32.593569999996554,35.05230000000193],[32.594073512996566,35.05289792300193],[32.59408962599656,35.052903080001954],[32.59458872799658,35.05335610300193],[32.5946699999966,35.05324000000195],[32.59532999999656,35.05255000000193],[32.59560999999661,35.05209000000195],[32.59574999999659,35.05194000000193],[32.59596999999662,35.05176000000193],[32.596149999996605,35.05157999900194],[32.59649999999659,35.05115000000192],[32.59664999999659,35.051050000001894],[32.59714999999656,35.05090000000193],[32.597239999996596,35.05084000000192],[32.5972199999966,35.05113000000192],[32.597169999996595,35.051120000001895],[32.59706936599656,35.051166446001886],[32.59716866299659,35.051315011001904],[32.597197661996574,35.0513218110019],[32.59761276199656,35.05168316700195],[32.59852242399659,35.0523071030019],[32.599281175996545,35.05304541500192],[32.59966102899657,35.053803844001955],[32.59972786699658,35.05421409400191],[32.60034007699654,35.05510261500196],[32.60067597899657,35.05549832500191],[32.600859537996534,35.05600234800195],[32.600799917996525,35.05663178900195],[32.60071219699656,35.057557911001965],[32.60101130199652,35.05916460100199],[32.60101130199652,35.05916460100199]]]}