{"segmentId":"5001319","streetsFileVersion":96,"polygonPointList":[[[32.79873321099591,35.1177705350023],[32.79789153199587,35.11738424200234],[32.797208773995905,35.1170921050023],[32.796583984995884,35.116860167002294],[32.79550391099586,35.11814105700233],[32.79505622799593,35.117662194002314],[32.794945609995914,35.11778844700234],[32.794929999995915,35.11777000000233],[32.79469999999587,35.11753000000231],[32.79468951999591,35.11752039300232],[32.79408941199593,35.116890000002336],[32.79400999999592,35.11678999900231],[32.793931274995884,35.11668348900228],[32.7938215239959,35.116482362002316],[32.79369925099596,35.11639590200234],[32.7933387429959,35.11612422400229],[32.793249233995894,35.11605811200233],[32.79383660999591,35.114450793002305],[32.793988357995914,35.1140355430023],[32.794059888995925,35.113839797002264],[32.79403201599595,35.11372446200229],[32.79369407899592,35.11262411100228],[32.79353014499594,35.11164777100226],[32.79342171799595,35.11119911400227],[32.793319320996,35.111070027002256],[32.793516012995944,35.11048349300228],[32.793823501995995,35.11018146600223],[32.79433317399592,35.110203698002294],[32.79442416699596,35.10972542800226],[32.79533770399598,35.10973015200227],[32.79535259899598,35.11035632500228],[32.79655466699597,35.11042337200229],[32.796536515995946,35.111875029002256],[32.798782639995956,35.11262882200227],[32.79860214799592,35.114563625002326],[32.79843413099596,35.11636469900229],[32.799108537995885,35.11659456700231],[32.79933345399591,35.11667122800229],[32.79921855299589,35.11737725700231],[32.79913725299589,35.11800924400234],[32.79908510199587,35.11797843300236],[32.79873321099591,35.1177705350023],[32.79873321099591,35.1177705350023]]]}