{"segmentId":"5001443","streetsFileVersion":96,"polygonPointList":[[[32.94072999999309,35.330510000004246],[32.940729860993144,35.33051046800424],[32.94073030899312,35.33051335800426],[32.94051247699308,35.33124865000428],[32.94051072699311,35.33124755500425],[32.94050999999314,35.33125000000427],[32.9399228919931,35.33088181300427],[32.93964370699311,35.33161521100424],[32.93964186199308,35.331615080004255],[32.93963999999311,35.331620000004236],[32.93956779999312,35.33161449900426],[32.938628547993105,35.33154293700425],[32.93858931399311,35.33154014400423],[32.93843480299311,35.33098822600424],[32.938438672993115,35.33097451400425],[32.938399999993095,35.33083000000424],[32.9384877049931,35.33080076500425],[32.93864731599314,35.33023517900424],[32.93551219399312,35.33097626400426],[32.93383467399309,35.33086918800426],[32.93426297699316,35.3280138350042],[32.935262349993245,35.3241234160042],[32.933287995993226,35.32358634100417],[32.93327522499321,35.32394009300415],[32.932796305993215,35.32406111400419],[32.93260300099326,35.32394617900419],[32.93254999999322,35.3241100000042],[32.93247999999322,35.324160000004184],[32.931879999993185,35.32422000000414],[32.9313599999932,35.32424000000415],[32.930779999993185,35.32436000000419],[32.930685268993216,35.32437328000415],[32.929709999993214,35.32451000000415],[32.92920999999321,35.32459000000418],[32.92900999999322,35.32460000000415],[32.92882999999325,35.32442000000415],[32.9287699999932,35.32423000100417],[32.92866999999325,35.32386000000413],[32.92858999999324,35.32350000000414],[32.928519999993235,35.32319000000417],[32.92845999999323,35.32288000000416],[32.92835999999324,35.322370000004135],[32.92832947599325,35.322217382004176],[32.928111545993254,35.320804585004154],[32.928073156993264,35.32055571600414],[32.9280899999933,35.32051000000415],[32.928139999993284,35.32033000000414],[32.928209999993264,35.320190000004104],[32.92811999999329,35.319710000004115],[32.928067400993335,35.3193768760041],[32.928005071993304,35.319050270004105],[32.92798501299334,35.31894508500412],[32.927982144993294,35.3189311010041],[32.927963298993326,35.31883980000409],[32.92792351799331,35.31857330100413],[32.927920841993306,35.31856008000411],[32.92786455499331,35.317964114004106],[32.927836407993325,35.317734513004105],[32.9278180879933,35.317533173004115],[32.92777000499336,35.31701999900406],[32.92776964799332,35.31701614400407],[32.92824786199331,35.316749631004086],[32.928527765993344,35.3165912640041],[32.928352533993355,35.31560654400407],[32.92828999999337,35.3152600000041],[32.92829017099341,35.31525609000406],[32.9282899499934,35.315254850004045],[32.9283152839934,35.314680764004066],[32.9283627029934,35.31359443000408],[32.92839475499339,35.31274063200403],[32.92860086999339,35.31168647500402],[32.92925147699342,35.31075451400402],[32.93017488399343,35.31075561900404],[32.93021413199343,35.31105229900401],[32.9309376399934,35.31077550900402],[32.931301390993404,35.31063635000401],[32.93126374399344,35.310193988003995],[32.93125999999346,35.310150001004025],[32.93151999999344,35.30874000000401],[32.93221999999344,35.30938000000398],[32.93268999999344,35.30916000000403],[32.93322250499345,35.30968282300401],[32.93324234499347,35.30967219500402],[32.933309999993476,35.30887000000401],[32.933659894993475,35.308782526004016],[32.93400729299346,35.30844848500398],[32.93445180599341,35.308570671003984],[32.93451935499347,35.309584674004014],[32.93472086199343,35.31028391500403],[32.93492856399346,35.31100465200404],[32.935338379993425,35.31169460900399],[32.93615949899341,35.31133058100402],[32.9366036249934,35.31189893000402],[32.936602889993395,35.312750639004044],[32.9367735709934,35.31311586500403],[32.937457482993395,35.31323837400402],[32.93810682299338,35.31376643400406],[32.93875671199338,35.31368612000405],[32.93904277399333,35.31453680000405],[32.93988718299336,35.31443831400403],[32.93999405599337,35.31442584900403],[32.9403294299934,35.31425587900403],[32.940705775993415,35.31409411300407],[32.941013152993314,35.31458120500403],[32.94094403599339,35.315392310004064],[32.94066967199335,35.316243718004095],[32.94059836199333,35.3168590060041],[32.94079010499335,35.3177652210041],[32.940941517993295,35.318190923004074],[32.94128263199328,35.319164800004124],[32.94128158399325,35.320300474004156],[32.94108931799321,35.32114370700412],[32.94104120599327,35.32135471600411],[32.94084808399324,35.32181149500417],[32.940819999993224,35.32198000000414],[32.940719999993256,35.322250001004136],[32.94066999999324,35.32245000000415],[32.94064999999326,35.32259000000415],[32.94064999999324,35.32284000000415],[32.94061999999323,35.323000000004136],[32.9405499999932,35.32316000000413],[32.94047999999323,35.32325000000414],[32.94037999999325,35.323330000004155],[32.940419999993246,35.32360000000417],[32.940419999993246,35.32372000000415],[32.9402799999932,35.32378000100415],[32.94022999999321,35.32380000000417],[32.94022940399319,35.32380021700415],[32.9403845419932,35.3248186910042],[32.940425361993185,35.32508667900416],[32.9405796249932,35.32609950100418],[32.941074507993164,35.32746107000419],[32.941352651993135,35.32845451900422],[32.941382896993105,35.329226962004235],[32.941320722993105,35.32937398800421],[32.94099018199314,35.32943884400421],[32.94089999999313,35.3295799990042],[32.94072999999309,35.330510000004246],[32.94072999999309,35.330510000004246]]]}