{"segmentId":"5001040","streetsFileVersion":96,"polygonPointList":[[[32.512026778996386,35.078874636002126],[32.51200246699641,35.079147511002084],[32.512124384996376,35.07922950500211],[32.51183936599639,35.08097816700213],[32.51180023899634,35.0814173340021],[32.51171712699638,35.082349682002096],[32.51157527799635,35.082658722002144],[32.5115608179964,35.08268713000213],[32.51144089699635,35.08342288000213],[32.51156753299636,35.08432706200214],[32.511135011996366,35.08529955700213],[32.51105699399631,35.08577822000216],[32.511038201996335,35.08578552800212],[32.50994495399633,35.08621067800214],[32.50921540499634,35.086025341002134],[32.508839710996334,35.08613503100212],[32.50819853799632,35.08639868800213],[32.5080851689963,35.086447018002154],[32.508037361996315,35.08646739900217],[32.50663383899633,35.08785753800215],[32.504616900996346,35.08828251500216],[32.50455131199629,35.08817507600213],[32.50450416299628,35.08819480700213],[32.50433999999632,35.088330000002145],[32.50457999999628,35.08874000000213],[32.50477999999628,35.089120000002154],[32.504879999996334,35.08934000000216],[32.50496999999632,35.08955000000215],[32.50509999999625,35.08989000000214],[32.50520999999629,35.090219999002166],[32.50529999999629,35.09054000000216],[32.505379999996286,35.09089000000218],[32.50544999999627,35.09127000000219],[32.505509999996306,35.09168000000218],[32.50563999999625,35.09256000000219],[32.506069999996264,35.09552000000223],[32.50613999999625,35.095980000002214],[32.50625999999624,35.09687000000219],[32.50628597399623,35.09704835700222],[32.50640999999624,35.09790000000221],[32.50644999999619,35.09820000000225],[32.506519999996165,35.09869000000221],[32.50668999999619,35.099950000002224],[32.50697999999619,35.10211000000224],[32.50719999999619,35.103800000002245],[32.50733999999616,35.10474000000227],[32.50742999999615,35.105270000002285],[32.50752999999612,35.10578000000226],[32.50770999999611,35.106639999002276],[32.50790999999613,35.1074800000023],[32.507819999996116,35.10750000000231],[32.50769999999616,35.10750000000231],[32.50768332999617,35.107504763002304],[32.50773789399614,35.10772512200227],[32.50817147499612,35.10947616900232],[32.50826203399608,35.11043286000232],[32.50931658499612,35.1128845790023],[32.50941604299608,35.113070791002315],[32.5094699999961,35.113060000002356],[32.509519999996094,35.11311000000233],[32.509569999996074,35.11320000000234],[32.50972999999608,35.11360000000236],[32.50991999999609,35.11397000000233],[32.5100099999961,35.11406000000233],[32.51015999999607,35.11412000000236],[32.51022999999605,35.11420000000233],[32.51055419699604,35.114761414002324],[32.510639999996016,35.114910000002354],[32.51069999999605,35.11498000000235],[32.51061999999607,35.11529000000237],[32.51062681399605,35.11533770100234],[32.51095750099607,35.11595687500235],[32.510979999996074,35.115940000002375],[32.51107999999603,35.11586000000235],[32.51133999999606,35.116200000002344],[32.51175999999603,35.11682000000238],[32.51234537299605,35.117605843002345],[32.512489999996056,35.117800000002354],[32.51219904299603,35.11809780200239],[32.511836412996004,35.118464294002344],[32.51163464199604,35.11866821400234],[32.511489999996016,35.1186200000024],[32.51132999999602,35.118580000002375],[32.51098999999604,35.118520000002356],[32.51067999999601,35.118530000002394],[32.51057999999605,35.118530000002394],[32.510540948996045,35.11854084800238],[32.510490443996,35.11855487700238],[32.51039999999605,35.118580000002375],[32.510229999996014,35.118640000002344],[32.51003999999604,35.11876000000238],[32.509821549996,35.118951145002356],[32.50979999999601,35.11897000100235],[32.509659999996025,35.11908000000237],[32.50955999999602,35.11915000000237],[32.50944999999604,35.11922000000236],[32.50936999999601,35.11926000000237],[32.50923999999598,35.11928000000238],[32.50921663199601,35.11928000000238],[32.50913999999605,35.11928000000238],[32.509009999996024,35.119250001002385],[32.508879999996005,35.11919000000237],[32.508739999996024,35.11908000000237],[32.50859999999602,35.11893000000235],[32.50892999999604,35.11857000000235],[32.50896780799606,35.11852311900234],[32.50887108499604,35.11846446600235],[32.50885119899602,35.118394254002375],[32.50869665999602,35.117848620002384],[32.50719223299609,35.11515968000232],[32.5064150529961,35.115160447002346],[32.50548234699608,35.115039075002315],[32.50522267399608,35.11418332100233],[32.50517011099608,35.11314393900233],[32.5050139139961,35.112104652002294],[32.5041321629961,35.11082154600233],[32.50325139899613,35.11088359600232],[32.503043735996116,35.11033353700229],[32.50332453499612,35.11003846300228],[32.503239999996126,35.10986000000228],[32.502999999996085,35.10963000000229],[32.502819999996085,35.10936000000228],[32.5023199999961,35.108260000002275],[32.502239999996114,35.10802000000231],[32.501999999996144,35.10775000000231],[32.50187999999611,35.107640000002306],[32.501669999996125,35.10777000000231],[32.501656074996106,35.107597334002286],[32.50165493099614,35.1075831480023],[32.50164457799608,35.10745476900231],[32.50161766999613,35.10758227800229],[32.5015774859961,35.10777270000229],[32.50163959299613,35.10857844300231],[32.50227140699603,35.116775217002356],[32.50233999999606,35.11684000000233],[32.50227999999604,35.11686000000233],[32.50227790199606,35.11685947600236],[32.502294314996014,35.11707241100234],[32.50211715799602,35.11757528800238],[32.50176226299603,35.117743206002366],[32.501487966996066,35.11760421700237],[32.50134612899606,35.117532346002385],[32.50133911899608,35.11754996100238],[32.500987838996046,35.11735079600234],[32.50086958599606,35.11729087600233],[32.500799999996026,35.11727000000238],[32.50029999999604,35.11706000000234],[32.500182947996024,35.11694294900238],[32.49944521499604,35.11656913000238],[32.49933999999607,35.11655000000238],[32.499179999995995,35.116550001002366],[32.49905999999603,35.116600000002364],[32.49894999999605,35.11667000000236],[32.498459999996086,35.11711000000233],[32.49811999999603,35.11754000000239],[32.497789999996044,35.118100001002375],[32.497773122996044,35.118134430002364],[32.49753999999605,35.11861000000236],[32.49732999999602,35.11926000000238],[32.49710999999607,35.11975000000239],[32.49701999999604,35.12000999900237],[32.496849999995995,35.12059000000238],[32.496349999996006,35.12179000100242],[32.496149999996014,35.122150000002364],[32.496009999996005,35.122470000002416],[32.495879999996,35.12198000000241],[32.49531878699598,35.12136171500237],[32.49525688399602,35.1213548370024],[32.495169999996,35.121420000002395],[32.495029999996,35.12132000000236],[32.494609999996044,35.121230000002356],[32.494629999995986,35.12120000000238],[32.494709651996004,35.12107818000238],[32.494062486996015,35.120746574002396],[32.49456236399601,35.11984035700237],[32.49485812899604,35.118824952002385],[32.49496651999604,35.118068623002365],[32.495013098996075,35.11774360900237],[32.49493999999603,35.11757000000237],[32.49488999999603,35.11760000000234],[32.494859999996066,35.117650000002335],[32.49477999999603,35.117950000002374],[32.49470306299601,35.11806244600238],[32.49464999999601,35.11814000000235],[32.49459999999604,35.118130000002374],[32.494595166996056,35.11805991600236],[32.49457999999603,35.11784000000237],[32.49469999999608,35.11722000000235],[32.494769999996066,35.11682000000238],[32.49477999999606,35.11678000000236],[32.49493999999603,35.11625000000233],[32.49497999999607,35.11601000000237],[32.49500999999604,35.11555000000233],[32.495059999996045,35.11539000000234],[32.49513999999605,35.11522000000236],[32.495239999996045,35.114910000002354],[32.49575899399604,35.11504990300235],[32.496260104996075,35.11408490700235],[32.49780560599608,35.11302579200231],[32.497955694996065,35.11273127900233],[32.498123066996094,35.11235623900234],[32.49869250099611,35.11168312400229],[32.49875111499611,35.111521093002345],[32.499139999996146,35.10966000000233],[32.49940999999614,35.109010000002314],[32.49944381599614,35.1090139790023],