{"segmentId":"5001003","streetsFileVersion":96,"polygonPointList":[[[32.49900107399715,34.97401072000149],[32.49890216399717,34.975922245001534],[32.498986917997186,34.97719067200155],[32.498721046997154,34.97872370000154],[32.49866557899712,34.97980766800153],[32.49864909199714,34.980129869001544],[32.4983443979971,34.98154509200153],[32.49822783299713,34.982120021001585],[32.49680147199714,34.98352451300158],[32.49697085799713,34.98457033300159],[32.4960143579971,34.98454794600159],[32.49559473799715,34.98412883100159],[32.49500023299711,34.983512438001554],[32.49466159699713,34.98310963700155],[32.49414437599713,34.982494414001536],[32.49246963899713,34.981313500001555],[32.48917714299717,34.97963337600154],[32.489119869997126,34.979598513001534],[32.487380846997155,34.978539938001525],[32.48792459099716,34.976818023001556],[32.486631470997196,34.974547717001535],[32.48576937399718,34.97506155300152],[32.48401725599718,34.976105869001515],[32.482196470997195,34.977231829001546],[32.48131886999718,34.97793103800154],[32.48008023499718,34.97878666300154],[32.48050779599714,34.97940990000156],[32.48065990299718,34.97963161900153],[32.480704609997154,34.97973655800156],[32.48094698599717,34.97944956500153],[32.481625132997195,34.97947811900157],[32.48167510099718,34.98052746100156],[32.48115399899718,34.98053459900156],[32.48114699899711,34.980774953001536],[32.48128099899715,34.98108948500154],[32.482016943997166,34.98185791000154],[32.48180947199712,34.98442270900157],[32.48181964199713,34.98693857800156],[32.48196556099708,34.986974165001584],[32.48199885199713,34.986979429001565],[32.48467292099709,34.987384686001576],[32.48468928599711,34.98738716600161],[32.484672112997096,34.9875906240016],[32.48467153999715,34.987596701001564],[32.48557012799713,34.98771506800159],[32.48709313399711,34.98791568700158],[32.487086341997085,34.98798662900157],[32.486900397997076,34.98992871100161],[32.48605500899709,34.98981404800157],[32.486047417997064,34.99017202700157],[32.48601270099707,34.99180910700161],[32.48607144599706,34.99181958400159],[32.48776913599708,34.99207908400162],[32.48769004699707,34.99237535300161],[32.48753448699708,34.99318044300159],[32.487251330997054,34.99343645200159],[32.48711544599708,34.993629294001636],[32.48684555899706,34.993803320001604],[32.48666752399705,34.993964286001614],[32.486527902997025,34.9940081480016],[32.48641632299706,34.99408009600162],[32.486063770997056,34.99415395500163],[32.485465226997064,34.994341987001604],[32.48545714199705,34.99434452700163],[32.48513258899708,34.99434903500159],[32.4849709259971,34.99438290300159],[32.48424392499704,34.99449787400161],[32.483716338997084,34.99462159700162],[32.48237179799704,34.9951606370016],[32.48013920299706,34.99661468100162],[32.479933133997065,34.99673600500164],[32.479869680997005,34.99678446400161],[32.479867847997006,34.9967858620016],[32.47961559799707,34.99693635100163],[32.47952994599707,34.996987618001626],[32.47871569999706,34.99757615800166],[32.47903114699704,34.998989547001656],[32.47902914499699,34.99899011900163],[32.47904466999704,34.99905712600162],[32.47843410499706,34.99922774800165],[32.47855960999701,34.999874377001625],[32.47856771199701,34.99991613600162],[32.478763808997016,35.00065161000163],[32.47878771699701,35.000741281001645],[32.479032238997,35.00201778800165],[32.47905767799703,35.00215057100168],[32.47907360999702,35.002238327001656],[32.47908738699701,35.002366543001656],[32.47776364399701,35.00240777800169],[32.47631745999704,35.00246540000167],[32.475883984997004,35.00248267100166],[32.475861652997,35.00264887000164],[32.47582325999696,35.00265100600167],[32.47581644499702,35.00281986800169],[32.47485032699699,35.00278365600168],[32.473721597997,35.00276617900165],[32.47240652199697,35.00283190200163],[32.47237297799703,35.00338012900167],[32.470566146996994,35.003507980001665],[32.469694419997,35.00359300400166],[32.469681362997,35.003318812001645],[32.469578506996996,35.00331637200165],[32.469344585997,35.00044321100165],[32.46931920599705,35.000131473001666],[32.46919949199702,34.99965261700162],[32.46887588499703,34.99875794000167],[32.468419028997054,34.99807265500163],[32.46794313699708,34.99742544100166],[32.467607349997024,34.99699503600163],[32.46738950299704,34.996746447001655],[32.46506570499702,34.99409471600163],[32.465206839997094,34.99388912600162],[32.46509959199708,34.99374845400163],[32.463880492997085,34.99240473600159],[32.46390392599706,34.992356976001616],[32.4637673769971,34.99228249400161],[32.463053538997066,34.9916685930016],[32.464291436997065,34.98969322300163],[32.46439555499711,34.989527078001586],[32.4646135669971,34.989700308001616],[32.46663421899709,34.991305902001635],[32.467163303997104,34.990303218001614],[32.4672835759971,34.990107147001616],[32.467500010997085,34.98977557800157],[32.46750759299709,34.98976396300157],[32.46763322299714,34.98957150400157],[32.4680608619971,34.98877863600161],[32.46854395699712,34.9877691990016],[32.468962027997144,34.9871088460016],[32.46897145299714,34.987091694001606],[32.47013656999716,34.984936857001564],[32.470582505997115,34.98436981500156],[32.4703594299971,34.98407475000157],[32.47000049299714,34.98377019900156],[32.46920443399714,34.98431068900156],[32.46847707999714,34.984853453001556],[32.46792454999716,34.98403032000156],[32.46759279199715,34.98389162800155],[32.46688533599716,34.98359587400158],[32.46675067799711,34.98367889000159],[32.46647523499719,34.98342443100157],[32.46514948699715,34.98287019900155],[32.46438869799713,34.98329253200158],[32.46373372799718,34.98268311400155],[32.462803877997125,34.981499864001556],[32.46171874199718,34.979952252001524],[32.46125689099718,34.97898857600154],[32.46032186199717,34.977037587001526],[32.460010140997205,34.975670480001554],[32.460518817997155,34.97360206700152],[32.46093205399723,34.97247643900151],[32.46047247599722,34.97178259800152],[32.46033843999719,34.97173823500149],[32.46038610899722,34.97161485100148],[32.46015164599725,34.96855720400147],[32.45881599299721,34.96848192800152],[32.45860521199726,34.968470049001525],[32.45812462799723,34.968282494001485],[32.45721255499725,34.96792654300147],[32.45721066799729,34.9669234780015],[32.45697614699727,34.965556267001496],[32.45426828599727,34.964560383001476],[32.45179218399727,34.96347273600145],[32.45199184799726,34.959625334001466],[32.45444563799727,34.96125562700148],[32.454463693997255,34.96126851100148],[32.454477234997306,34.96127779100145],[32.45489363699729,34.961522136001456],[32.45535066499727,34.96179493700145],[32.45730074099728,34.96259655900149],[32.45768286599723,34.963164934001504],[32.458235064997275,34.96295331700144],[32.45829509699732,34.96291009700149],[32.4586702119973,34.962753952001485],[32.4589049349973,34.96277984300149],[32.459026723997304,34.962793277001474],[32.4624634509973,34.964538667001484],[32.46447480199727,34.965171698001484],[32.46462524799728,34.962982595001435],[32.46354181399727,34.96243832100145],[32.46361526399728,34.96043183400148],[32.46353421699733,34.958516968001426],[32.4634716549973,34.95776061700146],[32.46337584399731,34.956602302001464],[32.460745404997326,34.955697591001424],[32.46074251499734,34.954238521001415],[32.46058260899732,34.9515944050014],[32.461973327997356,34.95113455500143],[32.46212556299734,34.94994860200142],[32.46011228799738,34.94840401300142],[32.46070014699737,34.9470627110014],[32.461112701997344,34.94612139600136],[32.46125990499739,34.94569675800139],[32.46304646499736,34.9471132150014],[32.463512185997374,34.94748245700138],[32.464011798997355,34.94720873700138],[32.464060146997376,34.947135034001384],[32.464285378997374,34.94679168800142],[32.46622619599737,34.946666910001376],[32.46669325999738,34.947191711001416],[32.46764481199739,34.948260891001425],[32.46768982099739,34.948286507001384],[32.46814593499739,34.948490743001386],[32.468307812997345,34.94856322800142],[32.46918950299736,34.949140027001405],[32.469729829997384,34.94944754500141],[32.470025520997325,