{"segmentId":"5001137","streetsFileVersion":96,"polygonPointList":[[[32.65676499999601,35.11388800000229],[32.655938999995996,35.11330400000229],[32.65567199999598,35.113099000002286],[32.655363999996034,35.11280700000228],[32.65505699999602,35.11234200000233],[32.654964999996025,35.112090000002325],[32.654895999996036,35.1119420000023],[32.654895845996016,35.11194167100231],[32.654661999995994,35.11144400000231],[32.654392999996,35.1116060000023],[32.65399999999601,35.111843000002324],[32.653087999995996,35.112408000002326],[32.65250999999602,35.11275300000231],[32.652431999996004,35.112705000002315],[32.65204299999601,35.11232500000231],[32.651621999995996,35.11181600000227],[32.65140199999603,35.111718000002305],[32.65119299999602,35.11163400000228],[32.651167723996025,35.1115707020023],[32.651075999996,35.111341000002284],[32.651081999996016,35.1110830000023],[32.65108200099604,35.11108294000231],[32.651093999996036,35.11051300000227],[32.65110899999607,35.11018700000229],[32.65154899999603,35.11016800000228],[32.65164399999601,35.11097100000231],[32.651707823996006,35.11109765100232],[32.651707999996006,35.111098000002265],[32.651779999996016,35.11123800000232],[32.652061999996036,35.11149800000229],[32.65242499999603,35.1116710000023],[32.652819999996055,35.11160800000229],[32.653117999996034,35.11158600000229],[32.65317799999599,35.111656000002284],[32.654108827996055,35.11115409300228],[32.654108999996026,35.111154000002294],[32.65491599999602,35.11071900000231],[32.654916435996036,35.1107187650023],[32.65643199999602,35.10990200000227],[32.65634999999603,35.10935000000229],[32.656159999996056,35.109400000002275],[32.655769999996075,35.109460000002294],[32.65554999999603,35.10952000000227],[32.65531999999605,35.10960000000229],[32.65506999999604,35.109070000002255],[32.654946999996056,35.108927000002275],[32.65494651899608,35.10892644400231],[32.65442999999603,35.10833000000224],[32.65413999999603,35.108030000002266],[32.65400899999602,35.107996000002295],[32.65381199999606,35.10815400000229],[32.653344999996044,35.108222000002286],[32.652911999996064,35.10776000000226],[32.65269899999605,35.107704000002286],[32.65269299999606,35.10769700000226],[32.65243999999609,35.10774000000226],[32.65239999999608,35.1077900000023],[32.65232999999608,35.1077900000023],[32.65199999999604,35.107730000002284],[32.65158999999606,35.1076800000023],[32.651739999996096,35.10714000000229],[32.65178999999609,35.10691000000224],[32.65181399999607,35.10665300000227],[32.6515859999961,35.10638200000226],[32.65196199999606,35.10484800000226],[32.65173099999607,35.104337000002246],[32.65139599999608,35.103974000002246],[32.65032699999613,35.10309300000225],[32.649921999996124,35.102434000002255],[32.64960099999614,35.10154400000222],[32.64924299999617,35.100380000002204],[32.64924297199611,35.10037990800221],[32.64872599999619,35.09869900000223],[32.64815299999612,35.097706000002226],[32.647432999996155,35.0960460000022],[32.646936999996164,35.094982000002204],[32.64681999999617,35.09533900000216],[32.64680799999621,35.095642000002194],[32.64703799999618,35.09750300000223],[32.647144999996144,35.09780300000221],[32.64780499999618,35.09842200000219],[32.64847899999614,35.10036200000224],[32.6484790139961,35.10036203900223],[32.64873099999613,35.10108600000225],[32.64740799999612,35.10218800000225],[32.6466839999961,35.10163500000222],[32.6466409999961,35.1016420000022],[32.646057424996094,35.10122630300221],[32.64605699999612,35.10122600000223],[32.64555299999612,35.10086600000222],[32.64534999999614,35.10061600000223],[32.64530299999617,35.1005810000022],[32.644742999996126,35.100615000002236],[32.644623999996135,35.10027200000225],[32.644623960996135,35.10027188900222],[32.64448399999613,35.099873000002226],[32.644329999996096,35.09971500000223],[32.64397299999617,35.099243000002225],[32.64362399999613,35.09899600000222],[32.64306699999613,35.0983510000022],[32.642871999996196,35.09819500000218],[32.642841999996115,35.09809100000223],[32.64259199999616,35.097801000002214],[32.64246699999619,35.09702300000219],[32.642462999996184,35.09678400000221],[32.64232899999621,35.09658300000221],[32.6422819999962,35.096451000002205],[32.64225399999617,35.0963180000022],[32.64224399999617,35.096185000002194],[32.64225399999617,35.0960480000022],[32.642269999996174,35.0959320000022],[32.64235199999623,35.09532800000219],[32.64242299999619,35.094807000002184],[32.64241899999621,35.09462200000221],[32.64239399999615,35.09443200000217],[32.641909999996194,35.09238900000214],[32.64187599999616,35.09226700000217],[32.64185499999625,35.09219300000218],[32.641233999996224,35.092440000002185],[32.63892099999616,35.09385300000215],[32.63731999999617,35.09414000000217],[32.637156952996186,35.0941699470022],[32.63702599999618,35.094194000002204],[32.636538999996155,35.094265000002196],[32.634969999996194,35.09484300000216],[32.634455999996185,35.09490600000218],[32.6340069999962,35.094097000002165],[32.63401899999618,35.09408700000219],[32.63390699999624,35.093923000002206],[32.634612999996236,35.09299700000215],[32.635088999996235,35.09168500000215],[32.63594899999623,35.08943300000214],[32.63593699999624,35.08941100000215],[32.635936772996224,35.08941055600218],[32.63570999999627,35.08896800000217],[32.63558299999624,35.08875400000215],[32.63550299999625,35.08850800000214],[32.63549699999625,35.08845000000217],[32.635503999996224,35.08837300000214],[32.63519999999627,35.088200000002125],[32.634579999996234,35.087960000002155],[32.634523999996254,35.08795100000213],[32.634497999996256,35.08804200000212],[32.634251999996245,35.08795700000217],[32.63444599999624,35.086979000002124],[32.63529799999623,35.08542300000212],[32.635632999996275,35.0849600000021],[32.63567899999627,35.084932000002105],[32.63568899999629,35.0849120000021],[32.635762999996295,35.08265800000209],[32.6351409999963,35.08039700000211],[32.63436699999632,35.07921000000207],[32.63426459699632,35.07871359700208],[32.63352069999636,35.07510750000206],[32.63362909999638,35.073777100002026],[32.63435189999639,35.07154550000205],[32.634959999996376,35.070450000002026],[32.6350899999964,35.07015000000206],[32.635163699996426,35.06989290000204],[32.635797499996364,35.06939970000205],[32.63691779999641,35.06970010000201],[32.63746089999639,35.07177350000205],[32.63752578499637,35.07194884900206],[32.638247999996345,35.07390060000205],[32.639990938996306,35.078846079002105],[32.64061999999634,35.08063100000208],[32.64155399999629,35.081786000002126],[32.64145599999629,35.08333300000209],[32.64264699999629,35.08371100000212],[32.64298999999627,35.08373000000212],[32.64314999999626,35.08370000000214],[32.64345999999627,35.08353000000211],[32.64368999999626,35.08341000000213],[32.64377999999626,35.083380000002094],[32.643879999996265,35.08335000000211],[32.644069999996304,35.08334000000213],[32.644219999996324,35.083390000002126],[32.644329999996266,35.083420000002114],[32.64467999999627,35.0836500000021],[32.64456999999629,35.08378000000211],[32.64447999999627,35.083850000002094],[32.64468999999626,35.084010000002095],[32.644779999996246,35.08397000000214],[32.6448499999963,35.084020000002134],[32.64483999999628,35.08418000000212],[32.6447899999963,35.0842100000021],[32.64468999999626,35.0843000000021],[32.64465999999628,35.08439000000211],[32.64474999999626,35.084410000002116],[32.644919999996304,35.08452000000212],[32.64498999999629,35.08458000000214],[32.64526999999625,35.084830000002135],[32.64521999999626,35.084880000002116],[32.645189999996305,35.08497000000212],[32.64519999999625,35.08514000000209],[32.64522999999626,35.08530000000214],[32.645569999996304,35.085830000002126],[32.64603999999624,35.08643000000214],[32.64630100899626,35.08662500300213],[32.64658999999625,35.086840000002134],[32.64670999999626,35.08690000000215],[32.6468299999963,35.08691000000213],[32.646949999996295,35.08691000000213],[32.647389999996236,35.08692000000216],[32.64796999999624,35.086790000002146],[32.64814999999625,35.086790000002146],