{"segmentId":"5001331","streetsFileVersion":96,"polygonPointList":[[[32.80113499998491,35.68884600001073],[32.801133999984906,35.68929100001069],[32.80160099998489,35.68965900001074],[32.80213299998484,35.69006300001075],[32.8023869999849,35.690256000010734],[32.80268399998488,35.69048400001073],[32.802490999984826,35.69092500001076],[32.80228999998483,35.691216000010776],[32.80228971798483,35.69121640901078],[32.802083999984816,35.69151500001075],[32.80110999998479,35.69282100001079],[32.80078899998479,35.69302400001081],[32.800390999984764,35.6932760000108],[32.80097099998472,35.695070000010865],[32.796983054984686,35.696159721010915],[32.795616999984674,35.6965330000109],[32.79435529998479,35.693563700010806],[32.79347189998477,35.69353820001081],[32.79248599998478,35.69368800001085],[32.79248595898476,35.69368766001086],[32.79245199998474,35.69341200001086],[32.792452131984774,35.693411904010844],[32.79309999998476,35.69294000001084],[32.79327999998476,35.692690000010785],[32.79311999998483,35.69263000001083],[32.79290999998483,35.692600000010785],[32.79232199998482,35.692355000010835],[32.79230905698484,35.692245911010794],[32.79230099998484,35.69217800001081],[32.7915692569848,35.69176917501079],[32.79134699998481,35.69164500001079],[32.79134676198484,35.69164474701079],[32.790610609984846,35.690864358010764],[32.78813687098498,35.68824196801071],[32.78811294098497,35.68821660001068],[32.787885641984985,35.68797564201067],[32.78721999998498,35.6872700000107],[32.78716099998497,35.68731300001069],[32.787095999985,35.687172000010655],[32.78676899998499,35.68698100001067],[32.78617199998506,35.685784000010656],[32.78545599998506,35.68557700001066],[32.784989999985065,35.684690000010605],[32.78452999998514,35.68410000001061],[32.78431999998509,35.68393000001058],[32.78469999998512,35.6830800000106],[32.78640729998519,35.6810869000105],[32.78780914298522,35.68010548501051],[32.788319069985214,35.679748491010486],[32.78876399998526,35.67943700001049],[32.79508199998538,35.67451200001034],[32.797446715985366,35.67455153501034],[32.801481999985384,35.67461900001036],[32.80203099998524,35.678034000010406],[32.80262999998527,35.67829300001044],[32.80417099998521,35.680224000010504],[32.80422999998522,35.680150000010464],[32.80426999998516,35.68014000001048],[32.80469999998514,35.6805200000105],[32.80482299998519,35.68061600001049],[32.80482338398516,35.6806163160105],[32.80483999998519,35.68063000001052],[32.80485087998516,35.68061714201052],[32.80485099998514,35.680617000010486],[32.80637170298519,35.678835348010466],[32.80637199998524,35.67883500001045],[32.808255999985285,35.6766270000104],[32.80844699998533,35.67548500001035],[32.8097599999853,35.67571400001035],[32.81040699998528,35.67685600001039],[32.810026999985254,35.67721800001039],[32.80991199998526,35.67721800001039],[32.808274999985244,35.67702700001041],[32.8063623329852,35.67927360801049],[32.80636199998519,35.67927400001047],[32.805209084985194,35.68062790001049],[32.80520899998516,35.680628000010515],[32.805079999985146,35.68078000001047],[32.80449999998513,35.68260000001054],[32.80385999998505,35.6846400000106],[32.80382999998506,35.68474000001058],[32.803809999985035,35.68480000001061],[32.803739999985034,35.6850300000106],[32.80369999998503,35.685140000010605],[32.80355999998503,35.685570000010614],[32.803309999985004,35.68616000001062],[32.80295999998498,35.68680000001067],[32.802809999984994,35.68703000001066],[32.802719999985,35.68718000001068],[32.80262999998497,35.68732000001067],[32.802419999984934,35.68758000001065],[32.80231999998497,35.687690000010655],[32.802199999984914,35.68784000001068],[32.80207999998493,35.6879700000107],[32.8017899999849,35.68827000001069],[32.80174599998492,35.688309000010705],[32.80144599998494,35.68862000001072],[32.801256999984936,35.6887430000107],[32.80116999998492,35.688820000010736],[32.80113499998491,35.68884600001073],[32.80113499998491,35.68884600001073]]]}