{"segmentId":"5001417","streetsFileVersion":96,"polygonPointList":[[[32.92449999999366,35.294030000003865],[32.924449999993655,35.29509000000387],[32.92448410399361,35.29888866800391],[32.92440073899363,35.299323399003896],[32.92433872099357,35.29964680900387],[32.9243718229936,35.299688313003884],[32.924371305993624,35.29969154300389],[32.924479999993636,35.29982000000392],[32.92440999999362,35.300100000003894],[32.92430999999359,35.30048000000391],[32.92427146999361,35.30064182600391],[32.922080414993545,35.302092896003906],[32.92178776599359,35.302286708003926],[32.92115007099354,35.30277211800395],[32.920831671993575,35.30370885600396],[32.921388016993504,35.30402422200396],[32.92030594999348,35.307127378004],[32.919564740993465,35.307000962004],[32.91923246199346,35.30694429100396],[32.91497675699349,35.307608038004005],[32.91496999999348,35.307630000004],[32.91490999999349,35.30769000000397],[32.91480999999349,35.307680000003984],[32.91477999999352,35.30765000000396],[32.914776680993484,35.30764668100398],[32.91415856099353,35.30781503700401],[32.91414848599348,35.307771075004],[32.91316468199349,35.30811658500399],[32.91295213399352,35.30809953600398],[32.91295076599348,35.30809942600401],[32.91294999999346,35.30810000000396],[32.912599999993496,35.30819000000396],[32.912539999993456,35.308150000004],[32.91250005299348,35.308010185003994],[32.91176943599349,35.307648284003974],[32.911449381993506,35.30704620300395],[32.910738913993505,35.30668789300398],[32.910629999993475,35.30679000000395],[32.9104599999935,35.30681000000398],[32.9103699999935,35.306840000004],[32.90976999999351,35.30629000000397],[32.90976751699352,35.306288170003995],[32.90976656399351,35.30628838100398],[32.90960652199351,35.30616954200399],[32.90957999999353,35.30614999900398],[32.909579126993485,35.306149334003976],[32.90955825399352,35.30616279900397],[32.908777340993524,35.30554434500396],[32.908642087993535,35.30516922200398],[32.90816999999357,35.30389999900396],[32.90710285099355,35.30368451800396],[32.90611314399359,35.30348783600393],[32.90600622599354,35.30347576200395],[32.90402304399355,35.30330562700393],[32.90365654299359,35.303274185003964],[32.90304902199356,35.30296473400394],[32.902355305993595,35.3018318190039],[32.90235586499361,35.30111136300393],[32.9028072059936,35.29951116600391],[32.90281082099362,35.29926724400392],[32.90244055299364,35.299306015003914],[32.900967957993615,35.299463127003875],[32.90091121999365,35.29871591200387],[32.900901579993615,35.29858896200389],[32.900879999993585,35.298330000003915],[32.900858818993655,35.29826207400387],[32.900549690993635,35.297343593003866],[32.89914323199361,35.29815963200391],[32.89791370699362,35.298449771003874],[32.897306172993645,35.2981129230039],[32.897137580993636,35.29801945500385],[32.89654148499366,35.29740008200385],[32.89723675799371,35.29647456000385],[32.89819264899369,35.29534345600387],[32.89871448899368,35.29410896600386],[32.8985418639937,35.29266794200381],[32.89828204599375,35.2917414270038],[32.898381954993745,35.29045042700381],[32.89834999999376,35.2902800000038],[32.898199999993736,35.28975000000377],[32.89819999999376,35.28949000000379],[32.89817999999375,35.289290000003795],[32.89808999999374,35.2889700000038],[32.89808999999374,35.28839000000378],[32.89810999999376,35.28823000000378],[32.8981023419938,35.28795430300377],[32.898099999993796,35.28787000000378],[32.89808325399379,35.287468092003756],[32.89785106899382,35.28710971900377],[32.897591878993836,35.285154065003724],[32.89759325599386,35.282992804003726],[32.89760441399385,35.28284850700371],[32.89758999999386,35.282840000003745],[32.89767999999386,35.28186000000371],[32.897793519993876,35.2817866850037],[32.89846252299388,35.2813468860037],[32.89859301099389,35.2812696850037],[32.898617017993885,35.28111830000372],[32.898290308993936,35.278979624003675],[32.898464566993965,35.277950595003674],[32.89875046299393,35.277560116003684],[32.89875166899393,35.277551155003636],[32.898749999993974,35.277550000003686],[32.89878583699394,35.277282759003675],[32.89909999999392,35.274939999003614],[32.89906999999399,35.274860000003635],[32.89915999999401,35.273110000003605],[32.899363739994016,35.272684000003586],[32.89959653899405,35.27218804500364],[32.90039148599402,35.27158923400359],[32.9023251729941,35.26668380000357],[32.90442456299418,35.26135800700352],[32.904788708994175,35.26138392500352],[32.913794715994115,35.26202492100349],[32.91445399199415,35.26207184500349],[32.916529349994086,35.267045963003554],[32.91815617299403,35.27094505400358],[32.918006533993996,35.271405465003596],[32.91765441499403,35.27203081300363],[32.91754253899403,35.2722767780036],[32.91727920599397,35.27333303700361],[32.91718668399396,35.27536463800363],[32.9174014149939,35.27775960800367],[32.917479172993914,35.27862687400368],[32.9174891679939,35.27867008600365],[32.91773284799391,35.27913043000369],[32.917690905993915,35.27915065200368],[32.9179421659939,35.279517828003684],[32.918390501993926,35.27927022000368],[32.91880876799394,35.279341422003704],[32.91877873099389,35.27958938400371],[32.91868875299385,35.28015610900371],[32.9194654199939,35.280475613003716],[32.91979408399387,35.2804758940037],[32.91991346899387,35.28068855000368],[32.919614313993875,35.2812905340037],[32.918926329993845,35.282529833003736],[32.91859718999387,35.28327349200371],[32.91868666799386,35.28352154700375],[32.91970194799386,35.28447895100372],[32.920388914993815,35.28486926600373],[32.92134481899385,35.28522439000374],[32.92194223599382,35.28547292900373],[32.92223185399382,35.285945864003736],[32.922374809993826,35.286061516003784],[32.92371628899377,35.28714678400378],[32.92346753399378,35.288109438003765],[32.923489999993784,35.28813000000375],[32.92352999999374,35.28823000000378],[32.92355999999378,35.28846000000377],[32.92356650999379,35.288609732003785],[32.923569999993745,35.288690000003754],[32.92350999999378,35.28913000000379],[32.92339999999378,35.28929000000379],[32.92339919699374,35.289290631003766],[32.92373172199376,35.29032815100378],[32.923731541993725,35.290585274003824],[32.92388999999371,35.29089000000379],[32.92411999999375,35.29169000000383],[32.92426999999369,35.29262000000382],[32.92438999999373,35.29304000000385],[32.92444999999368,35.29340000000386],[32.92449999999366,35.294030000003865],[32.92449999999366,35.294030000003865]]]}