{"segmentId":"5001107","streetsFileVersion":96,"polygonPointList":[[[32.585269999991304,35.44858000000593],[32.585129999991324,35.44858000000593],[32.584879999991344,35.44868000000591],[32.58476999999134,35.44869000000594],[32.584819999991296,35.44890000000593],[32.584619999991304,35.449210000005934],[32.58409999999129,35.44963000000597],[32.58345999999131,35.449440000005936],[32.583654160991294,35.44855745100594],[32.583643427991355,35.44856655800592],[32.58325798499133,35.44817223300591],[32.583169999991334,35.44813000000593],[32.58306999999136,35.44803000000595],[32.58305531799135,35.44793456800592],[32.58292752199133,35.447688680005925],[32.58266999999137,35.44745000000592],[32.582639999991336,35.4471000000059],[32.58214233099136,35.44644620000588],[32.5815463429914,35.44592655200591],[32.581508612991364,35.4458884160059],[32.581469999991356,35.4459000000059],[32.58113999999138,35.445610000005885],[32.581089999991406,35.44554000000589],[32.5810699999914,35.445450000005884],[32.580936713991406,35.445310367005874],[32.58085550299141,35.445228283005896],[32.58054873699141,35.44477327700585],[32.58055411499139,35.44476161300585],[32.58053999999141,35.44473999900586],[32.58077758799141,35.44426482400589],[32.580719988991405,35.444229824005866],[32.581140691991465,35.44352335900586],[32.58173999999142,35.442289999005816],[32.58179999999145,35.44230000000584],[32.58180825999145,35.442300826005855],[32.58188203599142,35.44215555800581],[32.58316043899144,35.44217317800585],[32.583704406991444,35.441519324005846],[32.58328915099144,35.4410677470058],[32.58323323999146,35.43968565900582],[32.58321247499149,35.43917236500579],[32.58345501199155,35.43817802200577],[32.58349818799155,35.438089318005765],[32.58350013899155,35.43807601900577],[32.58351769499154,35.438049239005785],[32.584171705991565,35.43670557300574],[32.58472402899156,35.436661065005765],[32.58513755799156,35.43616672800574],[32.585182661991595,35.436038766005716],[32.585169999991585,35.436030000005765],[32.5848799999916,35.435860000005746],[32.584709999991546,35.435740000005744],[32.58461999999156,35.43559000000573],[32.58456999999158,35.43528000000572],[32.58486999999156,35.435320000005724],[32.584959999991554,35.43534000000574],[32.58540334799157,35.435412680005754],[32.5854285339916,35.435341226005725],[32.585911855991576,35.435378576005746],[32.586060730991555,35.435390081005714],[32.586341103991565,35.43530806500576],[32.586343163991565,35.43530841800571],[32.5863799999916,35.43529000000575],[32.58640012699157,35.43531817800573],[32.58683132999158,35.43539205700574],[32.587330392991575,35.43576899500573],[32.58737999999158,35.43580000000572],[32.58789999999156,35.43613000000574],[32.58895999999154,35.43682000000577],[32.58963999999153,35.43720000000578],[32.590709999991546,35.437820000005765],[32.59083999999154,35.437920000005796],[32.590959999991526,35.43804000000578],[32.59108999999153,35.43824000000579],[32.591159999991504,35.43845000000577],[32.591199999991545,35.438630000005766],[32.5911899999915,35.43886000000577],[32.591139999991505,35.43914000000581],[32.59092565599146,35.43989417200577],[32.59086999999149,35.4400900000058],[32.590789999991465,35.44036000000582],[32.59063999999148,35.440760000005824],[32.590449999991456,35.44107000000579],[32.59034999999147,35.44121000000584],[32.589899999991474,35.44185000000582],[32.5890499999914,35.44298000000583],[32.58888999999143,35.44319000000587],[32.58841999999141,35.443840000005885],[32.588039999991395,35.44419000000587],[32.58771170999141,35.444411596005885],[32.58760463399142,35.44464413400587],[32.58737569599139,35.444736282005884],[32.58729999999136,35.44483000000585],[32.5869499999914,35.445360000005884],[32.58684999999136,35.44559000000588],[32.58670999999136,35.44593000000587],[32.585889999991366,35.44726000000589],[32.585670469991314,35.447795652005894],[32.585639999991365,35.44787000000595],[32.585269999991304,35.44858000000593],[32.585269999991304,35.44858000000593]]]}