{"segmentId":"5001724","streetsFileVersion":96,"polygonPointList":[[[32.037612857993636,35.34038978700457],[32.035021312993734,35.3372681530045],[32.03580653499376,35.33455556800449],[32.03741267199381,35.33127191200444],[32.037789016993834,35.330829541004476],[32.038258801993784,35.33027733700443],[32.03968747299381,35.32986436500444],[32.041017372993814,35.32947994300441],[32.04280570299382,35.329943392004466],[32.043454014993806,35.33011140300444],[32.04498910199376,35.33150218000444],[32.04619288299373,35.33419864900447],[32.04544335199369,35.337161078004556],[32.04349891999363,35.340549104004566],[32.043087685993605,35.34126564800457],[32.041017554993594,35.34333577900458],[32.03934003499366,35.341515491004586],[32.03816220199362,35.34105149600456],[32.03762088699366,35.34039945800455],[32.037612857993636,35.34038978700457],[32.037612857993636,35.34038978700457]]]}