{"segmentId":"5001474","streetsFileVersion":96,"polygonPointList":[[[32.979979999992395,35.37241000000475],[32.97961299999234,35.373511000004775],[32.97953299999235,35.37375700000477],[32.97995899999236,35.37449300000475],[32.97992713399231,35.375653453004766],[32.97991429999232,35.37612080000476],[32.979221499992306,35.37674000000479],[32.97846599999226,35.3772704000048],[32.978033999992256,35.37778540000481],[32.97791999999223,35.378782200004814],[32.977203999992234,35.37957720000481],[32.97632999999229,35.38002310000487],[32.97605399999221,35.38047200000485],[32.9753359999922,35.38103530000487],[32.97468952299221,35.38180588900489],[32.97428589999219,35.3822870000049],[32.97467385399223,35.382627371004894],[32.97508899999215,35.38299160000486],[32.9746596969922,35.38336958400487],[32.97423489999216,35.3837436000049],[32.972408799992145,35.38446960000489],[32.97073821999215,35.38610479800495],[32.96992059999217,35.38690510000492],[32.96792569999209,35.387769500004936],[32.96668059999214,35.38821280000498],[32.96554547299215,35.38844574200495],[32.965153399992126,35.38852620000496],[32.96164079999204,35.392553300005],[32.95808309999199,35.39551660000507],[32.957738999991975,35.39579500000508],[32.95757999999199,35.39603390000508],[32.957342999991944,35.39644000000506],[32.95734292599196,35.39644038600507],[32.95727799999193,35.396779000005054],[32.956786999991984,35.39716500000505],[32.95650899999195,35.39702700000505],[32.956459999991964,35.397060000005084],[32.956363999991986,35.39704000000509],[32.95636361599195,35.397039918005106],[32.956269999992,35.39702000000508],[32.95625999999195,35.39690300000509],[32.956133999992,35.396841000005075],[32.95597516199198,35.39640344600509],[32.95597499999193,35.39640300000509],[32.95559199999197,35.39535400000506],[32.95532499999205,35.39343500000504],[32.955280999992056,35.393428000005],[32.954797999992024,35.39283700000501],[32.95442399999208,35.39283100000504],[32.95434299999203,35.392831000005025],[32.95434199999204,35.39283000000503],[32.954339999992044,35.39283000000503],[32.953961999992025,35.39249800000502],[32.953526999992064,35.392119000004996],[32.95347099999206,35.39121400000499],[32.9532769999921,35.39097600000503],[32.95281299999209,35.38945200000499],[32.95202869999211,35.38887660000497],[32.95127229999212,35.38714900000497],[32.95128687399218,35.3855817550049],[32.95135009999232,35.378782500004846],[32.952176910992335,35.3749104180048],[32.95254119999238,35.37320440000479],[32.9548663999925,35.368033900004704],[32.95690452699246,35.36869321500471],[32.95863899999246,35.369254300004734],[32.95985769999247,35.36755770000471],[32.960654699992524,35.3667932000047],[32.960974912992505,35.36444952800468],[32.96119119999254,35.36286650000463],[32.96252049999257,35.36112790000459],[32.963357899992616,35.35938970000459],[32.9640216999926,35.35964460000456],[32.964403599992565,35.36040080000459],[32.96509999999262,35.3610410000046],[32.9655729999926,35.360946000004624],[32.96607499999258,35.36058500000461],[32.96607538199258,35.36058473000457],[32.966751999992574,35.36009800000459],[32.966883999992596,35.36008000000457],[32.96727999999263,35.36002000000462],[32.967281999992615,35.360026000004595],[32.96816899999261,35.359906000004564],[32.96909399999257,35.36068300000459],[32.96934399999256,35.361505000004634],[32.969529999992574,35.36211000000459],[32.96952699999254,35.36232700000462],[32.96952599999251,35.36378700000465],[32.96955999999257,35.36378000000466],[32.96959999999257,35.36380000000461],[32.96972999999252,35.36387000000466],[32.969779999992554,35.36393000000463],[32.969719999992535,35.36412000000466],[32.96962599999254,35.36418500000467],[32.96965699599252,35.364680941004664],[32.96965699999252,35.364681000004666],[32.96967299999252,35.36491900000464],[32.969547999992486,35.36533700000467],[32.969630999992496,35.36624100000468],[32.96961999999252,35.36633000000467],[32.96966999999248,35.36638000000467],[32.96994999999247,35.36690000000467],[32.970169999992486,35.3671800000047],[32.970209999992484,35.36722000000466],[32.97024999999249,35.367550000004684],[32.97022999999249,35.36772000000471],[32.97012999999246,35.367980000004685],[32.97000999999246,35.36821000000467],[32.97003999999246,35.36823000000468],[32.970239999992465,35.36794000000467],[32.97025999999246,35.36799000000472],[32.970099999992456,35.368470000004706],[32.970099999992456,35.368570000004674],[32.97030999999242,35.3693500000047],[32.97027999999246,35.369380000004696],[32.970169999992464,35.369440000004715],[32.970119999992434,35.36952000000474],[32.969999999992396,35.36948000000472],[32.97000999999246,35.369410000004734],[32.970109999992424,35.36930000000472],[32.97002999999246,35.368980000004726],[32.96998999999245,35.369130000004695],[32.96992999999242,35.36916000000473],[32.96970999999246,35.369170000004694],[32.96961999999247,35.36916000000473],[32.969639999992424,35.36922000000469],[32.96960999999243,35.36937000000471],[32.96953999999243,35.37018000000472],[32.96951599999242,35.37025200000471],[32.969449999992406,35.37087800000474],[32.96966299999239,35.37158100000473],[32.96987999999241,35.37163000000472],[32.969743999992396,35.371902000004724],[32.96996599999238,35.37216400000474],[32.970309999992374,35.372816000004754],[32.970429999992426,35.37275000000475],[32.97074999999241,35.37260000000473],[32.971099999992376,35.37244000000474],[32.97122999999238,35.37239000000475],[32.971632999992416,35.37230200000474],[32.972296999992366,35.37196400000474],[32.972339999992386,35.37190000000472],[32.97264999999239,35.371640000004746],[32.97277999999243,35.371580000004734],[32.97295999999242,35.371530000004746],[32.97330999999238,35.371360000004714],[32.97352999999239,35.37125000000471],[32.97377999999238,35.37109000000471],[32.97425999999242,35.37086000000472],[32.9745649999924,35.37072800000471],[32.97474099999241,35.370587000004726],[32.9749029999924,35.37057000000471],[32.97490341699245,35.37056995900475],[32.975024999992435,35.37055800000474],[32.97514999999241,35.3705300000047],[32.9752919999924,35.3705300000047],[32.976492999992416,35.37040500000472],[32.97718499999244,35.37000900000469],[32.978006999992424,35.37000400000471],[32.978019999992455,35.37000000000473],[32.9781899999924,35.3699600000047],[32.97844999999242,35.37000000000473],[32.978899999992414,35.36991000000472],[32.97890599999245,35.36999800000473],[32.97904099999242,35.36999700000473],[32.979230999992375,35.370662000004714],[32.979269999992404,35.370790000004725],[32.979539999992404,35.370850000004744],[32.97968999999241,35.37086000000472],[32.97983999999237,35.37084000000471],[32.97986999999242,35.37102000000472],[32.97984999999241,35.3710700000047],[32.97977999999241,35.37109000000471],[32.979760999992415,35.37115600000472],[32.9797629999924,35.37115600000472],[32.9799029999924,35.37198200000474],[32.979979999992395,35.37241000000475],[32.979979999992395,35.37241000000475]]]}