{"segmentId":"5001142","streetsFileVersion":96,"polygonPointList":[[[32.63668123799208,35.40646859600526],[32.63659235199205,35.4072791910053],[32.63712999999209,35.4073800000053],[32.637049999992016,35.408630000005346],[32.636916742991986,35.409170430005354],[32.63686999999203,35.40936000000533],[32.63611999999204,35.40962000000537],[32.63582999999201,35.40990000000534],[32.63568999999201,35.40977000000533],[32.63562048399203,35.40913567000535],[32.635609999992035,35.40904000000534],[32.635579999992046,35.40881000000535],[32.63530999999203,35.408890000005314],[32.635289999992054,35.40856000000535],[32.635319999992035,35.4084000000053],[32.63530999999203,35.40811000000535],[32.635329999992074,35.40797000000531],[32.63537896799207,35.40785247700533],[32.634568958992034,35.407422313005306],[32.634361307992066,35.40733292900532],[32.63429999999206,35.40743000100534],[32.634259999992054,35.40761000000529],[32.634239999992026,35.40770000000529],[32.634269999992085,35.4078100000053],[32.634219999992034,35.40806000000531],[32.634149999992026,35.40807000000533],[32.634129999992,35.40783000000532],[32.63399999999207,35.40776000000531],[32.63389999999205,35.40782000000534],[32.63383999999208,35.407910000005344],[32.63375999999207,35.40785000000531],[32.63383999999208,35.40753000000533],[32.6338199999921,35.40741000000529],[32.63365289999208,35.407340855005295],[32.6334739959921,35.4075033160053],[32.63166075999206,35.40768008100528],[32.63157916299203,35.40717905000528],[32.63302756799207,35.40693189000532],[32.633085086992075,35.406388093005276],[32.6329899999921,35.40613000000532],[32.63173999999208,35.4054800000053],[32.6315999999921,35.405040000005265],[32.631649999992064,35.405010000005284],[32.6316899999921,35.40492000000529],[32.63172999999212,35.40472000000528],[32.63159881699211,35.404290672005274],[32.63150999999212,35.40400000000526],[32.631549999992124,35.40388000000528],[32.63160961399217,35.40372693700526],[32.63161136699213,35.40372243700526],[32.63160983699212,35.40371530900527],[32.63140960099212,35.402782359005265],[32.631092076992154,35.40257297400526],[32.63104573399215,35.40209985300522],[32.631340829992155,35.40159965800524],[32.63166496699219,35.4008370690052],[32.63184891399218,35.40040430200519],[32.63168066799218,35.400017319005194],[32.631661229992226,35.39997260800519],[32.63168195199221,35.399950301005205],[32.632073954992244,35.39952830600519],[32.6333131229922,35.400403810005216],[32.634991764992165,35.4006476730052],[32.63507290799217,35.40145480200522],[32.63635622399215,35.40137413500519],[32.636439959992195,35.40052561800523],[32.63686378699217,35.40051262900521],[32.63702665899218,35.40175126200524],[32.63730708899213,35.40308755400522],[32.63721221799211,35.40438170600525],[32.63668847199207,35.406249035005274],[32.63668123799208,35.40646859600526],[32.63668123799208,35.40646859600526]]]}