{"segmentId":"5001572","streetsFileVersion":96,"polygonPointList":[[[33.05672751099421,35.25334443600342],[33.05653715399421,35.25060329700337],[33.056610145994185,35.25023833500338],[33.05661022199425,35.250237957003336],[33.05678461799422,35.24936597700332],[33.05698931199423,35.24922439600334],[33.058323273994205,35.248301730003334],[33.05846574499423,35.24820318600336],[33.05853462699422,35.24810068000334],[33.05917118799424,35.24759509100334],[33.06005729499423,35.24689129800331],[33.06196999999425,35.2450100000033],[33.06217999999429,35.24520000000334],[33.06229999999428,35.245330000003285],[33.06242999999426,35.24549000000335],[33.062529999994254,35.24566000000331],[33.062609999994265,35.245820000003306],[33.06265999999426,35.24604000000332],[33.06268999999421,35.24625000000331],[33.062699999994265,35.24659000000331],[33.062699999994265,35.24707000000335],[33.06270999999425,35.24744000000332],[33.062729999994225,35.247700000003356],[33.06281999999423,35.24860999900335],[33.06290194799422,35.24937485200338],[33.062909999994226,35.249450001003375],[33.0629299999942,35.24961000000339],[33.06293999999419,35.249750000003374],[33.063066394994216,35.25098401100339],[33.05904986499418,35.25389647100342],[33.05822725099418,35.2536157930034],[33.05717290099419,35.253256045003404],[33.05672751099421,35.25334443600342],[33.05672751099421,35.25334443600342]]]}