{"segmentId":"5001649","streetsFileVersion":96,"polygonPointList":[[[33.224425799986584,35.615084100008744],[33.224004199986474,35.61629700000876],[33.223822008986474,35.61824161800884],[33.22377999998641,35.61869000000885],[33.22381999998642,35.619050000008855],[33.22385999998642,35.61934000000887],[33.223899999986436,35.619610000008876],[33.223959999986384,35.61992000000884],[33.224019999986396,35.62018000000887],[33.22409999998643,35.6204900000089],[33.22424999998636,35.62105000000886],[33.22434999998638,35.62141000000886],[33.224419999986345,35.62167000000889],[33.224489999986346,35.62197000000888],[33.22453999998634,35.62224000000889],[33.22456999998631,35.62247000000894],[33.22458999998631,35.62268000000892],[33.22459999998632,35.62290000000894],[33.22460999998629,35.62315000000894],[33.22459999998632,35.62336000000893],[33.22458999998628,35.62350000000892],[33.22456999998628,35.62373000000896],[33.22454999998631,35.623900000008945],[33.224519999986285,35.62407000000897],[33.22447999998626,35.62427000000892],[33.22442999998624,35.62449000000893],[33.224379999986255,35.62470000000898],[33.22430999998626,35.624940000008955],[33.22423999998627,35.62515000000899],[33.224149999986246,35.62541000000897],[33.22390999998621,35.62609000000897],[33.22382999998625,35.626330000009],[33.22375999998618,35.62655000000901],[33.223709999986184,35.62674000000899],[33.22366999998618,35.62690000000899],[33.22361999998619,35.627140000009014],[33.22357999998618,35.62741000000902],[33.22354999998616,35.62766000000903],[33.223529999986134,35.62794000000901],[33.223519999986166,35.62826000000906],[33.223529999986134,35.62848000000901],[33.22354999998613,35.628700000009026],[33.22357999998612,35.62893000000903],[33.22358499998615,35.62896199900907],[33.223609999986145,35.62912000000906],[33.22365999998612,35.629390000009074],[33.22373999998612,35.629820000009076],[33.22388999998609,35.630570000009065],[33.223979999986064,35.63096000000912],[33.22404999998605,35.6312400000091],[33.223991999986076,35.63135100000911],[33.224009999986094,35.631432000009134],[33.22392099998608,35.631477000009134],[33.22383999998604,35.63161000000914],[33.22364999998608,35.63171000000913],[33.223029999986046,35.63213000000914],[33.222739999986004,35.63238000000914],[33.222599999986016,35.63254000000915],[33.22232999998602,35.632880000009145],[33.22209699998603,35.63324300000915],[33.22209649198601,35.63324378300916],[33.22205999998603,35.63330000000917],[33.221649999986006,35.633960000009175],[33.22149999998599,35.63379000000914],[33.221409999985994,35.63367000000916],[33.22137499998604,35.63360700000915],[33.221313999986,35.633676000009146],[33.220917999986014,35.63291500000912],[33.220631999986,35.632782000009165],[33.22044899998601,35.63249600000914],[33.22053899998603,35.63229200000915],[33.22010399998603,35.63198500000911],[33.21924899998605,35.631706000009125],[33.21920899998604,35.631274000009135],[33.218886999986125,35.629952000009084],[33.218831999986136,35.62993900000907],[33.21856999998611,35.62999000000911],[33.21833999998612,35.63027000000909],[33.21830999998608,35.63020000000909],[33.21826999998613,35.63015000000911],[33.21805999998608,35.63000000000908],[33.217819999986155,35.62983000000905],[33.21752999998615,35.62951000000905],[33.217259999986126,35.62915000000905],[33.21719999998614,35.628990000009054],[33.21717000098613,35.62877000800906],[33.217089999986165,35.628170000009064],[33.21704999998616,35.62804000000905],[33.21688999998616,35.62789000000902],[33.21672999998617,35.62774000000905],[33.2163199999862,35.627520000009035],[33.216305999986176,35.62751300000906],[33.216176999986196,35.62774900000903],[33.2158139999862,35.627534000009],[33.21590099998618,35.62727400000903],[33.216159999986196,35.62738800000902],[33.2163689999862,35.62708200000899],[33.2163699999862,35.62707000000903],[33.216349999986186,35.62706000000899],[33.21656999998623,35.62632000000903],[33.21600999998622,35.62588000000899],[33.21601999998625,35.62536000000898],[33.21605999998624,35.625220000008994],[33.21591999998624,35.62520000000899],[33.2161299999863,35.624980000008975],[33.21614899998624,35.624951000008984],[33.21626699998629,35.62451900000899],[33.2165959999863,35.62348300000897],[33.21694399998633,35.62325500000891],[33.21714199998632,35.6224850000089],[33.21750199998629,35.622471000008936],[33.21791999998634,35.622004000008914],[33.21801799998635,35.62145200000888],[33.217717999986355,35.62082500000884],[33.217946999986374,35.62055500000885],[33.21794999998636,35.62055000000885],[33.21795699998642,35.62054300000887],[33.2183669999864,35.62006000000883],[33.21820199998646,35.61901400000883],[33.21852699998648,35.618084000008835],[33.21852706998646,35.6180837990088],[33.21858399998651,35.61792000000878],[33.21858849998651,35.61734200000881],[33.218635899986474,35.61697200000878],[33.2178395999865,35.61632310000877],[33.21793439998652,35.61588360000879],[33.21827789998651,35.61507920000873],[33.21858559998656,35.61429610000874],[33.218985499986545,35.61423210000872],[33.21918509998659,35.61455550000874],[33.22001499998656,35.614858900008755],[33.22077239998654,35.61506800000877],[33.221727299986526,35.615234200008736],[33.22223029998654,35.61552220000875],[33.22247983898659,35.615081474008775],[33.22289383598653,35.61435028900876],[33.222893999986574,35.61435000000874],[33.22433159998654,35.61432860000876],[33.22431089998656,35.61388110000874],[33.22446959998663,35.61313310000868],[33.22507439998661,35.6126243000087],[33.225781299986636,35.61237910000869],[33.22671093998661,35.612467313008665],[33.226943699986606,35.61248940000871],[33.227186399986586,35.612967700008724],[33.22706159998659,35.6139671000087],[33.22663249998652,35.615021700008754],[33.225487099986566,35.615199900008754],[33.22470026298653,35.615114047008774],[33.224425799986584,35.615084100008744],[33.224425799986584,35.615084100008744]]]}