{"segmentId":"5001198","streetsFileVersion":96,"polygonPointList":[[[32.68220193398577,35.6662507850102],[32.681868808985826,35.6656559200102],[32.68187256298582,35.6656486370102],[32.68117866698586,35.66459571901015],[32.68113666298587,35.66453198201014],[32.681179781985875,35.66451227701015],[32.681750971985856,35.66425124001017],[32.68172604198586,35.663895118010124],[32.6829541149859,35.66218760101008],[32.68301085398591,35.66180555701008],[32.683224805985965,35.66154430001009],[32.683349053985985,35.66154493201006],[32.68346411298597,35.66162947501008],[32.68352578398593,35.66175571101011],[32.68376941698589,35.66308975501012],[32.684500260985835,35.66466768301018],[32.6857484579858,35.66553465901019],[32.6860759809858,35.665767232010204],[32.68610230098581,35.665851313010215],[32.68613223998579,35.666399446010224],[32.68615218598581,35.66676461201023],[32.686107348985765,35.66689033401023],[32.684510010985726,35.668201943010246],[32.6837868539858,35.666886649010216],[32.6831529539858,35.6666232340102],[32.68268018298581,35.66629678701024],[32.682586387985836,35.666232022010185],[32.682312628985756,35.6662453830102],[32.682258135985784,35.66624804201022],[32.68220193398577,35.6662507850102],[32.68220193398577,35.6662507850102]]]}