{"segmentId":"5001218","streetsFileVersion":96,"polygonPointList":[[[32.726787999994215,35.266211000003594],[32.72646199999419,35.26604800000361],[32.726439999994184,35.26613000000357],[32.72677999999423,35.26715000000362],[32.7265499999942,35.268080000003614],[32.7261799999942,35.26882000000362],[32.72578999999421,35.26820000000358],[32.7254799999942,35.26776000000362],[32.72529099999418,35.26753100000363],[32.72521699999419,35.26761200000359],[32.724611999994195,35.26705200000358],[32.72454299999419,35.26698900000357],[32.724338999994224,35.2666620000036],[32.724338853994205,35.26666176700361],[32.72407899999424,35.26624700000362],[32.72390899999423,35.26597500000356],[32.72266999999422,35.266270000003615],[32.722222999994194,35.26723300000359],[32.722159999994176,35.267370000003574],[32.721622999994224,35.2675620000036],[32.72131999999419,35.26767000000362],[32.72125599999418,35.2677860000036],[32.7211339999942,35.268008000003626],[32.72083999999421,35.26854000000359],[32.720775999994174,35.26868100000363],[32.72041999999417,35.269470000003636],[32.72026999999415,35.269910000003605],[32.72016999999418,35.270070000003614],[32.72007999999418,35.27010000000365],[32.719689999994195,35.27064000000365],[32.71965699999416,35.27060900000362],[32.71943999999419,35.27040000000364],[32.71930999999419,35.270220000003626],[32.71925999999419,35.26999000000364],[32.71836299999418,35.270492000003635],[32.718327999994145,35.270707000003654],[32.71794499999413,35.27124100000362],[32.717379099994176,35.27146880000363],[32.71706399999417,35.27120500000365],[32.71699999999413,35.27117000000363],[32.71699399999416,35.271156000003664],[32.71693699999415,35.27111700000365],[32.71658469999415,35.27073920000362],[32.716149099994176,35.26935800000364],[32.71589299999422,35.26908400000365],[32.71584299999422,35.26895500000362],[32.7158299999942,35.268950000003635],[32.71568899999419,35.26883800000364],[32.71528603599421,35.268596022003614],[32.71528599999419,35.268596000003626],[32.715005999994226,35.268428000003595],[32.71467899999419,35.268570000003635],[32.71419199999415,35.26909800000361],[32.713739999994175,35.269963000003656],[32.71286099999413,35.270696000003625],[32.71224499999417,35.27086700000366],[32.71212799999418,35.27024000000364],[32.712400999994166,35.27003400000364],[32.712379999994184,35.269680000003625],[32.712529999994224,35.26958000000365],[32.712657999994164,35.26956200000364],[32.71265399999415,35.26953900000364],[32.71304499999419,35.2693050000036],[32.71306399999417,35.269275000003624],[32.7131399999942,35.26898000000362],[32.71320999999419,35.26898000000362],[32.71328299999416,35.26893900000362],[32.713392999994205,35.26877100000363],[32.71422799999421,35.26733200000362],[32.71485499999423,35.2656440000036],[32.71471999999423,35.265600000003595],[32.71448999999426,35.26535000000361],[32.714349999994226,35.265360000003575],[32.7140799999942,35.26531000000358],[32.71412999999424,35.26520000000358],[32.714139999994224,35.26518000000357],[32.71408999999426,35.26516000000356],[32.714039999994256,35.265110000003574],[32.713849999994224,35.26498000000356],[32.713382999994266,35.26478820000358],[32.71240799999419,35.265517700003564],[32.71146919999425,35.265689400003566],[32.71118029999421,35.26448780000356],[32.71104669999429,35.26289050000353],[32.710894999994295,35.26201200000352],[32.71083004099432,35.26182611900353],[32.71082999999427,35.26182600000353],[32.710406999994305,35.260610000003524],[32.710110999994306,35.25970700000353],[32.70997099999433,35.25872600000349],[32.71000799999435,35.25791100000349],[32.710056999994336,35.257822000003486],[32.71005999999433,35.25776000000353],[32.71020539999436,35.25641970000347],[32.70984429999438,35.25427390000346],[32.71110809999437,35.25350140000347],[32.71254549999435,35.25416780000348],[32.713821999994366,35.25450300000348],[32.71386799999436,35.25447900000348],[32.7136869999944,35.254180000003494],[32.71400899999437,35.253936000003485],[32.7141719999944,35.25414600000346],[32.71413499999439,35.25451400000344],[32.7143959999944,35.254809000003505],[32.71471999999438,35.2549900000035],[32.715029999994385,35.25552000000348],[32.71544999999434,35.25556000000349],[32.715522965994346,35.25546804300349],[32.71552299999437,35.255468000003496],[32.715869999994375,35.25503000000346],[32.71592999999441,35.2549900000035],[32.71652999999437,35.2545400000035],[32.71717999999436,35.25437000000347],[32.71719999999439,35.254300000003475],[32.717249999994394,35.254230000003474],[32.71725399999435,35.25422300000344],[32.717417999994424,35.25353100000348],[32.7178959999944,35.25286300000346],[32.717927999994394,35.252764000003474],[32.71795799999442,35.25277500000345],[32.71808299999441,35.25260000000343],[32.718571999994396,35.25245600000345],[32.718978999994405,35.25284100000345],[32.71907299999437,35.253190000003485],[32.71917999999441,35.25315000000347],[32.719439999994414,35.253220000003466],[32.719519999994404,35.25325000000344],[32.71957999999439,35.253300000003435],[32.71963999999438,35.253280000003485],[32.71956999999437,35.253880000003456],[32.71938299999437,35.25433300000345],[32.71945299999436,35.25459100000349],[32.719899999994354,35.254780000003464],[32.71999999999434,35.25503000000345],[32.720129999994356,35.25536000000348],[32.72042399999435,35.255707000003454],[32.720452999994386,35.255683000003465],[32.72103799999438,35.25633200000348],[32.72106799999437,35.25645700000351],[32.72131999999435,35.25675000000352],[32.721175999994365,35.256900000003476],[32.72119999999436,35.256998000003506],[32.72121199999434,35.25700900000348],[32.72149999999432,35.25695000000351],[32.72172999999432,35.25751000000348],[32.72177699999433,35.25750900000348],[32.72214799999436,35.25740200000352],[32.72228199999433,35.257495000003516],[32.722479999994384,35.25749000000353],[32.722869999994316,35.257770000003504],[32.72289999999431,35.257680000003496],[32.72294999999431,35.25745000000351],[32.723079999994305,35.2577900000035],[32.723079999994305,35.25792000000352],[32.72315399999434,35.25798800000352],[32.72424199999432,35.25821900000351],[32.72441999999434,35.25808000000352],[32.72449369499432,35.25808498400351],[32.72449399999432,35.258085000003504],[32.72463619999436,35.25799330000352],[32.72500999999434,35.25812000000353],[32.725459999994335,35.2584500000035],[32.7262299999943,35.2587200000035],[32.72619999999433,35.258980000003525],[32.72615999999432,35.259310000003495],[32.725649999994296,35.259380000003546],[32.725475999994316,35.25940400000354],[32.72543499999431,35.26023000000352],[32.72490499999427,35.26180300000354],[32.724799625994265,35.262178916003535],[32.72468999999428,35.26257000000354],[32.72498999999425,35.26294000000359],[32.72609999999424,35.26229000000357],[32.72631999999427,35.26260000000357],[32.72655999999427,35.263250000003524],[32.72647999999421,35.26447000000359],[32.72657499999421,35.26531700000356],[32.72684799999424,35.2653700000036],[32.726787999994215,35.266211000003594],[32.726787999994215,35.266211000003594]]]}