{"segmentId":"5001225","streetsFileVersion":96,"polygonPointList":[[[32.706040999987835,35.59346300000852],[32.70534669998786,35.593665700008515],[32.70544889998786,35.59458540000853],[32.70476649998784,35.59463220000854],[32.70431919998781,35.59464750000857],[32.70420599998784,35.59382600000852],[32.7039520459879,35.5922772820085],[32.70395199998791,35.59227700000847],[32.70338699998803,35.58883800000845],[32.704244999988,35.58868500000843],[32.70425099998798,35.588451000008455],[32.70445299998801,35.58763000000841],[32.704544999988016,35.58743900000843],[32.70523399998809,35.58501200000836],[32.70571399598811,35.583107016008306],[32.70576505498809,35.582904640008294],[32.70576557398813,35.58290258000831],[32.70576596398816,35.5829010320083],[32.70576609098814,35.582900527008306],[32.70581555798813,35.582704461008305],[32.70581695098814,35.5826989410083],[32.705823999988155,35.58267100000831],[32.706208856988106,35.58277571000834],[32.706242806988115,35.582784947008314],[32.70624299998812,35.582785000008315],[32.706184999988125,35.583323000008335],[32.70618498498813,35.58332314200831],[32.7060909999881,35.58419300000832],[32.70603509798804,35.58465687900837],[32.70593999998807,35.58544600000836],[32.705631040988,35.588007660008444],[32.70563099998799,35.58800800000843],[32.705615976987986,35.588131942008445],[32.70561593098804,35.58813232000843],[32.705586999987965,35.58837100000842],[32.70565499998795,35.58880800000841],[32.705677245987964,35.588891969008415],[32.70604099998792,35.59026500000846],[32.706078999987895,35.59108400000851],[32.70611356698789,35.59136553300848],[32.706168999987874,35.5918170000085],[32.70623399998787,35.59234300000848],[32.706234037987876,35.59234330800852],[32.706268999987884,35.592625000008525],[32.706040999987835,35.59346300000852],[32.706040999987835,35.59346300000852]]]}