{"segmentId":"5001091","streetsFileVersion":96,"polygonPointList":[[[32.564723230993614,35.31779833100419],[32.56484132499357,35.31803009400418],[32.56587117199361,35.31819522400421],[32.56587580299357,35.31941982200419],[32.56566893799356,35.319679832004226],[32.565580520993585,35.31994993000422],[32.56548564299355,35.320298619004184],[32.56509216499357,35.32154359200425],[32.56503630599351,35.32161241800421],[32.56502771299354,35.32163866800422],[32.56500123799353,35.32165562600422],[32.56468515999352,35.32204507800421],[32.564654116993516,35.32208332700421],[32.56370523199356,35.32267293400421],[32.56337834899353,35.32315689600426],[32.563066957993485,35.32413414900423],[32.56277605399348,35.324639162004246],[32.56181039199347,35.32539565900426],[32.560929533993445,35.32612154400427],[32.56088429799352,35.32615882100426],[32.55997646099351,35.3270610060043],[32.55952812899347,35.32704742400429],[32.558714053993484,35.325867104004274],[32.55938264899349,35.32468878400426],[32.5594391559935,35.324207545004235],[32.559312046993526,35.32392460400427],[32.558884175993484,35.32379769200423],[32.55736622199352,35.323380557004256],[32.55737228599351,35.32334450000426],[32.557309999993485,35.323290000004235],[32.55738999999352,35.32298000000422],[32.55748999999351,35.322420000004264],[32.55752999999353,35.32213000000425],[32.55756355499356,35.32186155800426],[32.55768999999355,35.32085000000423],[32.55774999999357,35.32039000000419],[32.55779999999358,35.32002000000421],[32.55781999999356,35.31984000000421],[32.55793999999357,35.3198700000042],[32.55795634599352,35.319871506004176],[32.55799848499354,35.31962093300422],[32.55845656899355,35.319621518004226],[32.55944907199359,35.31962278700422],[32.559682778993604,35.31790329500419],[32.561080810993644,35.31793626800417],[32.562437486993595,35.31796826600417],[32.56336677999356,35.317656736004196],[32.5643301439936,35.31722925200418],[32.564723230993614,35.31779833100419],[32.564723230993614,35.31779833100419]]]}