{"segmentId":"5001393","streetsFileVersion":96,"polygonPointList":[[[32.89956133399165,35.41625986700537],[32.8995597559916,35.41718685300535],[32.8995597559916,35.4171869670054],[32.89955803799164,35.41819697200537],[32.89931831899158,35.41853139800536],[32.89851390899159,35.41854236600539],[32.897610701991624,35.418577101005376],[32.89748832599155,35.41940835500538],[32.897424021991576,35.41998706200544],[32.89742438799156,35.41999573200544],[32.89732385599159,35.4215545900054],[32.897071423991505,35.42294554700544],[32.896747551991545,35.42395438100546],[32.89653026699149,35.42522835700549],[32.8960002949915,35.426851480005496],[32.895980205991435,35.42691300500553],[32.895821734991436,35.42684660800552],[32.89563514899146,35.426768431005485],[32.89560595099144,35.42684072000549],[32.89546696399144,35.42718483500551],[32.89498698199143,35.42682383100549],[32.89442469599146,35.42640092500551],[32.894347831991475,35.42636614500548],[32.894295266991485,35.42630357900549],[32.893943595991445,35.426039081005506],[32.893385802991496,35.424709841005466],[32.892828006991515,35.423380626005454],[32.89278696799155,35.42220588700547],[32.893037604991584,35.42141863600544],[32.89276959799151,35.42159083800542],[32.885803506991486,35.4260667580055],[32.88588999999149,35.42648000000548],[32.88581866999147,35.42657374900551],[32.885742108991465,35.42667437100551],[32.88568278299145,35.427181979005525],[32.88521912499145,35.4275022770055],[32.88522278999146,35.42751804300555],[32.88523999999145,35.427580000005506],[32.88523742499147,35.42758100800553],[32.885237924991465,35.42758315900552],[32.884923480991446,35.42770651000554],[32.88431783499144,35.42812489500554],[32.88381327599145,35.428720349005545],[32.8836129559914,35.42877916500553],[32.88277866999143,35.42902412100555],[32.88277252899144,35.429043147005565],[32.882172010991404,35.43091199200558],[32.88177472899136,35.431767348005586],[32.881459999991385,35.432450000005616],[32.88145820199135,35.43244883700559],[32.88114277299137,35.433127961005574],[32.880898418991336,35.433997815005625],[32.880612682991305,35.434341216005635],[32.88059999999134,35.43443000000565],[32.88050999999134,35.434500000005656],[32.880474685991345,35.43450706300565],[32.88031012399132,35.434704836005615],[32.87988561199133,35.43501291200563],[32.879450780991334,35.43502467800563],[32.87934748399132,35.43499089800561],[32.87933999999132,35.43499000000561],[32.87933384999135,35.43498643900564],[32.879068926991295,35.43489980500563],[32.879037823991354,35.434899724005625],[32.87877633899133,35.434866440005656],[32.878570036991306,35.43476800600565],[32.878419521991326,35.434278249005615],[32.87830128899129,35.43425526100561],[32.87815597499129,35.434210121005606],[32.877597038991354,35.43403793500562],[32.877579999991354,35.43404000000561],[32.87758125899137,35.434033073005644],[32.877579108991355,35.43403241100561],[32.877609232991325,35.4338792160056],[32.87763999999134,35.43371000000564],[32.87816139099135,35.43244261900558],[32.87803726099137,35.43178005400559],[32.87802999999133,35.43177000000557],[32.87757328299139,35.43156701500557],[32.87721605099139,35.431410009005575],[32.87730499599142,35.42987838000556],[32.877422587991425,35.429189188005566],[32.877147003991446,35.428059771005536],[32.87712273599144,35.42792927900555],[32.87674999999146,35.42791000000554],[32.87696999999144,35.4274000010055],[32.87662999999145,35.426890000005535],[32.87685999999151,35.426530000005535],[32.87686099699146,35.42652846600549],[32.87677235999151,35.42641871200551],[32.876696710991524,35.426325043005534],[32.8762724359915,35.425799699005495],[32.87622999999151,35.425789999005524],[32.87610999999147,35.42571000000548],[32.87595999999151,35.425520000005505],[32.875759999991516,35.425400000005475],[32.87564999999151,35.425400000005475],[32.87541999999152,35.42544000100547],[32.874929999991515,35.42535000000548],[32.874678853991476,35.4244988950055],[32.87456999999154,35.424130000005476],[32.87416999999154,35.42384000100545],[32.87421999999153,35.42382000000545],[32.87449999999157,35.4235100000055],[32.8746299999915,35.42329000000548],[32.87470833299157,35.42297666900544],[32.87473999999152,35.42285000000545],[32.874839999991565,35.42259000000548],[32.87485960999154,35.42241351600547],[32.87477668199157,35.42205972700543],[32.87472703199156,35.42201106900545],[32.87458375799154,35.42187065700545],[32.87439999999154,35.421890000005476],[32.87432999999156,35.42191000000542],[32.87434922799153,35.421640812005464],[32.874045436991594,35.421343090005436],[32.87356360399157,35.420610407005405],[32.87326999999159,35.420170000005406],[32.873159999991614,35.4197900000054],[32.87282999999164,35.419870000005425],[32.872789999991625,35.419630000005405],[32.87269999999163,35.419380000005404],[32.87274999999162,35.41894999900541],[32.872839999991626,35.41879000000541],[32.87304999999162,35.4186800000054],[32.87324683899162,35.41864063200541],[32.873725653991634,35.41776192500537],[32.87407450399168,35.41756184900536],[32.87439669999162,35.417416730005414],[32.87441999999165,35.4174600000054],[32.87481863999167,35.417280612005406],[32.875419999991706,35.41701000000539],[32.87558967499166,35.41693997500537],[32.87623121599168,35.41684651700539],[32.87653417099168,35.41690913500534],[32.87703233999162,35.41701217500535],[32.877076854991635,35.41700349300536],[32.87711999999165,35.41704000000536],[32.877339999991676,35.41715000000538],[32.877579999991696,35.41717000000538],[32.877709999991644,35.41715000000538],[32.877849999991625,35.41710000000539],[32.87807999999168,35.4169600000054],[32.878289999991644,35.41681000000537],[32.87872999999169,35.4165300000054],[32.878549999991705,35.41637000000534],[32.878249999991674,35.416020000005375],[32.878119999991654,35.415830000005336],[32.878038163991654,35.41567542000538],[32.87801693199165,35.41563531600538],[32.877940649991665,35.41513806200533],[32.87793354799168,35.415091769005365],[32.87827950099171,35.41461315400534],[32.878624973991705,35.41415440900532],[32.878494669991724,35.413824568005325],[32.87748657399172,35.41335611900534],[32.8770799999917,35.41339000000532],[32.876169999991745,35.41307999900531],[32.87608990299172,35.41302817300531],[32.87599861199173,35.4129738060053],[32.87601323299173,35.41285421600529],[32.876039999991725,35.41262000000532],[32.87604272699173,35.41235822400532],[32.87604340099175,35.411952690005336],[32.8760447539918,35.4111357150053],[32.87621853199179,35.410268072005294],[32.87690885299176,35.409707993005256],[32.877256542991795,35.40926023200528],[32.87737999999182,35.40910000000523],[32.877381424991825,35.40909940600526],[32.8773838139918,35.409096330005276],[32.87746948399182,35.40906271500528],[32.87749501499184,35.40905207700528],[32.877567098991804,35.40832410700526],[32.877609999991854,35.40786000000523],[32.87769130999183,35.40742092600523],[32.87780663699187,35.4067711580052],[32.87811595899188,35.40567845300524],[32.8785627339919,35.405003368005204],[32.879079361991884,35.404222734005174],[32.87954067799192,35.404223769005206],[32.88080865199188,35.40463665200523],[32.88170839099192,35.4029455560052],[32.881759129991906,35.40223995900516],[32.88154999999194,35.402230001005194],[32.88154999999194,35.402170000005185],[32.88161999999193,35.40209000000516],[32.88161999999193,35.40196000000514],[32.881699999991895,35.40199000000518],[32.88177924099195,35.40196028500514],[32.881784906991925,35.401881484005166],[32.88178999999192,35.401800000005146],[32.882479999991936,35.40124000000513],[32.882909999991945,35.40109000000516],[32.883109999991945,35.40045000000512],[32.88329999999198,35.39987000000516],[32.88330106799194,35.39986866100511],[32.88330156499199,35.39986709900515],[32.88385028899201,35.399178683005125],[32.884183676992016,35.399225907005146],[32.88476739799201,35.39930859100515],[32.88532762499197,35.39925875700511],[32.88593235599201,35.3982898110051],[32.887095628991986,35.39834341400513],[32.887718901992045,35.397852881005115],[32.887839999991996,