{"segmentId":"5001309","streetsFileVersion":96,"polygonPointList":[[[32.79023999999348,35.313450000004075],[32.78967499999348,35.313664000004096],[32.78966099999349,35.313671000004085],[32.788872999993465,35.31450700000409],[32.78886999999346,35.31451000000408],[32.78839489999352,35.31442170000407],[32.787444999993475,35.31373000000411],[32.786610999993485,35.31327300000407],[32.78661074899347,35.31327286300409],[32.78642999999351,35.31317400000409],[32.78603299999349,35.31299800000407],[32.78600499999351,35.31296800000409],[32.785999999993514,35.312970000004086],[32.78592999999352,35.31300000000406],[32.785789999993526,35.313180000004074],[32.785609999993525,35.313180000004074],[32.785539999993475,35.31310000000411],[32.7858999999935,35.31239000000406],[32.78602999999351,35.312050000004064],[32.78614999999354,35.31162000000407],[32.786218999993565,35.311370000004075],[32.786232999993516,35.31130500000406],[32.78614799999351,35.310380000004066],[32.786054999993524,35.30932000000405],[32.786054999993524,35.309048000004054],[32.785999999993564,35.308820000004005],[32.785999999993564,35.30861000000401],[32.786009999993546,35.308490000004035],[32.7859499999936,35.308310000004035],[32.78594699999358,35.30822700000402],[32.78587799999353,35.308017000004035],[32.78594399999355,35.30799400000402],[32.785957999993585,35.30780800000404],[32.785945999993544,35.307573000004],[32.7859779999936,35.307486000004005],[32.78590999999359,35.30709000000403],[32.78629999999358,35.30696000000402],[32.78655999999361,35.306830000004],[32.78669999999361,35.306770000003986],[32.78673099999358,35.306756000004015],[32.786731088993584,35.30675595900399],[32.786809999993615,35.306720000003985],[32.7871899999936,35.30660000000401],[32.78743999999361,35.30655000000402],[32.78760799999358,35.306512000004005],[32.7877099999936,35.30647400000399],[32.787710190993565,35.30647392900399],[32.78797499999364,35.30637500000401],[32.787979999993595,35.30639000000403],[32.787980999993614,35.30639300000402],[32.78799199999359,35.30643200000398],[32.78803699999358,35.306482000004024],[32.788037337993586,35.306482377004016],[32.78807999999359,35.306530000004024],[32.78832499999356,35.30758600000404],[32.788342999993596,35.30764900000399],[32.7885129999936,35.30818000000402],[32.78900999999362,35.30818000000402],[32.789819999993604,35.308160000004015],[32.789829999993565,35.308250000004016],[32.78983999999355,35.30854000000402],[32.789849999993564,35.308640000004004],[32.789879999993566,35.30910000000404],[32.78991999999354,35.309610000004064],[32.78991999999354,35.30983000000402],[32.78991199999359,35.309877000004015],[32.78993399999357,35.31013300000406],[32.789939999993535,35.31016000000404],[32.78999999999357,35.31044000000402],[32.7901099999935,35.31077000000404],[32.79014999999353,35.310880000004055],[32.790179999993555,35.31102000000404],[32.79018999999351,35.311330000004055],[32.7901999999935,35.31149000000405],[32.79021999999351,35.31178000000406],[32.790199999993476,35.31247000000409],[32.79021999999348,35.31271000000406],[32.79031999999352,35.31341000000406],[32.79023999999348,35.313450000004075],[32.79023999999348,35.313450000004075]]]}