{"segmentId":"5001380","streetsFileVersion":96,"polygonPointList":[[[32.87713863499384,35.28450537800375],[32.87694827799383,35.286361358003795],[32.877098696993826,35.28741429400376],[32.87718622399383,35.28802698000377],[32.877248275993786,35.288182111003756],[32.87775729499378,35.28945465700383],[32.877221602993785,35.289636514003796],[32.87506242899374,35.29036951100381],[32.874961427993746,35.29399942700386],[32.873093394993745,35.29369769900386],[32.872865492993725,35.295131311003836],[32.87302348099371,35.29692480600387],[32.87329578299369,35.29777411300389],[32.87468479099366,35.29803847400391],[32.87525410199363,35.298146828003865],[32.875061364993634,35.30109498000394],[32.874993869993475,35.30873265200402],[32.874956668993406,35.31294231600403],[32.87467113399337,35.317451395004085],[32.874920976993344,35.318260412004086],[32.8753997839933,35.31942939200416],[32.876241577993326,35.32148458100414],[32.876608044993304,35.32289407000419],[32.876705572993274,35.32326917700416],[32.87661039399329,35.32405439900416],[32.87658605599328,35.324076525004195],[32.87634865399324,35.324292345004196],[32.875587225993286,35.32332866400415],[32.874433187993304,35.32274569600414],[32.873291045993334,35.32210324100414],[32.867599034993304,35.322437515004154],[32.85857166999329,35.32296766500419],[32.85734746799331,35.32303955900417],[32.858159673993335,35.31898039400413],[32.85869530999339,35.31630344300408],[32.85679978299341,35.31589965900406],[32.85518336299342,35.31347751200409],[32.85453184099342,35.31304226400405],[32.854681053993424,35.31272481900404],[32.85426058099349,35.31209475600407],[32.855542907993524,35.309395576004],[32.85612012499354,35.308243411003986],[32.856569724993534,35.307345979004005],[32.85652669299352,35.307089471003984],[32.856533473993544,35.30707346500397],[32.856543799993524,35.30705556500399],[32.856539999993565,35.30703000000399],[32.85664999999356,35.30685000000399],[32.856704270993575,35.306775378004],[32.85670877799354,35.306768137004],[32.856726492993545,35.30673965700397],[32.856728952993564,35.306730581004004],[32.85671999999353,35.306650000003984],[32.85695944399355,35.305861831003995],[32.85688984299352,35.30584246100398],[32.85687999999355,35.30584000000397],[32.85688003899354,35.30583973200396],[32.85687657399358,35.30583876800398],[32.85695137399358,35.305356243003985],[32.85696969899356,35.30523203400395],[32.856858451993546,35.30522256400399],[32.85681999999352,35.305220000004],[32.85681999999354,35.30521940400399],[32.85681788899358,35.305219238003986],[32.85681194899363,35.30417396600397],[32.856834216993576,35.30339609600393],[32.85684999999363,35.30282000000395],[32.856855380993615,35.30278232900392],[32.856915427993584,35.30232603200394],[32.85694201599362,35.30220328800393],[32.85683863299361,35.30134793900391],[32.85677999999364,35.30131000100393],[32.856749999993625,35.30128000100394],[32.856749999993625,35.301230000003905],[32.85680999999363,35.3011200000039],[32.856810986993665,35.3011192100039],[32.85680322299362,35.30105497300396],[32.856468466993654,35.3001655660039],[32.85616302199362,35.300244843003895],[32.85612415099365,35.30017319000393],[32.85610559599368,35.3001443130039],[32.85576170199365,35.29957738900389],[32.85585164899365,35.299434637003905],[32.85606583199366,35.299094636003915],[32.856168878993664,35.29888794400391],[32.85610999999366,35.29893000000389],[32.85605999999366,35.29893000000389],[32.85607999999369,35.29887000000393],[32.856299999993645,35.298390000003884],[32.85640999999366,35.29808000000387],[32.85648999999369,35.29828000000388],[32.85651892999366,35.298300090003906],[32.856636238993694,35.29789818800388],[32.85681898699368,35.29757750000388],[32.85684385999366,35.29753385400389],[32.85667578799371,35.297325919003896],[32.85671554999367,35.297257929003905],[32.8568157289937,35.297086653003895],[32.856950022993665,35.29684294900388],[32.857024309993676,35.29670422300389],[32.857049999993706,35.29664000000385],[32.85719999999369,35.296250000003866],[32.85738999999371,35.29583000000384],[32.857509999993695,35.29554000000388],[32.857479999993735,35.29527000000388],[32.857429999993734,35.29506000000384],[32.85744999999366,35.295010000003856],[32.85749999999374,35.29494000000387],[32.85754999999373,35.29490000000385],[32.8575527969937,35.29489720300386],[32.857481241993725,35.29484539100383],[32.85803669699372,35.293557584003835],[32.85811908799371,35.29339925900386],[32.85819301899375,35.293242250003836],[32.85826471499377,35.29307691200385],[32.85833019399378,35.292920559003825],[32.85839060799375,35.292752180003816],[32.85839400899374,35.292735184003824],[32.85844427399378,35.292591814003835],[32.858500181993755,35.292431633003815],[32.85854931799372,35.29226641300384],[32.85860128599377,35.29208904300381],[32.858639170993776,35.2919176330038],[32.85867873599376,35.29174605700384],[32.85869340399378,35.29168515100379],[32.85872906399377,35.2915094240038],[32.85876750699374,35.291331505003846],[32.8587974869938,35.291171780003836],[32.85882462799377,35.29103293300383],[32.85882576999378,35.29099853100384],[32.85885351999375,35.290830291003836],[32.8588767369938,35.290650222003826],[32.85889994599378,35.290468450003814],[32.85890576199379,35.29041329500382],[32.858919825993766,35.290279678003806],[32.858928413993794,35.2900920560038],[32.85893248199379,35.289901773003805],[32.8589281139938,35.2897039560038],[32.858922539993756,35.289576752003825],[32.858913566993806,35.289521148003814],[32.85889003899383,35.28933282600382],[32.858867635993796,35.28914633700378],[32.85883392599379,35.28898255700379],[32.85879515699379,35.28881441700377],[32.858736080993836,35.288651951003814],[32.85867361799383,35.28850316500381],[32.85921819299385,35.28790313300378],[32.85930116799384,35.28781170800379],[32.859299999993866,35.28781000000377],[32.860058385993824,35.2869766090038],[32.86020740199385,35.286812855003774],[32.860489543993864,35.286272837003786],[32.86071999999387,35.28583000000374],[32.86072068499386,35.28583043300377],[32.86124635199384,35.284824309003746],[32.86132999999386,35.284660000003726],[32.86133203499385,35.28466031300377],[32.8613321819939,35.28466003100374],[32.86158125399386,35.284697135003746],[32.86173960799389,35.28471864300377],[32.86191937699385,35.284750314003766],[32.86197514199387,35.284758590003726],[32.86200571099387,35.284532767003725],[32.86201432099387,35.28447086200373],[32.862185773993914,35.2819301740037],[32.86512590199388,35.2820549550037],[32.86535863299386,35.282083735003745],[32.865257553993885,35.281499651003706],[32.865228482993935,35.281071945003724],[32.8652038839939,35.280712512003696],[32.86705925699391,35.28068972600371],[32.86766103499391,35.2806004150037],[32.8683797989939,35.28001605100373],[32.868691129993934,35.27976293500371],[32.87004784099391,35.279556099003685],[32.87390247699393,35.279458198003674],[32.877348207993876,35.28271127900374],[32.87791370199386,35.28324515600375],[32.877320866993834,35.28420907800375],[32.87713863499384,35.28450537800375],[32.87713863499384,35.28450537800375]]]}