{"segmentId":"5001920","streetsFileVersion":96,"polygonPointList":[[[31.29826776199759,34.97276581100161],[31.297935292997586,34.97224450700159],[31.30421706999764,34.96881808300158],[31.304299292997648,34.96890991600157],[31.309954015997626,34.975225544001646],[31.310112959997564,34.97552742400164],[31.313129623997554,34.98125691500168],[31.315706445997535,34.98615102200169],[31.31585842699753,34.9864396780017],[31.315885164997535,34.98649046000167],[31.318222642997515,34.990929987001735],[31.3205760659975,34.99676057900175],[31.32136822499746,34.998723149001755],[31.3176562659974,35.0031584640018],[31.315361637997466,35.000929033001746],[31.31533403799746,35.000902217001745],[31.315321119997478,35.00088966600175],[31.312862341997494,34.998500748001725],[31.311560152997487,34.99723555800175],[31.3111213459975,34.99656102800172],[31.304362282997534,34.986171065001706],[31.304199075997545,34.985909487001706],[31.304041447997562,34.98565685100167],[31.30001976699755,34.97921114100166],[31.298955133997612,34.97529453800165],[31.29826776199759,34.97276581100161],[31.29826776199759,34.97276581100161]]]}