{"segmentId":"5001399","streetsFileVersion":96,"polygonPointList":[[[32.88512999999356,35.30402000000393],[32.88497999999357,35.304050000003976],[32.88498999999358,35.30418000000393],[32.884789999993586,35.30423000000398],[32.88419999999359,35.303860000003944],[32.88371999999357,35.30335000000398],[32.882489999993595,35.303440000003974],[32.88182999999356,35.303640000003924],[32.881769999993594,35.30318000000395],[32.88169999999356,35.30327000000395],[32.88169999999358,35.30147000000393],[32.88170999999362,35.301110000003916],[32.88171999999361,35.300720000003935],[32.881829999993606,35.29995000000388],[32.88194999999365,35.29936000000389],[32.88215999999365,35.29876000000392],[32.88236197999363,35.298236689003915],[32.88237999999366,35.29819000000387],[32.88263999999366,35.29771000000388],[32.883129999993685,35.296940000003886],[32.88342999999365,35.29644000000389],[32.88371999999367,35.296130000003885],[32.8839599999937,35.29598000000386],[32.88402999999368,35.295960000003845],[32.88407999999367,35.29599000000389],[32.88411999999367,35.29605000000385],[32.88413999999368,35.2961700000039],[32.88412999999366,35.29635000000389],[32.88407999999367,35.296580000003885],[32.884049999993685,35.29672000000387],[32.88424999999368,35.296730000003855],[32.8843799999937,35.29677000000386],[32.88468999999365,35.29696000000389],[32.884879999993686,35.29713000000386],[32.88523999999368,35.29752000000391],[32.88551999999366,35.297790000003914],[32.885644884993624,35.297928760003884],[32.88597655199364,35.29820462900389],[32.88608171199369,35.29822056200387],[32.886209999993646,35.298240000003915],[32.88634999999364,35.298270000003896],[32.88654419099364,35.29834468900387],[32.886609999993645,35.29837000000387],[32.88673999999361,35.2984500000039],[32.88683999999365,35.298540000003904],[32.88691999999361,35.29867000000391],[32.88704999999364,35.298990000003904],[32.88713475199366,35.29916797900391],[32.88882039299364,35.3005700340039],[32.88910999999361,35.30077999900391],[32.88924999999364,35.3009400000039],[32.88933999999361,35.301070000003904],[32.88950999999357,35.301649999003935],[32.88949999999361,35.30174000000393],[32.889469999993615,35.30185000000394],[32.88932999999357,35.30209000000396],[32.88896999999357,35.30222000000392],[32.88671999999355,35.30264000000393],[32.8866199999936,35.30279000000396],[32.88650999999356,35.30297000000396],[32.8863199999936,35.303260000003974],[32.88614999999356,35.303470000003955],[32.88598279299355,35.30358843900396],[32.88590999999353,35.303640000003924],[32.88560999999358,35.30380999900396],[32.88512999999356,35.30402000000393],[32.88512999999356,35.30402000000393]]]}