{"segmentId":"5001058","streetsFileVersion":96,"polygonPointList":[[[32.524259999996794,35.02562000000179],[32.523403270996816,35.025333185001806],[32.52183736699681,35.02499060100179],[32.521639999996815,35.02500000000177],[32.52104951799681,35.02505035100179],[32.520349999996846,35.02511000000177],[32.51998999999683,35.02510000000179],[32.5192299999968,35.025140000001805],[32.51927889899682,35.025066652001804],[32.519275415996766,35.02506684500176],[32.519390235996845,35.023644920001765],[32.519398990996834,35.02364302300175],[32.51939999999686,35.023630000001745],[32.519686136996825,35.0235727720018],[32.51966848799682,35.02335789500178],[32.51968144999686,35.023356670001775],[32.51967999999684,35.02334000000179],[32.52107922999684,35.02320836500178],[32.52253772999685,35.02307115400175],[32.522559248996814,35.02291196400177],[32.52258007499685,35.02275789500175],[32.52258856299684,35.02275186100179],[32.52258999999682,35.02274000000177],[32.523076992996856,35.02239910500174],[32.52320830999681,35.02206696600178],[32.52316222099687,35.021281924001755],[32.52313222899685,35.01921300300175],[32.52319484899686,35.01901128800175],[32.52320847299688,35.01900436300177],[32.523209999996865,35.01900000000175],[32.52332999999686,35.01893000000176],[32.52344999999685,35.019060000001716],[32.52365999999688,35.01890000000172],[32.52372999999686,35.01938000000176],[32.52377999999684,35.021290000001784],[32.52377999999684,35.022120000001735],[32.52377196899682,35.02293915000178],[32.523769999996844,35.02314000000178],[32.52378999999684,35.02369000100175],[32.523839999996824,35.024060000001796],[32.52407999999681,35.024990001001775],[32.524199999996846,35.02542000000178],[32.52420999999681,35.02546000000179],[32.524259999996794,35.02562000000179],[32.524259999996794,35.02562000000179]]]}