{"segmentId":"5001254","streetsFileVersion":96,"polygonPointList":[[[32.75792999999401,35.2787800000037],[32.75763180999403,35.27967457100371],[32.75763335899404,35.279677244003686],[32.75763077299402,35.279677679003704],[32.75762999999403,35.27968000000371],[32.756259999994,35.2799100000037],[32.75617302199402,35.27992288500374],[32.755992967994004,35.2799531720037],[32.75565999099402,35.280445014003746],[32.75536999999397,35.2808800000037],[32.75536618799398,35.28087867700371],[32.754251263993986,35.28226937300377],[32.754429999993995,35.28250000000372],[32.754329999993956,35.28256000000374],[32.75427999999396,35.28257000000378],[32.75416999999396,35.282580000003755],[32.754024156993985,35.28255265500377],[32.75396056299401,35.282631979003725],[32.75381540599398,35.282641395003736],[32.75347999999393,35.28271000000377],[32.75333999999393,35.28277000000373],[32.753089999993946,35.282940000003755],[32.75299999999393,35.283010000003756],[32.75284999999394,35.28320000100377],[32.752669999993934,35.28328000000376],[32.752459999993945,35.283430000003776],[32.75230999999399,35.28365000000379],[32.751999999993956,35.283910000003765],[32.751928811994,35.284184583003785],[32.751928796993965,35.284207858003775],[32.75192868399396,35.28438638200375],[32.751039367993954,35.28608352400378],[32.750912058993904,35.28632647700378],[32.750542874993954,35.28621689600378],[32.75053999999393,35.2862200010038],[32.750269999993925,35.28640000000381],[32.7500999999939,35.28644000000376],[32.750029999993906,35.286420001003805],[32.7497599999939,35.28619000000378],[32.74981999999393,35.28601000000377],[32.749805597993955,35.28599805700375],[32.74966260299391,35.28595561300379],[32.74944866799393,35.28570206600379],[32.74940999999394,35.28567000000377],[32.74874579999394,35.2848690530038],[32.748729809993925,35.28485010300378],[32.74791999999398,35.28529000000376],[32.74684999999393,35.28592000000376],[32.74676225799392,35.28592431600377],[32.74574440399391,35.286483407003786],[32.74217891299388,35.28925471800383],[32.74197137199386,35.28883329100383],[32.73953768599398,35.28389152700375],[32.73945442999394,35.28372247100375],[32.74116416099397,35.28216221000372],[32.741059999994,35.28194000000377],[32.741048755993994,35.28191338900377],[32.74091735299396,35.28178881700374],[32.73943418299403,35.28040127700375],[32.73912286799401,35.278552681003724],[32.73896752099407,35.277073887003674],[32.73820201899408,35.27584033700367],[32.738199999994094,35.275840000003704],[32.73808999999407,35.27581000000366],[32.73786999999406,35.27586000000371],[32.7377899999941,35.275820000003705],[32.73768999999407,35.27570000000366],[32.73739999999409,35.27531000100366],[32.73762999999406,35.27500000000366],[32.7374799999941,35.27474000000368],[32.73684999999411,35.27430000100364],[32.73701852099409,35.27393321900368],[32.73701665199412,35.273930207003644],[32.736748716994136,35.273150645003646],[32.7367457629941,35.27314205100364],[32.73675928499411,35.273126073003674],[32.73684999999413,35.27299000000366],[32.736899999994094,35.27280000000368],[32.73726999999409,35.27225000000364],[32.737079999994116,35.272059999003666],[32.73728999999412,35.271770000003656],[32.73732999999412,35.27184000000364],[32.73741999999412,35.27193000000365],[32.73744999999411,35.27196000000363],[32.73745247299417,35.271962225003634],[32.73756788199414,35.271627658003645],[32.73850188299411,35.27171336800366],[32.73951655199413,35.273007974003654],[32.73989205799413,35.27323048500365],[32.74014120499409,35.27337812000368],[32.74049355599412,35.27324576300363],[32.741217666994125,35.27297375800364],[32.741267055994086,35.27302883200368],[32.74151450999414,35.27281064900366],[32.741737479994114,35.27258479600365],[32.742273669994105,35.27223046700364],[32.74236382999414,35.27217088700367],[32.74360554899414,35.27199603700365],[32.7443482289941,35.272323079003634],[32.74676086199411,35.271118020003655],[32.74756173899411,35.27255201600367],[32.74817556199407,35.27344095200365],[32.748263492994084,35.27356829400364],[32.748506868994085,35.27344937100363],[32.74862069099411,35.27339375300365],[32.749144474994104,35.27313597200363],[32.74923999999411,35.27305000000367],[32.749279036994146,35.27307927800367],[32.750451620994085,35.272646643003625],[32.751132475994126,35.27222951700362],[32.75129325199413,35.272130460003616],[32.75255999999414,35.27135000000362],[32.752672415994134,35.271390878003615],[32.75373074399411,35.27173962800362],[32.75380999999411,35.271700000003655],[32.753859999994084,35.27172000000366],[32.75389005199411,35.271792125003635],[32.753966846994125,35.27181743100363],[32.75425391899411,35.27247528900366],[32.75427999999411,35.27251999900365],[32.75448905399408,35.27301412900364],[32.75474820899411,35.27360801100369],[32.7551369659941,35.27449889200366],[32.75618047399407,35.27686952600368],[32.75595727099405,35.2774905380037],[32.75603165199403,35.27767303900368],[32.75603791699407,35.27768835500371],[32.75603999999403,35.27769000000371],[32.756129999993995,35.2777600000037],[32.756229999994034,35.27782000000373],[32.75668999999403,35.277870000003716],[32.75706999999405,35.2778500000037],[32.75723999999401,35.27800999900372],[32.75733999999406,35.27812000000371],[32.75774999999402,35.27875000000372],[32.75777999999401,35.278770000003725],[32.757839999994005,35.2787800000037],[32.75792999999401,35.2787800000037],[32.75792999999401,35.2787800000037]]]}