{"segmentId":"5001527","streetsFileVersion":96,"polygonPointList":[[[33.008679999990555,35.46399000000601],[33.00846960099057,35.46456664900606],[33.00847755599059,35.46458032700607],[33.00844888199053,35.46622745100609],[33.007424204990535,35.467512193006115],[33.00677701199046,35.4692772480061],[33.005991474990424,35.47081722700615],[33.00528288899043,35.47177342000615],[33.00453772099043,35.472614790006205],[33.004511587990415,35.47262555600615],[33.003522072990414,35.473033223006205],[33.00286228799042,35.4731215410062],[33.00221554999044,35.473044324006196],[33.001703558990435,35.472547169006184],[33.001671251990395,35.47251579800621],[33.00162317099043,35.472429094006195],[33.001619999990425,35.472430000006156],[33.0014799999904,35.472520000006156],[33.00145675299042,35.472540279006175],[33.0010099999904,35.47293000000621],[33.00089999999041,35.47287000000618],[33.00086999999045,35.4726600000062],[33.000783426990395,35.47252148300617],[33.0007699999904,35.47250000000615],[33.0004599999904,35.47220000000616],[33.00030999999046,35.4718500000062],[32.99999566699044,35.47155178600619],[32.9999199999904,35.47148000000615],[32.99992999999046,35.47111000000618],[32.999809999990426,35.470970000006176],[32.99977999999046,35.470630000006125],[32.99987999999049,35.47010000000615],[32.99977999999046,35.469810000006134],[32.9997899999905,35.46934000000612],[32.99986999999048,35.468930000006125],[32.99999999999049,35.46870000000614],[33.000029999990474,35.46840000000609],[33.000059179990494,35.46833987100613],[33.00035999999051,35.467720000006096],[33.00084999999056,35.46691999900606],[33.001019999990575,35.464750000006035],[33.00115999999058,35.463050000006035],[33.00126999999062,35.462410000006],[33.00142999999061,35.46209000000601],[33.00159673299063,35.461843235006015],[33.001679999990664,35.461720000006025],[33.00225999999062,35.461210000006],[33.004519999990706,35.45915000000599],[33.0055199999907,35.458500001005966],[33.00613999999074,35.45814000000597],[33.0067599999907,35.458070000005975],[33.00731999999069,35.458240000005944],[33.007959999990696,35.45870000000598],[33.00833999999066,35.459380000005986],[33.00869999999063,35.46035000000599],[33.008829999990624,35.46160000000599],[33.008867456990636,35.462045324005985],[33.00891999999061,35.46267000000603],[33.00882999999059,35.46350000000605],[33.008679999990555,35.46399000000601],[33.008679999990555,35.46399000000601]]]}