{"segmentId":"5001723","streetsFileVersion":96,"polygonPointList":[[[32.14220092799638,35.10266823800229],[32.142629230996384,35.100907436002295],[32.14329547999639,35.1002411870023],[32.14603185999638,35.1004315440023],[32.148030606996365,35.10138332900229],[32.14788783899637,35.10321551400231],[32.147364357996324,35.10623742900231],[32.14676949299634,35.10814099800236],[32.145508377996286,35.10902139800234],[32.143818960996335,35.10821238200232],[32.14279579299633,35.1065467590023],[32.1417488299963,35.10552359100234],[32.14191539199634,35.10345346000228],[32.14220092799638,35.10266823800229],[32.14220092799638,35.10266823800229]]]}