{"segmentId":"5001562","streetsFileVersion":96,"polygonPointList":[[[33.056618621995874,35.1032415010022],[33.052273847995906,35.10291359400216],[33.051843111995886,35.10288108500217],[33.05094360799591,35.10281319800217],[33.04861649499589,35.10384826300217],[33.04726020199591,35.103562728002174],[33.046582055995906,35.10188520800218],[33.046519393995915,35.100840838002185],[33.04651077899598,35.10069726800215],[33.04650532699589,35.100606403002146],[33.04656605299594,35.10058562000218],[33.04660014299592,35.10053159600216],[33.0466370919959,35.100441618002165],[33.046637138995926,35.10037460100218],[33.046610384995944,35.10032292800214],[33.046607099995946,35.10031658300217],[33.046607100995956,35.1003112010022],[33.046607111995954,35.10023561500215],[33.04664411499594,35.10019058000217],[33.04671308299592,35.10024457800218],[33.04672180699591,35.10026359500218],[33.046746130995956,35.10031661700215],[33.046750074995934,35.10038761400218],[33.046731069995964,35.10045064700218],[33.046755133995944,35.10048865700215],[33.046794652995935,35.10050839000219],[33.04680860699597,35.10051535800217],[33.04682308699594,35.10052258800217],[33.0468741029959,35.10053960400218],[33.0469078549959,35.10059673500219],[33.0469101329959,35.10060059100216],[33.04692229699591,35.10061689200218],[33.04696312399593,35.1006716030022],[33.04698410599589,35.100669157002145],[33.04699709199593,35.10066764300218],[33.04703408399595,35.100687594002196],[33.047045997995916,35.100700419002195],[33.047052093995916,35.10070698000216],[33.04705289099593,35.10070783800218],[33.04706109299592,35.10071666600216],[33.04706256299592,35.100720589002165],[33.04706954799589,35.10073922800218],[33.04708205999591,35.10077261400217],[33.04714408999596,35.10081558800217],[33.047147303995956,35.10081669700215],[33.04726313499594,35.100856649002154],[33.04737405999592,35.100876589002176],[33.047460095995945,35.10088066500215],[33.0474886789959,35.10087103100217],[33.04756410499592,35.10084560800216],[33.04765609399592,35.10079066500216],[33.04771712999591,35.10076959900216],[33.04778714199595,35.10070265400215],[33.047849085995935,35.1006436420022],[33.04787012299592,35.100561583002175],[33.04789514899593,35.1004676090022],[33.047880203995895,35.10043403600215],[33.047865628995915,35.10040129300218],[33.04788131699596,35.100404685002175],[33.04802847099593,35.100436502002154],[33.048098663995944,35.10045167900218],[33.04805014999592,35.100477649002144],[33.04801614199593,35.10055366000218],[33.04801475799595,35.10055671200219],[33.04798214999594,35.100628612002154],[33.048007117995944,35.10071459000217],[33.04804508499595,35.10076758700218],[33.04809410899589,35.100822614002155],[33.04815014299594,35.100889639002176],[33.04817358399591,35.10089900300218],[33.04824015099596,35.10092559600214],[33.04837108699595,35.10097259100219],[33.04847152399591,35.10100133300217],[33.04847607099591,35.10100263600216],[33.04851312599592,35.101045632002204],[33.04852307399594,35.10106552600219],[33.04858211899592,35.1011836050022],[33.04865911599594,35.10125863400216],[33.04866439599593,35.101261471002175],[33.048752132995936,35.101308614002185],[33.04879068599595,35.101317276002156],[33.04885012999595,35.10133063200217],[33.04896007499588,35.10128565200219],[33.049098110995914,35.10122164600218],[33.0492270859959,35.10111760400215],[33.049250144995895,35.101054666002156],[33.049270139995926,35.100975671002196],[33.04927212699594,35.10091664500216],[33.049277148995905,35.100848598002145],[33.049313143995924,35.10080459600217],[33.049319080995964,35.1007626190022],[33.04931530999594,35.10071473700215],[33.04936361399593,35.10072518100215],[33.049385157995914,35.10072983900217],[33.04971414599592,35.100800972002176],[33.04971573599594,35.100801316002176],[33.04972476599594,35.100821669002144],[33.0497378889959,35.100851248002144],[33.04974913099593,35.10087658800218],[33.0498004109959,35.100922470002175],[33.0498151279959,35.100935638002184],[33.049829137995964,35.100965640002144],[33.04982515099591,35.10099362400219],[33.04979315599595,35.101019619002166],[33.049771089995915,35.10105565100215],[33.0497640819959,35.1010916000022],[33.04974908399592,35.10112559300218],[33.04974612099592,35.1011676410022],[33.04974688399593,35.10117429300216],[33.049748432995926,35.10118781000218],[33.049750129995935,35.10120261400217],[33.04976313099596,35.1012336520022],[33.04979215899591,35.101260653002186],[33.0498200999959,35.10126661600216],[33.04982525299595,35.101268458002174],[33.04982956899592,35.10127000100217],[33.04983906599595,35.10127339600219],[33.049847071995906,35.101276257002176],[33.04984815099593,35.10127664300219],[33.049852111995925,35.10130381100216],[33.04985413199593,35.10131766800216],[33.04985382699592,35.10131901800215],[33.04984711799594,35.101348670002174],[33.04984913199596,35.101373620002185],[33.04986009899592,35.101391628002176],[33.04991809599592,35.10139565500216],[33.04992663399591,35.10140241200215],[33.04997112499594,35.10143762300216],[33.050002158995916,35.1014365930022],[33.050011878995946,35.101436871002164],[33.050038116995914,35.10143762300216],[33.05004747799592,35.10145076500216],[33.05005308999593,35.10145864300219],[33.050042103995935,35.10148460600217],[33.05003610799589,35.101500683002165],[33.05002010199594,35.10154359800216],[33.05004414199591,35.10157763600218],[33.050075114995906,35.10160159300218],[33.05009720899592,35.10161595500218],[33.0501151589959,35.1016276230022],[33.05016011999591,35.10167760900216],[33.05016393099592,35.101681420002166],[33.0502131349959,35.10173063200218],[33.050228127995936,35.101745628002185],[33.050234562995925,35.1017478730022],[33.05029114199593,35.101767612002185],[33.05036710999589,35.10178063100218],[33.05044909799593,35.101821608002204],[33.05055213999591,35.10185460900217],[33.05063310399591,35.10185467900216],[33.05070110099594,35.10189664900215],[33.05071443399589,35.10192933200218],[33.050736167995936,35.10198260500217],[33.05077090799593,35.102045382002146],[33.050777116995924,35.102056603002175],[33.050815696995926,35.10206092600215],[33.0508206839959,35.10206148500216],[33.050831112995944,35.10206265400219],[33.050838561995896,35.10204932400219],[33.05087917699593,35.10197664300218],[33.05096014199592,35.1019446600022],[33.05104613499591,35.10195668200216],[33.0511601139959,35.10198261500218],[33.05117662999591,35.10198749100217],[33.05120531899592,35.10199596200217],[33.051265171995944,35.10201363400218],[33.05126626499589,35.10201355300219],[33.051331628995925,35.10200869100216],[33.05134614899591,35.10200761100216],[33.051387110995904,35.102000637002185],[33.051435128995884,35.10199762800218],[33.05149713199593,35.10200466600215],[33.051544122995885,35.102003663002186],[33.0515721749959,35.10198163700218],[33.051610181995905,35.10193061900216],[33.0516321249959,35.10182164800218],[33.05165417599593,35.10171161700216],[33.05167817599592,35.10160366400216],[33.051688140995935,35.10152063300219],[33.051708176995945,35.10149267700219],[33.0517370989959,35.10148859400217],[33.05174355899594,35.10149594600218],[33.05175533299596,35.10150934600218],[33.05175912699589,35.10151366500216],[33.05175610199593,35.101548650002165],[33.051742139995895,35.101574632002176],[33.05172926899596,35.10160330200219],[33.0517291179959,35.10160363900221],[33.0517245359959,35.101621308002194],[33.05169411399592,35.10173861500217],[33.0516984089959,35.10174919700219],[33.05172398699593,35.10181221000217],[33.05172415299592,35.10181261900217],[33.05175312099589,35.10186461100218],[33.05176914899592,35.10190861400215],[33.051761153995926,35.10194966100217],[33.05177416099588,35.10196966100218],[33.051813896995924,35.1019688150022],[33.051821151995924,35.10196866000219],[33.05183381999595,35.10194839400216],[33.05185954899589,35.1019072330022],[33.05186118299591,35.10190461900216],[33.05186414299593,35.10184667700216],[33.051869105995884,35.10178763200216],[33.05186191999595,35.10176675800218],[33.0518581029959,35.10175567000217],[33.05184717199593,