{"segmentId":"5001493","streetsFileVersion":96,"polygonPointList":[[[32.98869979999426,35.25109120000341],[32.98809689999426,35.25259850000338],[32.98691699999425,35.2520240000034],[32.98711999999423,35.25313000000341],[32.98711999999421,35.25441000000343],[32.987289999994196,35.25447000000339],[32.98740999999421,35.254570000003426],[32.98746999999416,35.254650000003394],[32.98722999999421,35.254930000003434],[32.987199999994175,35.255040000003426],[32.98718999999419,35.25512000000341],[32.98718899999418,35.25513100000343],[32.98779399999415,35.257093000003444],[32.987922999994126,35.25817000000347],[32.98792302499413,35.258170209003474],[32.98804099999415,35.25914900000345],[32.988225999994135,35.26032400000345],[32.98853699999411,35.26106300000347],[32.9885399999941,35.2610500000035],[32.98890999999409,35.2619300000035],[32.98859999999408,35.263630000003495],[32.989063899994036,35.267303600003544],[32.98734999999402,35.267430300003554],[32.98694299999407,35.264940100003514],[32.986793499994064,35.264081300003504],[32.986355999994096,35.263437100003486],[32.985912837994064,35.26325765700351],[32.98133049999413,35.26140220000351],[32.981269999994105,35.26062680000349],[32.98124599999411,35.260108300003495],[32.981149999994145,35.25954690000344],[32.98094599999415,35.25900600000347],[32.98093999999413,35.25896700000345],[32.98073999999412,35.25878000000347],[32.98073999999415,35.25798725400346],[32.98073999999415,35.257987000003475],[32.98073999999415,35.257624000003474],[32.98070399999416,35.25738600000345],[32.980126999994134,35.25743100000345],[32.97985999999413,35.25750000000345],[32.97987399999416,35.257451000003456],[32.97986199999414,35.257452000003454],[32.979812999994145,35.256722000003414],[32.979107999994206,35.25350800000343],[32.979099999994226,35.25350000000339],[32.97906999999419,35.25335000000342],[32.979069999994216,35.2524800000034],[32.9790729999942,35.2524790000034],[32.97907299999422,35.25136300000337],[32.97963099999428,35.24857400000339],[32.97979298199429,35.24726414600338],[32.979792999994295,35.24726400000333],[32.98000299999434,35.24556400000334],[32.97987999999434,35.242848000003285],[32.978828999994406,35.2410130000033],[32.97821099999438,35.23939800000328],[32.9773359999944,35.23884300000325],[32.977335650994405,35.23884278300328],[32.977282999994394,35.23881000000328],[32.977282999994394,35.23998500000328],[32.976972999994366,35.2410120000033],[32.9759569999944,35.24094500000331],[32.97585999999442,35.24094000000332],[32.97476199999437,35.24111680000329],[32.97275789999437,35.24068200000329],[32.97109079999443,35.24029920000328],[32.97105399999442,35.23840770000326],[32.97078699999442,35.237633000003285],[32.97083899999447,35.23726500000324],[32.97076999999447,35.23704000000324],[32.97073999999442,35.236850000003265],[32.97089999999443,35.236820000003284],[32.970965999994434,35.23634300000323],[32.97096605799444,35.23634252500326],[32.97096999999447,35.236310000003265],[32.97139599999443,35.23591800000322],[32.97183699999446,35.23550700000323],[32.971419999994446,35.23511000000326],[32.97126999999449,35.234950000003224],[32.971219999994496,35.234850000003235],[32.97121799999451,35.23484100000325],[32.9707749999945,35.234209000003254],[32.970769999994495,35.23421000000326],[32.970309999994456,35.234270000003214],[32.97022999999451,35.234040000003226],[32.9701399999945,35.2338000000032],[32.970089999994485,35.2336000000032],[32.970079999994496,35.23338000000324],[32.97013999999454,35.23277000000323],[32.97018999999453,35.232230000003234],[32.97021999999449,35.23207000000323],[32.97027999999452,35.23191000000318],[32.97031999999452,35.23185000000322],[32.97035299999451,35.231842000003184],[32.97035599999448,35.23176100000322],[32.97072699999453,35.230807000003175],[32.97055899999451,35.23018000000322],[32.970289999994534,35.22919000000321],[32.97029999999457,35.22918800000321],[32.971249999994576,35.22846700000321],[32.971249999994576,35.22846000000317],[32.971219999994574,35.22835000000316],[32.97118999999452,35.228030000003166],[32.97125999999453,35.22767000000316],[32.9713299999946,35.2275900000032],[32.97163999999456,35.22736000000315],[32.97180999999457,35.22726000000318],[32.9719199999946,35.227240000003164],[32.97192299999458,35.227239000003166],[32.972026999994554,35.22625700000314],[32.972374999994585,35.22620600000315],[32.972369999994584,35.22620000000317],[32.972519999994574,35.22618000000316],[32.97251389299459,35.22568337900313],[32.972495899994634,35.224220100003116],[32.97208789999465,35.22175340000314],[32.97228589999462,35.22093480000312],[32.97292199999464,35.22034570000311],[32.97328999999466,35.22016150000312],[32.97354599999466,35.22008590000313],[32.97375999999464,35.22009200000313],[32.97481199999465,35.2199450000031],[32.974890999994685,35.220090000003076],[32.975019999994636,35.2200800000031],[32.97509999999464,35.220120000003114],[32.97519999999464,35.220250000003126],[32.97520499999468,35.2206680000031],[32.97599499999465,35.222121000003135],[32.97599999999465,35.222120000003144],[32.97611999999461,35.22211000000311],[32.976169999994596,35.22218000000311],[32.97612999999465,35.222540000003114],[32.976109999994655,35.22257000000315],[32.97610799999464,35.22257300000314],[32.97635799999462,35.22405600000316],[32.97614499999456,35.22577400000316],[32.97614493499458,35.22577449900317],[32.9760899999946,35.22621700000318],[32.9760899999946,35.226250000003155],[32.976069999994564,35.22642000000318],[32.97614199999456,35.22664400000319],[32.976540999994576,35.22703900000316],[32.9767599999946,35.22690000000317],[32.97692999999457,35.227200000003144],[32.976979999994526,35.22745000000315],[32.97695999999458,35.2279500000032],[32.97682999999457,35.22844000000316],[32.97679999999452,35.22881000000319],[32.97686999999458,35.229150000003195],[32.97699999999453,35.22947000000318],[32.97691999999454,35.23065000000317],[32.9769299999945,35.23139000000318],[32.97697999999448,35.23216000000323],[32.97693999999453,35.2322200000032],[32.97688999999448,35.232220000003196],[32.97665999999451,35.23211000000319],[32.9766079999945,35.2321520000032],[32.97666599999453,35.23333800000323],[32.97665999999448,35.2335760000032],[32.9768509999945,35.23425900000324],[32.97738875099443,35.23588324900324],[32.97738899999446,35.235884000003246],[32.97753099999447,35.236315000003245],[32.97814999999442,35.23565400000326],[32.978149999994436,35.23425900000324],[32.9782739999945,35.2333050000032],[32.979139999994466,35.23337900000324],[32.97951099999448,35.23448000000326],[32.97969699999445,35.235141000003246],[32.98002499899446,35.23657099300324],[32.980067999994475,35.23675600000327],[32.9804379999944,35.23859100000326],[32.981056999994436,35.240280000003274],[32.98123799999442,35.24075400000328],[32.98157899999442,35.24039800000327],[32.98175599999441,35.24034800000327],[32.98234399999442,35.240502000003275],[32.9822559999944,35.240171000003265],[32.982108999994395,35.23961900000329],[32.9824179999944,35.23910600000327],[32.98268799999442,35.23901400000327],[32.982699999994445,35.23901000000328],[32.98270999999441,35.238950000003264],[32.982779999994406,35.238560000003275],[32.982779999994406,35.23850000000326],[32.98312999999443,35.238570000003264],[32.98331999999442,35.23866000000326],[32.9833899999944,35.238720000003276],[32.98342799999443,35.23890200000327],[32.983593999994405,35.238886000003255],[32.983605999994445,35.23887600000328],[32.98368999999437,35.23880000000324],[32.984209999994434,35.23837000000324],[32.9844059999944,35.23825800000324],[32.98495499999445,35.23793200000327],[32.98636399999441,35.23822300000327],[32.98636436799445,35.238223076003266],[32.987817999994405,35.23852400000325],[32.987019999994345,35.24049100000331],[32.987303999994346,35.242778000003305],[32.98780799999434,35.24233500000327],[32.98777199999437,35.2419994000033],[32.988005999994385,35.241190000003314],[32.988788899994354,35.24115010000326],[32.98898239999437,35.24183830000329],[32.98904309999433,35.24389900000332],[32.98903749999432,