{"segmentId":"5001392","streetsFileVersion":96,"polygonPointList":[[[32.877919999993566,35.30651000000399],[32.87777999999349,35.30658000000398],[32.877479999993525,35.30690000000398],[32.87724999999354,35.306890000003996],[32.87699999999355,35.30687000000399],[32.87690418399354,35.306903100003986],[32.87644999999351,35.30706000000397],[32.87629999999355,35.307140000004004],[32.876249999993505,35.30712000000399],[32.87597999999351,35.307329999003976],[32.8759299999935,35.307280000003985],[32.875879999993536,35.30700000000401],[32.87566999999354,35.30726000000398],[32.875499999993515,35.30730999900398],[32.87539999999355,35.307310000003966],[32.875289999993555,35.30663000000398],[32.875409999993536,35.30658000000398],[32.875409999993536,35.30645000000397],[32.87532999999358,35.306310000003975],[32.875289999993555,35.30608000000399],[32.87522999999355,35.305940000004],[32.87516999999351,35.30570000000397],[32.87509999999354,35.305350000003955],[32.87510999999358,35.305320000003974],[32.87509999999354,35.30513000000399],[32.875119999993565,35.30478000000396],[32.87513999999354,35.30455000000397],[32.87544999999358,35.303980000003925],[32.87570999999355,35.30367000100396],[32.875889999993554,35.30349000000397],[32.87607999999359,35.303410000003936],[32.876159999993554,35.30336000000395],[32.87629999999359,35.303310000003954],[32.87628999999358,35.30261000000396],[32.876379999993574,35.302530000003934],[32.876519999993555,35.30255000000394],[32.876579999993595,35.30250000000396],[32.87689999999357,35.30260000000393],[32.87698368999357,35.30258804400395],[32.87703999999361,35.30258000000392],[32.87739999999362,35.30247000000392],[32.877509999993606,35.30249000000392],[32.877579999993614,35.30255000000394],[32.87760999999358,35.30261000000396],[32.87729999999358,35.303310000003954],[32.87724148599358,35.30330582000394],[32.87754244599357,35.30444398900396],[32.877619999993556,35.30450000000398],[32.87784999999354,35.30479000000395],[32.877889999993556,35.30488000000394],[32.877897690993564,35.30495947700398],[32.877918717993545,35.30500630600397],[32.877909004993555,35.30507638600397],[32.87791999999359,35.305189999003964],[32.87791999999359,35.30556999900398],[32.87781999999353,35.30623000000396],[32.87781999999353,35.306280000003994],[32.8778499999935,35.306350000003995],[32.877919999993566,35.30651000000399],[32.877919999993566,35.30651000000399]]]}