{"segmentId":"5001320","streetsFileVersion":96,"polygonPointList":[[[32.80783212699389,35.28488506000379],[32.80781429899389,35.284887456003744],[32.80774592399394,35.28489664700375],[32.80726084699391,35.28496185000377],[32.806216178993886,35.28456059200376],[32.805183360993894,35.284015940003776],[32.80517818499391,35.28401321100377],[32.8044699999939,35.28405000000374],[32.8044699999939,35.28383236700377],[32.80446484499392,35.28383120000377],[32.804864863993906,35.283067346003754],[32.80525107599395,35.28029922100373],[32.805636532994,35.277536505003695],[32.805630596994014,35.2774790660037],[32.80538999999402,35.27592000000366],[32.80533113799402,35.27590481000366],[32.804769999994065,35.275760000003665],[32.80287999999408,35.27484000000365],[32.80177833599402,35.27559976800367],[32.801433209993995,35.27583948400369],[32.80117461299405,35.2760025200037],[32.800659999994025,35.27633000000365],[32.799789999994026,35.27597000000365],[32.79979062099404,35.27596926100368],[32.79976682499403,35.27595958000368],[32.800148183994054,35.27554423500366],[32.800319999994045,35.275340000003645],[32.800399999994006,35.27521000000368],[32.80063999999405,35.27495000000365],[32.80072187399402,35.27485903000368],[32.800704301994024,35.274824301003626],[32.800656389994,35.27477638900367],[32.80061999999402,35.27473999900368],[32.80053999999406,35.27462000000364],[32.800279999994075,35.27406000000367],[32.80005999999401,35.273670000003634],[32.80008999999408,35.273620000003646],[32.79996999999407,35.27338000000363],[32.79913093699407,35.27195280800362],[32.798897652994064,35.271557673003656],[32.7985716769941,35.27017300500362],[32.7984099999941,35.26949000000363],[32.79883999999411,35.26934000000361],[32.798840944994126,35.26934116900358],[32.80020648699411,35.26885720300359],[32.80018146599413,35.267643037003566],[32.80125716099413,35.26723630100355],[32.801110810994174,35.26692780800357],[32.800719999994186,35.26611000000354],[32.80054566899413,35.26578472400359],[32.79984505199416,35.26450106500355],[32.8006239869942,35.26409818400354],[32.8011197649942,35.263841758003565],[32.803111286994195,35.26327721500356],[32.803493540994225,35.26285988800352],[32.80351484299425,35.26069494200351],[32.802112204994245,35.26090536300353],[32.802158223994276,35.25797953400351],[32.80327496599428,35.25747172100348],[32.803333258994314,35.255168165003454],[32.80167396099431,35.25529001200346],[32.801673048994296,35.25528977100344],[32.80166999999433,35.25529000000347],[32.80028999999434,35.25493000000346],[32.79900915099435,35.254707631003434],[32.79885429399435,35.254681347003434],[32.7983108479943,35.25452280100347],[32.79728999999431,35.25423000100346],[32.7973864719943,35.25333905600347],[32.79745999999437,35.25266000000343],[32.79695999999438,35.25250000100343],[32.796962336994305,35.252483178003416],[32.79673791199433,35.252437688003425],[32.79641981699437,35.252373211003466],[32.796702395994366,35.2508253910034],[32.79676663899437,35.2508381030034],[32.797471405994386,35.25097755500345],[32.798588311994344,35.25137002600344],[32.79885999999436,35.25146000000344],[32.79889999999437,35.25146000000344],[32.80139999999437,35.251170000003434],[32.801420776994355,35.251151716003406],[32.80143827299436,35.25063168000339],[32.80340662899439,35.25030218400344],[32.80398871699436,35.24998201000341],[32.8039899999944,35.24998000000341],[32.804089999994346,35.24945000000337],[32.804456535994376,35.248716928003425],[32.804475196994396,35.248668372003394],[32.80440866699443,35.246839115003375],[32.80438999999445,35.246360000003364],[32.804391223994415,35.246359519003384],[32.804390817994424,35.24634836800336],[32.80436073399444,35.24434684200334],[32.805265673994455,35.244367858003336],[32.80541999999445,35.24382000000333],[32.80558999999446,35.243830000003356],[32.80562999999447,35.24385000000337],[32.80568999999445,35.243920000003364],[32.80590217899444,35.244281490003345],[32.80595999999442,35.24438000000334],[32.80678999999442,35.24436000000333],[32.80681999999446,35.24455000000337],[32.806769999994444,35.24472000000333],[32.80681999999446,35.24486000000338],[32.806795280994464,35.24500441000334],[32.80794585099443,35.245857887003375],[32.80956783999442,35.24678527400337],[32.81041449699443,35.246423996003365],[32.81121361999443,35.246242396003396],[32.81130629399445,35.24478667700335],[32.81138298599448,35.24301366700336],[32.81139917099448,35.24263948500333],[32.81167610399453,35.241547784003316],[32.81217780499447,35.24172084700334],[32.81226999999451,35.24171000000335],[32.81249999999447,35.24178000000334],[32.81259999999447,35.24182000000336],[32.812719999994485,35.24182000000335],[32.81302999999446,35.24194000000334],[32.81314999999448,35.24203000000334],[32.81346999999448,35.24208000000333],[32.813460054994486,35.24217944900333],[32.81385790199447,35.24238576800336],[32.81380315699448,35.24307449200335],[32.81358018999443,35.24587955900338],[32.81410181399438,35.24835466200339],[32.814531103994334,35.25104811100341],[32.81479621199434,35.251168882003434],[32.81507751699439,35.25129703100341],[32.81581212399435,35.251822923003445],[32.816727953994345,35.25258624900343],[32.81718575199434,35.25326457800341],[32.81716089099433,35.253838330003454],[32.81714967499432,35.25409716600346],[32.81744962399429,35.25484316900343],[32.817871893994315,35.25563826000348],[32.8178856319943,35.257028348003495],[32.81681246199422,35.26036211800351],[32.81673102699417,35.264229453003544],[32.81670964099418,35.26450626900354],[32.81660876999419,35.26581195400358],[32.814575497994056,35.27384908000365],[32.814574780994015,35.27513113100369],[32.81457475899401,35.27516961700368],[32.814520958994024,35.275177162003644],[32.814549491993986,35.27699788400365],[32.81439455999396,35.27914505000371],[32.81427060699393,35.280819142003715],[32.81425883999394,35.28084348700369],[32.81377825099393,35.28183778600372],[32.81285645799395,35.281509421003754],[32.812640601993934,35.281515180003716],[32.812639999993934,35.281520000003724],[32.81153999999391,35.28155000000372],[32.80932213599396,35.28147007700373],[32.808336597993865,35.28481725000377],[32.80783212699389,35.28488506000379],[32.80783212699389,35.28488506000379]]]}