{"segmentId":"5001046","streetsFileVersion":96,"polygonPointList":[[[32.497201080995985,35.12537526900243],[32.496814433995986,35.12513022300241],[32.496819192996014,35.12411181400241],[32.497418816995975,35.123083887002416],[32.498070788995996,35.12269841400242],[32.498384877995974,35.12252709300237],[32.49877986899598,35.1233551460024],[32.49874194699597,35.124647053002406],[32.49957231899594,35.1260750690024],[32.498681837995946,35.12737428300243],[32.49737507199597,35.12717137400243],[32.497201080995985,35.12537526900243],[32.497201080995985,35.12537526900243]]]}