{"segmentId":"5001627","streetsFileVersion":96,"polygonPointList":[[[33.1654892739851,35.66421717900989],[33.163943544985145,35.66320670700985],[33.163709999985144,35.663570000009884],[33.16235999998513,35.66432000000987],[33.161189999985154,35.66356000000991],[33.16173999998521,35.66200000000983],[33.161916057985195,35.66173073500984],[33.16166590598524,35.66139222200985],[33.16021325498519,35.66190963200985],[33.16033999998523,35.662090000009826],[33.15918999998515,35.66249000000986],[33.15844999998523,35.662190000009865],[33.158377526985205,35.661692354009816],[33.15829999998526,35.66116000000983],[33.15822999998525,35.66088000000985],[33.15839694498525,35.66078539800979],[33.15852999998525,35.66071000000983],[33.15860999998528,35.660660000009834],[33.158929999985254,35.6605100000098],[33.15926999998527,35.66037000000982],[33.15951999998525,35.66034000000983],[33.15983999998523,35.66035000000979],[33.159725040985286,35.659680534009816],[33.159688513985266,35.659612941009776],[33.15970942798526,35.6595896110098],[33.159669999985304,35.65936000000978],[33.159764040985316,35.659213407009766],[33.16000999998533,35.65883000100979],[33.16035206098529,35.65887275800974],[33.16051266698528,35.65869360200974],[33.16046999998529,35.658540000009786],[33.1604499999853,35.658400000009735],[33.16038999998533,35.658190000009746],[33.16034999998533,35.65809000000977],[33.16029999998538,35.657110000009716],[33.16034999998538,35.65668000000973],[33.160459999985406,35.65583000000969],[33.1611251969854,35.65583000000969],[33.16113814898542,35.65581376300967],[33.16125244898542,35.655821298009684],[33.163099999985405,35.6556900000097],[33.16382999998541,35.65633000000968],[33.16463999998538,35.65681000000973],[33.164789999985345,35.65682000000971],[33.164717848985354,35.657191061009726],[33.166131984985356,35.65709610700971],[33.16748692798537,35.657332380009755],[33.16903935798535,35.65760309100974],[33.169310031985326,35.65757045600971],[33.170127748985365,35.65678192500974],[33.17043826298537,35.657021043009706],[33.17068999998534,35.656870000009704],[33.17105999998535,35.65717000000974],[33.17106595998538,35.65718192100975],[33.17118554798534,35.657106144009745],[33.171480736985295,35.65730873600974],[33.17176004198536,35.657275060009745],[33.17184049698535,35.65755564400975],[33.17193434498535,35.65762005300976],[33.171938074985334,35.65789594300972],[33.17210124298529,35.65846498600977],[33.17200726098527,35.659583321009805],[33.17195479598526,35.66020762800983],[33.1717775379852,35.66270519200984],[33.171364595985146,35.66325826700989],[33.16815838798514,35.663308792009886],[33.167837064985186,35.663687522009866],[33.16734865298511,35.663797707009905],[33.1654892739851,35.66421717900989],[33.1654892739851,35.66421717900989]]]}