{"segmentId":"5001528","streetsFileVersion":96,"polygonPointList":[[[33.00107999998924,35.52445000000707],[33.0010516379892,35.52448351900707],[33.00104515998923,35.52462847200708],[33.000888875989205,35.52467587300705],[33.0007499999892,35.52484000000705],[33.0005899999892,35.52512000100708],[33.00021999998924,35.52520000000707],[33.000089999989235,35.525180000007055],[32.9999599999892,35.52524000000708],[32.99982999998917,35.52531000000707],[32.99966999998921,35.52538000000707],[32.99943999998921,35.52543000000707],[32.99933999998922,35.525410000007106],[32.99929999998922,35.525400000007075],[32.99919349298922,35.525431952007104],[32.99891093198922,35.52571759900711],[32.99866636098921,35.52596484100711],[32.99843364398919,35.5262000990071],[32.9983499999892,35.526370000007084],[32.9983099999892,35.52635000000708],[32.99826842998918,35.526367117007105],[32.9979689089892,35.526669909007126],[32.99793999998914,35.52680000000709],[32.99785999998917,35.52716999900714],[32.997839999989175,35.52732000000709],[32.997829999989186,35.52762000000714],[32.99780999998919,35.527690000007134],[32.99774999998914,35.527720000007115],[32.997399999989135,35.52764000000714],[32.99639999998916,35.52766000000709],[32.99623999998915,35.52764000000714],[32.996189999989184,35.52738000000711],[32.99612999998918,35.52704000000712],[32.99609999998919,35.52697000000712],[32.99583999998919,35.5268200000071],[32.995709999989174,35.52676000000708],[32.99546999998922,35.526590000007104],[32.99536999998917,35.52652000000711],[32.995319999989185,35.52637000000709],[32.995259999989166,35.526310000007065],[32.99522999998918,35.526310000007065],[32.99512999998921,35.52635000000708],[32.99507021198918,35.526230423007114],[32.995069999989184,35.5262300000071],[32.995087910989184,35.5258628340071],[32.99508983298923,35.5258234240071],[32.995089999989204,35.5258200010071],[32.995079999989166,35.52574000000707],[32.9950799999892,35.52558654800706],[32.9950799999892,35.525502909007095],[32.9950799999892,35.5254747590071],[32.9950799999892,35.52547011900706],[32.9950799999892,35.52547000000707],[32.99507013498923,35.52519378000708],[32.995069999989234,35.5251900000071],[32.995109814989206,35.52490134000707],[32.995109999989246,35.52490000000707],[32.99508999998924,35.52453000000704],[32.995079999989215,35.52441000000705],[32.99505053898924,35.52421359200703],[32.99504999998923,35.524210000007045],[32.99510999998926,35.52408000000703],[32.995219999989274,35.52389000000705],[32.99528999998927,35.523730000007056],[32.99530999998926,35.523700000007075],[32.99532999998922,35.523660000007055],[32.99543999998925,35.523410000007054],[32.99553999998929,35.52325000000707],[32.99574999998928,35.52296000000705],[32.99585999998925,35.522840000007015],[32.99629999998932,35.52250000000701],[32.99636999998931,35.52245000000702],[32.99640999998924,35.52242000000704],[32.996459999989284,35.52241000000701],[32.99654999998932,35.52240000000703],[32.99676999998923,35.52253000000705],[32.996919999989274,35.522600000007046],[32.99693999998927,35.522660000007015],[32.997019999989305,35.52265000000703],[32.99736999998927,35.522680000007014],[32.99760999998927,35.522690000007046],[32.998089999989276,35.522690000007046],[32.99865999998926,35.522690000007046],[32.99887999998926,35.52265000000703],[32.99897348198929,35.52262154900704],[32.99910999998925,35.52258000000704],[32.99910999998925,35.522584759007025],[32.99910999998925,35.522680000007014],[32.99919999998925,35.52288000000703],[32.99919966498927,35.52288401500702],[32.99918999998927,35.52300000000701],[32.99917057898928,35.52337547200705],[32.99917082398923,35.52337548600707],[32.99923793298929,35.52337918900702],[33.00108280698925,35.52378604800703],[33.00108259598927,35.52379076100705],[33.00106503198922,35.52418380500707],[33.00106522898924,35.52418415000706],[33.00107999998924,35.524210000007045],[33.00110999998919,35.524370000007046],[33.00110940498927,35.524371586007035],[33.00107999998924,35.52445000000707],[33.00107999998924,35.52445000000707]]]}