{"segmentId":"5001891","streetsFileVersion":96,"polygonPointList":[[[31.91014752399489,35.25122997600359],[31.908234436994974,35.24806053400356],[31.911974949995013,35.24519090400351],[31.913043444994955,35.24681239700354],[31.914172913994978,35.24852642000358],[31.91299916499493,35.24931474000356],[31.91014752399489,35.25122997600359],[31.91014752399489,35.25122997600359]]]}