{"segmentId":"5001423","streetsFileVersion":96,"polygonPointList":[[[32.95159999999607,35.09078000000212],[32.9512699999961,35.09087000000213],[32.95097999999609,35.090970000002095],[32.95062999999605,35.091120000002114],[32.95024999999605,35.09130000000211],[32.9499199999961,35.09150000000213],[32.94956999999607,35.09174000000215],[32.948989999996044,35.09219000000215],[32.948059704996034,35.092965246002144],[32.94802999999605,35.09299000000212],[32.94781999999605,35.09315000000212],[32.94722999999605,35.09362000000213],[32.94703999999606,35.09378999900217],[32.94681999999606,35.09396000000213],[32.94647999999606,35.094210000002114],[32.946209999996036,35.09440000000216],[32.94580999999603,35.09464000000212],[32.94551999999603,35.09481000000215],[32.94500999999603,35.095060000002135],[32.94467999999605,35.09521000000216],[32.944239999996014,35.09536000000214],[32.94389999999601,35.09546000000216],[32.94392738799605,35.09559694100215],[32.943938049996014,35.09560776300213],[32.94374955499602,35.095677960002156],[32.94257158899602,35.09611664100213],[32.94024718799603,35.09654050300214],[32.93650396299602,35.09722309100216],[32.934705179996,35.09725073200219],[32.930001109996006,35.09732301600219],[32.929979999996036,35.097320000002135],[32.929939586995985,35.09731663200217],[32.92953520999602,35.09733760200215],[32.929115474996024,35.09742026400217],[32.92823940899604,35.09755695600217],[32.92761770099601,35.09755482400215],[32.927102093996055,35.09755290300217],[32.926602903996006,35.097471606002166],[32.92568235799603,35.09753763700218],[32.92550999999602,35.09755000000218],[32.92491999999603,35.09757000000219],[32.924129999996005,35.09761000000215],[32.92411265099599,35.09735844800219],[32.92263112499602,35.097438425002174],[32.92161854899605,35.09749308800219],[32.91699802999606,35.09647701300213],[32.91668322999603,35.09641508500215],[32.914196619996034,35.095925916002166],[32.91336935199605,35.09576317500216],[32.91003810699607,35.09362166000216],[32.90921680099609,35.09296192200212],[32.90841671299609,35.09266284300211],[32.90793862299609,35.09214097500214],[32.90774037899612,35.09192457900216],[32.907393953996056,35.09154643100212],[32.90722480899612,35.09136179800212],[32.90546142199607,35.090478498002106],[32.90507594999608,35.09062126500211],[32.90446412199608,35.090954187002154],[32.90471703699611,35.08964141700212],[32.905466566996154,35.08849927500212],[32.906703127996124,35.087728432002116],[32.907822241996165,35.087030802002126],[32.908214844996124,35.08678606300208],[32.91046343599612,35.085287003002115],[32.910457983996146,35.0851466830021],[32.91041242099617,35.083974043002094],[32.91029807199617,35.081031112002066],[32.91029239199616,35.08088492200207],[32.91036109599617,35.08086204500207],[32.91048680399621,35.08082018600205],[32.91092036099615,35.08073261900207],[32.91128236499614,35.080759211002054],[32.911519999996166,35.08068000000204],[32.91165529099619,35.080740648002084],[32.911733469996186,35.08077569300209],[32.911774818996214,35.08076797300205],[32.9123955539962,35.08063722900206],[32.91248705099616,35.080617957002076],[32.91252980099622,35.080608953002034],[32.91280768799618,35.080579651002054],[32.91288080099615,35.08057194200207],[32.913254836996195,35.08054296900209],[32.91335805599619,35.08052928100206],[32.913367350996154,35.08052733800203],[32.91338376699616,35.08052587100208],[32.91439042599621,35.080435938002054],[32.914555815996216,35.08039740100203],[32.91517008599616,35.08025427000207],[32.91599391999618,35.07993965100208],[32.91608455699616,35.079905037002064],[32.91610826799619,35.079896429002034],[32.91626712899621,35.079838757002065],[32.91696436699621,35.07958563800202],[32.91704506399617,35.07955634300204],[32.917407083996196,35.079334143002036],[32.91764965299622,35.07918526000203],[32.917802937996235,35.07909117700206],[32.91810914699619,35.07890323300206],[32.918187175996195,35.078822104002036],[32.918680018996234,35.07830968000208],[32.9195227389962,35.077567619002025],[32.919542246996215,35.07755044100201],[32.91990238299624,35.07680152700204],[32.920328794996244,35.075813246002035],[32.920358291996244,35.075738048002044],[32.92067614699623,35.074927713002054],[32.9207706049962,35.07469623000201],[32.92087387899624,35.07444314300202],[32.921201448996264,35.073640390002005],[32.92120173999627,35.073600878002004],[32.92120611699626,35.073007299002],[32.92142705199627,35.07239860700197],[32.921344367996284,35.071554713002016],[32.92114146699625,35.071092933001985],[32.92113281399625,35.07107562800202],[32.92102106599625,35.070943594001974],[32.92092001399625,35.07082419900202],[32.92057833599629,35.070543932002025],[32.92035799099629,35.070363191002],[32.92026003699625,35.07028582500198],[32.92019680299629,35.07035624000196],[32.91917412699629,35.07149505200199],[32.91831752099627,35.07115241000197],[32.91858877899633,35.065527364001966],[32.92100155299633,35.06578434600196],[32.92091034599627,35.06617326000194],[32.92087292099631,35.06633284300198],[32.92088618399628,35.06647356400196],[32.920889275996274,35.06650637100198],[32.92093827899631,35.06657185100197],[32.92154036299632,35.06678871900196],[32.92179622699633,35.06681235800197],[32.9222345339963,35.06685285300198],[32.922559040996305,35.06688283400199],[32.92320593699627,35.067218016001945],[32.92348414299631,35.06728979500201],[32.924124584996314,35.067455034001966],[32.92483274599629,35.06763774600199],[32.924860563996276,35.06763638800197],[32.92489096799629,35.06763490400198],[32.924973924996316,35.06765086100199],[32.92499985999631,35.067689524001985],[32.9250309449963,35.06773586400197],[32.92504795699629,35.067813859002],[32.9250429319963,35.06790490800199],[32.9250259179963,35.067979899002005],[32.92501854099628,35.067988286001984],[32.925179792996275,35.06831427100201],[32.9251852579963,35.06832531900198],[32.925279580996275,35.06837422700198],[32.92535354699627,35.06838225500201],[32.925729853996295,35.068423099001954],[32.92579645199625,35.06842151300196],[32.925859999996284,35.06842000000199],[32.92587384799628,35.06843384800197],[32.92590999999628,35.06847000000198],[32.92591026399626,35.06847037000199],[32.92613948899626,35.06857121500201],[32.9261651949963,35.06857568600195],[32.92641999999628,35.06861999900202],[32.92656999999623,35.06868000000196],[32.92659699699626,35.068695209001994],[32.92689075599627,35.06886070700199],[32.92699953299629,35.06892199000197],[32.92707492899629,35.06893785600199],[32.92730926299627,35.06901340500201],[32.927313692996265,35.06901483300197],[32.92735108199627,35.069026887002],[32.927509689996306,35.069007429002],[32.927763812996304,35.06897625200196],[32.92801510299628,35.06894542300199],[32.928139236996266,35.069001104002],[32.92815439999627,35.069003219001964],[32.92828095399628,35.069020875001975],[32.92839199099629,35.06905089000196],[32.92865400199625,35.06917691600199],[32.928893924996295,35.06926988500197],[32.92902599699627,35.06930894200201],[32.92909396699623,35.06932092800196],[32.9291799849963,35.06935891300196],[32.92923472899624,35.06939297300198],[32.9295674259963,35.069531578002],[32.92960680999627,35.06954871500198],[32.929618140996276,35.06955364500198],[32.93010912999627,35.069767292002],[32.93080253499627,35.07001761200201],[32.930828148996234,35.070012725001966],[32.930884034996296,35.07000206200201],[32.93088996399628,35.07000093100198],[32.930970018996256,35.070039929002014],[32.93099268799628,35.07005183900197],[32.93108997299625,35.070102951001964],[32.93121190299628,35.070149840001996],[32.93121200599628,35.07014988000198],[32.93122637999629,35.070176708002016],[32.931242003996275,35.07020586800201],[32.931207806996305,35.07024423800198],[32.93118494499626,35.07026988900197],[32.93114894199627,35.07030987300198],[32.93115025599623,35.07032402000198],[32.931152942996256,35.070352943001986],[32.93118999999629,35.07039000000198],[32.93119375099625,35.070394313002005],[32.93122098099626,35.070407937001974],[32.93146396999625,35.070598879002],[32.931679016996306,