{"segmentId":"5001072","streetsFileVersion":96,"polygonPointList":[[[32.56569700499751,34.920305587001245],[32.561780905997495,34.92053168800126],[32.56146882499752,34.92064656500125],[32.56110752099752,34.92066064500128],[32.560554420997505,34.92066568100129],[32.5600503949975,34.92060778100127],[32.55929331799752,34.920640496001255],[32.55876441699755,34.92056281100125],[32.55675567199752,34.920267766001274],[32.55549607999752,34.919883022001294],[32.55454486599755,34.91954850600129],[32.55453114399753,34.919546420001296],[32.553852832997514,34.919373451001285],[32.5533966809975,34.91913953500127],[32.551445425997514,34.91839246100127],[32.5503649919975,34.91802434400127],[32.54978816099753,34.91777637700126],[32.54956863499754,34.91768200800125],[32.54950448799749,34.91703279100126],[32.54939021999755,34.91587632200123],[32.549334351997544,34.91571493600123],[32.548915854997574,34.91450601000122],[32.54853223099754,34.91330308700123],[32.548353691997534,34.91131727500124],[32.54827816399757,34.91007145000121],[32.54816417499761,34.90894578800122],[32.54844976499754,34.90892770500123],[32.54861845499756,34.90860706000124],[32.54953873999757,34.90879838600123],[32.54951592999755,34.90939292400121],[32.549914333997556,34.90948517900124],[32.5504611469976,34.90961179900123],[32.55391131199754,34.90980853700123],[32.55498384599757,34.910239475001205],[32.554958971997586,34.91031967900123],[32.55623242199756,34.9107898760012],[32.55599444099755,34.91196854400123],[32.556014233997516,34.91197390200125],[32.55592559999749,34.91272113200125],[32.55810847899754,34.91319426000126],[32.558875220997535,34.91329829100123],[32.561454782997544,34.913648284001226],[32.56136900999757,34.914458351001265],[32.56495279099752,34.91501089900123],[32.5645286099975,34.91735236700124],[32.56447471699751,34.917649852001276],[32.564933810997516,34.917855726001235],[32.565168931997505,34.91782669200128],[32.56615375999755,34.917838128001236],[32.56663019499752,34.91786405500126],[32.56629870999754,34.92027084700126],[32.56569700499751,34.920305587001245],[32.56569700499751,34.920305587001245]]]}