{"segmentId":"5001638","streetsFileVersion":96,"polygonPointList":[[[33.193293995985236,35.66022699300977],[33.192361999985266,35.659261000009785],[33.19176199998525,35.65864200000975],[33.18969499998525,35.65829400000976],[33.18919899998527,35.65810700000972],[33.18879799998533,35.657699000009714],[33.18877599998533,35.65768400000975],[33.18814999998533,35.657260000009735],[33.18814199998529,35.65723600000974],[33.187927999985305,35.657085000009715],[33.1879829999853,35.65678100000968],[33.18774999998537,35.65611000000972],[33.18793999998536,35.65574000000967],[33.18864999998536,35.656000000009705],[33.189139999985365,35.65619000000968],[33.189409999985365,35.65604000000971],[33.18935999998539,35.65581000000966],[33.18947999998539,35.655620000009684],[33.18965999998539,35.65555000000969],[33.18979999998537,35.65538000000966],[33.18990999998538,35.65536000000965],[33.18998999998542,35.65491000000964],[33.19020999998538,35.65455000000963],[33.1902385999854,35.65432050000964],[33.1903199999854,35.65413000000966],[33.1904599999854,35.653540000009656],[33.19048999998546,35.653450000009656],[33.19069999998544,35.65364000000963],[33.1912699999854,35.65362000000963],[33.191579999985414,35.65364000000963],[33.19213999998543,35.65380000000963],[33.192429999985436,35.65376000000962],[33.19245999998542,35.65358000000962],[33.192529999985446,35.65296000000963],[33.19257999998549,35.652680000009596],[33.19263999998547,35.65259000000959],[33.19290999998544,35.6523800000096],[33.19313999998546,35.6522000000096],[33.19312999998547,35.6523800000096],[33.19432999998543,35.6532000000096],[33.194623999985424,35.65316700000962],[33.194624411985416,35.65316695400959],[33.19522999998542,35.653100000009616],[33.19528639998541,35.65352000000965],[33.19536029998543,35.65387750000966],[33.1954372999854,35.65407450000963],[33.195550899985406,35.65426270000965],[33.19566709998537,35.654347100009645],[33.19584999998542,35.654360000009646],[33.19616999998541,35.65433000000967],[33.1965499999854,35.65428000000962],[33.19666999998538,35.65425000000964],[33.1973255999854,35.65411690000966],[33.197826999985416,35.65417560000962],[33.198245499985354,35.65509830000969],[33.19872699998539,35.6555680000097],[33.199175999985364,35.65601900000971],[33.19955999998535,35.65666600000967],[33.199739999985326,35.657643000009735],[33.19982499998525,35.65849600000976],[33.19931399998524,35.6598920000098],[33.199038104985206,35.66040080500978],[33.199037999985165,35.66040100000976],[33.19876399998518,35.6609070000098],[33.19797599998517,35.6611170000098],[33.197390999985174,35.66115600000982],[33.19738099998521,35.6611600000098],[33.19733699998519,35.6611590000098],[33.19590999998514,35.6612530000098],[33.194459083985244,35.66091002000982],[33.19445899998518,35.660910000009814],[33.193801999985205,35.6607540000098],[33.193293995985236,35.66022699300977],[33.193293995985236,35.66022699300977]]]}