{"segmentId":"5001284","streetsFileVersion":96,"polygonPointList":[[[32.76905999999538,35.166740000002704],[32.76889999999537,35.167099999002716],[32.76889999999539,35.16723059900269],[32.76889999999537,35.16725000000266],[32.76856383399541,35.16745763200268],[32.7686015309954,35.1680013120027],[32.76873999999537,35.168120000002695],[32.7688599999954,35.16828000000268],[32.7688899999954,35.16844000000269],[32.768809999995355,35.16852000000271],[32.76863883999538,35.168539018002704],[32.7686401719954,35.16855810200272],[32.76860811399541,35.16865178400273],[32.76856999999541,35.16889000000269],[32.76854999999538,35.169189999002676],[32.76847999999538,35.16947000000271],[32.76841999999537,35.16940000000271],[32.76836999999538,35.16937000000273],[32.7682999999954,35.169570000002736],[32.768249999995334,35.1697200000027],[32.76819999999534,35.16988000000269],[32.767949999995345,35.16997000000269],[32.76781119699538,35.16993915500272],[32.767768173995336,35.16993068500271],[32.76773291099537,35.16994390800271],[32.76745169699539,35.17005054600269],[32.767450251995385,35.1700499050027],[32.76744999999535,35.17005000000272],[32.767412966995344,35.17003337300268],[32.76695989399534,35.1698324790027],[32.766737945995345,35.16968765700271],[32.76656999999539,35.16958000000271],[32.76631298199538,35.169410368002715],[32.766068458995385,35.16925081700269],[32.76567664699539,35.16904021100269],[32.765619999995394,35.16901000000273],[32.76554885899535,35.16899221500271],[32.765472307995346,35.16897307700268],[32.7654694659954,35.168972367002695],[32.7654580109954,35.168969503002685],[32.76533999999535,35.16894000000273],[32.76536252199536,35.168494063002676],[32.76539327699538,35.167773814002686],[32.76539985099538,35.16763479400268],[32.76539999999539,35.167629999002685],[32.76564065899538,35.16745552200271],[32.765798919995405,35.167336752002676],[32.766056119995376,35.16716166000267],[32.76632777099541,35.16697672900269],[32.76656999999541,35.16681000000269],[32.76698999999547,35.16572000000271],[32.76702672299543,35.16565773100269],[32.76732731299544,35.16513983700265],[32.76833441799543,35.165320000002694],[32.76833999999538,35.1653199990027],[32.7683426169954,35.16532192800264],[32.768531465995444,35.16543946900266],[32.76853999999539,35.165320000002694],[32.76864999999538,35.165370000002675],[32.768759999995396,35.16530000000269],[32.76879999999542,35.16517000000267],[32.768869999995424,35.165190000002674],[32.76895999999542,35.16524000000266],[32.769049999995424,35.165380000002656],[32.76923999999538,35.1659700000027],[32.76923999999538,35.16609000000268],[32.76905999999538,35.166740000002704],[32.76905999999538,35.166740000002704]]]}