{"segmentId":"5001492","streetsFileVersion":96,"polygonPointList":[[[32.98965789999485,35.20351380000295],[32.98858914299486,35.20468659700295],[32.986929085994795,35.206508256002984],[32.98087589999475,35.21315070000301],[32.98075089999474,35.213267700003065],[32.980736899994746,35.21326670000306],[32.98053436099472,35.213255836003015],[32.980534033994765,35.21325581800304],[32.98047589999473,35.213252700003046],[32.979779899994725,35.21309470000305],[32.97931589999475,35.21281970000305],[32.978721899994746,35.21245680000302],[32.97850189999472,35.212278000003],[32.97781767499473,35.21180366100301],[32.97761289999473,35.21166170000301],[32.976943899994765,35.21095880000304],[32.976583899994765,35.21052400000304],[32.97620779999479,35.209988400003],[32.97587979999476,35.20946060000301],[32.975358799994794,35.20876970000302],[32.975077799994814,35.208409200003004],[32.9748857999948,35.20807760000297],[32.97476379999483,35.20730380000297],[32.974669799994835,35.206312500002944],[32.97472879999485,35.205593700002986],[32.97461379999482,35.205089600002985],[32.97441779999483,35.204426300003],[32.97439320499487,35.204333642002965],[32.97428579999489,35.20392900000299],[32.974119799994845,35.203398900002924],[32.97399779999487,35.20279090000293],[32.97395279999491,35.20214530000293],[32.9738817999949,35.20145560000292],[32.97380979999487,35.200810900002956],[32.97397179999492,35.20003870000293],[32.97407579999488,35.19956010000291],[32.974367799994916,35.19814780000293],[32.97474279999494,35.1960560000029],[32.97476279999498,35.19434060000286],[32.974796064995,35.193645108002876],[32.974828799995,35.192960700002885],[32.974822799994975,35.19167340000288],[32.97464979999503,35.19043740000286],[32.97473039999503,35.188326000002846],[32.974926594995054,35.1864808960028],[32.97495489999507,35.186214700002814],[32.97538389999509,35.1838237000028],[32.975427899995104,35.18312870000279],[32.97543838999514,35.18296234100279],[32.97556189999512,35.1810037000028],[32.97641889999513,35.18011170000277],[32.97837211799512,35.18028943000279],[32.97857289999516,35.180307700002786],[32.978773899995154,35.18032570000274],[32.97960727099516,35.17957520300278],[32.98337015499518,35.17618651500271],[32.98344989999514,35.17611470000271],[32.985847899995164,35.17720210000273],[32.98741393999516,35.17890812900273],[32.98772169999515,35.179243400002775],[32.98856869999509,35.18273820000281],[32.988582816995105,35.18328598500279],[32.988603699995096,35.18409630000282],[32.98859979999501,35.18913480000281],[32.98865279999504,35.190838000002834],[32.98878089899496,35.19399113100289],[32.988788799994985,35.194185600002854],[32.98886289999494,35.19723680000289],[32.988943899994894,35.1976557000029],[32.98925589999491,35.1993487000029],[32.989459899994884,35.199650200002935],[32.989816899994885,35.20029050000293],[32.98996789999489,35.200738400002905],[32.99019589999487,35.201940200002916],[32.989897899994894,35.20300170000297],[32.98984789999486,35.203051700002966],[32.98965789999485,35.20351380000295],[32.98965789999485,35.20351380000295]]]}