{"segmentId":"5004000","streetsFileVersion":96,"polygonPointList":[[[29.38943601199966,34.17565827300013],[29.38934816999969,34.17706373400013],[29.389365751999662,34.17731549100013],[29.389365751999662,34.179130878000095],[29.38936429799965,34.17968575300013],[29.389393578999698,34.18018352000014],[29.387666032999675,34.18021280100011],[29.388163799999642,34.180681288000144],[29.387490349999677,34.18132545700014],[29.389335017999656,34.18170610300014],[29.389335017999656,34.182174590000116],[29.389361390999706,34.18319504400013],[29.389361390999706,34.183839214000116],[29.388863622999672,34.18419057900015],[29.388834342999665,34.18421985900012],[29.388541537999625,34.18389777500012],[29.38892218399962,34.183751372000145],[29.388892903999665,34.18319504400013],[29.388424416999708,34.18293152000014],[29.38807305099965,34.183312166000135],[29.387897368999656,34.183751372000145],[29.38760456399968,34.184044177000104],[29.387077516999632,34.18413201800014],[29.38666758999968,34.18407345700014],[29.38625766399962,34.183839214000116],[29.38614054299966,34.18304864200015],[29.38614054299966,34.182404472000094],[29.386579748999687,34.18255087400014],[29.3865211879997,34.18299008100014],[29.386609029999647,34.18348784800009],[29.386872552999684,34.183751372000145],[29.38728247999969,34.18369281100014],[29.38760456399968,34.183312166000135],[29.388043770999683,34.1825801550001],[29.38892218399962,34.18275583700013],[29.389331106999627,34.18316476000014],[29.38929511799969,34.18216452500015],[29.386084888999676,34.18135473800011],[29.387490349999677,34.18056416600013],[29.386143449999693,34.179890716000116],[29.389312798999654,34.17968903000015],[29.389316770999645,34.17912598000011],[29.388780142999686,34.179072317000156],[29.388780142999686,34.178574550000135],[29.386203464999667,34.17863311100014],[29.386203464999667,34.17822318500011],[29.388780142999686,34.178135343000136],[29.388750862999643,34.17740333300011],[29.389277910999667,34.17737405200013],[29.389280450999657,34.17706373400013],[29.38890896399966,34.17706373400013],[29.388938243999654,34.176068199000106],[29.388294073999663,34.176038919000135],[29.388235513999643,34.177034453000104],[29.38759134399967,34.17697589300013],[29.387620623999688,34.176038919000135],[29.38706429599968,34.176068199000106],[29.38703501599964,34.176917332000144],[29.386420125999692,34.176917332000144],[29.38644940699969,34.17562899200011],[29.388821121999648,34.17565827300013],[29.38943601199966,34.17565827300013],[29.38943601199966,34.17565827300013]]]}