{"segmentId":"5000298","streetsFileVersion":188,"polygonPointList":[[[31.62987554399862,34.72706658300072],[31.62807576099861,34.72831223000068],[31.62833670999857,34.72921181600069],[31.628399999998614,34.7294300000007],[31.6259825619986,34.730789137000706],[31.625352428998557,34.73122516700071],[31.624815463998587,34.73144530500075],[31.623899999998596,34.73196000000074],[31.623434506998606,34.7322526970007],[31.62271938299861,34.73270235800071],[31.622552066998608,34.73280803600072],[31.621184355998615,34.73302129400069],[31.6206422509986,34.73344760300073],[31.619263160998578,34.733320292000705],[31.61926308699857,34.7333202380007],[31.619259999998604,34.73332000000072],[31.619043599998587,34.73315855900073],[31.61862958499861,34.73285358700075],[31.61761077899861,34.73233058900073],[31.617593644998596,34.73232185700071],[31.61727017799861,34.733090615000705],[31.617269177998633,34.73308997200074],[31.617139999998606,34.73340000000074],[31.616953816998567,34.73324290900074],[31.616504274998594,34.73286430200073],[31.61571492099859,34.73261699900074],[31.615239999998575,34.7324700000007],[31.615239373998598,34.732468011000705],[31.615239091998586,34.732467923000726],[31.615064766998554,34.73193181400073],[31.615064747998606,34.731926702000735],[31.614423912998603,34.731524317000705],[31.61377999999863,34.73112000000069],[31.614178204998577,34.73005523600071],[31.61413800999859,34.72985565300073],[31.614361484998636,34.728953313000694],[31.614367310998578,34.728929788000734],[31.614379999998583,34.728860000000715],[31.61441587099861,34.72872548600069],[31.61442005599858,34.72846605500074],[31.614418345998594,34.72800755500069],[31.61438999999865,34.72788000000069],[31.6143999999986,34.727210000000724],[31.614492962998582,34.726424975000704],[31.614579999998615,34.72569000000069],[31.614829029998642,34.72460049100069],[31.614977541998645,34.72394444500068],[31.615033107998606,34.723820910000676],[31.61530999999865,34.72320000000072],[31.61557434899861,34.72261760500068],[31.61594594399858,34.72179146500066],[31.61614921599862,34.7213915680007],[31.61618999999863,34.72131000000072],[31.616190401998605,34.721310541000676],[31.61645909799864,34.72078193500069],[31.616972251998593,34.71977239100069],[31.617485901998638,34.718897087000705],[31.618032371998662,34.718479829000685],[31.618116529998638,34.71841557000069],[31.618459999998613,34.71815000000066],[31.618494894998598,34.718132768000665],[31.61939059299863,34.71760356600067],[31.61968999999864,34.71724000000069],[31.619919999998604,34.71702000000067],[31.62006999999863,34.716940000000704],[31.620479999998622,34.71695999900067],[31.62071999999863,34.71703000000071],[31.62088961599863,34.71704156400068],[31.62166858299862,34.71612306800069],[31.622415817998636,34.716253423000694],[31.623573088998633,34.71846269400068],[31.62360695299862,34.7185822980007],[31.6236187899986,34.71862410800067],[31.625296897998602,34.724551075000726],[31.62530999999865,34.724570000000675],[31.62538971899861,34.72487891200071],[31.625975964998602,34.724532569000736],[31.626519999998596,34.724210000000674],[31.63260014299861,34.72152321200072],[31.63316041499864,34.72127563000067],[31.634921215998627,34.724321340000735],[31.632544883998584,34.72561455800073],[31.630152480998586,34.72691652200072],[31.62987554399862,34.72706658300072],[31.62987554399862,34.72706658300072]]]}