{"segmentId":"5000944","streetsFileVersion":236,"polygonPointList":[[[32.35095999999694,35.01361000000171],[32.35485999999693,35.01508000000177],[32.355045748996965,35.017034299001736],[32.35510233899694,35.01762969800177],[32.355116625996935,35.017780011001776],[32.35536774599695,35.01780705700173],[32.35532359199693,35.01995754700176],[32.35542007499693,35.02097265900178],[32.35312494999689,35.02500789700182],[32.35238390199685,35.02538802000178],[32.3512084179969,35.025187311001766],[32.35040372699693,35.02346281300178],[32.34974465699688,35.02350404500177],[32.3497174419969,35.023505748001774],[32.349558915996894,35.02351566600178],[32.349447295996896,35.02352264900177],[32.34921034899687,35.025564375001785],[32.34827843799692,35.0252735790018],[32.34779493399691,35.022494947001775],[32.34749999999689,35.020800000001785],[32.34807938699693,35.019428783001736],[32.34809999999694,35.01937999900179],[32.34746682899692,35.019351219001756],[32.34685791899694,35.019323542001764],[32.34655999999694,35.019310000001795],[32.34644412899694,35.01898169800177],[32.346080440996914,35.01795125000177],[32.34595999999695,35.01761000000176],[32.34634528699698,35.01530363000175],[32.34636973599696,35.01515727700178],[32.349845491996945,35.01551142200172],[32.35022810999696,35.013424090001735],[32.35095999999694,35.01361000000171],[32.35095999999694,35.01361000000171]]]}