{"segmentId":"5000202","streetsFileVersion":236,"polygonPointList":[[[31.398907337998995,34.600563275000475],[31.399499693998973,34.599844944000445],[31.39953625099896,34.59989440400046],[31.399637705999016,34.60003166900045],[31.400006636998967,34.60053082100048],[31.400252510998996,34.600863481000445],[31.400495292998976,34.600652765000476],[31.40209999999901,34.59926000100047],[31.40220793199899,34.59884369300047],[31.40240746199897,34.59807407700044],[31.402391320998966,34.59805225700047],[31.40217254399899,34.597756499000475],[31.402410489999024,34.59749178400046],[31.402519999998965,34.59764000000047],[31.402625674998973,34.59777449600046],[31.40279013699899,34.59798381100047],[31.402870961998996,34.597944860000446],[31.40299643199897,34.597884395000456],[31.403125105999006,34.59786872300044],[31.40321372699895,34.59785792900044],[31.403234689998964,34.59784628300042],[31.403544044998984,34.59767441900044],[31.403960113998945,34.59723004300043],[31.403982860998962,34.59724856200046],[31.404115788998986,34.59735678400047],[31.404829999999002,34.59696000000042],[31.405944189998994,34.59778393900046],[31.406019999999,34.597840000000474],[31.405877672998983,34.59813632000044],[31.405511006998967,34.59889970600046],[31.405409999998994,34.59911000000046],[31.405671710998956,34.59971893200044],[31.406395533999,34.601403075000476],[31.40640156299895,34.601391923000456],[31.406704346998985,34.60083183400047],[31.407596454998963,34.601262773000435],[31.407507138999,34.60143434900045],[31.407953715998982,34.60176089600045],[31.407892070998965,34.60190313000045],[31.40787731399902,34.601937180000455],[31.408626475998943,34.602609897000455],[31.40865999999897,34.602640000000484],[31.409086060998973,34.60367060600045],[31.40921365599898,34.603979249000496],[31.409399999998968,34.604430000000455],[31.409144290998988,34.60485009300045],[31.40923326599896,34.60535790100046],[31.408683258998956,34.606371342000465],[31.40880666799899,34.6065266680005],[31.40899999999898,34.606770000000466],[31.40856257699897,34.607714580000476],[31.40830999999895,34.60826000000045],[31.407277881998972,34.60884413500045],[31.406269164998943,34.6094150260005],[31.406242700998966,34.60943000300048],[31.405959999998956,34.609590000000445],[31.405837367998952,34.60942308500048],[31.405599999998955,34.60910000000049],[31.404621850998964,34.60940233700048],[31.404118496998965,34.60955791900048],[31.403949999998968,34.60961000000045],[31.40387269899895,34.609389550000486],[31.403744143998942,34.609022928000485],[31.40340999999897,34.60807000000048],[31.403273575998984,34.607999144000495],[31.402875164998974,34.60779221800047],[31.402119999998934,34.60740000000046],[31.402669999998974,34.606610000000465],[31.402159999998958,34.60543000000048],[31.40166426499899,34.60504602000045],[31.40042999999895,34.604090000000454],[31.400370435998965,34.602648043000464],[31.40035352299895,34.60260793200049],[31.399848268999,34.60232308800046],[31.39915584599897,34.60186623100044],[31.398641881998984,34.60150217400048],[31.398342069998986,34.60134512900044],[31.398649217998976,34.600876289000446],[31.398907337998995,34.600563275000475],[31.398907337998995,34.600563275000475]]]}