{"segmentId":"5000104","streetsFileVersion":236,"polygonPointList":[[[31.15059080199391,35.367562863005126],[31.14994087299394,35.365365430005106],[31.149152605993923,35.36538465600512],[31.148319794993974,35.36567019100511],[31.147802261993913,35.3654203480051],[31.147796312993993,35.36467081800508],[31.14812943799397,35.36421277100508],[31.148986043993933,35.3638915440051],[31.149990952993985,35.36360071400506],[31.15005274599396,35.36251472800508],[31.150089999993977,35.36186000000504],[31.153352777993984,35.362349417005085],[31.155889999993974,35.36273000000507],[31.159660404993957,35.363806280005086],[31.16017198899396,35.36390145800507],[31.160576497993947,35.36499601100512],[31.160695470993925,35.36599538400509],[31.160862032993922,35.36655455700508],[31.160469421993916,35.366911477005104],[31.15868482599395,35.3664950710051],[31.15644265899393,35.36619286600513],[31.154154926993918,35.36783649200512],[31.15265586699394,35.36816961700512],[31.150961559993895,35.368530482005134],[31.14811726299389,35.370564766005145],[31.147410562993873,35.369758129005156],[31.14952495999394,35.36829859600513],[31.15059080199391,35.367562863005126],[31.15059080199391,35.367562863005126]]]}