{"segmentId":"5000290","streetsFileVersion":236,"polygonPointList":[[[31.60480615099909,34.521600467000326],[31.604708415999106,34.51998192800033],[31.604894518999078,34.518936208000355],[31.604955126999084,34.51859565100034],[31.605064974999106,34.517978415000364],[31.60523417599911,34.5170276680003],[31.606176442999082,34.516475633000304],[31.607575615999117,34.516293180000325],[31.607856110999105,34.516256603000336],[31.608141164999097,34.516219432000355],[31.60875719999912,34.516139100000316],[31.609272033999126,34.51622568300035],[31.61009819199912,34.51690514000035],[31.610101099999103,34.516907532000346],[31.610113931999077,34.51691808500033],[31.61011613199908,34.51691989500034],[31.610421305999072,34.51717087900033],[31.611057185999076,34.51807566400032],[31.612580218999096,34.52024276500032],[31.612923925999095,34.521316851000336],[31.613073741999077,34.522320809000355],[31.613049532999057,34.52313738100032],[31.61304952299904,34.52313773000032],[31.61303743099908,34.523545565000354],[31.61289210499912,34.524864689000324],[31.6127899999991,34.52521000000037],[31.61073941299905,34.52583034100037],[31.608633735999113,34.52689129100031],[31.608023986999058,34.52605577500032],[31.607736086999086,34.52566127500035],[31.60672530499908,34.52581593800034],[31.605075941999086,34.52606831100037],[31.60500046199912,34.52481833700035],[31.60480615099909,34.521600467000326],[31.60480615099909,34.521600467000326]]]}