{"segmentId":"5000539","streetsFileVersion":236,"polygonPointList":[[[31.824410281994034,35.32443834800443],[31.824807910994032,35.32407904400439],[31.825064634994057,35.32280624800441],[31.825133957994062,35.3224625560044],[31.825055843994082,35.322424799004374],[31.824520803994027,35.32240794700439],[31.824450834994053,35.322405743004396],[31.824119193994072,35.321972059004416],[31.823464429994075,35.321655571004406],[31.823307167994063,35.321718937004405],[31.823111050994076,35.322596305004396],[31.8221014099941,35.32209148500439],[31.82149632499407,35.322423306004424],[31.820769542994046,35.322821863004414],[31.820549585993998,35.324341563004445],[31.82053324399404,35.32445447400442],[31.819319526994054,35.32452966000443],[31.81902437499401,35.3239823520044],[31.8190529279941,35.322890179004425],[31.819405453994058,35.32233852400438],[31.82100584199406,35.32106036200435],[31.82137918199409,35.32085358900436],[31.821526430994084,35.32077203500439],[31.8216472899941,35.3207050980044],[31.821714018994122,35.320454847004385],[31.8223038929941,35.31824267300434],[31.82157767899412,35.31796122800435],[31.82052015599415,35.317551384004354],[31.820061180994102,35.31737350800435],[31.819790914994172,35.316561304004345],[31.81939851399419,35.31443973200429],[31.81932906799419,35.314343981004285],[31.8188892229942,35.31373752900428],[31.818093858994192,35.312640890004296],[31.818018010994216,35.31210765200429],[31.818267854994204,35.31172693800426],[31.818946000994202,35.31171504100429],[31.819289869994186,35.312653380004264],[31.819617008994232,35.31284528500427],[31.820342744994193,35.31355912300431],[31.820830533994183,35.313951734004306],[31.82162765399418,35.315712535004316],[31.821918223994157,35.316740055004296],[31.82328914299415,35.31694257300435],[31.824018345994126,35.31799543300438],[31.8263475249941,35.32135841700439],[31.826871674994077,35.32211521200437],[31.826836433994025,35.3222196150044],[31.82678887799407,35.32287814400443],[31.82677839799404,35.32307726400441],[31.826753185994058,35.32355629000441],[31.826424736994007,35.323929230004396],[31.82615658799404,35.324233701004395],[31.826073435994036,35.324480046004446],[31.826003111993984,35.32468838500443],[31.82624152299404,35.32634336200444],[31.824667701994017,35.326401667004426],[31.824646999993963,35.32611000000442],[31.824245420994014,35.325656925004424],[31.823898650993982,35.325539015004445],[31.82371899999402,35.325063000004434],[31.824410281994034,35.32443834800443],[31.824410281994034,35.32443834800443]]]}