{"segmentId":"5000992","streetsFileVersion":236,"polygonPointList":[[[32.45575481599732,34.9537643340014],[32.45484263799734,34.95463441700146],[32.455640589997294,34.95618937000145],[32.45545525699728,34.957037803001434],[32.45493973299732,34.957446447001445],[32.45383270099736,34.95506368700144],[32.452168401997305,34.956150101001434],[32.45125100199734,34.95545144400145],[32.450056294997296,34.95571394900141],[32.449994189997305,34.955834080001424],[32.449264698997304,34.95724513800146],[32.44807182499732,34.95662520300143],[32.44773833199729,34.95734132800143],[32.44436034599733,34.957261860001466],[32.44372514499733,34.95503749200141],[32.44100547699731,34.95388536200143],[32.44074179199731,34.95377365800141],[32.440492901997374,34.953668221001415],[32.440356566997316,34.9527678290014],[32.44107434299733,34.94944334100142],[32.44142026499735,34.94784115300141],[32.4415319279974,34.947844545001416],[32.443114317997356,34.947892617001386],[32.44314264399736,34.9507925590014],[32.44565442399739,34.94900566400138],[32.44661527899737,34.949520306001425],[32.44923396599738,34.9476720130014],[32.4488177199974,34.946807054001376],[32.44847633099739,34.94609764800138],[32.44823527399742,34.945596734001384],[32.449198156997426,34.94503281700137],[32.44988005399741,34.94463346100135],[32.450170314997365,34.944463468001366],[32.45197869299741,34.94340438200136],[32.45316510299738,34.9462855090014],[32.453420642997386,34.94690607500142],[32.45382338199738,34.947884103001385],[32.45483661999739,34.94735579000142],[32.4549793789974,34.94772192200138],[32.45514040399738,34.948134898001385],[32.45546506899736,34.948967561001425],[32.455828504997385,34.948772881001375],[32.45625581999733,34.948543983001386],[32.45668061199739,34.948223133001406],[32.45759670499738,34.95023377700141],[32.45750962999736,34.950673431001405],[32.455831208997346,34.95217445100145],[32.455503686997325,34.95246735600142],[32.45575481599732,34.9537643340014],[32.45575481599732,34.9537643340014]]]}