{"segmentId":"5000105","streetsFileVersion":188,"polygonPointList":[[[31.194751228999404,34.32053361100016],[31.194121228999393,34.32074361100019],[31.194161228999388,34.321053611000146],[31.19417122899939,34.32235361100016],[31.194120890999407,34.322472590000196],[31.194106936999418,34.32250557300018],[31.19395122899938,34.322873611000155],[31.19292122899937,34.323773611000156],[31.191181228999387,34.32446361000019],[31.1911800549994,34.32445961900016],[31.19117028799937,34.32442641100017],[31.191169975999333,34.324426535000164],[31.19116880199938,34.32442254400019],[31.1911503119994,34.324429876000195],[31.191134855999422,34.32437732600017],[31.190798753999395,34.3245472020002],[31.18624585799939,34.32590050000017],[31.185236644999364,34.32620047700017],[31.184296580999415,34.322335976000154],[31.182701046999334,34.31577690100016],[31.182785810999373,34.315726650000165],[31.182578738999396,34.31488757400018],[31.181772284999433,34.31180729600016],[31.181600988999378,34.311153023000145],[31.18147140799939,34.31065808300019],[31.18423442799936,34.30979629900014],[31.186417727999387,34.30911532800019],[31.187117771999404,34.30889698500016],[31.18773000099937,34.31145331000017],[31.19253277899936,34.309985745000176],[31.19293653299943,34.311825208000194],[31.192937723999414,34.31182916300014],[31.192938018999406,34.31182907500017],[31.1929779939994,34.31196186800014],[31.193140637999374,34.312502154000185],[31.193148190999384,34.312535148000165],[31.193168895999367,34.31252803000018],[31.193169824999362,34.31253208900017],[31.193170381999437,34.312531897000156],[31.193364800999376,34.313381187000175],[31.193379742999362,34.31340974300019],[31.193380035999386,34.313411331000175],[31.19338122899941,34.31341361100016],[31.193418484999395,34.31361569600018],[31.1938492479994,34.31549741800018],[31.19503061199938,34.32048143800018],[31.194751228999404,34.32053361100016],[31.194751228999404,34.32053361100016]]]}