{"segmentId":"5000298","streetsFileVersion":236,"polygonPointList":[[[31.634510974998634,34.7238583560007],[31.63255027599862,34.72521537500071],[31.62987554399862,34.72706658300072],[31.62807576099861,34.72831223000068],[31.62833670999857,34.72921181600069],[31.628399999998614,34.7294300000007],[31.626598292998562,34.730363073000696],[31.6259825619986,34.730789137000706],[31.625352428998557,34.73122516700071],[31.62481546499857,34.73144530500075],[31.623437802998605,34.73201010300072],[31.623342660998574,34.73204910800074],[31.620912354998552,34.73304545500069],[31.62013141499862,34.7331946930007],[31.61967741499861,34.7329026870007],[31.619579146998568,34.7326136270007],[31.617593644998596,34.73232185700071],[31.61727017799861,34.733090615000705],[31.617269178998583,34.73308997200074],[31.614427489998587,34.73126095200073],[31.614375511998574,34.731227497000745],[31.61441217999859,34.72895425000073],[31.61441586999864,34.72872548700074],[31.61442005599858,34.72846601500069],[31.61442356499858,34.72824846200072],[31.614477003998594,34.72760719400069],[31.614480671998596,34.72756317700069],[31.61502865899864,34.72615707600071],[31.615621451998592,34.7238807490007],[31.615801272998603,34.72310168700069],[31.616179606998617,34.7224449560007],[31.616565079998633,34.72138133700067],[31.617667036998622,34.720457764000685],[31.617393131998647,34.720003629000715],[31.618219499998638,34.7188032070007],[31.618621714998653,34.71849066200071],[31.618637225998626,34.71847860900068],[31.619027821998657,34.71786925300069],[31.619326879998656,34.7179427080007],[31.619359270998658,34.71812364800071],[31.622510371998647,34.71643393100067],[31.623573088998633,34.71846269400068],[31.62360695299862,34.71858229900069],[31.62361879099864,34.71862410800067],[31.625296897998602,34.724551075000726],[31.62538971899861,34.72487891200071],[31.625521736998607,34.724817695000716],[31.626931986998592,34.72865343400074],[31.628019999998585,34.7281200000007],[31.628051026998566,34.728226963000715],[31.62876968799859,34.72769160700071],[31.628983081998594,34.72753264200068],[31.627479666998624,34.723865494000705],[31.62852187099861,34.72336580800068],[31.629985239998597,34.72645672700068],[31.632552339998647,34.72506252700069],[31.633297449998604,34.72465785500068],[31.632577867998606,34.72317242700071],[31.63246311999861,34.72293555300071],[31.632583495998624,34.7227557100007],[31.63316895899863,34.721881024000666],[31.634510974998634,34.7238583560007],[31.634510974998634,34.7238583560007]]]}