{"segmentId":"5000865","streetsFileVersion":96,"polygonPointList":[[[32.20344713799189,35.438036943005876],[32.20333781099186,35.438766867005874],[32.203379999991874,35.439020000005875],[32.20328318399186,35.43913158400591],[32.20322100299188,35.43954673400589],[32.20281074199184,35.440079060005935],[32.20192078299183,35.44123381000591],[32.20173734599182,35.441169153005916],[32.20154304099182,35.44135663900594],[32.20139193499183,35.441249219005925],[32.201389999991825,35.441250000005915],[32.20124999999183,35.44131000000593],[32.20075487199183,35.44126415400595],[32.200971076991834,35.441908524005946],[32.200765385991836,35.44210699100596],[32.20108699599182,35.44335733900596],[32.20107591299179,35.44384668800599],[32.200544134991766,35.44412537800596],[32.199801775991794,35.44426209500599],[32.19881009499178,35.444210554005984],[32.198241230991776,35.444290627005984],[32.19797750299178,35.44422697500598],[32.19777497599181,35.444178095005974],[32.19686999999176,35.44409000000601],[32.195999999991784,35.442280001005926],[32.19598612199183,35.44223836500594],[32.19562798399182,35.441770395005946],[32.195458671991815,35.440601341005916],[32.19554733399184,35.439885093005906],[32.19571360499187,35.43854189500592],[32.19625034799189,35.43707510900585],[32.19650794999191,35.436537438005885],[32.19627311599193,35.43600667300587],[32.196093866991944,35.43541895700582],[32.19572753599197,35.43473289300583],[32.19567344699196,35.43396605600581],[32.19555709499197,35.43310934400582],[32.19546852399197,35.43222823400579],[32.19534494699197,35.43152647900581],[32.195374603992015,35.43045806800579],[32.19521675699204,35.42978653200575],[32.19525492699206,35.429577018005745],[32.19511478599205,35.42926817300573],[32.194463125992094,35.42783203500573],[32.195665293992086,35.4273243460057],[32.195730615992076,35.4269657490057],[32.19623938899209,35.426994076005705],[32.19635999999206,35.426900000005716],[32.19831056899211,35.42694578800574],[32.198489999992105,35.426950000005704],[32.19964999999213,35.42705000000573],[32.1998599999921,35.427210000005736],[32.19987943899206,35.427224710005746],[32.20000772599207,35.4272288910057],[32.20004502499209,35.427350018005704],[32.200229999992075,35.42749000000571],[32.20031999999206,35.427540000005756],[32.20089999999206,35.428770000005734],[32.20091999999205,35.428910001005775],[32.20100278599203,35.42942471400576],[32.20114999999204,35.43034000000577],[32.20115999999205,35.43037000000576],[32.20117866799205,35.43045587300575],[32.20138600799203,35.430606644005806],[32.20143985299204,35.43102773600577],[32.20133722999202,35.4311787240058],[32.201559999991986,35.432150000005784],[32.20156508299199,35.4322863960058],[32.201770182991986,35.43295245800581],[32.20174945999192,35.434258660005845],[32.20182229699196,35.43453921800583],[32.20207771499191,35.43497728800582],[32.202945146991894,35.43658144100586],[32.20344713799189,35.438036943005876],[32.20344713799189,35.438036943005876]]]}