{"segmentId":"5000798","streetsFileVersion":96,"polygonPointList":[[[32.10754199999273,35.39343700000527],[32.106935999992785,35.39438500000527],[32.10693599999276,35.394528000005266],[32.10688999999275,35.39514200000531],[32.106889969992736,35.39514240500529],[32.10682499999274,35.39602100000531],[32.10660499999268,35.3969580000053],[32.10598599999265,35.39827900000533],[32.10590699999268,35.39841600000533],[32.10609299999265,35.39916900000531],[32.10639299999262,35.399512000005366],[32.10639299999262,35.40049700000534],[32.105792999992644,35.40119600000534],[32.10514479999262,35.4015102000054],[32.104987299992615,35.40259680000536],[32.1044770999926,35.4028887000054],[32.103926599992626,35.40310440000542],[32.10477619999259,35.40368390000538],[32.10467969999259,35.404392000005394],[32.10406499999257,35.404842700005446],[32.10330049999256,35.404826600005414],[32.10248649999257,35.40450740000542],[32.10210679999258,35.404117200005395],[32.1023939999926,35.40333730000538],[32.103153899992606,35.40295450000542],[32.103535499992624,35.402901000005386],[32.10358999999259,35.402643600005376],[32.10325339999262,35.401442500005345],[32.10385909999266,35.40101330000536],[32.103555999992615,35.40046600000536],[32.10297399999266,35.40082000000538],[32.102737999992634,35.40088700000538],[32.102306999992635,35.40123400000536],[32.10185599999262,35.40166400000536],[32.10111499999264,35.40174400000539],[32.1007549999926,35.40180000000536],[32.100373999992634,35.40176700000539],[32.09994599999261,35.40149800000539],[32.09960333599262,35.40117032200536],[32.09960299999263,35.40117000000536],[32.09957899999264,35.40114700000536],[32.0994139999926,35.40065900000539],[32.09930399999268,35.400186000005384],[32.09914499999269,35.399714000005375],[32.09915199999268,35.399381000005356],[32.0991669999927,35.39894200000532],[32.09922999999266,35.39836400000535],[32.09929999999267,35.39800600000534],[32.099321999992675,35.39746100000534],[32.09947999999268,35.39693200000531],[32.098311999992745,35.39656000000534],[32.09809799999271,35.39615500000533],[32.098204999992745,35.39491600000531],[32.09820503299275,35.394915609005295],[32.09821699999274,35.39477500000527],[32.099106999992756,35.394794000005284],[32.09942399999276,35.3946960000053],[32.09944399999274,35.3946910000053],[32.09949099999276,35.39465300000529],[32.099728730992744,35.39455511100527],[32.09972899999272,35.39455500000525],[32.100010999992755,35.394439000005256],[32.100226999992756,35.39394200000525],[32.10031299999274,35.39368100000528],[32.10032599999276,35.39303700000526],[32.100560999992766,35.39243700000522],[32.10073499999278,35.39187300000522],[32.100709999992795,35.39159100000524],[32.100537999992774,35.39153300000522],[32.100408999992815,35.39161200000525],[32.1001799999928,35.39207500000522],[32.09979099999276,35.39255900000526],[32.0997662999928,35.392564928005264],[32.09976599999277,35.39256500000524],[32.099359999992764,35.39265900000524],[32.09912899999279,35.39223800000527],[32.09863399999282,35.39136200000525],[32.099628999992845,35.38936000000522],[32.099824816992836,35.389464902005194],[32.09982499999286,35.38946500000518],[32.1003109999928,35.389726000005204],[32.10083999999285,35.388998000005216],[32.101427999992836,35.389801000005185],[32.10214199999286,35.38900100000521],[32.102978999992835,35.389695000005226],[32.103783999992835,35.390498000005195],[32.1038449999928,35.3905660000052],[32.105161999992845,35.389646000005186],[32.10546199999282,35.38907000000522],[32.10621799999286,35.38775000000517],[32.107441999992865,35.38676500000514],[32.10835999999288,35.38651000000515],[32.10889366799288,35.386783830005186],[32.108893999992894,35.38678400000515],[32.10918899999289,35.38693500000517],[32.10943999999289,35.38724400000519],[32.109489999992846,35.38730500000515],[32.10980799999285,35.387692000005195],[32.109913999992855,35.3878710000052],[32.109927999992834,35.388725000005216],[32.109880999992825,35.38920300000521],[32.10943499999283,35.3900940000052],[32.10917199999278,35.39097700000525],[32.10897499999278,35.39151500000521],[32.108802999992825,35.391612000005246],[32.108802499992755,35.391612278005205],[32.1082869999928,35.39189900000521],[32.1078159999928,35.39262900000525],[32.10754199999273,35.39343700000527],[32.10754199999273,35.39343700000527]]]}