{"segmentId":"5000922","streetsFileVersion":188,"polygonPointList":[[[32.324825013997554,34.92639736800131],[32.32426680899753,34.929064706001355],[32.325259999997556,34.929980000001336],[32.325299999997505,34.93044000000131],[32.324759469997524,34.93352488300137],[32.324194429997476,34.936749648001346],[32.32449532199754,34.93684956800138],[32.3251051829975,34.93753621100137],[32.32522584299749,34.93818214600135],[32.32496478599751,34.938843246001355],[32.32420076699747,34.93859258300137],[32.32399642299749,34.938448998001384],[32.32390760699743,34.938386590001365],[32.323899999997465,34.938430000001354],[32.323812162997505,34.93857107200138],[32.32380211999746,34.93868494100139],[32.323661852997446,34.938845028001374],[32.32352188099744,34.93911439700135],[32.323316331997475,34.939367406001345],[32.323239999997476,34.939490000001356],[32.32271999999749,34.93985000000136],[32.32087999999747,34.94073000000136],[32.320529999997476,34.94073000000136],[32.320059999997476,34.940750000001366],[32.31975111099749,34.94072495500139],[32.31963832199748,34.94147284900136],[32.31937533799744,34.94403182100142],[32.31933467499744,34.94442749400137],[32.31933412899743,34.94443161700142],[32.319299906997486,34.9447815240014],[32.31925842399745,34.94516544500139],[32.31920545599748,34.94543851100142],[32.31907157699743,34.946121892001415],[32.31877621699742,34.94718941600143],[32.31591065399738,34.95457872400143],[32.315751905997395,34.95498808000147],[32.31519603299739,34.95456336800143],[32.31473424099739,34.954210538001426],[32.31321064099743,34.953046439001426],[32.31109999999743,34.950470000001424],[32.31068999999745,34.94716000000141],[32.31035999999744,34.94634000000143],[32.31032999999745,34.946000000001376],[32.31029999999743,34.94589000000143],[32.31011999999743,34.94429000000137],[32.31001238599743,34.94383177200141],[32.30980999999745,34.942970000001395],[32.30960596399748,34.94294217700141],[32.3095387429975,34.942807719001365],[32.308334706997464,34.93713193000139],[32.30828999999748,34.93701000000135],[32.30825991799747,34.93677937100137],[32.308024764997484,34.93567086800135],[32.30788301099751,34.93514844200138],[32.30778941699749,34.93466168200137],[32.30774999999752,34.93455000000136],[32.307699999997524,34.93446000000136],[32.30762999999751,34.93413000000133],[32.307609999997545,34.93381000000135],[32.30749144199754,34.933157929001354],[32.30748999999749,34.93315000000136],[32.306869999997524,34.932980000001336],[32.3070927449975,34.931151762001356],[32.30708999999755,34.931140000001314],[32.30709814799756,34.931107407001356],[32.30712936199755,34.93085120300132],[32.30929272399752,34.9298008900013],[32.309292622997496,34.929754616001304],[32.30939285399756,34.92746174400129],[32.30996539099755,34.924609761001314],[32.31029645899756,34.922597173001286],[32.310315368997614,34.92248221700128],[32.310259999997534,34.92215000000129],[32.310179999997565,34.921900000001294],[32.3101299999976,34.92162000000131],[32.31022999999757,34.921610000001294],[32.310451315997625,34.9216557890013],[32.31053647299758,34.921138112001294],[32.31074416699757,34.91989821000128],[32.3111644259976,34.91958708000128],[32.31129257899757,34.919619000001305],[32.31129997599758,34.91958766600128],[32.31164317799759,34.9197063240013],[32.31190152099758,34.919770669001295],[32.31401503999762,34.92049832000127],[32.31409999999759,34.92047000000132],[32.31412999999756,34.920530000001285],[32.3141332169976,34.9205390070013],[32.31524541499757,34.92092191900132],[32.31743093899762,34.92167436100129],[32.31772678999757,34.921809629001295],[32.317993653997604,34.92026910000128],[32.3196455679976,34.920984107001274],[32.3200024879976,34.919627814001316],[32.32182999999759,34.91990000000128],[32.321779999997574,34.9223500000013],[32.32216890999761,34.922382526001286],[32.323957614997575,34.92245970200128],[32.324240597997594,34.922499490001314],[32.32522892999756,34.92263845000133],[32.32574720699759,34.9229237340013],[32.32603040199757,34.92307961700129],[32.32560076799758,34.9263018750013],[32.32494253699751,34.926204756001326],[32.32492193499756,34.9264137030013],[32.324825013997554,34.92639736800131],[32.324825013997554,34.92639736800131]]]}