{"segmentId":"5000441","streetsFileVersion":188,"polygonPointList":[[[31.7769353729973,35.00247865900176],[31.77384538699727,35.00284864400172],[31.77282801199729,35.00182405700175],[31.77212974499724,35.0011208420017],[31.769030904997322,34.999054451001726],[31.76590149499732,34.99570987000169],[31.764988631997323,34.994734241001694],[31.763945480997343,34.993082840001684],[31.76382576199736,34.99289331300166],[31.76365310399737,34.992390920001675],[31.763580554997333,34.99182126600167],[31.763565396997354,34.99131851500167],[31.763486252997353,34.990329471001665],[31.76304258199735,34.986979030001635],[31.759775761997403,34.98599980800162],[31.759566955997435,34.98501719100164],[31.75880494199741,34.98143124200161],[31.760853017997423,34.978700475001595],[31.761068746997406,34.97643367300157],[31.762356217997443,34.97655328600162],[31.762808417997473,34.97659529800161],[31.763347163997416,34.9766453510016],[31.76411890699745,34.9767170500016],[31.76388714399746,34.979032709001636],[31.76388747099741,34.97903274600158],[31.763526562997374,34.98262865800164],[31.764103556997398,34.98295806800165],[31.767692809997374,34.98500719800165],[31.76837999199741,34.984938545001626],[31.768995932997388,34.98507116600166],[31.769155143997377,34.98522196300166],[31.76945487799736,34.98550585600162],[31.769470019997357,34.985536728001655],[31.76969636399735,34.98575900200166],[31.770144249997365,34.98702988100167],[31.770233535997356,34.987197265001676],[31.771447646997384,34.987519802001664],[31.773035987997382,34.98855326500167],[31.773627232997374,34.98893796100164],[31.773218359997337,34.989744418001656],[31.774846857997332,34.99187954700168],[31.775016837997352,34.99186945800169],[31.775816336997316,34.99297352800168],[31.775809539997347,34.993082537001705],[31.77586755599731,34.993126640001705],[31.775884615997317,34.99324015400166],[31.775855272997344,34.993348820001685],[31.77577392099734,34.993653852001714],[31.775709582997315,34.995018527001704],[31.775779653997333,34.99592203000167],[31.775790845997317,34.99606633800169],[31.77558582799728,34.9976434830017],[31.774842588997323,34.99877078700173],[31.775883493997252,35.00195809700173],[31.776646468997296,35.002001853001694],[31.776990177997277,35.002345561001704],[31.7769353729973,35.00247865900176],[31.7769353729973,35.00247865900176]]]}