{"segmentId":"5000038","streetsFileVersion":236,"polygonPointList":[[[30.60548846899864,34.79321294300095],[30.60755859999863,34.79399816500096],[30.608816681998636,34.79521102200094],[30.609120264998623,34.79480581800094],[30.610148191998643,34.79166492900093],[30.610376619998632,34.79071314500092],[30.611214189998613,34.79069410900095],[30.613794290998637,34.79091378400093],[30.61624101499867,34.78846706000095],[30.617268941998635,34.78972341600095],[30.61749999999863,34.79221000000095],[30.61892895499862,34.79444858100093],[30.621197826998618,34.798002964000936],[30.621629999998586,34.79868000000095],[30.621329371998595,34.79966526100093],[30.621378747998573,34.799779212000935],[30.621836673998608,34.80083602200097],[30.622122209998576,34.801997199000944],[30.62212999999858,34.80365000000098],[30.62318448599859,34.803907507001],[30.62706015399857,34.804853952000954],[30.627843386998556,34.805045219001],[30.6280252389986,34.80508962700095],[30.627710788998563,34.80675592100098],[30.629259999998567,34.807210000000985],[30.62885999999855,34.80964000000099],[30.628787045998575,34.81009856500098],[30.62871999999854,34.810520000001],[30.626859999998604,34.80961000000101],[30.625606210998566,34.81163535200099],[30.624435733998535,34.813526122001],[30.62419324299853,34.813917838001025],[30.623999999998507,34.814230000001025],[30.62100207699858,34.81210347300099],[30.62024999999856,34.81157000000102],[30.62102546599856,34.81042345200101],[30.621879999998544,34.809160000001015],[30.622159999998583,34.806910000001004],[30.62131999999856,34.80614000000095],[30.621084059998584,34.806214678000984],[30.61913999999859,34.80683000000097],[30.616129999998556,34.80657000000101],[30.615430524998615,34.80610574700099],[30.614999999998606,34.80582000000097],[30.614639999998566,34.80648616900097],[30.614392493998594,34.806944171000985],[30.614337188998526,34.807046511001],[30.61418733899859,34.807094618000995],[30.614047677998613,34.80713945400096],[30.613144824998578,34.80742930000095],[30.61247000499856,34.80838228400099],[30.612295568998544,34.808490995000994],[30.612112517998607,34.80860507500099],[30.61202846999855,34.808657455001],[30.611189999998594,34.80918000000096],[30.609009999998598,34.80832000100096],[30.607908467998584,34.80650991600097],[30.606880065998556,34.80482000000098],[30.60677926399862,34.804654358000974],[30.605309999998585,34.80224000000096],[30.604209999998563,34.80084000000096],[30.6035699999986,34.80099000000097],[30.603481625998633,34.800576747000946],[30.603205492998626,34.79928549300098],[30.60314102899859,34.798984047000936],[30.603053990998582,34.798577042000936],[30.602972945998637,34.79819806200094],[30.60284390199863,34.79759462900096],[30.602766635998638,34.797233318000956],[30.6025199999986,34.79608000000097],[30.60270812899863,34.79596490000095],[30.603186847998618,34.79567201300095],[30.60335723899863,34.795567765000946],[30.604347226998613,34.79496207600094],[30.604346526998626,34.79496034700092],[30.604165011998628,34.794512128000946],[30.604022496998642,34.794173655000954],[30.603593941998597,34.79315583600092],[30.603224075998646,34.79297414700094],[30.602780165998613,34.79275608600094],[30.601901172998588,34.79211897400094],[30.601651329998624,34.79166925600092],[30.601544253998618,34.79089117200092],[30.601522838998612,34.79005598100096],[30.601922587998608,34.79009881100094],[30.60300762299863,34.78948491000094],[30.603276393998623,34.78917032500092],[30.603635799998635,34.788749657000906],[30.60396416599861,34.78886387100092],[30.6043139469986,34.78949204900093],[30.604678003998632,34.79063419000093],[30.604921980998657,34.791158616000956],[30.605003058998648,34.791185642000954],[30.60526003999863,34.792770363000926],[30.60548846899864,34.79321294300095],[30.60548846899864,34.79321294300095]]]}