{"segmentId":"5000962","streetsFileVersion":236,"polygonPointList":[[[32.374203317997186,34.9835854770016],[32.37387703899716,34.9829223450016],[32.37606999999718,34.97946387400153],[32.376249999997164,34.97918000000154],[32.376577010997195,34.97915804800155],[32.3774792679972,34.979097479001574],[32.37831395199719,34.97904144600155],[32.38016858199721,34.97996569700157],[32.38101999999717,34.98039000000157],[32.38168999999715,34.984240000001584],[32.380479999997135,34.98680000000162],[32.37988455199718,34.98691964400161],[32.379434943997126,34.987009985001585],[32.378632594997164,34.98717120200161],[32.37734821299716,34.98742927400162],[32.37620735799714,34.98765850800158],[32.374203317997186,34.9835854770016],[32.374203317997186,34.9835854770016]]]}