{"segmentId":"5000705","streetsFileVersion":96,"polygonPointList":[[[32.01238849999609,35.136714680002584],[32.01217834799612,35.13820892700257],[32.01221997199604,35.13864123500261],[32.01233139299607,35.1397984610026],[32.011417679996086,35.140426639002605],[32.01055395299607,35.13938643400262],[32.01010061299611,35.13919332100257],[32.009829021996126,35.13858569200258],[32.0097590199961,35.13842907800259],[32.00964736099615,35.13637203700257],[32.00936182499613,35.134030648002565],[32.009399864996155,35.13126834300252],[32.00922999999619,35.13116999900254],[32.009101621996166,35.131084415002505],[32.00907749099614,35.13106953300255],[32.00888690299618,35.130683807002505],[32.00887999999614,35.13067000000254],[32.008879736996164,35.13066930500249],[32.008879121996166,35.13066805900254],[32.00874386699619,35.130314599002496],[32.008637211996174,35.130298104002556],[32.00796938699617,35.12990105800249],[32.00743471499617,35.129436177002525],[32.00690742199617,35.129116542002535],[32.006634582996185,35.1286248130025],[32.00626596899617,35.12832375900252],[32.00598207699619,35.12791186300252],[32.00588738099619,35.12777447100252],[32.00572510199616,35.127478671002514],[32.00534713299617,35.127077929002496],[32.005337132996225,35.127070707002474],[32.0052970759962,35.12704254800252],[32.00529129799618,35.127038486002505],[32.00431304499622,35.127015883002514],[32.00422999999621,35.12706000000247],[32.00413999999624,35.12704000000252],[32.00408787599618,35.12701068000251],[32.004039661996174,35.12700956600247],[32.00383766399621,35.12688611300251],[32.00306097799622,35.12604820200249],[32.00298999999621,35.125990000002496],[32.002657342996216,35.12579397000252],[32.0024277439962,35.12566357400247],[32.00213095199623,35.125391888002454],[32.0018499999962,35.125140000002474],[32.00179928999624,35.125053370002476],[32.00159860599624,35.124734235002485],[32.001472010996196,35.12393112100247],[32.00146572599625,35.1238253270025],[32.0014499999962,35.1237100000025],[32.00143999999624,35.12347000000247],[32.001443194996206,35.12344604000245],[32.001435597996235,35.1233181580025],[32.00148924999628,35.122726259002455],[32.00155470999625,35.122564632002444],[32.00157999999623,35.122500000002475],[32.00166866799624,35.12228325700246],[32.0016690929962,35.12228221300247],[32.00166999999624,35.12228000000247],[32.001697858996216,35.12224357000249],[32.00179506099626,35.12211300100247],[32.00175878899624,35.121732551002445],[32.00177292899623,35.12158778300246],[32.00180999999622,35.12118000000244],[32.00183660499626,35.12113565800247],[32.00186644199622,35.121077196002446],[32.00206449799625,35.120971326002476],[32.00206599499626,35.12097220300247],[32.00206999999627,35.12097000000245],[32.00231999999625,35.12112000000248],[32.002479056996265,35.121477878002466],[32.002406771996235,35.121034432002446],[32.00245392299628,35.120775246002445],[32.00245999999623,35.12074000000247],[32.00246048099628,35.12073919900247],[32.00246061699627,35.120738449002445],[32.00248534599627,35.12069775700247],[32.00263999999626,35.12044000000243],[32.002799999996256,35.12006000000242],[32.00285332599626,35.12001898000245],[32.0029284179963,35.11995593000244],[32.003234555996286,35.11984995700243],[32.00323760699627,35.11985084900243],[32.003239999996254,35.11985000000243],[32.00344999999624,35.119910000002456],[32.003518139996245,35.11998086600244],[32.00370308599625,35.120166610002464],[32.00372624099623,35.120172624002464],[32.00379999999628,35.12018000000245],[32.00386651599627,35.12020850800247],[32.00399129999625,35.12018748900244],[32.00405295999623,35.12023564600242],[32.004389999996285,35.12048000000244],[32.00449127199627,35.12051938400243],[32.00456791799628,35.12054629000244],[32.004723441996255,35.12050703600244],[32.004819999996236,35.12048000000244],[32.005269663996245,35.12044003000245],[32.00526999899628,35.12043999900243],[32.00527032799626,35.12043996700243],[32.00540630699624,35.12051685200243],[32.00579287199622,35.120735423002444],[32.00602726999625,35.12109456600247],[32.00602903399624,35.12109855200244],[32.00602999999627,35.12110000000247],[32.00606505799625,35.12117993300246],[32.00627981899624,35.12166509700247],[32.00627982199628,35.12166959300244],[32.00627999999625,35.12167000000246],[32.00627999999625,35.12194300700243],[32.00628003899624,35.12200330000248],[32.006154191996245,35.12236276700244],[32.005884283996224,35.12280692700247],[32.0062728489962,35.12342645900245],[32.00662186099623,35.123662354002455],[32.00732640899621,35.12384282600246],[32.00831239899621,35.123503402002456],[32.0090579739962,35.1249121210025],[32.00958868999618,35.12606121300251],[32.009656334996166,35.126966625002524],[32.009844532996155,35.12754124400249],[32.00983450299617,35.12800091500248],[32.00983147599617,35.12813965300251],[32.0098680579962,35.12854779300251],[32.00986999999617,35.128550000002534],[32.01031999999617,35.128700000002496],[32.01083999999615,35.128910000002534],[32.01090438199616,35.12895405100251],[32.011219837996165,35.1291652590025],[32.01224746299618,35.12946833600252],[32.01217421099618,35.13039751100254],[32.01174310399619,35.130729189002544],[32.01170596099618,35.130794675002534],[32.011309999996165,35.13119000000253],[32.01118925199615,35.13317404200256],[32.011988749996135,35.13460171800256],[32.01238849999609,35.136714680002584],[32.01238849999609,35.136714680002584]]]}