{"segmentId":"5000792","streetsFileVersion":236,"polygonPointList":[[[32.11157997199747,34.95486823900146],[32.108097000997375,34.960446030001506],[32.108651842997425,34.960745645001474],[32.11000056999741,34.9614739570015],[32.11030274999739,34.964341599001536],[32.11027648699742,34.96479632800149],[32.110019726997386,34.96924202600155],[32.109342157997354,34.969806650001544],[32.109280529997335,34.96988986800153],[32.10879947699734,34.97053944700156],[32.10821181599734,34.97133298200153],[32.10745666299736,34.97235268600158],[32.107425567997346,34.972385449001564],[32.107003114997326,34.97283057100152],[32.10680326999736,34.97304114000157],[32.106139999997346,34.97374000000158],[32.103562562997325,34.972875487001566],[32.10355944499734,34.97273830500156],[32.10355757299735,34.972655933001555],[32.10354705199735,34.97219302300154],[32.10352521699735,34.97123226300154],[32.10350307599737,34.97025807900156],[32.104514346997405,34.966867348001514],[32.1060604109974,34.96443781800153],[32.10617996999739,34.96424994000151],[32.1063053339974,34.96357000500152],[32.10647141499741,34.96266923900148],[32.10605564599742,34.96222330800148],[32.1066441379974,34.96173244300151],[32.10677345999744,34.96103104300149],[32.10666621899741,34.96070319200148],[32.10604367099745,34.958799974001465],[32.10555609499744,34.95867760500147],[32.10578764299743,34.95867646400149],[32.10585902699742,34.957324930001455],[32.105571169997475,34.9572916860015],[32.10556911799744,34.95693890500149],[32.10556308499743,34.95590144000146],[32.10555290099749,34.95415031500145],[32.10559260499744,34.954032766001475],[32.105576423997455,34.95401867300147],[32.10555695299749,34.95400171500147],[32.10541570099743,34.95387868800144],[32.10516274999742,34.953876383001486],[32.10496582199745,34.95387458900147],[32.1044330919975,34.95386973400148],[32.10444260999746,34.953498538001476],[32.10463474599745,34.95350566200146],[32.10500309299747,34.953519320001455],[32.10505980899749,34.95338563200145],[32.10645283999747,34.95010206000145],[32.106574424997504,34.94981546600147],[32.10699362999748,34.94958004200143],[32.10717940299749,34.94833154100145],[32.107383271997485,34.94828169100141],[32.10778040999748,34.948184583001435],[32.11085216399748,34.94743348000141],[32.113724670997506,34.94673109600143],[32.11404933199747,34.94686727500141],[32.1140170899975,34.94732941500145],[32.11400144099748,34.947553716001444],[32.11368216599748,34.949022381001456],[32.1129637969975,34.95111363200144],[32.11296313499746,34.951115431001455],[32.11157997199747,34.95486823900146],[32.11157997199747,34.95486823900146]]]}