{"segmentId":"5000253","streetsFileVersion":96,"polygonPointList":[[[31.510534863998902,34.634233471000535],[31.51013233699888,34.63311981600048],[31.512089465998894,34.63266192200053],[31.512179228998885,34.63273728700051],[31.512337789998885,34.63365676900049],[31.51223250099886,34.63506565000053],[31.51204351799885,34.635634184000494],[31.511721266998872,34.635776587000535],[31.51135152799883,34.63570715700053],[31.511011006998878,34.635313776000494],[31.510534863998902,34.634233471000535],[31.510534863998902,34.634233471000535]]]}