{"segmentId":"5000536","streetsFileVersion":188,"polygonPointList":[[[31.833457204997714,34.925129506001376],[31.83344999999769,34.925280061001324],[31.83344999999769,34.92629333600138],[31.833456862997696,34.92804327800139],[31.833234188997704,34.92978962800135],[31.828045388997687,34.93068973300139],[31.82575796699771,34.93108653400136],[31.825189456997723,34.93042402300139],[31.825133746997704,34.93023575500139],[31.824985993997668,34.930133440001406],[31.824900334997675,34.92984790500135],[31.824828950997656,34.92953381600138],[31.824897406997664,34.92943706700136],[31.824706091997697,34.928790529001354],[31.824617522997684,34.92817769700133],[31.82470756499768,34.928093993001376],[31.82476694099771,34.928038802001375],[31.824129999997684,34.92608000000137],[31.824523031997742,34.92485703400137],[31.825967767997728,34.92404792700136],[31.824862083997743,34.923028262001345],[31.824518300997713,34.92271122400135],[31.8241057199977,34.921794563001335],[31.824175749997732,34.921660159001334],[31.82415999999774,34.92164000000131],[31.824135618997754,34.921615620001354],[31.824053495997724,34.921547723001346],[31.823956004997754,34.92144442600134],[31.82386981799776,34.92132816800134],[31.82379616299774,34.92120061300133],[31.82379373399774,34.92119506800131],[31.82332999999774,34.9208300000013],[31.823339999997742,34.92035000000133],[31.823279999997748,34.91996000000134],[31.823689999997775,34.91935000000134],[31.823709999997767,34.91921000000134],[31.823789999997725,34.91920000000132],[31.823889999997764,34.91924000000133],[31.824124361997786,34.919492390001345],[31.82417523399776,34.91945166900134],[31.824291920997737,34.919380725001325],[31.82441501099774,34.919326677001344],[31.824610476997762,34.91927865900131],[31.82535065899774,34.919405272001335],[31.825349999997776,34.919400000001325],[31.825339999997762,34.91931000000132],[31.825379999997754,34.919070000001305],[31.826319999997757,34.918200000001335],[31.827106001997745,34.9182401280013],[31.828233755997726,34.91823769700132],[31.828406469997738,34.91823732400134],[31.829102462997724,34.9188440870013],[31.82915300299775,34.919189130001335],[31.83075122199775,34.92118729400132],[31.83218359499775,34.92061090100131],[31.83240999999771,34.92018000000135],[31.833120089997777,34.92003417800132],[31.83446783899775,34.919751315001314],[31.834497005997765,34.9197451940013],[31.834631874997775,34.91971688800131],[31.834632172997747,34.91971805700134],[31.834819999997727,34.9195499990013],[31.834819999997727,34.91962000000134],[31.834839999997733,34.919760000001325],[31.834989999997774,34.91980000000134],[31.83499999999774,34.919940000001326],[31.83499999999774,34.920030000001326],[31.835029999997772,34.92107000000132],[31.835029999997772,34.92122000000134],[31.835039999997733,34.92131000000134],[31.835110596997755,34.921596801001364],[31.835203955997724,34.92196341600132],[31.835379802997696,34.92324642400137],[31.835469969997753,34.92390430100134],[31.83431776299773,34.92419904500137],[31.834288543997737,34.924206519001345],[31.833514392997717,34.92440455400133],[31.833457204997714,34.925129506001376],[31.833457204997714,34.925129506001376]]]}