{"segmentId":"5000198","streetsFileVersion":236,"polygonPointList":[[[31.37798845699767,34.95900522600154],[31.37736653099769,34.95925202200153],[31.377024910997633,34.960000080001535],[31.37652546099764,34.96006989600154],[31.376106427997694,34.95971336900154],[31.37589175099764,34.95926970200152],[31.375896361997658,34.95926390000154],[31.37589398999772,34.95926300700155],[31.375920822997678,34.95864621400155],[31.37576492199765,34.95845061800152],[31.374763560997696,34.95949136600156],[31.374059360997656,34.959601492001546],[31.373615214997663,34.95967094900154],[31.373598621997658,34.95975940900157],[31.37236878099765,34.96631608000159],[31.37155291599761,34.97066571600159],[31.36996326899759,34.97027904500159],[31.3674464879976,34.968575378001574],[31.367170644997636,34.968388653001576],[31.36745877199766,34.96777638300159],[31.36785806099762,34.96692789600161],[31.368575466997623,34.9662370610016],[31.36901807299767,34.96581084700159],[31.36916423299764,34.96624932600155],[31.369447707997626,34.96709975000158],[31.36901807299767,34.96860347100159],[31.369748451997626,34.969204959001566],[31.37052179399767,34.967787165001596],[31.371810696997635,34.9681308730016],[31.372190993997613,34.9663123770016],[31.373558519997697,34.95977316700153],[31.373578702997705,34.959676659001516],[31.372789999997707,34.95980000000153],[31.372616185997714,34.959222323001555],[31.37227909999772,34.95810200800152],[31.372109999997704,34.957540001001526],[31.372454869997714,34.95595279500151],[31.370959462997718,34.956174459001545],[31.370096800997704,34.95630233200154],[31.370006141997713,34.955753956001494],[31.369960039997693,34.95547509300155],[31.369801383997675,34.955002746001526],[31.369609418997676,34.95431110300154],[31.369134035997714,34.9533427940015],[31.369108299997723,34.95318261800149],[31.369368765997695,34.95261066700151],[31.369787659997723,34.95244955400151],[31.37070301999774,34.95288537800155],[31.371600827997717,34.953320984001536],[31.372524788997733,34.95326048900152],[31.373480124997723,34.95406109800154],[31.3744472579977,34.95423805300151],[31.37521000399769,34.954055312001515],[31.37624112699772,34.95471050500151],[31.37650964799767,34.955591255001536],[31.376778169997735,34.95558051500154],[31.378077813997702,34.95457087400154],[31.378851155997687,34.9553012520015],[31.37906597299764,34.958544992001535],[31.379077486997684,34.95863037700156],[31.379395509997675,34.959209303001565],[31.379434011997684,34.95976060400155],[31.379455656997667,34.96007052600153],[31.379771473997675,34.96049985600156],[31.380116012997714,34.96068007400153],[31.380741513997688,34.961007255001526],[31.380748651997695,34.961335621001545],[31.380532797997645,34.96153482200154],[31.380529583997653,34.96153805600155],[31.38032476499769,34.961743843001585],[31.380712606997715,34.96262651900154],[31.380124544997663,34.96303198600154],[31.37994196199765,34.96203308600159],[31.379877768997694,34.962028044001585],[31.37899423199765,34.960614422001555],[31.378354866997658,34.96107174600158],[31.37822628799769,34.96134273800154],[31.37697418999765,34.96221687400155],[31.376366137997653,34.96121320100158],[31.378290126997694,34.95948788400155],[31.37798845699767,34.95900522600154],[31.37798845699767,34.95900522600154]]]}