{"segmentId":"5000291","streetsFileVersion":96,"polygonPointList":[[[31.606609999999034,34.54517000000036],[31.605779999999033,34.54585000000035],[31.60543999999902,34.546110000000375],[31.605446704999068,34.5460764740004],[31.605236551999052,34.54630267100036],[31.604944393999013,34.54682045700035],[31.604154412999037,34.54660154600036],[31.602850467999033,34.54671576000037],[31.602550280999015,34.545533145000356],[31.602539999999006,34.54554000000039],[31.602492417999045,34.545516675000364],[31.602123571999034,34.54541168800038],[31.601901561999004,34.54521994300038],[31.601699999999056,34.5451100000004],[31.60163999999905,34.54505000000038],[31.601649880999055,34.545002572000364],[31.60113926799904,34.54456156600034],[31.60123132499904,34.543531563000364],[31.60123134899906,34.5435312910004],[31.60133324599902,34.542391197000356],[31.601776743999075,34.542329514000386],[31.60211346199903,34.53962561700038],[31.602189622999084,34.53901185900034],[31.60229510099906,34.53816185300039],[31.602365057999034,34.53635082800033],[31.604606509999044,34.53639365900036],[31.60630544499905,34.537093220000344],[31.606077016999063,34.538549450000374],[31.606905069999044,34.53893492300037],[31.606960408999072,34.53909034200038],[31.607193706999062,34.53974555100038],[31.607860183999048,34.53970723600034],[31.60901777099905,34.53964068900038],[31.609032927999035,34.54026094500037],[31.608383212999023,34.542656376000345],[31.607948553999073,34.54511996200037],[31.60779470599903,34.545121798000345],[31.60665307399908,34.54513542600038],[31.60661311299902,34.54515754600036],[31.606609999999034,34.54517000000036],[31.606609999999034,34.54517000000036]]]}