{"segmentId":"5000331","streetsFileVersion":236,"polygonPointList":[[[31.640579410995084,35.24984273800362],[31.63983679499514,35.248255459003616],[31.640840156995175,35.24606103600361],[31.6420727609952,35.243365242003556],[31.64254628599518,35.242642081003545],[31.643315608995227,35.24146718200356],[31.644111132995185,35.24075006200356],[31.650255858995145,35.24324907000355],[31.65116497599521,35.24206352100352],[31.651564077995168,35.24272130100356],[31.652025063995172,35.243481075003544],[31.651930524995194,35.24488565800357],[31.65150221299517,35.24624307600358],[31.65147889999513,35.246316961003586],[31.65112497599516,35.24743862900359],[31.651095143995093,35.250907228003655],[31.648899514995062,35.252010851003675],[31.647035098995055,35.252947991003644],[31.64694682999508,35.25288970800366],[31.643172223995133,35.25039738700366],[31.642412600995094,35.25023489000365],[31.640579410995084,35.24984273800362],[31.640579410995084,35.24984273800362]]]}