{"segmentId":"5000091","streetsFileVersion":96,"polygonPointList":[[[31.183337147998405,34.819101115000976],[31.183087304998413,34.820457407000994],[31.184586364998367,34.821563857001],[31.183765450998372,34.82377675600098],[31.182195006998413,34.82434782600102],[31.18014709799839,34.824161653000985],[31.178661506998385,34.82402659900099],[31.176591375998356,34.82399090700102],[31.174237022998366,34.823962643001025],[31.173618239998383,34.82395521500102],[31.174048016998395,34.825817584001015],[31.17411380699835,34.82610267600102],[31.174153617998357,34.826275190001006],[31.17410244099838,34.82630008700101],[31.171950373998367,34.82734703900104],[31.171512416998333,34.827560099001005],[31.17107749299837,34.82759866800103],[31.16806197099836,34.82786608200104],[31.165884733998325,34.829257960001044],[31.163124726998333,34.82560800500101],[31.162104047998408,34.82425821400101],[31.1572156029984,34.81779351800097],[31.157161817998414,34.81755652700101],[31.157232380998384,34.817531734000994],[31.156652172998424,34.814994242001],[31.1557285619984,34.810954904000944],[31.155715874998442,34.810958252000944],[31.155705938998388,34.81090884500094],[31.15544846799839,34.81098304300099],[31.154017740998444,34.81139535000097],[31.153958392998405,34.811412453000976],[31.15356406599842,34.811526090000946],[31.153261805998408,34.81160585300098],[31.15161685299843,34.81203993800097],[31.151628046998418,34.81208401300098],[31.15159545799842,34.81209340400097],[31.151923518998426,34.81354278100095],[31.152474932998437,34.81423857700095],[31.15260670899842,34.81447650600098],[31.15281480999839,34.81492108500097],[31.15302549399845,34.815371184000995],[31.153196828998396,34.816220719000995],[31.15370421199841,34.81873649100096],[31.15371077899841,34.818769054000974],[31.154548379998403,34.81847476200099],[31.154934778998385,34.81838059700098],[31.155428628998383,34.818256989001014],[31.157155557998404,34.817806016001015],[31.15721439199844,34.81779377000097],[31.157214470998394,34.817793754000974],[31.157215791998397,34.81779550100097],[31.162104011998355,34.82426077000098],[31.163122589998373,34.825607964000994],[31.165883063998383,34.829259028001],[31.165640761998354,34.82941392800104],[31.165566827998372,34.83008481500105],[31.165562544998366,34.830123697001014],[31.16542922299834,34.831333502001044],[31.164900356998363,34.836132590001036],[31.163746757998304,34.84660069600109],[31.163009412998253,34.853291590001085],[31.16193396599824,34.85705565600113],[31.161619145998273,34.85815752600115],[31.16110584399825,34.85995408100115],[31.156465894998217,34.86138175700115],[31.15544221599821,34.860448368001144],[31.152602669998274,34.85785927300111],[31.15149807299824,34.856852103001124],[31.143698701998268,34.8497406450011],[31.13974459099833,34.846135290001094],[31.135340166998287,34.84211934100107],[31.135294450998316,34.842077657001084],[31.13529375299828,34.84207702000105],[31.134794229998324,34.84162155700107],[31.13429115699832,34.84116285500107],[31.13072221699831,34.841117390001095],[31.127295792998286,34.84311613700107],[31.12574004499831,34.8439538470011],[31.124821152998283,34.844448635001086],[31.119891691998305,34.845750758001095],[31.119776695998276,34.845781134001086],[31.116675937998302,34.84697373300106],[31.11482741699833,34.847684702001075],[31.1092118889983,34.85015934200109],[31.107619537998293,34.84944697400109],[31.10559510799829,34.848541308001096],[31.100712453998344,34.8475895240011],[31.098637751998304,34.84672506500108],[31.098428171998318,34.8466377400011],[31.094020296998295,34.845399447001064],[31.093844772998317,34.84524683400112],[31.09342955799829,34.844885815001085],[31.093404016998335,34.844863608001056],[31.092750859998304,34.84429570400108],[31.091430258998308,34.841154815001055],[31.090752112998363,34.839370220001044],[31.090323809998328,34.83733578100104],[31.09013502899835,34.83469284600105],[31.090109658998344,34.83433766000107],[31.09007396699835,34.83290998300103],[31.09100195599839,34.82994755400104],[31.091680102998374,34.82962632700101],[31.092929319998373,34.82916233200105],[31.09501946299834,34.82846769300102],[31.095055673998356,34.828455659001015],[31.095250196998375,34.82839101100104],[31.095844636998354,34.82850612300104],[31.0988916359984,34.828919278001024],[31.099550768998395,34.829008652001],[31.106093099998404,34.82589750000102],[31.107524214998392,34.824543024000995],[31.10798080999843,34.82411088100098],[31.1096686129984,34.822513463001016],[31.112875862998415,34.81890636400098],[31.11625647099841,34.81616550700099],[31.11711944899839,34.81577588000097],[31.120380852998395,34.81430338200098],[31.121301472998454,34.81388773000096],[31.125543901998444,34.81206781000095],[31.125492450998465,34.81175973200096],[31.12553124499843,34.81162280700097],[31.125634992998467,34.81134885500098],[31.125725666998434,34.811074942000985],[31.125803554998452,34.810892270000984],[31.125933902998415,34.81077015600096],[31.126012243998407,34.81073943800096],[31.126212447998423,34.810653213001004],[31.128114197998418,34.80983415400095],[31.12846710999842,34.80981749600096],[31.12868972099843,34.80993815400097],[31.12878183399847,34.810135319000956],[31.12876936399843,34.810332938000954],[31.128782995998424,34.810515238000974],[31.128811282998456,34.810666056000976],[31.130454208998422,34.809961179000936],[31.135278125998454,34.807468003000956],[31.135690787998417,34.80725472400098],[31.14054398999844,34.80540412700093],[31.141744437998447,34.80550451200093],[31.14178316899844,34.814710879001005],[31.141813704998405,34.82196923100098],[31.141575289998386,34.82196923100098],[31.141646672998352,34.823706237001026],[31.142429283998393,34.825211258000984],[31.142883992998403,34.82608569800101],[31.142907787998368,34.83029734400101],[31.143979493998376,34.83008991700105],[31.144055279998337,34.83007524900104],[31.145120685998357,34.82986904100103],[31.146762514998358,34.82756096400101],[31.149832018998364,34.827251634001016],[31.150197422998378,34.825360134001016],[31.150236527998374,34.82515770900101],[31.15016514399835,34.823658648001],[31.149035294998367,34.82321298500101],[31.145882113998407,34.82196923100098],[31.144094674998424,34.82196923100098],[31.143550241998383,34.82196923100098],[31.141877949998367,34.82196923100098],[31.141924820998394,34.81471357700101],[31.141984180998435,34.80552456000093],[31.14432361899844,34.80572019000095],[31.14708192599845,34.80595084800097],[31.147380441998443,34.80569237100098],[31.14782137699848,34.805612805000976],[31.152448505998436,34.80607532700093],[31.152542186998435,34.80610602000097],[31.152930461998434,34.806290942000935],[31.153333617998435,34.806497279000936],[31.15353302499846,34.80659933600092],[31.153833080998474,34.80669903800093],[31.153846443998475,34.806703478000934],[31.156622292998446,34.806112532000945],[31.15669219099845,34.80575442200096],[31.15677192899846,34.80559863300094],[31.156825115998465,34.80550513400094],[31.161154898998454,34.80492730900094],[31.161542740998467,34.80497232500094],[31.16170336199843,34.805033833000934],[31.16172119499844,34.805048536000974],[31.16237677899844,34.80491477900095],[31.16372971299845,34.80463874200095],[31.16413506499845,34.80455603900093],[31.164434899998465,34.80465211500096],[31.16986484499845,34.806392030000936],[31.171372381998474,34.806713737000955],[31.17319678399842,34.80710306200096],[31.175157970998402,34.80747038100094],[31.17518629099842,34.80747568500095],[31.176169237998447,34.80765978600095],[31.17854869899841,34.80794532200099],[31.180376930998463,34.80787500500093],[31.181023338998422,34.80785014300096],[31.183593155998384,34.807754965000974],[31.187590650998445,34.80689835900096],[31.18941916899844,34.806356575000954],[31.190160468998414,34.80613693100092],[31.191588144998384,34.80927782000094],[31.1926351079984,34.81422709900097],[31.1926351079984,34.81568084900098],[31.1926351079984,34.81765352300098],[31.1892371059984,34.81927356900101],[31.18772725399836,34.819993413001015],[31.18533589499839,34.81874419500102],