{"segmentId":"5000309","streetsFileVersion":236,"polygonPointList":[[[31.62672009599868,34.70640733000065],[31.62620690499867,34.706798100000675],[31.626359026998657,34.70720692600062],[31.626518101998645,34.70763444100065],[31.626405587998672,34.70809142100068],[31.626321502998657,34.70843293400064],[31.625728236998636,34.71100387900065],[31.62372905399861,34.71040827000069],[31.622096760998684,34.70992196700069],[31.622081136998677,34.70925788100066],[31.622228394998654,34.70816343100067],[31.62215883699864,34.70801381600068],[31.621850060998657,34.70734965600069],[31.621744733998668,34.70686830600065],[31.61998694299869,34.70670006300063],[31.620193955998666,34.706128992000664],[31.619794206998655,34.70532949300068],[31.61943014899865,34.70443719500063],[31.619669326998686,34.702360402000664],[31.619244550998715,34.701539012000666],[31.6188229369987,34.70053317600067],[31.6203405269987,34.700050873000656],[31.621270410998694,34.699856966000624],[31.62243429099869,34.69947574600067],[31.622464117998657,34.699465976000646],[31.623877937998696,34.69926029000064],[31.624717530998677,34.69913814400067],[31.62499054899869,34.70237535500067],[31.625619126998707,34.70228854200067],[31.626134017998705,34.70270160100065],[31.62718991499866,34.704905846000635],[31.627160764998674,34.70502423800068],[31.62693972799865,34.705515091000656],[31.62672009599868,34.70640733000065],[31.62672009599868,34.70640733000065]]]}