{"segmentId":"5000848","streetsFileVersion":188,"polygonPointList":[[[32.194443792998136,34.82091729900092],[32.19442999999812,34.82100400000096],[32.194428999998124,34.82101000000094],[32.19440999999812,34.82113300000091],[32.1943972839981,34.82121462500091],[32.194339976998094,34.821584375000924],[32.194339967998104,34.821584436000975],[32.19428699999809,34.82192700000096],[32.194279251998125,34.82197485400096],[32.19427924599811,34.82197489100092],[32.19427029599814,34.82203244000094],[32.19426063699813,34.822102113000916],[32.19425099999811,34.822168000000914],[32.19421948899808,34.82223035000093],[32.19415023299811,34.82236511200095],[32.19401651499812,34.82263197000093],[32.19401632999813,34.82263234000093],[32.19391399999812,34.822837000000945],[32.19375099999814,34.823163000000974],[32.1932909999981,34.823568000000975],[32.19320699999808,34.823642000000966],[32.193130999998104,34.82370900000096],[32.19311899999809,34.82377000000092],[32.19308199999811,34.823813000000925],[32.193064719998105,34.82392704300092],[32.19305699999811,34.82397800000096],[32.193056817998105,34.82397981900094],[32.19305635299808,34.82398447300095],[32.19305599999811,34.82398800000094],[32.19305245399811,34.82401872800095],[32.192984951998135,34.82460375300097],[32.19297799999809,34.824664000000936],[32.19297796899809,34.82466427200096],[32.19296199999812,34.82480300000093],[32.19295746299807,34.824838292000926],[32.19295745599809,34.82483834900096],[32.192957452998115,34.82483837800093],[32.19295744499811,34.82483844200094],[32.192952999998084,34.82487300000093],[32.19291099999807,34.82523400000098],[32.192883655998074,34.825466638000975],[32.192837250998096,34.82586391300094],[32.19283723599809,34.82586404400097],[32.19282899999812,34.82593600000097],[32.192806999998126,34.82612600000095],[32.19277099999809,34.82643200000097],[32.19268199999809,34.82703700000098],[32.19266620299807,34.827143067000975],[32.192660999998076,34.82717800000096],[32.19265079799808,34.82724792200093],[32.19265077799807,34.82724805500094],[32.19257899999807,34.82774000000097],[32.19257897099809,34.82774016600097],[32.19253607299809,34.82798459400096],[32.192536002998104,34.827985001000975],[32.192534999998124,34.82799300000096],[32.19253463599808,34.82799288700096],[32.1924769999981,34.82797500000095],[32.19148029999807,34.827651100000935],[32.19108269999809,34.82878920000099],[32.19034492999806,34.82858937900096],[32.18899219999806,34.828223000000946],[32.189146999998115,34.82677800000095],[32.188134999998105,34.826401000000935],[32.18273799999809,34.82446000000094],[32.182737803998094,34.82445992900095],[32.182576999998076,34.82440200000098],[32.181390999998115,34.824056000000944],[32.18139094899808,34.824055985000925],[32.18061599999812,34.82383100000094],[32.1794739999981,34.82326000000096],[32.179331999998105,34.823183000000924],[32.17933299999811,34.82317400000094],[32.17883599999813,34.82286900000091],[32.17866299999807,34.82273100000092],[32.1783201989981,34.822458698000936],[32.17827399999811,34.82242200000097],[32.17827392899814,34.82242183000094],[32.17780999999813,34.82131500000091],[32.17757799999809,34.820471000000936],[32.17757143999816,34.82045471800095],[32.17757140899812,34.82045464100091],[32.17749499999816,34.82026500000096],[32.17749499999816,34.82026275300095],[32.17749499999816,34.81974500000096],[32.17756721599814,34.81975512500092],[32.177568090998136,34.819755248000924],[32.178086535998105,34.81982793500092],[32.17808699999814,34.81982800000091],[32.178146338998154,34.819196358000944],[32.17820799999812,34.81854000000092],[32.17967899999815,34.818486000000945],[32.17971399999813,34.81848500000095],[32.17972699999817,34.81839800000094],[32.17979445899813,34.817903366000934],[32.18006099999811,34.81594900000092],[32.18006119399817,34.81594878900093],[32.180132684998135,34.8159357740009],[32.18015055799812,34.8158601730009],[32.18022406999815,34.8157731130009],[32.18022571599814,34.81577133700093],[32.18022599999816,34.815771000000915],[32.18045099999814,34.81568900000095],[32.18151399999812,34.815497000000924],[32.18151407899818,34.8154969860009],[32.18239664199816,34.81533738200092],[32.182536999998135,34.8153119980009],[32.1826131049981,34.8153026340009],[32.184153999998124,34.81511300000092],[32.185039273998164,34.81510965600093],[32.185212999998114,34.81510900000093],[32.18627899999816,34.81523000000091],[32.18746664699817,34.815503996000956],[32.18747099999815,34.8155050000009],[32.18749391199811,34.81551212900094],[32.18889799999817,34.81594900000092],[32.19051899999814,34.816495000000906],[32.19051929699813,34.81649510000093],[32.19068165599812,34.816549494000945],[32.19091299999812,34.81662700000091],[32.19091294999811,34.81662739100093],[32.19190345299816,34.817329618000905],[32.19307699999817,34.81770700000091],[32.19336999999817,34.81808500000093],[32.193500035998134,34.81846153100091],[32.19368599999813,34.819000000000955],[32.19370407699813,34.81905287700093],[32.19370410699809,34.81905296300092],[32.19372599999809,34.81911700000094],[32.19375799999814,34.819270000000955],[32.19382799999812,34.819605000000905],[32.1939731059981,34.82029741800095],[32.19397699999815,34.820316000000936],[32.19409537399811,34.82047313300094],[32.19420299999814,34.82061600000092],[32.194209821998136,34.82062538100096],[32.19421099999811,34.82062700000095],[32.19426920299809,34.82067860300092],[32.19426962999812,34.82067898200095],[32.194307999998095,34.82071300000095],[32.194316332998135,34.82072047100096],[32.19431638199814,34.82072051500095],[32.194394999998124,34.82079100000093],[32.194443996998125,34.820915996000934],[32.194443792998136,34.82091729900092],[32.194443792998136,34.82091729900092]]]}