{"segmentId":"5000413","streetsFileVersion":236,"polygonPointList":[[[31.732965629997317,34.9934773470017],[31.736387913997344,34.9937739000017],[31.736159304997333,34.99507171200167],[31.736128086997347,34.99524893700168],[31.735967343997363,34.996161475001706],[31.735923270997326,34.9964116800017],[31.735496211997305,34.99752948200172],[31.735357013997316,34.9982040590017],[31.735458620997324,34.99904949600172],[31.735442340997306,34.99914191900174],[31.735084296997332,34.999758499001715],[31.734413954997297,35.0009128810017],[31.735252474997285,35.001744497001745],[31.73439999999727,35.003930000001716],[31.734100655997292,35.00395276800173],[31.73278420599729,35.00405289600177],[31.732874116997262,35.00485134400172],[31.7328746799973,35.00485634100174],[31.732909999997283,35.005170001001765],[31.731109999997262,35.005460000001726],[31.730796887997283,35.00459168400174],[31.728768759997255,35.00470673600175],[31.72785408499727,35.00389797100176],[31.729786242997307,35.000142333001705],[31.730397463997324,34.99895427100172],[31.72935532999731,34.99726137600169],[31.72989322399736,34.9965490880017],[31.730458528997328,34.99580050200172],[31.73054814099734,34.99584935100171],[31.73071629799734,34.99579313600168],[31.730725392997343,34.99579009600172],[31.730732136997357,34.99580308700172],[31.731976988997307,34.996365926001715],[31.73236722099732,34.99661814800168],[31.733090322997327,34.996325856001704],[31.732793947997337,34.9940765640017],[31.732965629997317,34.9934773470017],[31.732965629997317,34.9934773470017]]]}