{"segmentId":"5000294","streetsFileVersion":96,"polygonPointList":[[[31.59919315099542,35.22725172700343],[31.598568541995363,35.229393242003454],[31.59877674499538,35.230196310003436],[31.59871725899538,35.23088040500344],[31.598300852995354,35.231356297003444],[31.597642266995337,35.23167913300347],[31.596783945995366,35.232099879003435],[31.596159337995356,35.23275423000348],[31.595742931995346,35.23379524500349],[31.595641465995328,35.23443786400346],[31.5955644729953,35.234925489003466],[31.595207553995326,35.23546086700347],[31.594701917995337,35.235074205003485],[31.594404484995295,35.234598313003474],[31.594364705995343,35.23440737400348],[31.59425576899529,35.23388447400346],[31.593869106995335,35.23314089300346],[31.593571673995314,35.23207013500348],[31.593601416995384,35.23126706700343],[31.59377987699532,35.230553229003455],[31.593809619995376,35.22986913400346],[31.59425576899534,35.229006579003425],[31.594820890995365,35.22894709300342],[31.596040364995424,35.2277573620034],[31.59669471699542,35.226686605003415],[31.597751493995453,35.22542224600338],[31.598360338995434,35.224693806003394],[31.599238054995425,35.22398597100337],[31.599282380995405,35.22395022500339],[31.600055704995448,35.223355360003346],[31.601007489995443,35.221987169003356],[31.602078246995482,35.22026206000333],[31.602345936995484,35.21978616800333],[31.602821828995488,35.21907233000335],[31.6032679779955,35.21874515400331],[31.603862842995493,35.218417978003316],[31.604427964995523,35.218031316003334],[31.60537974899553,35.217644653003305],[31.606212560995523,35.21755542300334],[31.606897987995524,35.21810903800335],[31.60698588599552,35.218180032003346],[31.607551007995472,35.21886412700335],[31.60790792699546,35.21978616800333],[31.60814587299547,35.220529750003315],[31.60838381899544,35.22139230400336],[31.60820535899545,35.22204665600334],[31.606817495995468,35.22274058800339],[31.606718195995402,35.22279023800339],[31.60543923599544,35.22365279200337],[31.604312458995395,35.22410663300341],[31.60329772099544,35.22451534700342],[31.601304921995396,35.22534815800337],[31.600293650995432,35.226032253003375],[31.599966475995423,35.226597375003394],[31.59919315099542,35.22725172700343],[31.59919315099542,35.22725172700343]]]}