{"segmentId":"5000860","streetsFileVersion":188,"polygonPointList":[[[32.20374391999706,35.01528698000175],[32.202121865996986,35.01574761900173],[32.20096049399703,35.01489285000173],[32.20020208899704,35.01445356500175],[32.199549167997006,35.01454397100178],[32.19891653199706,35.01430676800174],[32.198379269997005,35.014027280001756],[32.197509134997034,35.01452014600174],[32.19694814099703,35.014324891001756],[32.19681028699705,35.01390648400177],[32.19655159999706,35.01367933000176],[32.19637756499702,35.013526510001775],[32.19470147999702,35.015368329001774],[32.192939978997046,35.01420831600176],[32.19317705099708,35.011935731001735],[32.193284126997035,35.01008570200171],[32.19325975999707,35.00929946900172],[32.19408272999707,35.00915326100172],[32.1940899999971,35.009020000001755],[32.194155223997036,35.008711671001734],[32.194217450997094,35.00730242900171],[32.19600046199706,35.00809714200172],[32.196642660997085,35.007953448001736],[32.1970726159971,35.007857245001695],[32.19754488299704,35.00751333600171],[32.19754676399706,35.00751236000174],[32.19754999999705,35.00751000000169],[32.19819289199709,35.00716964500169],[32.19822639399709,35.007150893001736],[32.198328238997064,35.0068565470017],[32.19856558999706,35.005973646001685],[32.198735646997065,35.00567915200168],[32.19897415999707,35.00554493400171],[32.19923652199708,35.00553334300168],[32.19928999999711,35.00553000000173],[32.19960999999711,35.00554000000171],[32.19986971599704,35.00553104400172],[32.20019048899711,35.005515553001715],[32.20050228099709,35.00564491200169],[32.20053999999707,35.00566000000169],[32.2011599999971,35.00598000000173],[32.2015398939971,35.00623017400171],[32.20156714999712,35.00624790500172],[32.20156727499709,35.006248206001715],[32.201569999997105,35.006250000001735],[32.201799999997064,35.00680000000171],[32.201830421997094,35.00712855600172],[32.20185306099708,35.00734361800171],[32.201851112997055,35.007434562001734],[32.20189955899705,35.00756882700171],[32.20187814499704,35.00778297800175],[32.201617593997035,35.00920351600175],[32.201528363997085,35.00935342200174],[32.201399998997054,35.00941999900172],[32.19935999999708,35.010280000001764],[32.19958060499706,35.01118452100176],[32.1996017209971,35.011231986001725],[32.199778903997014,35.01134561500173],[32.20006344399708,35.011572298001724],[32.20006375999704,35.01177957800175],[32.20012269799703,35.01200255600171],[32.20006434199709,35.01232180000175],[32.20000423799705,35.01281747500177],[32.200250995997045,35.013195581001746],[32.20029874199704,35.013682049001766],[32.20204881199701,35.01420633300176],[32.20245569999702,35.01283576400174],[32.20195601199702,35.01135098000171],[32.20226296299707,35.01090126200174],[32.20286258799707,35.010829877001726],[32.20363353299706,35.01089007800172],[32.20377630099706,35.01132956500172],[32.20400912799704,35.01228766000171],[32.20429131399702,35.01344887000174],[32.20424743399701,35.01422061000175],[32.20388337599705,35.015277091001735],[32.203804466997,35.01528268700173],[32.20374391999706,35.01528698000175],[32.20374391999706,35.01528698000175]]]}