{"segmentId":"5000904","streetsFileVersion":96,"polygonPointList":[[[32.264169999995445,35.18786000000294],[32.26363999999549,35.18779000000295],[32.26357399999546,35.18778800000296],[32.262002999995445,35.187741000002966],[32.26118399999549,35.18771000000293],[32.26016599999543,35.18767200000296],[32.25965099999549,35.18754900000294],[32.25952999999545,35.18734400000293],[32.259459999995435,35.18723000000294],[32.259543999995465,35.187090000002954],[32.259580999995435,35.18702500000295],[32.259658999995466,35.186913000002946],[32.25968084399549,35.18688122700296],[32.259680999995474,35.186881000002906],[32.25970799999545,35.18684100000296],[32.25993999999547,35.186500000002894],[32.26023899999551,35.186430000002915],[32.26036299999544,35.186307000002934],[32.26045799999545,35.186212000002946],[32.2604699999955,35.185951000002916],[32.260215999995516,35.1855270000029],[32.260160999995485,35.185448000002935],[32.260069999995494,35.18532000000292],[32.2600239999955,35.1851020000029],[32.259977999995485,35.184891000002914],[32.259977999995485,35.18458800000294],[32.260328999995515,35.18416100000293],[32.260341999995475,35.18411700000293],[32.26034799999553,35.1840370000029],[32.26038699999549,35.1834730000029],[32.260515999995526,35.18257800000288],[32.26080799999553,35.18246700000288],[32.26085099999552,35.18248800000288],[32.260999999995484,35.182270000002916],[32.261109999995504,35.1821400000029],[32.261299999995515,35.182020000002915],[32.26140999999553,35.18200000000291],[32.261519999995556,35.18201000000288],[32.26159999999552,35.182042000002866],[32.26225699999551,35.1818680000029],[32.26307099999549,35.18105500000291],[32.26301329999558,35.18029100000289],[32.26312199999557,35.17953770000285],[32.26401079999556,35.17880360000286],[32.26432769999552,35.17897690000288],[32.264153999995564,35.18104000000289],[32.26418599999554,35.181300000002906],[32.26457999999548,35.181300000002906],[32.26520999999552,35.18125000000286],[32.26560999999552,35.18117000000289],[32.2659299999955,35.1806750000029],[32.265930200995534,35.18067469900289],[32.26593999999555,35.18066000000288],[32.26626999999555,35.1803800000029],[32.2665099999955,35.180200000002905],[32.26667999999554,35.180160000002886],[32.26714999999554,35.18050000000287],[32.26730999999555,35.180610000002886],[32.26732999999554,35.181110000002874],[32.2673399999955,35.18137000000291],[32.26741999999555,35.18151000000289],[32.26757999999553,35.18159000000286],[32.2679699999955,35.181770000002864],[32.268189999995506,35.182080000002884],[32.268309999995495,35.18283000000287],[32.26864999999547,35.18398000000293],[32.26875999999547,35.184370000002914],[32.26879999999549,35.18456000000289],[32.26880999999546,35.18500000000292],[32.26881999999545,35.18574000000294],[32.268809999995426,35.18700000000295],[32.268774999995486,35.18709900000293],[32.26877485199544,35.187099420002916],[32.26862999999541,35.187510000002916],[32.268239999995444,35.18789000000294],[32.26780999999545,35.18810000000297],[32.26730999999546,35.18822000000296],[32.26698999999548,35.18824000000295],[32.26698599999543,35.18823800000296],[32.26674099999541,35.18862100000297],[32.26623799999543,35.188773000002925],[32.26579299999542,35.18863400000293],[32.26579252999544,35.18863385300295],[32.26544299999546,35.18852500000292],[32.26476399999549,35.18811200000293],[32.26434799999543,35.18792400000295],[32.264169999995445,35.18786000000294],[32.264169999995445,35.18786000000294]]]}