{"segmentId":"5000318","streetsFileVersion":188,"polygonPointList":[[[31.649329999998752,34.6828200000006],[31.649020810998756,34.68274763700059],[31.649045554998732,34.682898850000626],[31.648777865998706,34.683148692000586],[31.64833164299874,34.68297578200058],[31.64788999999877,34.683090000000604],[31.647429999998725,34.68314000000059],[31.647259999998735,34.68313000000062],[31.64729999999873,34.68380000000063],[31.647349999998738,34.68471000000061],[31.64737999999874,34.685550000000596],[31.64738999999869,34.68627000000059],[31.64737999999874,34.68678000000061],[31.647371184998747,34.68738527700059],[31.647349999998738,34.688840000000596],[31.647339999998696,34.68923000000063],[31.647319999998693,34.689550000000615],[31.647309999998743,34.689680000000635],[31.647209999998708,34.68961000000064],[31.647139999998696,34.6894200000006],[31.647069999998713,34.6893100000006],[31.64694999999872,34.68924000000061],[31.64694911599867,34.68923955800062],[31.64692964999871,34.68958082500063],[31.646449079998668,34.6895291310006],[31.645373319998715,34.68868041200062],[31.643207508998696,34.687470121000615],[31.642734793998695,34.6873015070006],[31.642080809998717,34.68706823500059],[31.639158650998723,34.68602592100063],[31.636534380998736,34.68490640500061],[31.63651999999875,34.68491000000061],[31.635389999998694,34.68442000000061],[31.635162340998736,34.684221529000624],[31.63454847699875,34.68368873000058],[31.63489435299874,34.68303500400059],[31.63497771299875,34.68287909000059],[31.634999999998744,34.68281000000062],[31.635099999998758,34.68236000000063],[31.63522876599876,34.68240952500059],[31.635299154998723,34.68227787200059],[31.63675316199873,34.6831466590006],[31.636846740998706,34.68296977900063],[31.63686999999872,34.68290000000063],[31.637689999998774,34.68137000000062],[31.637852826998763,34.68127540500062],[31.638664784998745,34.68077979500058],[31.63941510399876,34.679413404000606],[31.640392393998745,34.67962881100059],[31.640785130998704,34.67920095400062],[31.641207659998752,34.67874063000058],[31.641076962998778,34.676727482000594],[31.641004472998763,34.6756109250006],[31.640699595998743,34.67542734200057],[31.640705542998727,34.67501688500059],[31.640968794998756,34.67496695800055],[31.641089999998766,34.67477000000056],[31.641199999998744,34.674710000000594],[31.641349999998738,34.674740000000575],[31.64147999999877,34.67483000000058],[31.64155999999872,34.67492000000059],[31.64160194099873,34.67509708300056],[31.641997167998742,34.67520147300061],[31.642240423998796,34.67494605500062],[31.64256999999874,34.67460000000059],[31.642929999998714,34.67434000000057],[31.643169999998744,34.67421000000061],[31.643309999998753,34.67406000100058],[31.64337999999875,34.67392000000061],[31.643559999998736,34.673850000000606],[31.643779999998767,34.67350000000058],[31.643909999998787,34.67335000000055],[31.644049999998742,34.67326000000056],[31.644199999998776,34.67323000000058],[31.644389999998737,34.67323000000058],[31.644519999998778,34.673160000000586],[31.644689999998725,34.673000000000606],[31.648344521998776,34.67311539300058],[31.64803002099876,34.676852316000605],[31.648004463998753,34.677155982000585],[31.648416908998733,34.67790492800057],[31.64835296199874,34.67802925500062],[31.648290376998727,34.6781565050006],[31.64822889299877,34.67828491700058],[31.64816854999874,34.678414511000575],[31.64811045599873,34.6785451380006],[31.64805463799875,34.67867680100059],[31.64799994199875,34.678809482000624],[31.647947520998738,34.678943099000584],[31.647896221998728,34.679077813000596],[31.647847168998748,34.679213331000575],[31.64780039299877,34.679349714000615],[31.648396358998745,34.67951722000059],[31.64902096799876,34.679665936000596],[31.648794539998725,34.68108372800059],[31.648777865998706,34.68126297000058],[31.64887952199874,34.681884202000596],[31.649029999998728,34.681930000000634],[31.649229999998717,34.68206000000059],[31.64934999999871,34.682290000000634],[31.649369999998708,34.68248000000061],[31.649369999998708,34.682710000000604],[31.649329999998752,34.6828200000006],[31.649329999998752,34.6828200000006]]]}