{"segmentId":"5000981","streetsFileVersion":236,"polygonPointList":[[[32.40958205199711,34.99418704500162],[32.409441661997114,34.99426981100161],[32.40948524399707,34.99544651800162],[32.408334962997095,34.99624371700161],[32.40847999999705,34.99880000000167],[32.40924999999704,34.99896000000167],[32.40907508899705,34.99911206900163],[32.40842717399706,34.999675375001644],[32.407397070997064,35.00057095800163],[32.40731645699701,35.000641044001675],[32.407218731997034,35.000812276001646],[32.40617441999706,35.00264209900168],[32.40577936799699,35.00333430000169],[32.404631484997005,35.00414902600168],[32.40450178499701,35.00413737500165],[32.40414071599701,35.004104941001664],[32.40398503099701,35.00409095600165],[32.401330179997046,35.00385247300167],[32.398929353997055,35.00363680900168],[32.39800368299704,35.0041946750017],[32.39703382999702,35.004779166001676],[32.39697482299704,35.00481472800167],[32.396693017997066,34.99883908100163],[32.396469999997116,34.9941100000016],[32.3970774549971,34.99159140800159],[32.39707997699711,34.99159032000163],[32.397459488997086,34.99142664400161],[32.39807933999709,34.99115931400163],[32.40010013899715,34.99028778200161],[32.400213439997174,34.98828598300158],[32.400367555997164,34.98556306300156],[32.40200202799712,34.9849432340016],[32.403539999997186,34.984360000001566],[32.404340997997174,34.985021754001586],[32.40444293099716,34.985017567001584],[32.408964059997174,34.98483187800161],[32.40934620799713,34.98788124000158],[32.41035181299712,34.988132760001584],[32.41038923599715,34.98850915700161],[32.41078999999713,34.99254000000164],[32.41065794299707,34.99355276100162],[32.40958205199711,34.99418704500162],[32.40958205199711,34.99418704500162]]]}