{"segmentId":"5000334","streetsFileVersion":188,"polygonPointList":[[[31.656733927998694,34.6899340500006],[31.656625872998728,34.6879930830006],[31.656604077998708,34.68755214000059],[31.65651669899874,34.685784326000594],[31.656584333998744,34.684813170000595],[31.65667551599874,34.68435237900063],[31.655369170998753,34.68348931000058],[31.654543719998745,34.682941585000584],[31.65432709299876,34.68248252300059],[31.654620951998755,34.68082389400062],[31.65475190399876,34.68068369900058],[31.65478600899879,34.680467275000616],[31.654884996998774,34.68048395200058],[31.65492420399876,34.68031529400058],[31.65805225799873,34.680783912000585],[31.658235528998706,34.68063286400062],[31.658236264998703,34.680622865000586],[31.659485608998747,34.67931191600062],[31.66023296599872,34.678643321000585],[31.661135565998723,34.67783584300057],[31.661210241998727,34.677849611000596],[31.661334353998747,34.67787558900059],[31.661457323998714,34.6779046200006],[31.66158034499875,34.67793679300061],[31.661703351998746,34.67797204100057],[31.66182415899874,34.67801030500058],[31.661944948998695,34.67805163500058],[31.662065747998703,34.6780959230006],[31.66218429799874,34.67814327700061],[31.66230286699872,34.67819352200061],[31.66242033299875,34.67824683200061],[31.66407337099873,34.678890598000606],[31.664444705998747,34.68172904900062],[31.66642215199871,34.68232232100062],[31.6663619639987,34.68358322500062],[31.666327897998745,34.68457659000062],[31.66616517099871,34.68473029100061],[31.66550226999873,34.684549904000605],[31.665335568998692,34.68459044500058],[31.66519077699875,34.68479938000063],[31.66514426299873,34.6848589760006],[31.66426366699873,34.684676061000616],[31.664028653998724,34.6846344920006],[31.663318282998674,34.68767353300063],[31.662180015998672,34.69254316200062],[31.66006273499871,34.6915288150006],[31.656733927998694,34.6899340500006],[31.656733927998694,34.6899340500006]]]}