{"segmentId":"5000028","streetsFileVersion":236,"polygonPointList":[[[30.074915561997045,35.13022467600279],[30.07288907899704,35.12919287200274],[30.074042018997023,35.126840461002715],[30.0750021039971,35.12488154300274],[30.077134036997105,35.12053163400267],[30.084042210997097,35.123722453002685],[30.086030244997094,35.1246407070027],[30.088326221997026,35.12714622400274],[30.089660597997018,35.128602381002764],[30.088394572997036,35.1315721440028],[30.08829466599699,35.13180650100275],[30.087893172997,35.13274829800275],[30.085053263996986,35.135386388002786],[30.08386299799697,35.134780352002814],[30.079670397997035,35.132645648002786],[30.074915561997045,35.13022467600279],[30.074915561997045,35.13022467600279]]]}