{"segmentId":"5000938","streetsFileVersion":96,"polygonPointList":[[[32.35222456799788,34.857792219001034],[32.352099215997896,34.857601908001044],[32.35217059899787,34.85728781900108],[32.352241982997896,34.85701656100107],[32.35228444799788,34.85667030400103],[32.35233478199792,34.85625989200103],[32.352363335997914,34.85587442000107],[32.352590615997904,34.85575479800107],[32.35263459399789,34.855731652001026],[32.35290498699793,34.85562220700106],[32.35293440599789,34.85561029900103],[32.353241356997906,34.85566740700104],[32.354226453997924,34.85608143300103],[32.355261518997935,34.856381245001074],[32.355946803997874,34.85656684300105],[32.355953941997896,34.85666678000106],[32.35603960299791,34.857180744001056],[32.3560610179979,34.85783747500105],[32.35577936199793,34.857897468001035],[32.35450663999791,34.85808025300103],[32.35289527499788,34.85795320600104],[32.35287246399786,34.85794276300104],[32.35262296399788,34.85782853700105],[32.352548933997866,34.857794645001064],[32.35226794399792,34.857792543001075],[32.35222456799788,34.857792219001034],[32.35222456799788,34.857792219001034]]]}