{"segmentId":"5000186","streetsFileVersion":236,"polygonPointList":[[[31.356897076996983,35.065796893002116],[31.356920999996984,35.065778000002176],[31.357206135996996,35.06443894200212],[31.35692360899698,35.06414974200213],[31.356450656996994,35.063665618002155],[31.356941733996997,35.06302456900213],[31.356947368997023,35.06301721400215],[31.357628489996983,35.06384705100212],[31.357218032996983,35.06444429600212],[31.35692579999698,35.06577946100213],[31.358799999996968,35.06635000000216],[31.359036988996966,35.07115358700216],[31.359059999996955,35.07162000000219],[31.358099999996913,35.0737800000022],[31.356767321996937,35.073838671002186],[31.35650999999696,35.0738500000022],[31.356093605996943,35.07314139900221],[31.355483999996924,35.07210400000216],[31.35421266199695,35.07147549800217],[31.35330735099696,35.07102794700219],[31.35264599999696,35.070701000002174],[31.352049999996986,35.06892700000215],[31.352477599996956,35.06778350000219],[31.34810098399702,35.0612937960021],[31.347948254997025,35.06137568900211],[31.347217505997037,35.06176751800214],[31.34685799599701,35.06177104200211],[31.346755764997038,35.06154985200211],[31.346599315997008,35.061006145002146],[31.346708640997054,35.060793086002114],[31.346755673997045,35.06037431400212],[31.346833097997045,35.05968495000213],[31.346985799997015,35.05966130000213],[31.34773245899703,35.05962744200213],[31.347976522997037,35.05961637500213],[31.348167788997046,35.05960770200211],[31.348137819997014,35.059489599002134],[31.348091237997018,35.059306021002115],[31.348333050997045,35.0591680120021],[31.34868283099707,35.05979381000209],[31.348592759997015,35.06021939100209],[31.348651644997055,35.060415659002125],[31.348659725997035,35.06044259300212],[31.34874379799702,35.06072281300211],[31.348765234997014,35.0607367830021],[31.348864562997043,35.060801512002136],[31.34889787499703,35.06121553800212],[31.348640892997,35.06139161800214],[31.348321920997012,35.061513931002104],[31.352498199996997,35.067713800002146],[31.352948757996938,35.06770844300218],[31.353305097996994,35.06748120600213],[31.353804783996956,35.06748120600213],[31.35449999999695,35.06769000000214],[31.35564886699698,35.06645803800217],[31.356660213996985,35.06598395700217],[31.356897076996983,35.065796893002116],[31.356897076996983,35.065796893002116]]]}