{"segmentId":"5000848","streetsFileVersion":236,"polygonPointList":[[[32.19034492999806,34.82858937900096],[32.18899219999806,34.828223000000946],[32.189146999998115,34.82677800000095],[32.18336802399811,34.82447250400092],[32.18139627299812,34.823685883000955],[32.17883350799808,34.82266348000097],[32.1783201989981,34.822458698000936],[32.17827392899814,34.82242183000094],[32.17780999999813,34.82131500000091],[32.17757799999809,34.820471000000936],[32.17757143999816,34.82045471800095],[32.17757140899812,34.82045464100091],[32.17749499999816,34.82026500000096],[32.17756721599814,34.81975512500092],[32.177568090998136,34.819755248000924],[32.178086535998105,34.81982793500092],[32.17808699999814,34.81982800000091],[32.178146338998154,34.819196358000944],[32.17820799999812,34.81854000000092],[32.179679376998145,34.81848626400094],[32.17971399999813,34.81848500000095],[32.17979445899813,34.817903366000934],[32.18006099999811,34.81594900000092],[32.180061194998174,34.81594878900093],[32.18022406799811,34.81577311200092],[32.18022571599814,34.81577133700093],[32.18151381499817,34.815515343000946],[32.182536999998135,34.8153119980009],[32.1826131049981,34.8153026340009],[32.185039273998164,34.81510965600093],[32.18747099999815,34.8155050000009],[32.190519274998124,34.816496661000905],[32.19068165599812,34.816549494000945],[32.19091294999811,34.81662739100093],[32.19190345299816,34.817329618000905],[32.193500035998134,34.81846153100091],[32.19368577099812,34.8189998220009],[32.19370407699813,34.81905287700093],[32.19370410699809,34.81905296300092],[32.19397699999815,34.820316000000936],[32.19409537399811,34.82047313300094],[32.19420285099811,34.820616107000916],[32.194209821998136,34.82062538100096],[32.19421099999811,34.82062700000095],[32.19426920299809,34.82067860300092],[32.19426962999812,34.82067898200095],[32.19430784899811,34.82071293400091],[32.194316332998135,34.82072047100096],[32.19431638199814,34.82072051500095],[32.194394999998124,34.82079100000093],[32.194443996998125,34.820915996000934],[32.194443792998136,34.82091729900092],[32.194428999998124,34.82101000000094],[32.1943973639981,34.821214113000934],[32.194339976998094,34.821584375000924],[32.194339967998104,34.821584436000975],[32.194286771998094,34.82192650100095],[32.194279251998125,34.82197485400096],[32.19427924599811,34.82197489100092],[32.19426063699813,34.822102113000916],[32.19425099999811,34.822168000000914],[32.19421948899808,34.82223035000093],[32.19401651499812,34.82263197000093],[32.19339817799811,34.82347332000095],[32.19339751599812,34.82347422000092],[32.193064719998105,34.82392704300092],[32.19305699999811,34.82397800000096],[32.193056817998105,34.82397981900094],[32.19305635299808,34.82398447300095],[32.19305245399811,34.82401872800095],[32.192984951998135,34.82460375300097],[32.192977858998084,34.82466427000092],[32.19296165599813,34.824802519000954],[32.19295746299807,34.824838292000926],[32.19295745599809,34.82483834900096],[32.192957452998115,34.82483837800093],[32.19295744499811,34.82483844200094],[32.192952999998084,34.82487300000093],[32.192883739998116,34.82546592300091],[32.192837250998096,34.82586391300094],[32.19283723599809,34.82586404400097],[32.19266620299807,34.827143067000975],[32.192660999998076,34.82717800000096],[32.19265079799808,34.82724792200093],[32.19265077899812,34.82724805500094],[32.19257899999807,34.82774000000097],[32.19257897099809,34.82774016600097],[32.19148029999807,34.827651100000935],[32.19108269999809,34.82878920000099],[32.19034492999806,34.82858937900096],[32.19034492999806,34.82858937900096]]]}