{"segmentId":"5000881","streetsFileVersion":236,"polygonPointList":[[[32.242963309997,35.01495550000174],[32.24268155699696,35.015145334001765],[32.242337303996976,35.01568185300175],[32.24139036699701,35.01601528400175],[32.24068340999699,35.01649160300178],[32.240473065996994,35.01663332400175],[32.23934999999699,35.01739000000175],[32.238539999997,35.017210001001736],[32.23845874699698,35.01658881100178],[32.23822999999699,35.01484000000175],[32.23889664499703,35.011487193001734],[32.239040713997035,35.01076261700174],[32.23909192499699,35.01050505800171],[32.23817999999709,35.00765000000173],[32.23887999999706,35.00645000100173],[32.23990474999709,35.006409971001695],[32.24015999999706,35.0064000000017],[32.24176615899707,35.00619438000172],[32.24215492799708,35.00614461000169],[32.242175605997055,35.00605878300172],[32.2422499999971,35.005750000001676],[32.24220870699706,35.0060595110017],[32.24182410399703,35.00894232300171],[32.243112868997045,35.01072764900172],[32.242963309997,35.01495550000174],[32.242963309997,35.01495550000174]]]}