{"segmentId":"5000337","streetsFileVersion":236,"polygonPointList":[[[31.652248627998386,34.789226860000866],[31.65226159899838,34.789172037000895],[31.652386058998395,34.78864598500089],[31.652423591998392,34.788487347000874],[31.652485746998423,34.78822463800085],[31.652638610998373,34.788283340000895],[31.652768655998365,34.78833327900085],[31.655521939998373,34.789390574000855],[31.65605720599842,34.78967428500087],[31.65585755699836,34.79098836100089],[31.656416081998394,34.791417996000895],[31.657077303998367,34.791587145000875],[31.65711617799834,34.79084680400089],[31.6575920709984,34.79086584000086],[31.65771104399838,34.790370912000895],[31.65796276499838,34.79012909200085],[31.658716588998388,34.79018676900088],[31.659319558998384,34.79023290300088],[31.65993176699835,34.7904344660009],[31.659724265998396,34.79139651400087],[31.660300595998383,34.7917031200009],[31.660414110998417,34.7912560720009],[31.660637780998385,34.79131793800091],[31.660572429998386,34.791782039000886],[31.660798351998352,34.791847630000895],[31.661733360998387,34.79298666500089],[31.66367516299838,34.79203772400089],[31.663774124998373,34.79210591500087],[31.663683490998356,34.792937161000886],[31.663135064998357,34.793134493000856],[31.661754842998363,34.793631117000906],[31.662893373998404,34.7953496540009],[31.66353782599834,34.79562891700088],[31.66441857599837,34.795693362000904],[31.664633392998322,34.79655263100089],[31.664206971998354,34.797125012000876],[31.66391191899836,34.797953065000904],[31.662679357998336,34.79856934500087],[31.661737091998358,34.798819188000884],[31.66155787699835,34.801353543000914],[31.662129702998342,34.80187441600089],[31.662129702998342,34.80278099100094],[31.660145980998333,34.80247398100091],[31.66022050699836,34.80144297800092],[31.660236512998328,34.801221553000914],[31.660266048998313,34.800678129000914],[31.659127517998368,34.80061368400089],[31.65874084699835,34.80003367800089],[31.65857902899837,34.799962883000894],[31.658053431998333,34.799732934000936],[31.657860096998316,34.7993247810009],[31.65676452899833,34.79818625000092],[31.656077113998318,34.797799579000916],[31.654461641998356,34.795666297000864],[31.653475602998363,34.7942208800009],[31.653516048998405,34.793544686000914],[31.653613574998374,34.793143747000876],[31.653103216998336,34.79305018500086],[31.653118898998375,34.79294209400091],[31.65316209199837,34.792644378000865],[31.65213520999837,34.79231148400086],[31.652347738998365,34.79121324100086],[31.653967164998374,34.791933557000874],[31.653918877998404,34.79097988300086],[31.653295953998377,34.79069927800086],[31.65335236199839,34.790548420000874],[31.65214644899836,34.78995102100085],[31.652258175998362,34.78923276500089],[31.652248627998386,34.789226860000866],[31.652248627998386,34.789226860000866]]]}