{"segmentId":"5000247","streetsFileVersion":236,"polygonPointList":[[[31.4903556499968,35.079289367002225],[31.49041251599682,35.079198139002195],[31.489910999996848,35.078258400002206],[31.490179812996832,35.07788390000224],[31.489870015996853,35.07695950100219],[31.48933834299687,35.074011135002166],[31.491502625996873,35.073457981002186],[31.49237740499687,35.07670006900218],[31.49407099999685,35.07741800000224],[31.49418220199685,35.07759130700219],[31.494640150996858,35.077512068002186],[31.495075155996837,35.07857004300223],[31.495031078996842,35.07891428100221],[31.495543247996828,35.079712494002216],[31.496155699996777,35.08066700000224],[31.4964216739968,35.08193901000223],[31.496552327996802,35.082492889002225],[31.496648004996803,35.082898489002254],[31.496164666996805,35.08337108700225],[31.495509473996805,35.083242197002264],[31.4952799119968,35.08295622300225],[31.49305799999681,35.08360000000225],[31.49257271199676,35.08351303400227],[31.491903657996808,35.08383397200224],[31.491164510996807,35.084188533002234],[31.48960863199683,35.08339104700228],[31.48689837699679,35.08331976100224],[31.48721655399681,35.08071469300224],[31.489300310996846,35.08098239800224],[31.4903556499968,35.079289367002225],[31.4903556499968,35.079289367002225]]]}