{"segmentId":"5000036","streetsFileVersion":188,"polygonPointList":[[[30.568151799996343,35.18821050000317],[30.562319999996344,35.187580000003166],[30.56110615099634,35.18740202200322],[30.561105999996343,35.18740200000322],[30.560269999996333,35.18728000000319],[30.560009999996332,35.18724000000318],[30.559649999996356,35.18719000000319],[30.558179999996334,35.18701000000319],[30.556279499996375,35.18657460000316],[30.555781099996352,35.18661250000317],[30.55210672099633,35.1861380230032],[30.551672099996388,35.18608190000316],[30.551799299996354,35.1845281000032],[30.552144413996366,35.183891491003166],[30.553088499996406,35.18215000000313],[30.552886677996447,35.178903038003114],[30.552811899996446,35.17770000000313],[30.554079999996436,35.17763000000313],[30.554274799996485,35.17138530000306],[30.55865399999648,35.17024800000306],[30.560481999996494,35.169829000003034],[30.561403231996486,35.16965566300305],[30.56503669999651,35.16897200000303],[30.564904499996487,35.17394000000309],[30.565813299996456,35.1752308000031],[30.56634849599642,35.17920398400309],[30.56663729999636,35.181348000003155],[30.568151799996343,35.18821050000317],[30.568151799996343,35.18821050000317]]]}