{"segmentId":"5000106","streetsFileVersion":188,"polygonPointList":[[[31.221397859998252,34.84517610300105],[31.221036530998266,34.845282584001104],[31.22157241599828,34.84551663800108],[31.221316955998308,34.846895053001056],[31.21679260899826,34.84488212500106],[31.215940153998293,34.84450285900107],[31.212546207998287,34.842992858001075],[31.211575553998287,34.84260303500104],[31.21098861399828,34.84235604400106],[31.210694829998328,34.84212105600108],[31.20872663799827,34.844448554001076],[31.206899770998266,34.845873836001104],[31.204978064998244,34.847373108001094],[31.204762896998268,34.84739730700109],[31.200240235998304,34.847905945001074],[31.200236103998282,34.847309308001066],[31.20023060099826,34.84651483600108],[31.197869236998308,34.846556949001084],[31.19258605499828,34.84665117000106],[31.19234469899829,34.847155952001074],[31.191968437998295,34.8479428800011],[31.19064403999827,34.84983485700112],[31.188801192998294,34.84984405700108],[31.186227963998284,34.84985690300109],[31.18414277199825,34.84809674300108],[31.183120181998277,34.84697676300108],[31.181644337998303,34.84536036300108],[31.179878529998287,34.84300595300107],[31.178788984998295,34.84155322600105],[31.17748028099832,34.83828146700107],[31.17788228299832,34.83638312700103],[31.17855103899836,34.833225112001024],[31.180087076998348,34.82838943700102],[31.180157174998335,34.82816875700104],[31.182417662998322,34.827752352001035],[31.184797123998354,34.828644650001024],[31.186343773998377,34.82941797400105],[31.18806888299835,34.82828773000102],[31.189118402998368,34.827651658001],[31.190031937998388,34.827098000001],[31.19235191299836,34.82697902700101],[31.193422669998373,34.82816875700104],[31.19354053599837,34.82619185200104],[31.193797115998347,34.82188839500098],[31.194165477998414,34.81571007800098],[31.194285224998396,34.81370163500095],[31.191588144998384,34.80566103900091],[31.192612541998457,34.805186782000966],[31.19310052899843,34.80496086200092],[31.194157962998453,34.80447130900095],[31.19644224599846,34.80390023800093],[31.197676397998432,34.80362799900095],[31.198480785998456,34.80345056000094],[31.199678312998458,34.80318640000096],[31.199911194998432,34.80315602400091],[31.20405652099843,34.802615329000936],[31.20585657599842,34.802451688000964],[31.207518385998466,34.80225406700092],[31.208204899998456,34.80217242700096],[31.208321678998434,34.80215854000094],[31.208482318998424,34.80213943700094],[31.20849424699843,34.802282581000924],[31.20849710599844,34.80231688500093],[31.208684372998423,34.80456409200097],[31.207478647998467,34.805092982000964],[31.20665666799843,34.80545354200096],[31.203047127998413,34.80703686200097],[31.20468895599837,34.815017575000994],[31.20472575899841,34.815018726000986],[31.20733778399841,34.815100444000976],[31.209837759998372,34.81517865600098],[31.210519999998382,34.815200000000985],[31.210529999998414,34.81530000000096],[31.210558921998437,34.81530031100097],[31.210584305998402,34.81530058400098],[31.2105928089984,34.81602397100097],[31.210594059998403,34.81613039000099],[31.210607951998348,34.81731216500096],[31.210583592998358,34.817395577000994],[31.210409999998344,34.817990000001],[31.210539999998346,34.818030000001016],[31.21059148799837,34.818070046001],[31.21061709499836,34.81808996300097],[31.210629278998354,34.819126487001],[31.21064135799836,34.820154011001],[31.21064189799839,34.82019995400098],[31.21068035799837,34.82347175000101],[31.210696133998358,34.82481382700102],[31.210696536998373,34.824814039001],[31.21247942299835,34.82575395200103],[31.214058072998366,34.82658619500102],[31.216180058998376,34.82770487600101],[31.216431108998336,34.827837226001016],[31.220551897998337,34.830009648001024],[31.22265527199835,34.83111851800102],[31.222977503998294,34.83128839400105],[31.223661737998302,34.831649113001006],[31.22398491299833,34.83181948600101],[31.223984957998358,34.83181951000104],[31.22405981199834,34.83291798700101],[31.22311747399832,34.83725739400106],[31.221397859998252,34.84517610300105],[31.221397859998252,34.84517610300105]]]}