{"segmentId":"5000012","streetsFileVersion":188,"polygonPointList":[[[29.713335612997987,34.990579058001835],[29.71244923199799,34.991969065001825],[29.711682237998,34.99224830300186],[29.709016022998032,34.99202255900188],[29.707190418997985,34.991442393001854],[29.70626798199802,34.991149248001854],[29.704651498998054,34.990643719001845],[29.704487536998013,34.98916351600187],[29.705373056998017,34.987264652001855],[29.706138061998047,34.98578243300182],[29.70577285299806,34.984765330001835],[29.70532739899806,34.98467521400181],[29.703510156998053,34.984307583001794],[29.703305886998063,34.982920029001825],[29.704153103998063,34.98231669700179],[29.705081021998087,34.981666911001795],[29.706695359998047,34.98087679100181],[29.70735152399807,34.9807034570018],[29.70810843899809,34.98050350900181],[29.708905759998064,34.978352739001785],[29.709032089998107,34.97735515000178],[29.709636292998102,34.976382128001795],[29.71189901499807,34.97683972200179],[29.713234784998082,34.97850247800178],[29.713439258998047,34.97998270200176],[29.71251275499804,34.9814654320018],[29.713080951998045,34.983083669001815],[29.713040365998012,34.98482696100183],[29.713005540998036,34.98632281400184],[29.713615653997998,34.98891269600185],[29.713335612997987,34.990579058001835],[29.713335612997987,34.990579058001835]]]}