{"segmentId":"5000968","streetsFileVersion":236,"polygonPointList":[[[32.39538189299749,34.930732721001306],[32.39458984499746,34.93260523900134],[32.39477288999751,34.93267912800136],[32.39519317499746,34.93284878300134],[32.395212759997484,34.93285668900135],[32.395190638997505,34.93294255800132],[32.39501643499749,34.93361879600137],[32.394959562997464,34.93383956300134],[32.39465714999749,34.93501348900133],[32.394550046997466,34.93542924800135],[32.39466999999748,34.93558000000137],[32.394375449997455,34.93622549100137],[32.39427297199746,34.936484219001386],[32.39299282199748,34.93613681800138],[32.39289561299747,34.93533909700135],[32.39262999999745,34.93518000000136],[32.39159999999747,34.936360000001336],[32.38892424599746,34.935676751001374],[32.38869186099746,34.936149527001355],[32.387366791997486,34.93500756000133],[32.38718882299745,34.93485418300133],[32.387185412997475,34.934851244001365],[32.384549999997496,34.932580000001316],[32.385539361997495,34.93059057500133],[32.38553999599748,34.930589996001316],[32.38619596199749,34.92998667000133],[32.38622117299747,34.92996348300133],[32.38697728299753,34.929268054001305],[32.38715999999751,34.92910000000134],[32.387273222997536,34.92911637800134],[32.3889685459975,34.92936161100132],[32.390338659997546,34.92734454800132],[32.3903644399975,34.92730659500132],[32.39090734599754,34.92626847000128],[32.39093082399753,34.92628412900133],[32.39132620399753,34.92654783600131],[32.39154534699752,34.9263749480013],[32.39241726599752,34.92664848800133],[32.39433592399756,34.92725041400133],[32.39450123199752,34.92702654800133],[32.394629618997534,34.92685268200132],[32.39473855099753,34.92670516300132],[32.396327656997514,34.92680669800133],[32.39643122499754,34.92681331500132],[32.396739999997536,34.928650000001326],[32.39627099999751,34.9305060440013],[32.396269999997536,34.930510000001306],[32.39538189299749,34.930732721001306],[32.39538189299749,34.930732721001306]]]}