{"segmentId":"5000168","streetsFileVersion":236,"polygonPointList":[[[31.322352694998767,34.69876344500065],[31.32161296999877,34.69553879700063],[31.321659999998786,34.695319340000616],[31.32172509499874,34.69501558600067],[31.32179999999878,34.69466605600066],[31.32184131299877,34.69447327600064],[31.32192525199873,34.69408159000064],[31.323476949998746,34.69309488100062],[31.323148980998734,34.69229146500062],[31.323063090998772,34.692081063000636],[31.323029999998784,34.69200000000065],[31.323489999998774,34.69128000000066],[31.326308842998785,34.69052830900064],[31.327389999998775,34.69024000000066],[31.328400200998775,34.692176552000625],[31.328615981998745,34.69259020200067],[31.328815340998776,34.692972372000625],[31.32949028999874,34.69426624700062],[31.32991999999879,34.69509000000064],[31.329959291998787,34.695845280000675],[31.33004144199874,34.69742439100063],[31.330099999998765,34.698550000000665],[31.32980009699872,34.69901985000067],[31.329746763998752,34.699103404000624],[31.32919999999877,34.69996000000064],[31.326249412998727,34.701786127000645],[31.326160263998776,34.70177244800066],[31.32474909799874,34.70155591000063],[31.32422146099874,34.701917788000664],[31.32364538999871,34.70110451100064],[31.323170978998736,34.70056232700066],[31.322809557998763,34.69939615000065],[31.322352694998767,34.69876344500065],[31.322352694998767,34.69876344500065]]]}