{"segmentId":"5000825","streetsFileVersion":236,"polygonPointList":[[[32.150070649997694,34.90594029500125],[32.14893800999774,34.906789392001265],[32.148419629997726,34.90603483300123],[32.1471277069977,34.90415430800123],[32.149981918997725,34.90116047300124],[32.14952855799775,34.90045765200123],[32.149363054997714,34.90020108200119],[32.148931614997736,34.89953224300124],[32.15122055099776,34.89811420900119],[32.15324113099778,34.898220608001196],[32.15335319299776,34.898226509001205],[32.15471306699773,34.90130647200121],[32.153973370997754,34.902426998001246],[32.15342831499774,34.90325267500121],[32.15316221499776,34.903465673001214],[32.150070649997694,34.90594029500125],[32.150070649997694,34.90594029500125]]]}