{"segmentId":"5000520","streetsFileVersion":236,"polygonPointList":[[[31.82791639699846,34.750143554000736],[31.827746389998495,34.75027201500076],[31.825788602998475,34.751751355000785],[31.8255670549985,34.75170040900079],[31.82554694999847,34.75169578600073],[31.825455458998476,34.75167474700074],[31.824674003998457,34.75171796100076],[31.823981580998474,34.751589471000756],[31.823628139998466,34.75140292200077],[31.82312999999849,34.75114000000078],[31.823016195998477,34.75105209100079],[31.821639486998478,34.749988638000765],[31.81984880399848,34.74860540800076],[31.8197713729985,34.74854559500075],[31.81988318599847,34.74828359900075],[31.820847562998477,34.74602390800074],[31.821709573998504,34.74488935800077],[31.821880029998493,34.744665009000755],[31.822073978998496,34.74440973900073],[31.822409774998484,34.74380659400072],[31.82298226399855,34.743540076000734],[31.82352338899852,34.74309194600073],[31.824415685998517,34.742568464000726],[31.82669540399855,34.741651253000725],[31.826719999998534,34.74180000000075],[31.826732620998513,34.74184264000076],[31.827215796998505,34.743475061000716],[31.82735804799852,34.74395566100072],[31.82737664099852,34.74395621100076],[31.82821940099854,34.74398114400072],[31.828189657998475,34.744694982000745],[31.827800397998526,34.74514483200073],[31.82793620099851,34.74559703900076],[31.828019977998512,34.74587600400072],[31.82805294999848,34.74598579600076],[31.82850493599851,34.74749084900072],[31.828555838998486,34.74800242300076],[31.828027166998524,34.74977264600075],[31.828011001998483,34.74982677400075],[31.82791639699846,34.750143554000736],[31.82791639699846,34.750143554000736]]]}