{"segmentId":"5000735","streetsFileVersion":188,"polygonPointList":[[[32.057869999997436,34.957800000001505],[32.05785341199745,34.957852528001474],[32.05786136999747,34.95790058800146],[32.05777301699746,34.9581092700015],[32.05777159299743,34.958111622001475],[32.057689999997436,34.95837000000149],[32.057674150997464,34.95836759800149],[32.05748511599746,34.9589154490015],[32.057569999997455,34.958930000001494],[32.05754063599743,34.95965431300148],[32.057539999997466,34.959669999001456],[32.05745431199745,34.9596524720015],[32.057249598997444,34.95961059900147],[32.057265981997446,34.95964845600147],[32.05735712099746,34.959859045001465],[32.057276218997444,34.96012078500151],[32.05707341699743,34.960108616001506],[32.05690834099745,34.96058703100148],[32.05693999999746,34.96072000000147],[32.05693999999742,34.96081000000147],[32.05687999999741,34.96086000000147],[32.05678999999743,34.96092999900147],[32.05682999999743,34.961240000001474],[32.05700999999742,34.96217000000152],[32.057089999997466,34.96261000000149],[32.05710999999746,34.96280000000152],[32.05709999999742,34.96303000000151],[32.05707999999741,34.96320000000148],[32.05702999999743,34.96334000000152],[32.05692999999743,34.963500000001524],[32.05683999999744,34.96363000000153],[32.05674999999744,34.96373000000151],[32.05737999999738,34.96429000000152],[32.056649999997404,34.965510000001515],[32.055889999997405,34.964870000001525],[32.054529999997406,34.9660800000015],[32.05526071599743,34.96698631600151],[32.05594276899744,34.96675853000153],[32.05605507899738,34.967097366001546],[32.05581999999737,34.96768000000151],[32.05575999999741,34.9678400000015],[32.05548999999741,34.9682900000015],[32.05517999999742,34.96877000000155],[32.05477999999738,34.968780000001516],[32.05442999999734,34.96873000000153],[32.05430863699738,34.96869490700152],[32.0529531389974,34.96857809200151],[32.049029999997416,34.968240000001515],[32.04892999999738,34.9682000000015],[32.04877999999739,34.96810000000153],[32.04874311799739,34.968056972001534],[32.0465646229974,34.96666710700151],[32.04646999999742,34.96663000000153],[32.046239999997425,34.96646000000151],[32.04564999999737,34.965870000001516],[32.045529999997406,34.9657200000015],[32.0455199999974,34.96552000000149],[32.0454899999974,34.9652900000015],[32.0454899999974,34.96496000000153],[32.04547999999744,34.964830000001534],[32.04560999999743,34.96452000000151],[32.04560999999743,34.964518721001504],[32.04537999999744,34.96381000000147],[32.04402338199741,34.962795766001506],[32.04327999999744,34.962240000001515],[32.04360999999745,34.961750000001494],[32.04396999999743,34.9612300000015],[32.04404887699745,34.961151123001486],[32.04415999999742,34.96104000000147],[32.04421419899745,34.960996641001515],[32.044669999997424,34.96039000000151],[32.04466646999746,34.96011363300149],[32.04455999999745,34.95962000000147],[32.04453791899744,34.95937711100148],[32.04452999999746,34.95929000000151],[32.04451999999742,34.959060000001514],[32.044539999997426,34.95879000000151],[32.04460999999743,34.95853000000148],[32.04464557899746,34.95847824700151],[32.04461924499744,34.95641670000145],[32.04456999999749,34.956310000001444],[32.044549999997486,34.95616000000149],[32.044549999997486,34.95592000000147],[32.044549999997486,34.95541000000145],[32.04457999999749,34.95532000000144],[32.04456999999749,34.955060000001474],[32.044599999997494,34.954910000001455],[32.04538999999749,34.953390001001466],[32.04556999999748,34.95342000000146],[32.04573999999743,34.95348000000148],[32.04590999999747,34.95359000000148],[32.04602999999747,34.953770000001484],[32.046099999997445,34.95393000000148],[32.04619999999747,34.95415000000144],[32.046339999997464,34.95431000000149],[32.04639999999749,34.95442000000144],[32.04714999999747,34.95277000000145],[32.0470049309975,34.95233183300147],[32.04694999999747,34.952260000001424],[32.04690247399747,34.952022370001465],[32.046697977997496,34.95140470800144],[32.04639284999753,34.951184854001475],[32.04630999999751,34.95116000000147],[32.0462399999975,34.95111000000143],[32.04616219199748,34.95101866000144],[32.04598389299746,34.950890191001434],[32.04573107499751,34.950967523001424],[32.0455704609975,34.950908037001426],[32.04553728199751,34.95085296100146],[32.04547999999752,34.95081000100143],[32.04526999999751,34.95061000000143],[32.04508999999751,34.95034000000143],[32.0448999999975,34.94991000000144],[32.044859999997485,34.94956000000146],[32.04479999999754,34.94899000000143],[32.04479999999754,34.948793241001425],[32.04479999999754,34.948490000001435],[32.044639999997536,34.948300000001446],[32.0446699999975,34.94825000000141],[32.04484499999753,34.947936843001415],[32.044819999997536,34.947040000001444],[32.0458199999975,34.94622000000142],[32.04676999999752,34.945490000001435],[32.04691999999752,34.945390000001396],[32.047259999997515,34.94517000000144],[32.04769999999755,34.94492000000139],[32.04837999999754,34.9445800000014],[32.048467157997536,34.945182182001425],[32.050739999997575,34.944400000001394],[32.05094999999756,34.94436000100143],[32.05120999999748,34.944340000001446],[32.05133086999755,34.944340000001446],[32.05297809799753,34.94417273200139],[32.052989999997564,34.944140000001426],[32.05308999999754,34.944070000001425],[32.05318999999752,34.94405000000143],[32.053331935997555,34.94403864500139],[32.053439999997515,34.94403000000142],[32.05403999999753,34.944020000001444],[32.05478999999751,34.943960000001425],[32.05509999999752,34.94392000000141],[32.05521999999758,34.943919999001416],[32.055269999997535,34.94394000000141],[32.055309999997576,34.9439900000014],[32.055289999997534,34.944110000001444],[32.05519999999754,34.94433000000141],[32.05504039799752,34.944604871001395],[32.05353009599748,34.948978325001434],[32.05350659499752,34.94904637800144],[32.05387397399749,34.95250788900146],[32.05390999999749,34.95266000000144],[32.0539399999975,34.95295000000145],[32.0539399999975,34.953130000001444],[32.05388999999746,34.95358000000145],[32.05381999999745,34.953980000001465],[32.05373999999746,34.95421000000145],[32.05373227399743,34.95422716800146],[32.053912905997464,34.95435157900146],[32.05389127999748,34.955274712001476],[32.054406984997485,34.95532899700145],[32.05528236599743,34.95618289600145],[32.05523319299748,34.956453735001446],[32.05571408399745,34.95678921000149],[32.05616738999744,34.95646117500149],[32.05658648999745,34.95663431800148],[32.056691738997465,34.95659655800148],[32.057382534997444,34.95675684500144],[32.057747495997454,34.957212867001495],[32.05783083799743,34.957716193001495],[32.057869999997436,34.957800000001505],[32.057869999997436,34.957800000001505]]]}