{"segmentId":"5000703","streetsFileVersion":236,"polygonPointList":[[[32.01491548199754,34.941629674001426],[32.01407999999755,34.94145000000139],[32.01361109299761,34.940945809001384],[32.013168835997554,34.94047027200138],[32.01301923199755,34.940085914001415],[32.01201787499757,34.9375132490014],[32.011188993997635,34.93538370700136],[32.01061999999762,34.93548000000137],[32.010613791997635,34.93546701300138],[32.010565930997565,34.93536688700137],[32.00995131499757,34.93408111500135],[32.009766022997624,34.93369348500137],[32.00843512699759,34.93090925900134],[32.007305002997654,34.92854504600137],[32.00701741699764,34.92712812500132],[32.00749751099768,34.92683289700135],[32.00850663699764,34.92621234900131],[32.009596685997685,34.92554203700135],[32.00959999999763,34.925540000001355],[32.01302743499764,34.92623947600132],[32.01351999999762,34.92634000000133],[32.013870765997645,34.92696629600134],[32.014163947997645,34.92748977400133],[32.014575007997664,34.92698103800136],[32.01474120499765,34.92677534900132],[32.01497984399764,34.92698951200133],[32.01516009899767,34.927151279001336],[32.014493287997624,34.92807781200133],[32.01483471099762,34.92868742400133],[32.01693456899763,34.93243673600137],[32.017436519997645,34.93209985400137],[32.01762999999763,34.93197000000135],[32.018247557997576,34.93764437600138],[32.01826304399757,34.93778667000138],[32.018306649997605,34.93818734000141],[32.01831999999762,34.93831000000141],[32.018935424997565,34.93965783900141],[32.01910985199757,34.940039852001384],[32.01921384599757,34.940113575001405],[32.019194610997566,34.940124611001394],[32.01832259699759,34.940624908001425],[32.01749454499753,34.94131019300141],[32.01729407999756,34.94142555500138],[32.01648565299758,34.94189078200138],[32.01609534899758,34.941905939001394],[32.01550531499755,34.94192885300139],[32.01521423999758,34.94178121200138],[32.01491548199754,34.941629674001426],[32.01491548199754,34.941629674001426]]]}