{"segmentId":"5000044","streetsFileVersion":236,"polygonPointList":[[[30.651764989995954,35.224551537003514],[30.652288470995956,35.22457533200351],[30.655357975995916,35.228025550003565],[30.656355999995924,35.22962360000356],[30.65841841999586,35.23010667600359],[30.660361149995868,35.23013625100357],[30.661258778995858,35.23077196600362],[30.661302899995896,35.23078230000359],[30.663124956995826,35.23354675700363],[30.66348089999583,35.23408680000363],[30.66364983599585,35.23519414700366],[30.66433484999582,35.23549182300367],[30.664413371995828,35.23629846000366],[30.664292018995848,35.237383494003645],[30.66350560499579,35.24125587500369],[30.664105618995734,35.244003989003765],[30.664357799995738,35.24515900000375],[30.660887799995717,35.246703900003766],[30.660155920995717,35.24732488200376],[30.65953726099567,35.24725349900378],[30.65951346699576,35.245802027003734],[30.65944208299572,35.24506439400374],[30.65846650399571,35.24492162700374],[30.658466503995747,35.24392767500375],[30.658123828995723,35.243865715003714],[30.655879999995733,35.2434600000037],[30.65581999999579,35.24151000000372],[30.65307029999576,35.23927960000366],[30.65307029999581,35.235288400003654],[30.651718500995873,35.23328436900361],[30.650560925995855,35.2315682730036],[30.650522899995874,35.2315119000036],[30.648455399995893,35.23091110000363],[30.647458499995842,35.23297090000362],[30.644227899995855,35.23116850000358],[30.647716899995967,35.223272100003506],[30.650654728995924,35.22609825500356],[30.650707099995923,35.226148635003575],[30.650988452995897,35.22634435600353],[30.651764989995954,35.224551537003514],[30.651764989995954,35.224551537003514]]]}