{"segmentId":"5000305","streetsFileVersion":236,"polygonPointList":[[[31.62729167799906,34.542974677000394],[31.625881164999075,34.54142542600036],[31.624732103999012,34.54016334300039],[31.624010723999074,34.53937100700037],[31.616977949999026,34.531646485000365],[31.616405643999055,34.53101788600033],[31.616824469999067,34.52898988500034],[31.61688187299907,34.528711933000366],[31.617021256999053,34.52803702200033],[31.617535887999104,34.525545126000345],[31.619079641999033,34.52289121400032],[31.619917361999075,34.521451066000346],[31.621779533999078,34.51824975300037],[31.622449474999105,34.51709803900036],[31.626209729999054,34.51396446600033],[31.630484686999086,34.510401971000356],[31.631020823999116,34.50785653300032],[31.633234064999144,34.49734863400031],[31.634068161999142,34.493388556000326],[31.635468922999166,34.493739354000326],[31.63596385999913,34.493863303000325],[31.636001765999108,34.49387279600032],[31.6354398749991,34.496224373000345],[31.635163853999096,34.49737955400033],[31.632654164999124,34.50788288600034],[31.631894990999076,34.51106011300031],[31.63086526599909,34.51536962700032],[31.634569895999114,34.51700943200035],[31.635194864999104,34.51698225900032],[31.637752064999056,34.51687107700036],[31.639689036999094,34.51834686600034],[31.63970358499909,34.51836349300033],[31.639776989999053,34.51844738400036],[31.639861123999076,34.51854353700032],[31.640980351999072,34.519822654000336],[31.63955068199908,34.52360436200036],[31.64047304999906,34.525126269000346],[31.644079756999037,34.528383380000335],[31.644952116999075,34.529171182000326],[31.64510234299908,34.52930684700034],[31.64770062799908,34.531653281000345],[31.650077878999035,34.53380010600036],[31.64928499599908,34.53547397100035],[31.647257586999086,34.53975405700035],[31.646865606999054,34.54058157000034],[31.647151141999043,34.54200924700038],[31.646592017999037,34.54340705700034],[31.644438556999035,34.54879071100036],[31.64382990299902,34.549105953000364],[31.642474915999014,34.54980774700037],[31.64205098299903,34.550027316000396],[31.642005059999008,34.55021197400036],[31.640171349999033,34.557585328000414],[31.640128028998976,34.55775952300041],[31.63912166899903,34.55780144800041],[31.637818733999023,34.56068651800041],[31.635512739998976,34.56579264800042],[31.634603175998983,34.565974561000424],[31.631216395999022,34.56665191600042],[31.630922000998986,34.56822956900039],[31.62556624499902,34.567288875000386],[31.624997884998947,34.56718904700041],[31.62564191899898,34.56111862700038],[31.62570921899901,34.56048428300038],[31.62627447499903,34.55515638700039],[31.62749956999902,34.553742050000366],[31.627958447999035,34.55321228900038],[31.627855908999067,34.54344617200039],[31.62729167799906,34.542974677000394],[31.62729167799906,34.542974677000394]]]}