{"segmentId":"5000449","streetsFileVersion":188,"polygonPointList":[[[31.7772899999968,35.0686800000021],[31.777289027996783,35.06869102300211],[31.777348487996786,35.068961088002105],[31.77720201199676,35.06986258800211],[31.77716628399675,35.07008248300215],[31.777007807996757,35.07187901200216],[31.776493846996733,35.07348936100214],[31.776276667996736,35.07367472400215],[31.775789999996732,35.074870000002136],[31.775825430996736,35.07538375400214],[31.776129999996705,35.07605000000219],[31.77611999999675,35.076170000002165],[31.77608999999675,35.076240000002166],[31.776029999996727,35.076350000002165],[31.775999999996763,35.07655000000217],[31.776069999996718,35.07697000000219],[31.77609999999671,35.077250000002174],[31.77609999999671,35.077470000002194],[31.776059999996722,35.07755000000216],[31.77614999999672,35.0780300000022],[31.776169999996696,35.07820000000217],[31.77612999999669,35.07842000000218],[31.77604999999672,35.078640000002196],[31.775929999996727,35.07883000000217],[31.77577999999672,35.07899000000218],[31.775629999996724,35.0790200000022],[31.775419724996727,35.0790200000022],[31.77372263799669,35.08004319300219],[31.773749999996706,35.08018000000219],[31.7737099999967,35.08027000000219],[31.773644126996704,35.080341363002205],[31.77358999999671,35.0804000000022],[31.773569999996706,35.08035000000221],[31.7735695709967,35.08033969300218],[31.773561269996733,35.08014048400217],[31.773242988996685,35.08033238000222],[31.77319520899671,35.08036118600221],[31.77283999999667,35.080870000002214],[31.772835634996696,35.080870000002214],[31.772834521996685,35.0808716080022],[31.772347540996694,35.08087225500218],[31.7715670329967,35.080485885002176],[31.771401760996675,35.08040407100218],[31.771400647996717,35.08040032000217],[31.771399999996675,35.0804000000022],[31.771367346996676,35.08029038000221],[31.771259999996694,35.07993000000219],[31.771254362996686,35.079907454002225],[31.771143101996714,35.07953259000218],[31.771252852996735,35.07937622500217],[31.770929999996753,35.0771300000022],[31.77095999999672,35.0770600000022],[31.771029999996752,35.0769700000022],[31.771112307996752,35.07689592300218],[31.77112694399674,35.076877131002185],[31.77111162799669,35.076682441002184],[31.77149322799675,35.076406837002146],[31.771636525996765,35.07622284700217],[31.772081507996738,35.075651508002196],[31.77207999999677,35.07565000000216],[31.771779999996713,35.07537000000219],[31.771764810996725,35.07535386200215],[31.77165448299678,35.07527335700219],[31.77165208099676,35.075268450002184],[31.771617204996726,35.075197204002166],[31.771539999996747,35.07512000000214],[31.77121999999674,35.07479000000217],[31.771069999996783,35.07459000000216],[31.770959999996744,35.074370000002155],[31.770879999996733,35.074220000002136],[31.77083999999679,35.074130000002135],[31.770869999996783,35.07387000000215],[31.770959999996744,35.073700000002134],[31.771079999996736,35.07350000000212],[31.771239999996766,35.07331000000215],[31.771362055996732,35.073121831002126],[31.771569496996747,35.072721230002166],[31.77127902799677,35.07228956600215],[31.771519567996773,35.07132317000211],[31.77146284199679,35.06973472600211],[31.771382727996805,35.067491406002105],[31.771345620996758,35.067439353002115],[31.771358828996842,35.06682220900212],[31.771793175996816,35.06659505600209],[31.7722999999968,35.066330000002104],[31.77246866999678,35.06654920200209],[31.772690419996835,35.066544154002095],[31.772974886996792,35.06720707400213],[31.77338529599683,35.06774043600213],[31.773946642996826,35.067158045002095],[31.77524846699681,35.0659548370021],[31.776225684996817,35.06583897300209],[31.776364883996774,35.06621054600209],[31.776389999996816,35.06621000000213],[31.776419999996797,35.0661000000021],[31.7764899999968,35.066020000002084],[31.77657999999679,35.0659900000021],[31.776649999996867,35.06601000000212],[31.776719999996864,35.06605000000212],[31.776759999996777,35.06612000000212],[31.77677999999678,35.066190000002116],[31.77677999999678,35.066280000002116],[31.776729999996796,35.06639000000213],[31.776629999996825,35.06645000000209],[31.776639999996785,35.066540000002085],[31.776659999996813,35.06677000000214],[31.776709999996797,35.06696000000211],[31.77676999999679,35.06716000000212],[31.77679820899681,35.067254028002104],[31.777060636996797,35.06765368100209],[31.77719633199681,35.06827000000211],[31.777389999996785,35.06827000000211],[31.777369999996836,35.068500000002096],[31.77733999999679,35.06858000000212],[31.7772899999968,35.0686800000021],[31.7772899999968,35.0686800000021]]]}