{"segmentId":"5000229","streetsFileVersion":236,"polygonPointList":[[[31.441997525997234,35.02873802900193],[31.442738115997212,35.0299426040019],[31.442692437997227,35.03136934900193],[31.44229324999717,35.031978598001956],[31.441766947997237,35.03272508800195],[31.4414755749972,35.03265034200195],[31.44133423399721,35.03286934100192],[31.4418101259972,35.035581927001964],[31.440842456997157,35.036521948001926],[31.442902191997177,35.03845871800199],[31.442429593997126,35.03898502100195],[31.442064404997176,35.03867353600195],[31.440634603997147,35.036723862001935],[31.44049674899715,35.03685777800198],[31.440144502997153,35.03719996000197],[31.439144975997227,35.03567648800194],[31.438572958997177,35.03480462400196],[31.438045396997197,35.03400051700193],[31.4371939709972,35.032702779001916],[31.437360533997204,35.03139407500191],[31.436971330997192,35.030785666001904],[31.43529040299724,35.0281580080019],[31.435456964997247,35.02649238600188],[31.438026782997245,35.024993325001866],[31.438347798997214,35.025197100001904],[31.43973673899729,35.023122481001856],[31.439926630997256,35.022655622001885],[31.440173264997267,35.022524084001866],[31.440881801997232,35.02316162200186],[31.44103116599727,35.02323669500186],[31.441640307997243,35.02464533600188],[31.441048583997244,35.02544233700191],[31.440935986997232,35.025749406001886],[31.440246896997255,35.0264026150019],[31.440763162997236,35.0267303320019],[31.441975922997198,35.02870289200193],[31.441997525997234,35.02873802900193],[31.441997525997234,35.02873802900193]]]}