{"segmentId":"5000182","streetsFileVersion":188,"polygonPointList":[[[31.34223165199674,35.10231348400238],[31.340948290996753,35.10099695000236],[31.342269415996785,35.099912123002355],[31.343026740996756,35.1004279210024],[31.34348649999672,35.10021760600239],[31.34442876599675,35.10010339100239],[31.345466210996694,35.10054121200238],[31.346501615996733,35.1024084810024],[31.3465797989967,35.10254947600238],[31.34574554299674,35.102966605002415],[31.345114050996713,35.103348976002415],[31.34461912299667,35.10385342200241],[31.343952873996667,35.103862940002415],[31.3434245679967,35.10338735600239],[31.342982053996717,35.1034156010024],[31.342420500996738,35.1026827270024],[31.34223165199674,35.10231348400238],[31.34223165199674,35.10231348400238]]]}