{"segmentId":"5000010","streetsFileVersion":188,"polygonPointList":[[[29.60799591399807,34.98807201900186],[29.606407922998095,34.98726989400185],[29.60764916299812,34.98379259700181],[29.60770234999811,34.983643595001816],[29.606771618998074,34.98274143900181],[29.601368310998105,34.977504021001806],[29.60133633699817,34.97747302800181],[29.600899977998107,34.977050067001784],[29.600418685998115,34.9773449410018],[29.599137485998146,34.97710187400176],[29.596218410998144,34.97654807400178],[29.59591425099815,34.97742838800181],[29.595184926998126,34.97734220000179],[29.594541417998148,34.976869049001806],[29.59465374999816,34.97432468300179],[29.59336457799813,34.972675643001764],[29.593349523998196,34.97267321800177],[29.59334824999816,34.97265475700175],[29.59310999999813,34.97235000000177],[29.59307999999815,34.972220000001755],[29.593095773998172,34.97215059200175],[29.593096305998184,34.972148248001766],[29.592959999998147,34.97014000000176],[29.592619999998174,34.97002000000172],[29.59266837499818,34.969971625001726],[29.592187543998193,34.96969793100173],[29.59160701899814,34.96848604900172],[29.59155833699816,34.96821043000173],[29.592087239998193,34.967492293001754],[29.59208926299817,34.96749100100172],[29.59208999999818,34.96749000000174],[29.592103698998173,34.96748178000175],[29.59223938899815,34.96739511400173],[29.592229999998175,34.96732000000171],[29.592239999998178,34.967040000001724],[29.592359999998166,34.96683000000174],[29.592409999998146,34.966780000001705],[29.592489999998183,34.96671000000171],[29.592619999998174,34.96664000000172],[29.592769999998133,34.966580000001755],[29.59286999999821,34.966550000001725],[29.594491289998196,34.96483421100171],[29.5982984279982,34.96464385400169],[29.59931600399818,34.96508627800172],[29.59939297999819,34.9651197460017],[29.600982533998128,34.96930296100172],[29.601275655998148,34.97007436600176],[29.601540457998144,34.97111024000173],[29.601309584998116,34.972310439001774],[29.60125388399816,34.97259999900177],[29.600775931998115,34.974917463001766],[29.60172083199814,34.9758541140018],[29.601752671998113,34.975885676001795],[29.6080844299981,34.9821621540018],[29.608707030998083,34.98277931900179],[29.61049107799809,34.98454779000185],[29.60919665199804,34.988678535001874],[29.60799591399807,34.98807201900186],[29.60799591399807,34.98807201900186]]]}