{"segmentId":"5000173","streetsFileVersion":236,"polygonPointList":[[[31.3533718259989,34.634456140000516],[31.348314457998928,34.63405237700051],[31.34752674799894,34.63398948900052],[31.3450856729989,34.63379460200055],[31.340448685998915,34.63342440000049],[31.338639999998918,34.63328000000054],[31.336896349998938,34.63619373100052],[31.336386185998872,34.63704624100053],[31.336359999998912,34.63709000000053],[31.337639999998935,34.639540000000544],[31.337658943998893,34.63979179800051],[31.337709141998886,34.64045901300053],[31.33770981699891,34.64046799000054],[31.337869290998903,34.642587660000544],[31.337879999998865,34.64273000000051],[31.335936612998896,34.64381798500054],[31.333865952998874,34.64497722400054],[31.3337091709989,34.644680829000535],[31.332909999998858,34.64317000000054],[31.33281999999887,34.642920000000544],[31.332713486998863,34.64268700200054],[31.3325575969989,34.64226558300053],[31.332534485998874,34.64227941200053],[31.332209999998902,34.64086000000051],[31.332505476998897,34.6406743890005],[31.33344301099889,34.640085454000506],[31.334011204998866,34.6397285290005],[31.33406630299891,34.63969391800051],[31.333753733998883,34.63831218600055],[31.332939999998942,34.63881000000051],[31.33203041399888,34.63701274400053],[31.330589557998888,34.63416575200053],[31.330449999998905,34.633890000000534],[31.330080380998933,34.629667228000535],[31.330035130998926,34.62915025600052],[31.32981831699893,34.62667323500051],[31.329719999998954,34.62555000000049],[31.33001999999893,34.623460000000534],[31.330746760998935,34.62259683300049],[31.332117776998956,34.6209684900005],[31.333556830998955,34.621948804000496],[31.33406600799891,34.62121070900047],[31.334774904998966,34.62155441600048],[31.334517123998936,34.62228479500049],[31.33516157599897,34.6225855390005],[31.335195096998948,34.62306482700051],[31.33619218899893,34.62374406800052],[31.336699999998945,34.62409000000048],[31.33851999999897,34.624530000000505],[31.338602024998934,34.625072995000494],[31.338876830998945,34.62689217000054],[31.33983371599891,34.627188504000515],[31.340048520998884,34.62725502600051],[31.34013896999891,34.62932437600051],[31.34018585699892,34.63039708700052],[31.34512591699896,34.63063596000053],[31.34583229299895,34.630670116000495],[31.346630308998883,34.6307087030005],[31.352141535998896,34.63097519400049],[31.352910523998915,34.63031268200053],[31.35378456499896,34.62955966200053],[31.35407484899889,34.62930957200053],[31.35416226599895,34.62943476100048],[31.354255148998888,34.62956777800054],[31.35648405299889,34.63275979000054],[31.354104591998897,34.63451464300051],[31.354097544998936,34.63451408000049],[31.3533718259989,34.634456140000516],[31.3533718259989,34.634456140000516]]]}