{"segmentId":"5000054","streetsFileVersion":188,"polygonPointList":[[[30.876419999998543,34.797540000000915],[30.87590070399855,34.799220419000946],[30.875529999998506,34.800420000000926],[30.874599999998523,34.80049000000093],[30.874639999998525,34.80068000000096],[30.87471999999851,34.801110000000946],[30.874799999998523,34.801260000000966],[30.874899999998526,34.80150000000093],[30.87497999999852,34.80177000000093],[30.874919999998514,34.80184000000093],[30.87481999999854,34.802010000000955],[30.87457999999853,34.80214000000097],[30.87373706499852,34.80239738500097],[30.87326999999854,34.80254000000098],[30.873049999998525,34.802610000000975],[30.872599999998513,34.80274000000093],[30.872209999998525,34.80258000000093],[30.872329999998502,34.80091000000094],[30.872289999998575,34.79990000000093],[30.873049999998525,34.79981000000093],[30.87291999999857,34.79938000000093],[30.872900831998518,34.79916435400092],[30.872879999998577,34.79893000000093],[30.872839999998547,34.798590000000935],[30.871246152998577,34.79782153900093],[30.871119999998577,34.79779000000095],[30.871039999998526,34.797730000000946],[30.87103423999853,34.79771936600091],[30.870599999998518,34.797510000000926],[30.87070999999855,34.79625000000093],[30.87063999999851,34.79633000000095],[30.870529999998546,34.79639000000091],[30.870449999998563,34.796399999000954],[30.870329999998503,34.79637000000091],[30.870209999998554,34.79636000000094],[30.87000999999853,34.79630000000091],[30.86961999999855,34.796160000000924],[30.86923999999852,34.796010000000905],[30.8688699999986,34.79578000000092],[30.86875376799852,34.79568701500093],[30.86726999999858,34.795260000000916],[30.865983402998523,34.79644187400091],[30.865729999998536,34.79672000000093],[30.865659999998538,34.796800000000964],[30.865549999998553,34.79684000100096],[30.864795441998535,34.79666961600091],[30.86399999999854,34.796490000000944],[30.863379999998557,34.79594000000091],[30.86338999999856,34.79516000000095],[30.863329999998587,34.79504000000091],[30.863339999998566,34.79498000000095],[30.86338999999856,34.794900000000915],[30.864019999998543,34.79417000000094],[30.864027848998546,34.79416215200094],[30.864843636998547,34.793192181000926],[30.864960880998556,34.7930527810009],[30.865009999998552,34.792960000000924],[30.86524999999857,34.79259000000095],[30.865689999998548,34.791880000000916],[30.865979999998558,34.79156000000093],[30.86708863999859,34.7905228850009],[30.867519999998592,34.79001000000092],[30.868059730998613,34.789750008000915],[30.86818999999856,34.789600000000924],[30.868479999998545,34.78924000000092],[30.868589999998576,34.78913000000092],[30.868639999998553,34.789120000000885],[30.86915999999859,34.78922000000092],[30.868861307998607,34.78863068900092],[30.868789999998576,34.788490000000884],[30.86926999999854,34.78681000000092],[30.870349999998574,34.78653000000088],[30.871057459998557,34.78687745000093],[30.8735099999986,34.786969999000924],[30.873799999998603,34.78752000000088],[30.873799999998603,34.78745000000089],[30.873809999998592,34.787380000000894],[30.87385999999856,34.787300000000926],[30.87389340599857,34.7872645050009],[30.873949096998565,34.78711217700089],[30.874401632998584,34.78587435600093],[30.874399999998566,34.785870000000905],[30.874399999998566,34.78579000000093],[30.874409999998612,34.78573000000091],[30.87447999999858,34.78566000000091],[30.87475999999858,34.786009999000896],[30.875019999998607,34.786340000000905],[30.87524999999857,34.7866600000009],[30.874349999998575,34.78754000000089],[30.874739999998553,34.7879200000009],[30.875069999998573,34.7882800000009],[30.87538999999858,34.788690000000884],[30.875457744998574,34.788753228000935],[30.875539999998587,34.78883000000093],[30.87568999999862,34.78896000000089],[30.875759999998582,34.789120000000885],[30.87578999999857,34.78929000000091],[30.87578999999857,34.7895514710009],[30.87584798699859,34.79038547200089],[30.875849999998604,34.79039000000093],[30.87586999999858,34.79069000000091],[30.87588389599857,34.79090191400094],[30.875911751998533,34.791302550000935],[30.875962302998598,34.791351767000904],[30.876207805998526,34.792674535000934],[30.876266592998512,34.79382717500092],[30.876236306998564,34.79394581100094],[30.876099894998553,34.794008366000945],[30.876099999998587,34.79401000000095],[30.876309999998554,34.79400000000092],[30.876669999998537,34.79401000000095],[30.876849999998537,34.794030000000944],[30.877199999998584,34.79606000000094],[30.876419999998543,34.797540000000915],[30.876419999998543,34.797540000000915]]]}