{"segmentId":"5000224","streetsFileVersion":236,"polygonPointList":[[[31.451153599998875,34.64712460000053],[31.451208499998856,34.65079380000052],[31.453038999998828,34.650965500000545],[31.453117862998834,34.650914244000525],[31.454887799998854,34.649763900000536],[31.456699899998828,34.65178090000056],[31.45632630999887,34.652379752000556],[31.45580299999888,34.653218600000564],[31.453459999998877,34.65437730000058],[31.45305469999886,34.65580268500054],[31.453038999998828,34.655857900000555],[31.450987840998824,34.657868664000546],[31.4492605759988,34.65956191300058],[31.44789519999881,34.66090040000058],[31.44403057299887,34.65605447100058],[31.443959299998845,34.65596510000057],[31.444032320998872,34.655919460000575],[31.444783099998837,34.65545020000058],[31.44649571599886,34.653464182000555],[31.44745939699884,34.65189373700058],[31.447709240998837,34.64882423300052],[31.447566579998874,34.647340556000565],[31.451153599998875,34.64712460000053],[31.451153599998875,34.64712460000053]]]}