{"segmentId":"5000188","streetsFileVersion":236,"polygonPointList":[[[31.37874095199929,34.40027901300022],[31.37807999999931,34.40192000000025],[31.376416899999278,34.402960300000245],[31.375371372999293,34.4026134300002],[31.375443794999253,34.402960048000246],[31.375530782999274,34.40337638500023],[31.37665499999926,34.4035504000002],[31.3767190999993,34.405047100000225],[31.37638019999925,34.40667250000025],[31.375171099999267,34.407509400000215],[31.375735188999272,34.407469052000245],[31.376238503999286,34.40743305100023],[31.37676350199928,34.40739549900025],[31.37699423499927,34.40737899500022],[31.377119999999284,34.407370000000256],[31.37715823399924,34.40741572100024],[31.377888499999255,34.408289000000195],[31.377804535999253,34.409161165000235],[31.37765489999926,34.410715500000215],[31.375871547999306,34.410502436000236],[31.374800603999258,34.41037448600026],[31.37344784299929,34.41021286700022],[31.37285049999926,34.41014150000024],[31.37309976499929,34.40955538500021],[31.37329604299924,34.409093863000244],[31.374450499999234,34.406379300000204],[31.37430399999929,34.40274580000022],[31.37242309999927,34.40091470000022],[31.372129899999297,34.39891200000022],[31.370351792999298,34.398535594000236],[31.37010239999931,34.39848280000024],[31.36905199999931,34.39613680000025],[31.36905199999931,34.39399100000019],[31.370114599999315,34.394076900000236],[31.370993999999307,34.3957076000002],[31.37440169999933,34.39227440000024],[31.374408290999337,34.392275687000215],[31.374997067999274,34.39239063300022],[31.37681989999928,34.39274650000021],[31.37758929999931,34.393390200000226],[31.377106302999294,34.39436008600023],[31.37681989999928,34.39493520000025],[31.378358699999264,34.39665180000019],[31.3784530199993,34.3969530830002],[31.378988499999263,34.39866355000021],[31.37906001599929,34.39889199000021],[31.379096373999257,34.39900812800022],[31.379164799999295,34.39922670000022],[31.37874095199929,34.40027901300022],[31.37874095199929,34.40027901300022]]]}