{"segmentId":"5000293","streetsFileVersion":96,"polygonPointList":[[[31.618956230998407,34.780094197000835],[31.615244271998417,34.78116495400087],[31.613816594998443,34.78145049000086],[31.613737260998402,34.78144474800087],[31.61228999999837,34.78134000000086],[31.608302511998453,34.780273251000835],[31.604752374998405,34.77889264200086],[31.60316287599844,34.77827450400082],[31.598530044998483,34.775916591000836],[31.598599828998502,34.775461431000835],[31.59884468399843,34.77565308800085],[31.598868689998486,34.77559191000084],[31.598920699998484,34.77546160000081],[31.598952640998455,34.77540825800081],[31.599054650998468,34.775251149000816],[31.59919719799847,34.77488712900082],[31.600154248998496,34.773423264000805],[31.600904114998443,34.7726996900008],[31.601879413998468,34.771933489000816],[31.602095792998472,34.77173224700082],[31.602083657998442,34.77169913400084],[31.601915332998498,34.771429390000804],[31.601836541998477,34.77129642200081],[31.60180078599848,34.771223301000845],[31.601680976998455,34.7709663610008],[31.601646072998467,34.77087612100084],[31.601513218998452,34.77053264300079],[31.601506374998458,34.770504986000816],[31.601397166998495,34.77004714200084],[31.601265033998445,34.76954575800081],[31.60119322899845,34.76889927300081],[31.60114314899849,34.76812249300084],[31.601134600998503,34.76793187300083],[31.601113635998452,34.76740184400082],[31.601100590998477,34.76704969700082],[31.601073391998476,34.7663504470008],[31.60106733599845,34.766227825000804],[31.60104844899854,34.76581529300082],[31.6010345279985,34.76553464300077],[31.601006497998508,34.76525702800081],[31.60099211199846,34.76516934100081],[31.600960481998506,34.76498376200079],[31.600891339998462,34.764712761000794],[31.600811527998495,34.76444873700081],[31.600737334998534,34.76418136400078],[31.600669304998483,34.76390920400082],[31.600588967998497,34.76365422600078],[31.600449657998496,34.763148435000815],[31.600414262998516,34.76285241600079],[31.600335997998503,34.76205954200077],[31.600216253998482,34.7618270030008],[31.60004213999847,34.7610782100008],[31.600029999998497,34.76106000000079],[31.599949999998497,34.7607400000008],[31.59996050999855,34.7607271540008],[31.599861913998485,34.76030313400077],[31.599712404998485,34.75966015600079],[31.598784911998514,34.75724849700077],[31.59862603499851,34.7562804400008],[31.59846999999855,34.7559400000008],[31.598059999998508,34.755060000000796],[31.597999999998507,34.754780000000764],[31.597999999998507,34.754690000000764],[31.598029999998538,34.75460000000077],[31.598149999998505,34.754430000000795],[31.598119999998527,34.754280000000776],[31.598939999998485,34.753779999000805],[31.600289999998484,34.752960000000755],[31.600949999998548,34.75259000000078],[31.60180999999855,34.75214000000077],[31.60344999999855,34.75127000100079],[31.604309999998527,34.75082000000074],[31.605029999998536,34.75044000000074],[31.60514642799855,34.75037977900078],[31.605609999998553,34.75014000000076],[31.60591999999849,34.749990000000736],[31.606079999998563,34.749920000000756],[31.606188601998532,34.74988222500079],[31.606309999998558,34.74984000000077],[31.606219999998544,34.74971000000076],[31.606259999998567,34.74962000000077],[31.606339999998546,34.74952000000078],[31.606459367998557,34.74946574200075],[31.606559999998556,34.749420000000754],[31.60666036999855,34.749416539000755],[31.60684999999854,34.74941000000078],[31.607229999998545,34.74932000000078],[31.607398095998555,34.74923595200076],[31.607529999998537,34.74917000000077],[31.60754560099852,34.74919984500079],[31.607759999998542,34.749610000000786],[31.607999999998537,34.749600000000754],[31.607999999998537,34.749790000000786],[31.607999999998537,34.74987343200079],[31.608010343998515,34.74987263100079],[31.608428407998552,34.7498484480008],[31.608620520998528,34.74983800600077],[31.60896942799853,34.74981737300075],[31.609101757998534,34.74980956500078],[31.609518291998565,34.74978662700076],[31.609538816998544,34.74978551400076],[31.609883625998542,34.74976290400079],[31.610134802998537,34.74974646800078],[31.610311832998505,34.74973488200076],[31.610415425998497,34.74972805400078],[31.61042220499855,34.74972776300078],[31.610656095998575,34.74971438800074],[31.61080389999853,34.749705952000774],[31.611359934998532,34.74967416900078],[31.611569009998536,34.74966012800079],[31.611806247998544,34.74964483900075],[31.613092327998537,34.74959082300077],[31.613290794998562,34.749578410000744],[31.613299999998524,34.74956000000074],[31.613309999998567,34.74949000000075],[31.61331999999854,34.74930000000077],[31.614182259998543,34.74925708200076],[31.615529999998525,34.74919000100076],[31.61671999999855,34.74912000000079],[31.61709999999854,34.749100000000766],[31.617419999998543,34.74909000000073],[31.6172899999985,34.749270000000735],[31.617144178998526,34.74940919300079],[31.618286575998564,34.750108629000785],[31.61897275499857,34.75052874400079],[31.619056967998546,34.75116597200074],[31.619140630998537,34.75123768300077],[31.619179897998514,34.751209449000754],[31.621509952998498,34.75593608700079],[31.623132516998513,34.75436686600078],[31.623729270998542,34.75378973100076],[31.625899339998508,34.75746361900081],[31.6277340559985,34.760827910000785],[31.62823612899849,34.76174855300082],[31.630092108998472,34.76467529000082],[31.6314413259985,34.7661418300008],[31.631733936998454,34.766459885000835],[31.63198403599848,34.766613171000834],[31.633946835998493,34.76781617800079],[31.637016339998468,34.7689583190008],[31.63951477399848,34.7689583190008],[31.64094245099847,34.76853001600082],[31.64096981299843,34.76911373500084],[31.641087455998456,34.7716234460008],[31.641370753998412,34.777667147000834],[31.640850694998406,34.77768419800082],[31.637016339998432,34.777809914000834],[31.633518532998394,34.77773853100086],[31.63182957799846,34.77773853100086],[31.630377643998454,34.77773853100086],[31.627807825998406,34.77773853100086],[31.625166623998428,34.77788129800086],[31.62411797299844,34.778211429000855],[31.622796836998468,34.77862734200084],[31.621311897998417,34.77909482300083],[31.618956230998407,34.780094197000835],[31.618956230998407,34.780094197000835]]]}