{"segmentId":"5000201","streetsFileVersion":96,"polygonPointList":[[[31.400639999998962,34.60976000000047],[31.400869999998957,34.60988000000045],[31.402419999998965,34.60985000000048],[31.402279999998996,34.61019000000047],[31.401949999998966,34.61107000000047],[31.402079999998957,34.61131999900047],[31.402179999998943,34.61168000000047],[31.402179999998943,34.611900000000475],[31.402469999998956,34.61186000000046],[31.40239999999896,34.61202000000046],[31.402369999998957,34.612500000000495],[31.402039999998962,34.612500000000495],[31.401689999998915,34.61255000000048],[31.401379999998973,34.61259000000049],[31.401249999998956,34.61262000000048],[31.401099999998923,34.61262000000048],[31.40102999999895,34.61257000000048],[31.400999999998973,34.612530000000476],[31.400979999998956,34.61247000000046],[31.400959999998967,34.6123400000005],[31.40084999999893,34.61237000000048],[31.39954999999893,34.61230000000049],[31.399484060998983,34.61228960700046],[31.397709999998966,34.612010000000474],[31.397389999998946,34.61156000000048],[31.39705999999899,34.611100000000505],[31.396129999998916,34.61105000000046],[31.39561999999896,34.611030000000454],[31.39467999999896,34.61064000000047],[31.394569999998968,34.60990000000045],[31.394379999998964,34.60962000000049],[31.394117245998988,34.609223073000486],[31.393909999998964,34.60891000000045],[31.393229999998987,34.60795000000049],[31.39278999999894,34.6073200000005],[31.39193999999894,34.606540000000464],[31.391479999998978,34.60611000100047],[31.391159999998983,34.60560000000045],[31.390542367998982,34.60596907300046],[31.390339999998947,34.60609000000047],[31.390122960998955,34.605838235000505],[31.38870703399896,34.6065768980005],[31.388150239999,34.60539192600045],[31.388521435998985,34.604806579000474],[31.390079999999,34.60447000000047],[31.390279999999006,34.60436000000046],[31.390564555998996,34.604195590000494],[31.390729999998985,34.604100000000486],[31.390929999998942,34.60402000000046],[31.39107999999896,34.60402000000046],[31.391069999998987,34.60385000000049],[31.390979999998997,34.60357000000047],[31.391299999998992,34.603530000000454],[31.391549999998986,34.603470000000485],[31.391769999998978,34.603390000000466],[31.391909999998987,34.603300000000466],[31.391999999998983,34.60334000000048],[31.39224999999898,34.60328000000045],[31.392919999998984,34.603650000000485],[31.392759999998987,34.60458000000047],[31.393029999998987,34.60467000000047],[31.393159999998925,34.60475000000044],[31.393164444998963,34.604753078000456],[31.394026202999,34.6050165610005],[31.39532095099895,34.60419784100045],[31.395309999998968,34.60405000000044],[31.39530999999899,34.60373000000045],[31.395319999998957,34.60342000000045],[31.395349999998984,34.60306000000045],[31.395459999998987,34.6025900000005],[31.395579999998994,34.60216000000044],[31.395749999999,34.60157000000044],[31.396059999998958,34.60204000000046],[31.39614999999897,34.60216000000044],[31.396259999998986,34.602510000000464],[31.396429999998983,34.60324000000045],[31.39650999999894,34.603470000000485],[31.396539999998982,34.60352000000047],[31.39669999999898,34.603800000000454],[31.39697999999897,34.60421000000049],[31.39703999999899,34.60426000000048],[31.39726999999897,34.604500001000496],[31.397229999998967,34.604660000000436],[31.398079999998977,34.605230000000475],[31.398279999998966,34.60629000000048],[31.398929999998966,34.6070500000005],[31.399459999998953,34.607200000000454],[31.399548011998963,34.60719891300047],[31.400269999998933,34.60719000000048],[31.400289999998925,34.60666000000045],[31.400509999998956,34.606670000000484],[31.400619999998973,34.60668000000046],[31.400629999998948,34.60672000000048],[31.400629999998948,34.607300000000485],[31.400629999998948,34.60737000000048],[31.40056999999898,34.60820000000049],[31.400599999998967,34.60831000000049],[31.400619999998973,34.608430000000475],[31.400649999998926,34.60875000000046],[31.400679999998996,34.60920000000046],[31.400675781998988,34.609334981000494],[31.40066999999895,34.60952000000045],[31.400639999998962,34.60976000000047],[31.400639999998962,34.60976000000047]]]}