{"segmentId":"5000985","streetsFileVersion":236,"polygonPointList":[[[32.447552725997475,34.925507012001276],[32.44750840399754,34.92562993200131],[32.447676167997486,34.92727050800131],[32.44771592299748,34.92765927800134],[32.447684150997475,34.92765256600132],[32.44624570399749,34.92734869600129],[32.445693326997514,34.93046362800131],[32.44423314599747,34.929881123001294],[32.441905145997495,34.93223195200133],[32.44213846699747,34.933127604001335],[32.44259517399748,34.93386877500135],[32.44136737199746,34.935539157001344],[32.44056118999745,34.93475909300132],[32.439860181997496,34.93412278400135],[32.439440145997466,34.933018125001325],[32.43616800199746,34.93245562100131],[32.43453921099748,34.93335100400132],[32.433600896997476,34.93315291600133],[32.433461272997455,34.93584212900134],[32.433398678997456,34.93704772000137],[32.43223432699745,34.937851383001366],[32.42833423399741,34.94054331900135],[32.4265551859974,34.942148169001385],[32.42639367099741,34.93937201300134],[32.427024106997465,34.935908645001334],[32.426997200997455,34.93590353100137],[32.425814429997466,34.93567871200132],[32.425766554997466,34.93566961200132],[32.42580742899743,34.93544391700134],[32.42585395799748,34.935216630001364],[32.426420480997486,34.932449259001345],[32.42644684199752,34.93232048900134],[32.42651608499747,34.93206330100131],[32.42761566499749,34.93234921900134],[32.42766947999748,34.93236321200132],[32.42804012999748,34.93032700800134],[32.42495647499748,34.92916650700131],[32.4245316149975,34.92564851200132],[32.423402158997476,34.92567389300132],[32.42274933999753,34.92568856300131],[32.421990350997504,34.92570561900129],[32.42192754699752,34.92496224400128],[32.4218139579975,34.92361776200129],[32.42024856699754,34.92371809300128],[32.419167438997505,34.92311746900127],[32.416550031997545,34.923176955001274],[32.41625259999754,34.92240363000131],[32.41613362599752,34.92154107600127],[32.416653765997545,34.91869269000128],[32.41668940199755,34.918495827001294],[32.41691884899757,34.91771609200126],[32.417061615997596,34.91691897300128],[32.41708886099756,34.91675252900127],[32.41701171099756,34.91673709900126],[32.417216944997605,34.915696742001295],[32.41704295799755,34.91564814800127],[32.414539044997575,34.91497501500125],[32.41454166699756,34.91494954500128],[32.41469203899759,34.91340823200125],[32.41767194799761,34.91390336300123],[32.417186537997566,34.91664450200127],[32.418025692997595,34.916859675001284],[32.41927817299757,34.917071911001266],[32.42000848799758,34.917332994001264],[32.42057809299759,34.91753662300127],[32.42070805599754,34.917583084001286],[32.420985333997585,34.9180256430013],[32.421134719997546,34.91826407700128],[32.42113588599758,34.91826593700128],[32.423503040997545,34.91905911900128],[32.42460507899758,34.91942838800126],[32.42560185799757,34.91440643200128],[32.426606400997635,34.90934533900121],[32.42539321799763,34.908759752001224],[32.425621645997595,34.907617611001214],[32.426704895997624,34.90591969900121],[32.42889388099765,34.90666820600124],[32.43032706899762,34.90764790500121],[32.430270224997635,34.90876990300125],[32.43225661699763,34.909131157001234],[32.432671979997615,34.90919736000125],[32.44166927999758,34.910631391001225],[32.444208965997625,34.91103617800127],[32.44540480099756,34.91482511300127],[32.44629965699756,34.91766041500128],[32.446518785997554,34.91839492300128],[32.447222865997546,34.920268719001264],[32.447294252997544,34.92055882500129],[32.448017587997505,34.92252883100132],[32.44830010999753,34.92329828100127],[32.44832484699751,34.92336565200127],[32.44812598999752,34.9239171520013],[32.447552725997475,34.925507012001276],[32.447552725997475,34.925507012001276]]]}