{"segmentId":"5000873","streetsFileVersion":236,"polygonPointList":[[[32.22782841099794,34.861634244001095],[32.22794278699795,34.861804625001064],[32.22961577599793,34.864296817001055],[32.230417383997924,34.86549094400108],[32.22862333299786,34.86742909500107],[32.225854891997884,34.867439414001076],[32.225310074997886,34.86744144500109],[32.225263647997906,34.865888707001105],[32.22519556099795,34.86361158500108],[32.22530025999792,34.86252694300106],[32.22579375299796,34.86194473300105],[32.226133308997916,34.86132182700106],[32.22685617199792,34.861693224001094],[32.22782841099794,34.861634244001095],[32.22782841099794,34.861634244001095]]]}