{"segmentId":"5000481","streetsFileVersion":236,"polygonPointList":[[[31.807783884998507,34.74294648300071],[31.807746727998495,34.74295323900072],[31.80806255399852,34.74393549300072],[31.807554257998497,34.74444811300073],[31.807496197998475,34.74481459800075],[31.80751930399849,34.74508417400075],[31.807143420998493,34.746278944000736],[31.80691781599852,34.746996047000735],[31.806909703998535,34.746996047000735],[31.806445217998547,34.746996047000735],[31.806242855998473,34.746957505000765],[31.8062009389985,34.746949522000776],[31.806201365998508,34.746947462000726],[31.806445217998547,34.745771688000744],[31.806445217998547,34.74519158200077],[31.805846994998486,34.74495969700076],[31.805830119998504,34.74465476900077],[31.805263722998514,34.744160460000735],[31.804510422998522,34.743913108000754],[31.80447757599853,34.74403421700072],[31.804428240998487,34.744216116000764],[31.80402075799852,34.744103091000746],[31.80403867799853,34.74391872900072],[31.8040537979985,34.74376317100076],[31.80382444799852,34.74368786200073],[31.803677523998537,34.744279713000715],[31.803340419998484,34.74563766400076],[31.803222959998482,34.746609376000734],[31.80293611599853,34.74726274200072],[31.802836288998478,34.747490126000756],[31.802775327998507,34.74777335000075],[31.802128114998524,34.74775431400077],[31.8017757369985,34.74730168200077],[31.801770900998505,34.74702881400073],[31.801504421998512,34.74680271100074],[31.8015373169985,34.74659269200073],[31.801564759998524,34.74641747800076],[31.80154730899851,34.74586448700076],[31.801783683998483,34.74501972900073],[31.802233863998516,34.74300565300076],[31.802300354998533,34.742708175000764],[31.802429244998525,34.74174149700075],[31.803073696998528,34.73905628200071],[31.80352895199855,34.73835443100074],[31.803589257998528,34.73826145900073],[31.803739629998514,34.736908110000726],[31.803454212998552,34.736345205000745],[31.80296628799853,34.735382908000744],[31.80245917699855,34.73470788800072],[31.80297076099854,34.7340773310007],[31.803471095998557,34.73421066800072],[31.80382044999854,34.733819993000715],[31.805005159998554,34.7324951550007],[31.80509297899852,34.73239694900074],[31.80533050599858,34.732501229000704],[31.805973728998566,34.73278362000074],[31.8056890209985,34.7339224540007],[31.80585246699856,34.73428365100072],[31.805221868998533,34.73570513400072],[31.805420173998545,34.736195064000746],[31.80688735399851,34.737015965000744],[31.80691814799857,34.7378778170007],[31.80730448299852,34.73815160400072],[31.807608639998545,34.73828432300075],[31.81008515599856,34.73936495000071],[31.810334836998514,34.7394525970007],[31.810956378998515,34.739670780000715],[31.81115149499852,34.74001011200073],[31.811450457998475,34.74053004900071],[31.8119015749985,34.741260428000714],[31.81175120299849,34.74216266000076],[31.810667417998506,34.74216266000076],[31.808228525998512,34.74216266000076],[31.80799190199848,34.74216266000076],[31.80786976499853,34.742790788000725],[31.807841528998498,34.74293600200077],[31.807783884998507,34.74294648300071],[31.807783884998507,34.74294648300071]]]}