{"segmentId":"5000184","streetsFileVersion":96,"polygonPointList":[[[31.370024893998682,34.71847739900068],[31.36998023899865,34.719434189000665],[31.369999999998697,34.719780000000725],[31.369964099998693,34.719780000000725],[31.36996190899865,34.719826939000676],[31.369620740998702,34.72000728400073],[31.369619999998708,34.72001000000071],[31.369559999998664,34.72020000000069],[31.369299999998706,34.72062000000071],[31.369039999998684,34.72053000000071],[31.368749999998656,34.72047000000069],[31.368746772998687,34.720469271000724],[31.3679910289987,34.7208687640007],[31.366362710998715,34.7224643450007],[31.36561633899866,34.723182408000724],[31.363439653998675,34.723828380000704],[31.36338082699871,34.723850528000725],[31.361953129998696,34.72354607600071],[31.361463384998643,34.72344164000069],[31.360643560998696,34.72273159700072],[31.360186708998697,34.72279784800069],[31.359949999998655,34.7229700000007],[31.35962999999866,34.72299000000069],[31.35930999999868,34.722940000000705],[31.359292905998693,34.72292746400072],[31.358942070998708,34.7229783410007],[31.35853051099865,34.72218687900071],[31.3581849509987,34.720839604000695],[31.358520042998695,34.71940948800071],[31.358992508998725,34.718296085000716],[31.360280307998668,34.71670231800069],[31.360681927998726,34.71487501900067],[31.36082748999872,34.71477221000067],[31.36080999999872,34.71476000000071],[31.360549999998682,34.71463000000069],[31.360059999998697,34.7144000000007],[31.359239999998696,34.71414999900067],[31.358949999998693,34.71404000000071],[31.3588199999987,34.71384000100069],[31.358809536998727,34.713745836000676],[31.3587899999987,34.71357000000069],[31.358849999998732,34.7132300000007],[31.358969999998706,34.712910000000704],[31.35911999999874,34.71263000000068],[31.359529999998724,34.71218000000068],[31.35994999999868,34.71183000000071],[31.36054999999871,34.7115200000007],[31.361039999998713,34.71129000000071],[31.36153999999871,34.71114000000069],[31.362039999998675,34.711030000000676],[31.36212067699873,34.71102855900069],[31.3625999999987,34.7110200000007],[31.36320999999871,34.71113000000066],[31.36383999999869,34.711340000000696],[31.364119999998717,34.71150000000069],[31.364409999998745,34.71162000000067],[31.364549999998726,34.71165000000071],[31.364739999998687,34.711750000000684],[31.364969999998692,34.71196000000066],[31.365429999998717,34.71221000000065],[31.366229999998676,34.7127100000007],[31.366679999998688,34.71337000000068],[31.367127271998704,34.71389678700069],[31.36712999999871,34.71390000000066],[31.36767999999871,34.71430000000067],[31.368049999998686,34.71447000000071],[31.368559999998702,34.7146100000007],[31.368909999998664,34.7146100000007],[31.368889999998714,34.714710000000665],[31.36869999999871,34.715410000000716],[31.368659999998695,34.715550000000704],[31.3688099999987,34.71571000000069],[31.368869999998708,34.715790000000666],[31.368876207998714,34.71579931300068],[31.369648600998687,34.716374441000674],[31.37002098199866,34.7174456720007],[31.370024893998682,34.71847739900068],[31.370024893998682,34.71847739900068]]]}