{"segmentId":"5000549","streetsFileVersion":188,"polygonPointList":[[[31.832644735994403,35.300410161004145],[31.832153919994365,35.30037680000412],[31.832117565994377,35.30038231700416],[31.83208666799434,35.30037222900415],[31.831581094994363,35.30033786500416],[31.831319342994405,35.29998273900411],[31.83097058399439,35.2997007960041],[31.83097035999435,35.299700271004134],[31.830969999994362,35.2997000000041],[31.830929491994397,35.299615608004146],[31.830849999994385,35.299450000004114],[31.83075628299436,35.29919768600414],[31.830716021994387,35.29910316600414],[31.83068758299436,35.29896420000413],[31.830609999994365,35.299420000004126],[31.830589999994338,35.29943000000411],[31.83058912999439,35.29943070100414],[31.83058828899436,35.299434904004144],[31.830331718994387,35.29963781300414],[31.829935343994368,35.29995673500417],[31.82972360399436,35.30013093700415],[31.829722318994357,35.30012813500416],[31.829719999994385,35.3001300000041],[31.82970785899438,35.300096613004136],[31.8296246039944,35.29991511900413],[31.829586340994336,35.299735188004135],[31.82907011099443,35.298210299004126],[31.828860652994415,35.298520518004096],[31.828806403994378,35.298520000004125],[31.828709999994395,35.298520000004125],[31.827920622994416,35.29675589900411],[31.827879999994423,35.29671000000412],[31.82779385299443,35.2964892480041],[31.827714785994424,35.296295893004086],[31.82772973699441,35.29520078400406],[31.82773866799445,35.2947568750041],[31.827739999994456,35.2946906380041],[31.827739999994463,35.29447000000407],[31.82774555199446,35.29445241700409],[31.82777259399449,35.29283222700408],[31.82778058999444,35.29235310700405],[31.827202172994472,35.29281812000405],[31.825651873994477,35.294064470004095],[31.82474828599445,35.29395464300408],[31.824030975994475,35.293518140004075],[31.82375385999448,35.29274175500407],[31.82374999999449,35.292740000004045],[31.823750189994477,35.292732751004074],[31.823764978994443,35.292167043004056],[31.823770757994453,35.291898505004056],[31.823529999994488,35.29040000000401],[31.823719999994513,35.28939000000398],[31.824108965994522,35.288136665003975],[31.82416861699455,35.287942517003984],[31.824169295994505,35.287942269003985],[31.82416999999452,35.28794000100398],[31.82433676499453,35.287881142004004],[31.824676662994534,35.28775707800398],[31.824677215994544,35.287760983004006],[31.82467999999453,35.28776000000399],[31.824687537994528,35.287833874003994],[31.824701611994556,35.28793325700403],[31.82481249999453,35.287979200003996],[31.824834499994527,35.28808452800402],[31.82558152999455,35.28824700800399],[31.825789999994516,35.28820000000403],[31.825856455994515,35.28830680400401],[31.827142113994476,35.28858643400398],[31.82909999999446,35.292710000004064],[31.82943320599444,35.29239048700403],[31.829829211994458,35.292006711004056],[31.83057982399446,35.291470052004065],[31.83086192399445,35.291206151004026],[31.830877704994446,35.29117459000401],[31.83100519999447,35.29090627800405],[31.831087128994458,35.29088295200404],[31.831586143994464,35.29074088100401],[31.831586661994496,35.290740979004056],[31.8315899999945,35.29074000000401],[31.83172811899448,35.29076762400404],[31.831940262994472,35.29080758500401],[31.832123874994462,35.29162085200405],[31.832229354994457,35.29231392800405],[31.83258913199448,35.29295135800404],[31.83260223599447,35.29297457400403],[31.832559271994445,35.29369958100406],[31.832500706994463,35.29381821500406],[31.83247999999444,35.29431000000407],[31.83250448799441,35.29499566400408],[31.832507139994476,35.295059939004084],[31.833000539994366,35.29876112400414],[31.832929112994353,35.299449295004116],[31.83278673699437,35.30017298800413],[31.832644735994403,35.300410161004145],[31.832644735994403,35.300410161004145]]]}