{"segmentId":"5000038","streetsFileVersion":96,"polygonPointList":[[[30.628439999998594,34.80933000000098],[30.628199999998557,34.809210000001],[30.628319999998524,34.809550000000996],[30.628369999998597,34.809870000000984],[30.628439999998594,34.809930000001],[30.628789999998553,34.81010000000098],[30.62871999999854,34.810520000001],[30.626859999998604,34.80961000000101],[30.6256899999986,34.81145000000099],[30.625359999998565,34.812180000001014],[30.625249999998548,34.812430000001015],[30.62515150899853,34.812383100000986],[30.624579158998554,34.81360381600103],[30.624418726998535,34.813516910000985],[30.624369999998542,34.813590000000985],[30.62424999999857,34.813810000001006],[30.62414999999855,34.81400000000103],[30.623999999998507,34.814230000001025],[30.623609999998514,34.813990000001],[30.622959999998514,34.813700000001],[30.622459999998558,34.81343000100098],[30.621829999998535,34.81301000100102],[30.62143999999856,34.81271000000098],[30.620998971998546,34.812326498001006],[30.620979999998525,34.81231000000098],[30.62064999999858,34.811980000001014],[30.62024999999856,34.81157000000102],[30.62078999999855,34.81129000000098],[30.621019649998562,34.810841235001],[30.621879999998544,34.809160000001015],[30.622159999998583,34.806910000001004],[30.62131999999856,34.80614000000095],[30.621084059998584,34.806214678000984],[30.61913999999859,34.80683000000097],[30.616129999998556,34.80657000000101],[30.615749999998556,34.806400000000984],[30.615369999998567,34.80605000000096],[30.614999999998606,34.80582000000097],[30.614649999998555,34.80623000000096],[30.614639999998566,34.80633000000099],[30.614639999998566,34.806490000000984],[30.614579999998558,34.80675000000101],[30.614479999998586,34.80688000000096],[30.614360295998566,34.80696778300099],[30.614337188998526,34.807046511001],[30.614235113998596,34.80705958400099],[30.614179999998527,34.80710000000098],[30.61411999999861,34.807120000000985],[30.614049999998603,34.80714000000099],[30.613879999998566,34.80710000000098],[30.613739999998597,34.80710000000098],[30.613569999998575,34.80713000000096],[30.613479999998564,34.80717000000097],[30.613359999998583,34.807210000000985],[30.61285999999859,34.807530000000966],[30.61279999999857,34.807540000001005],[30.612224797998582,34.80862441800102],[30.612029397998583,34.808590755001006],[30.611469459998546,34.80849429200097],[30.611429999998546,34.80855000000096],[30.611189999998594,34.80918000000096],[30.609009999998598,34.80832000100096],[30.60812751399858,34.807004924001],[30.608121742998545,34.80700134000099],[30.608116430998567,34.80698840700099],[30.607989999998534,34.806800000001],[30.608024251998607,34.806763992001],[30.608006978998567,34.806721941000966],[30.607814025998543,34.80630664700097],[30.60772507299858,34.806019939001],[30.607590977998584,34.80578064000102],[30.607352710998565,34.805396152000995],[30.60706649499856,34.80486092000099],[30.606999999998536,34.80482000000098],[30.606789999998583,34.80482000000098],[30.606699999998572,34.80474000000096],[30.606672328998574,34.80465237500097],[30.606639999998563,34.80455000000099],[30.606639999998563,34.80452000000095],[30.60661999999862,34.80452000000095],[30.60647999999858,34.80452000000095],[30.606269999998577,34.804360000000955],[30.606099999998538,34.80414000100099],[30.605989999998613,34.80389000000095],[30.605929999998594,34.80385000000099],[30.605809999998627,34.80380000000095],[30.60576999999861,34.80376000000099],[30.605689999998546,34.803600000001],[30.605629999998627,34.80336000000098],[30.605489999998582,34.80317000000099],[30.60541999999855,34.803100000000946],[30.605339999998613,34.80297000000099],[30.605319999998585,34.802830000000945],[30.605319999998585,34.80276000000095],[30.605389999998582,34.802380000000944],[30.605309999998585,34.80224000000096],[30.604209999998563,34.80084000000096],[30.604139999998576,34.800910000000954],[30.604079999998604,34.80097000000097],[30.60400999999862,34.80102000000096],[30.6037499999986,34.80114000000094],[30.603639999998585,34.801120000000935],[30.6035699999986,34.80099000000097],[30.6034899999986,34.80075000000096],[30.603479999998598,34.80066000000096],[30.603479999998598,34.800580000000934],[30.603559999998637,34.80042000000094],[30.603559999998637,34.80024000000094],[30.603459999998584,34.79987000000097],[30.60344999999863,34.79974000000095],[30.603349999998596,34.79958000000096],[30.603249999998607,34.79933000000096],[30.60317999999861,34.79926000000096],[30.60313836299857,34.799176726000944],[30.60303999999863,34.79898000000093],[30.603019999998626,34.79873000000094],[30.60305999999858,34.79855000000094],[30.60302999999859,34.79833000000098],[30.602869999998592,34.79796000000095],[30.602819999998637,34.797260000000946],[30.602739999998587,34.797220000000934],[30.602539999998598,34.79673000000092],[30.602489999998618,34.79653000000097],[30.602469999998586,34.79637000000093],[30.602479999998643,34.79619000000092],[30.6025199999986,34.79608000000097],[30.602639999998612,34.79599000000098],[30.602829999998587,34.79592000000092],[30.602959999998603,34.79590000000098],[30.603069999998635,34.79593000000095],[30.603182322998613,34.79599912200097],[30.603199999998626,34.79601000000092],[30.60335999999862,34.79556000000098],[30.604889999998655,34.79463000000094],[30.604739999998607,34.794440000000954],[30.604597924998643,34.79418426600095],[30.604589999998588,34.79417000000095],[30.604549999998618,34.793960000000915],[30.604849999998624,34.793929999000945],[30.6051299999986,34.79408000000095],[30.60538999999862,34.79418000000093],[30.605669999998597,34.79404000000094],[30.606499999998594,34.79402999900093],[30.60741999999862,34.79422000000094],[30.607414430998613,34.79423620100094],[30.60730999999859,34.794540000000936],[30.607239999998633,34.794750000000974],[30.607179999998603,34.79490000000093],[30.607119999998602,34.79500000000097],[30.607049999998633,34.795070000000955],[30.60699999999859,34.79512000000094],[30.60738999999863,34.79531000000092],[30.607389999998617,34.79538000000098],[30.607559999998585,34.79550000000095],[30.607579999998592,34.79584000000096],[30.607619999998608,34.79592000000092],[30.607989999998583,34.796090000000945],[30.60811999999859,34.79620000100095],[30.608269999998623,34.79603000000093],[30.608419999998553,34.796150000000964],[30.608499999998628,34.79605000000093],[30.60871999999862,34.79606000000096],[30.60866999999864,34.796240000000964],[30.608469999998626,34.79649000000096],[30.60863999999861,34.79651000000098],[30.608739999998622,34.79647000000095],[30.60880999999862,34.79631000000096],[30.6089699999986,34.79595000000096],[30.609149999998614,34.79596000000093],[30.609349999998617,34.795800000000945],[30.60946999999858,34.79583000000092],[30.60973999999861,34.79605000000093],[30.610039999998573,34.79637000000093],[30.61025999999859,34.796480000000926],[30.610399999998585,34.796480000000926],[30.610549999998618,34.79632000000093],[30.61053999999863,34.796220000000964],[30.610979999998612,34.79650000000093],[30.611469999998604,34.79691000000092],[30.61181999999865,34.79635000000096],[30.612069999998635,34.795940000000925],[30.612208073998627,34.79570102600098],[30.612329999998607,34.79549000000092],[30.612429999998646,34.79540000000092],[30.61261999999862,34.79502999900096],[30.612909999998607,34.79446000000096],[30.612987324998628,34.794338969000975],[30.61313999999862,34.79410000000096],[30.613369999998582,34.79383000000097],[30.613539999998622,34.79366000000093],[30.61374999999861,34.793499999000936],[30.614049999998628,34.79332000000094],[30.614339999998617,34.79319000000092],[30.61457999999862,34.79311000000096],[30.615159999998614,34.79305000000093],[30.614759999998622,34.7920700000009],[30.615089999998652,34.79182000000092],[30.61749999999863,34.79221000000095],[30.618928363998606,34.79444857000093],[30.619879999998588,34.795940000000925],[30.6211978219986,34.79800333300096],[30.621629999998586,34.79868000000095],[30.62185999999858,34.79942000000096],[30.621519999998572,34.79969000000096],