{"segmentId":"5000396","streetsFileVersion":236,"polygonPointList":[[[31.728525825998457,34.76947571000081],[31.728892006998446,34.76988112300082],[31.72912731499843,34.77014164300081],[31.72969952899846,34.76954371800083],[31.730983516998432,34.768202036000794],[31.731189535998443,34.76791935800079],[31.73190723099844,34.76693461400078],[31.732938352998456,34.76575312000081],[31.733475395998482,34.76508718600081],[31.73424873799848,34.764292363000784],[31.73543023299845,34.763540502000815],[31.73661321399846,34.76327164400078],[31.73674601299845,34.7632414620008],[31.736959467998478,34.76351670100082],[31.73663729899846,34.76418582100081],[31.737032431998436,34.764809132000785],[31.73674495399847,34.7651736190008],[31.73698094999844,34.765514501000794],[31.735863899998403,34.766781923000806],[31.735176484998465,34.7662019160008],[31.73115369199845,34.77050264700082],[31.72926901199841,34.772517542000834],[31.729849366998426,34.7733106940008],[31.73109104499841,34.775007654000824],[31.731202366998396,34.77515979400082],[31.731597348998374,34.77472719400081],[31.731722396998425,34.77471165700084],[31.731830929998424,34.77469817200083],[31.732233489998414,34.77505238500082],[31.734017393998393,34.773390110000804],[31.73412388099845,34.77329088400083],[31.734243991998447,34.77339442800084],[31.734746850998445,34.77382792700084],[31.735262411998406,34.7735057010008],[31.735341239998395,34.77341533700085],[31.73614316299844,34.772496060000805],[31.73738910199845,34.77137901100084],[31.738055035998425,34.77073455900082],[31.738635041998442,34.76987529100082],[31.73818392599841,34.769230839000805],[31.73917208499846,34.768350088000794],[31.74020450999846,34.76829997300083],[31.74063475799844,34.768279088000796],[31.741195757998458,34.76778579500082],[31.74166576099845,34.76737251600082],[31.741781731998454,34.767512954000786],[31.741854614998466,34.76760602500082],[31.74212711399843,34.767954007000824],[31.742170847998462,34.7680098560008],[31.742191639998435,34.76803640700083],[31.74221992299845,34.76807252400081],[31.742209378998414,34.76809188800083],[31.74199122799847,34.768492538000785],[31.74214243999845,34.76873788900083],[31.74261436999846,34.76950362300081],[31.74263184899847,34.76953198400078],[31.742654039998435,34.76956799100079],[31.742587095998477,34.76960691200079],[31.74272273199846,34.769915302000825],[31.74248002699844,34.77014373000079],[31.74216593799842,34.77002594700084],[31.741786654998442,34.7700722840008],[31.740806611998394,34.77064207700081],[31.74016322599843,34.77127455800084],[31.738271768998437,34.77313395600081],[31.73843695699839,34.77344597800081],[31.738452119998392,34.773474619000844],[31.738658439998442,34.773864335000816],[31.73865456799845,34.773869214000825],[31.738532361998413,34.774023219000846],[31.738142172998387,34.774514938000806],[31.740082422998395,34.77707526700083],[31.740222911998405,34.77726065600085],[31.7402258999984,34.777264598000826],[31.74007693899842,34.777468037000844],[31.73992335599844,34.777677788000844],[31.739787846998397,34.777862855000805],[31.739778650998424,34.77785094100084],[31.73972579999837,34.77778246800084],[31.737403530998424,34.77477376500085],[31.73715401399844,34.77445049300085],[31.736241287998393,34.77544619400081],[31.73479102399843,34.77702830000082],[31.7356951749984,34.77810080100083],[31.735205005998417,34.77874801400081],[31.735115675998433,34.77864298000081],[31.7342539809984,34.77762978800085],[31.733566565998384,34.77823127600083],[31.734310327998383,34.77940474600086],[31.734244698998392,34.77958754200085],[31.734060645998426,34.780100186000816],[31.73361076699843,34.78054688700086],[31.73225079599843,34.77911111900083],[31.73184044799844,34.77949516500086],[31.731733921998384,34.779346062000855],[31.731449558998428,34.77894803900084],[31.73092833899842,34.77839778300085],[31.73155235099841,34.77767977800083],[31.73128693799839,34.77733283300084],[31.73106268099838,34.77703968700085],[31.72874286199843,34.77400724400084],[31.728070869998458,34.773276818000824],[31.72775470299843,34.772933158000825],[31.728015708998395,34.772581362000814],[31.72831753899841,34.77171423700079],[31.727914336998452,34.77113373900082],[31.727924337998434,34.77059276000082],[31.727662503998456,34.77019414500082],[31.728510363998435,34.7695044250008],[31.728525825998457,34.76947571000081],[31.728525825998457,34.76947571000081]]]}