{"segmentId":"5000593","streetsFileVersion":188,"polygonPointList":[[[31.89817999999765,34.92838000000136],[31.896509999997665,34.930180000001386],[31.896617609997687,34.93048361300136],[31.896673010997684,34.93050087900139],[31.896883472997683,34.93109959200139],[31.897614772997628,34.93331172700138],[31.897611906997653,34.93511223800139],[31.89760999999761,34.93631000000139],[31.897389999997607,34.9365300000014],[31.89729999999762,34.93658000000139],[31.897199999997632,34.93657000000142],[31.89711399899763,34.93652700000141],[31.89542926099766,34.93726407500138],[31.895407153997617,34.93727829100139],[31.895404637997636,34.93727484600138],[31.895369999997644,34.937290000001425],[31.895219999997625,34.93710000000139],[31.894979999997595,34.936740000001386],[31.893969999997633,34.9353800000014],[31.893712580997644,34.935030646001366],[31.893689999997644,34.935000000001395],[31.89356999999768,34.93460000000138],[31.89352660699765,34.93446135500139],[31.892468879997626,34.93283829600138],[31.89113058499762,34.93417231100138],[31.89107767099765,34.9342250550014],[31.891096576997626,34.93497590600137],[31.891110149997605,34.9355149470014],[31.89111733699761,34.93580038900141],[31.891105648997634,34.9358096990014],[31.888542363997626,34.93785162200139],[31.886702612997603,34.944115826001415],[31.886002956997626,34.94401616300145],[31.885394806997603,34.943929515001415],[31.8848127769976,34.94373796000145],[31.885410587997637,34.941074348001386],[31.88441818699762,34.9407361970014],[31.883645389997593,34.94135697600144],[31.883399954997632,34.94155152800142],[31.88339105799758,34.94154209500141],[31.88267999999762,34.94210000000141],[31.88216999999759,34.941870000001416],[31.882189999997603,34.94169000000141],[31.8820018379976,34.94132016500141],[31.88189999999758,34.94112000000143],[31.881629999997593,34.940680000001414],[31.8812765199976,34.93994947500141],[31.88091621999764,34.939397394001375],[31.880179999997637,34.939860000001424],[31.879129999997616,34.93910000000141],[31.878599999997633,34.9387200000014],[31.87842999999761,34.93856000000141],[31.880406686997652,34.93681601900139],[31.881129999997647,34.93612000000142],[31.88143999999764,34.9357900000014],[31.88149999999765,34.93573000000138],[31.881949999997687,34.935300000001384],[31.882095869997645,34.93516056500138],[31.882477640997628,34.93479563700137],[31.882629999997643,34.93465000000137],[31.88326999999764,34.934060000001374],[31.883727550997655,34.933675883001364],[31.88384423399763,34.933564671001385],[31.88400279299765,34.933444816001405],[31.884079999997663,34.933380000001385],[31.88455891299763,34.93302444300141],[31.88557312799765,34.932257796001366],[31.88598999999767,34.93189000000139],[31.88996008799771,34.92438040300134],[31.891318082997703,34.921811696001356],[31.89142999999773,34.92160000000135],[31.89317734299769,34.92261850500134],[31.89322869799769,34.92263748500133],[31.89322407899769,34.922645746001336],[31.893299999997733,34.922690000001325],[31.89489999999771,34.9216600000013],[31.89554999999771,34.92277000000136],[31.8961299999977,34.92240000000132],[31.896289999997737,34.92262000000133],[31.896439999997693,34.92281000000131],[31.896909999997693,34.923490000001365],[31.897149999997723,34.923890000001315],[31.897319999997684,34.924260000001354],[31.89752614299769,34.924537845001325],[31.89754999999769,34.92457000000137],[31.897619999997715,34.92464000000136],[31.89785999999768,34.92487000000135],[31.897939999997696,34.924980000001355],[31.897979999997727,34.92505000000135],[31.898109999997665,34.92531000000132],[31.8982499999977,34.92570000000135],[31.898969999997707,34.92719000000136],[31.89817999999765,34.92838000000136],[31.89817999999765,34.92838000000136]]]}