{"segmentId":"5000016","streetsFileVersion":236,"polygonPointList":[[[29.831131227997805,35.02693975000206],[29.827473827997792,35.02628055900204],[29.828527957997846,35.01969092600203],[29.831788524997823,35.019690464002025],[29.833071399997824,35.01969028200202],[29.833710904997805,35.019690191002006],[29.83485841199786,35.01969002900202],[29.835059999997846,35.01969000000199],[29.83517721599781,35.01985519300203],[29.836507666997818,35.02173019700204],[29.836322649997832,35.02308814400202],[29.834837804997825,35.02479656400204],[29.83298317499776,35.02544758300206],[29.831581719997764,35.025939527002045],[29.831131227997805,35.02693975000206],[29.831131227997805,35.02693975000206]]]}