{"segmentId":"5000390","streetsFileVersion":188,"polygonPointList":[[[31.722939999996612,35.093840000002295],[31.72277999999663,35.09376000000227],[31.72279999999663,35.09399000000232],[31.72278999999658,35.094210000002285],[31.722699999996593,35.094560000002296],[31.722785919996582,35.09462966400228],[31.72257341399663,35.09526037300228],[31.721377121996532,35.0973642470023],[31.72072058199663,35.09799806500234],[31.720651675996567,35.098086180002326],[31.72053054599661,35.09825014700232],[31.720515670996573,35.09827210600229],[31.720329999996586,35.098570000002326],[31.71987999999656,35.10014000000235],[31.719870214996597,35.10024274000234],[31.719839999996545,35.100560000002325],[31.71982999999659,35.10065000000232],[31.71979999999659,35.10088000000236],[31.719779999996586,35.10099000000232],[31.719689999996582,35.10166000000233],[31.719639999996513,35.10199000000235],[31.719569999996516,35.102390000002366],[31.719499999996533,35.10277000000239],[31.719499999996533,35.102810000002336],[31.719459999996513,35.103020000002374],[31.719369999996502,35.10353000000235],[31.719319999996532,35.10374000000238],[31.719229999996493,35.104120000002396],[31.719119999996508,35.104500000002346],[31.717079690996524,35.103042995002376],[31.716673369996535,35.10275283700233],[31.716330808996513,35.10364904700234],[31.716297309996555,35.10364051300239],[31.71605937999653,35.10420214000236],[31.715765010996495,35.10562282500239],[31.71313808599654,35.10556571800235],[31.71029253099655,35.10315596900237],[31.709757205996578,35.10270263100236],[31.708089156996582,35.101290049002344],[31.706799201996596,35.10019765400235],[31.706752190996603,35.09994692800235],[31.70628523799664,35.09745651500231],[31.707260354996635,35.09685613600231],[31.70767887299662,35.096598454002326],[31.708171352996615,35.096295234002284],[31.71001281099662,35.09516144800231],[31.7099858519966,35.09451281700231],[31.710117001996643,35.09349333400231],[31.71071055699662,35.093066931002305],[31.710919797996635,35.092576156002295],[31.712027554996677,35.09204926100229],[31.712096307996678,35.09201565300227],[31.712093348996632,35.09197689200228],[31.713526327996636,35.09112375700227],[31.713733543996643,35.09061063800226],[31.714202576996648,35.08956368500225],[31.714660189996685,35.08854222200226],[31.714899095996678,35.08777107000223],[31.71483878099666,35.087315647002235],[31.714299193996663,35.086825785002226],[31.714358670996692,35.086370211002226],[31.714628011996687,35.08612460000225],[31.714957256996673,35.08587890400222],[31.715465976996686,35.08538771700224],[31.71642414799666,35.08507114000221],[31.71735962399665,35.08601005500222],[31.719631972996666,35.088290759002284],[31.72062025899666,35.088149355002244],[31.72122021499668,35.08916480300228],[31.72162929799663,35.08973035300226],[31.72235980499666,35.09074026800227],[31.722915854996607,35.092617098002286],[31.72291999999661,35.0926200000023],[31.72298999999662,35.09268000000226],[31.722939999996612,35.092720000002274],[31.722938467996638,35.092723574002285],[31.7230813019966,35.09375298200231],[31.723012362996627,35.09395758900231],[31.722939999996612,35.093840000002295],[31.722939999996612,35.093840000002295]]]}