{"segmentId":"5000412","streetsFileVersion":236,"polygonPointList":[[[31.735068888997425,34.98022891100161],[31.736539409997455,34.975492488001585],[31.73716712499746,34.97505551100159],[31.738659424997447,34.97401666300158],[31.739848592997472,34.973188837001594],[31.743846086997486,34.97313173000156],[31.746206515997464,34.97379126100156],[31.74769980999744,34.97420850500157],[31.747729367997476,34.974216764001596],[31.751523751997425,34.97728676600162],[31.754011144997435,34.97929929300161],[31.75511723199743,34.980809403001636],[31.75817751399741,34.98498752400167],[31.761320583997353,34.98927867200168],[31.762847855997332,34.99451356700171],[31.762232405997327,34.99563109400167],[31.760677787997324,34.99845395400173],[31.760422983997245,35.00614901000176],[31.760392251997214,35.00707712100177],[31.75799549299727,35.00609662800178],[31.756623185997274,35.005535230001776],[31.75582368699727,35.00359359000173],[31.756223436997335,35.00033848700175],[31.75482914899729,34.99924683300169],[31.754181949997296,34.99874011100174],[31.752661643997296,34.99943781000174],[31.750994077997337,34.9999942720017],[31.750925227997268,35.000017247001736],[31.750871900997282,35.000074366001705],[31.74937798699729,35.001674503001745],[31.74740779399727,35.00202666300172],[31.745780365997334,35.00109845400171],[31.744204693997318,35.00019976400172],[31.743489961997312,35.0001153140017],[31.738616484997348,34.99953948100172],[31.738369677997273,35.000620228001736],[31.738109953997277,35.00066905100172],[31.737893627997302,35.0008855650017],[31.73785187799731,35.00092735200176],[31.738078089997288,35.001199104001756],[31.738365545997297,35.0013638710017],[31.738757148997276,35.00153213800175],[31.738918952997278,35.001436960001705],[31.73961375499729,35.00165587000171],[31.73961375499729,35.00214128000173],[31.739099791997273,35.00247440500172],[31.738642934997262,35.002198387001755],[31.73758645499727,35.00144647700174],[31.73630197299728,35.00049019100171],[31.735936809997316,35.00027518500174],[31.735480140997286,34.9992285520017],[31.735458620997324,34.99904949600172],[31.735357013997316,34.9982040590017],[31.735496211997305,34.99752948200172],[31.735923270997326,34.9964116800017],[31.735967343997363,34.996161475001706],[31.736128086997347,34.99524893700168],[31.736159304997333,34.99507171200167],[31.736387913997344,34.9937739000017],[31.732965629997317,34.9934773470017],[31.732188991997333,34.994055000001694],[31.731630777997356,34.99476692800169],[31.73109844199736,34.99496322600169],[31.73083956499733,34.995058686001684],[31.72966079099736,34.99593544200172],[31.729508149997336,34.996095608001724],[31.728896776997306,34.996737122001726],[31.728285036997292,34.99645191200171],[31.728255617997316,34.99643819600169],[31.727812629997363,34.9965317480017],[31.725414502997314,34.99703819600172],[31.722680143997305,34.99651270800172],[31.722393743997255,35.005329122001726],[31.722276668997264,35.008933100001755],[31.718604035997238,35.008547909001784],[31.71572646699723,35.00824610500178],[31.709621169997277,35.006211005001774],[31.709335746997276,35.00611586400174],[31.705075265997262,35.00863342100179],[31.700569520997245,35.00823434800175],[31.693723136997267,35.00762796600174],[31.6932500519973,35.00470184800172],[31.692181245997368,34.9980910860017],[31.693868821997377,34.99416595200171],[31.695998317997407,34.9892129560017],[31.695347364997385,34.98726893000163],[31.694627779997425,34.98557194300162],[31.696281871997424,34.98245709300163],[31.69774467899742,34.981231528001594],[31.697731272997466,34.97813195300162],[31.696111372997482,34.97638916100159],[31.696111372997482,34.9751042520016],[31.697443905997492,34.97314314000158],[31.697708014997485,34.9727544460016],[31.697689363997483,34.96844214100153],[31.69769966399749,34.96758515500156],[31.69872958199754,34.96680702000153],[31.701201724997535,34.96267257400155],[31.701221461997516,34.96263956600154],[31.70128709099753,34.96215997100154],[31.70177998699759,34.95855803900149],[31.701737022997598,34.95537874400147],[31.702080730997576,34.952457230001485],[31.7023689189976,34.952146873001496],[31.703197779997613,34.951254254001476],[31.705174098997606,34.95078165600149],[31.707107452997583,34.951383144001454],[31.707958956997636,34.95226401000151],[31.708353392997594,34.952672048001496],[31.708740063997574,34.95610912300149],[31.709204581997547,34.95664331900154],[31.709438826997566,34.95724961700151],[31.709561921997558,34.957387078001524],[31.71036881899758,34.95813032400148],[31.712531106997584,34.96012204200156],[31.712623174997553,34.960171444001496],[31.71794176299755,34.96302532100152],[31.719302191997514,34.96375530700153],[31.720471092997553,34.96438252200154],[31.719346001997536,34.96679185300157],[31.71850828999752,34.967512170001584],[31.720275746997533,34.96817179100154],[31.72250649099748,34.97031330600155],[31.72385766999744,34.97416276800158],[31.724308228997426,34.974276702001596],[31.724831710997446,34.97430049700159],[31.726009543997485,34.97608509200161],[31.725735905997468,34.976965493001636],[31.725486061997472,34.9775722550016],[31.723570595997444,34.97833368300162],[31.7232255739974,34.9791308020016],[31.72224868599745,34.97947725700161],[31.722081008997453,34.98212801200161],[31.722727761997398,34.98423133300162],[31.722940332997407,34.98492264100161],[31.734835164997413,34.98314798000165],[31.734744262997413,34.98107862200161],[31.735097326997433,34.98047640400163],[31.735068888997425,34.98022891100161],[31.735068888997425,34.98022891100161]]]}