{"segmentId":"5000861","streetsFileVersion":236,"polygonPointList":[[[32.178314737994654,35.259229331003596],[32.178427132994685,35.25916498200364],[32.17867896399465,35.25902080400361],[32.178878860994665,35.258906360003586],[32.1790073649947,35.25883278900363],[32.179026371994695,35.25882190700359],[32.179234598994675,35.2587026930036],[32.1800349799947,35.25885553000364],[32.18012332799462,35.26058722600363],[32.17968099499467,35.26174526800362],[32.179636514994606,35.26186171900362],[32.17976599999461,35.26248510000365],[32.18330466099464,35.26360536700364],[32.18969999999462,35.265630000003675],[32.19023464999457,35.264464027003655],[32.1903419229946,35.263720977003665],[32.19102253899464,35.26274578700364],[32.19114899999462,35.26247000000367],[32.19167717499462,35.26243749900364],[32.19234480299456,35.26239641800364],[32.193497777994594,35.262325471003656],[32.19353372999462,35.262199366003664],[32.19370588599459,35.261595523003635],[32.194024733994624,35.26115294300366],[32.19424116399465,35.261100473003644],[32.19410424399467,35.25955240500366],[32.19404376999467,35.258868661003625],[32.19398847499465,35.258607269003605],[32.19379967799468,35.25794172900358],[32.193648778994685,35.257621823003625],[32.193772510994705,35.256917503003606],[32.19377726999471,35.256703351003594],[32.193563118994675,35.256137040003594],[32.19329661899472,35.25620842300357],[32.19262085199468,35.256950815003584],[32.19244268799467,35.25692112100361],[32.19162147799471,35.25678425300358],[32.19155009499466,35.25557548700357],[32.19198791499471,35.25422871200356],[32.192488584994706,35.25434742700354],[32.193372761994695,35.25455707700359],[32.19302535999471,35.25576584400358],[32.19326806599467,35.256108486003605],[32.19353932399466,35.25600379000362],[32.19365353799469,35.256056138003615],[32.1938391359947,35.256651003003604],[32.193853412994685,35.25675569900359],[32.19371540399467,35.2575885110036],[32.19409611799469,35.25871637500362],[32.194177714994616,35.25955422200364],[32.19432629199461,35.26107983600367],[32.19456611299465,35.261021695003656],[32.19501799999465,35.26075700000365],[32.196209999994664,35.26102000000362],[32.19754157699461,35.261790639003614],[32.197080079994585,35.262855400003644],[32.19762078399458,35.26417473600365],[32.19763491799457,35.26526441400369],[32.19749745699458,35.26564734100367],[32.19718757999457,35.266130538003665],[32.196582492994565,35.26636700800367],[32.19521454299456,35.268306020003735],[32.19529999999453,35.268510000003715],[32.19507460899455,35.26879372700373],[32.19475319199452,35.26946952100376],[32.19473440799452,35.26950901500372],[32.19444999999454,35.26958000000376],[32.19255870799451,35.26859285700371],[32.192236790994514,35.26842483500374],[32.19144199999453,35.26801000000371],[32.19143799699451,35.268011443003694],[32.19090972999454,35.26820188700369],[32.19062924299453,35.26842874000371],[32.19046030199457,35.268490606003716],[32.19016483599456,35.268470427003734],[32.190163942994545,35.26847074900374],[32.18977561799454,35.268226275003734],[32.189544208994576,35.267629241003725],[32.189750905994536,35.26732005000373],[32.189706599994594,35.2656953000037],[32.183302941994626,35.26370132900369],[32.18107919999461,35.263008900003655],[32.18082639299463,35.26316307800366],[32.18057427099465,35.26337620500365],[32.18023397299459,35.26366387000369],[32.17962681099459,35.263997478003695],[32.17822213899461,35.26589223500366],[32.17664755699458,35.26493969200367],[32.17534934599465,35.264800851003706],[32.17484965899463,35.2645295930037],[32.17472730699465,35.263713913003684],[32.17469482099464,35.26349733700366],[32.17446418599465,35.26195977500364],[32.17522085499465,35.261203106003634],[32.175749094994686,35.259532725003616],[32.176734191994626,35.25927574300362],[32.17814585999464,35.25932601700361],[32.178314737994654,35.259229331003596],[32.178314737994654,35.259229331003596]]]}