{"segmentId":"5000483","streetsFileVersion":96,"polygonPointList":[[[31.80657999999846,34.7592900000008],[31.80633999999845,34.759830000000804],[31.80605999999846,34.76041000000077],[31.805879999998474,34.760710000000806],[31.80569999999846,34.76099000000078],[31.805559999998465,34.76118999900079],[31.80527999999844,34.761570000000795],[31.805139999998435,34.76172000000076],[31.80482999999843,34.76203000000078],[31.804589999998477,34.76223999900077],[31.80438999999846,34.762420000000816],[31.804099999998446,34.76263000000079],[31.803999999998403,34.762690000000816],[31.80342017599842,34.762956406000804],[31.803259999998485,34.76303000000081],[31.803069999998442,34.76309000000078],[31.802869999998443,34.76314000000082],[31.80223999999842,34.76320000000078],[31.802089999998465,34.76320000000078],[31.80158999999843,34.76314000000082],[31.801249999998422,34.76306000000079],[31.800789999998436,34.76288000000079],[31.80044999999848,34.76270000000079],[31.800169999998438,34.762510000000816],[31.799719999998445,34.76222000000081],[31.799489999998446,34.76204000000081],[31.799229999998488,34.76188000000081],[31.79894999999845,34.76171000000078],[31.798549999998446,34.76152000000081],[31.797949999998465,34.761240000000775],[31.797279999998448,34.760910000000756],[31.797039999998454,34.76084000000077],[31.796899999998452,34.7608000000008],[31.79669999999845,34.76074000000079],[31.796279999998426,34.760640000000755],[31.79623999999847,34.760520001000764],[31.796199999998468,34.76045000000078],[31.796129999998456,34.760340000000774],[31.79698999999845,34.75748000000077],[31.797259999998484,34.75646000000077],[31.797409999998482,34.755700000000765],[31.79747999999849,34.7552600000008],[31.797619999998485,34.75444000000076],[31.797539999998463,34.75441000000078],[31.79747999999849,34.754350000000755],[31.797459999998487,34.75425000000077],[31.79747999999849,34.75415000000075],[31.797539999998463,34.754090000000794],[31.797619999998485,34.75406000000075],[31.797699999998482,34.754090000000794],[31.79775999999848,34.75415000000075],[31.79777999999848,34.75425000000077],[31.79775999999848,34.754350000000755],[31.79883999999846,34.754790000000796],[31.800293077998468,34.75538060600079],[31.800301708998475,34.755343457000755],[31.801499931998464,34.755756964000774],[31.802409999998495,34.75599000000077],[31.802499999998492,34.75649000000076],[31.80273999999845,34.75662000000078],[31.803409999998475,34.75690000000075],[31.80350336399847,34.75693724900076],[31.804019195998496,34.75714304700077],[31.805203931998427,34.75746493000075],[31.806523151998476,34.75817922900079],[31.806520187998448,34.75818568700077],[31.806559999998466,34.75818000000076],[31.80660999999846,34.75814000000075],[31.806659999998494,34.758070000000764],[31.806709999998485,34.75803000000081],[31.806759999998466,34.758070000000764],[31.80682999999845,34.758720000000764],[31.80657999999846,34.7592900000008],[31.80657999999846,34.7592900000008]]]}