{"segmentId":"5000832","streetsFileVersion":236,"polygonPointList":[[[32.15394113199632,35.10637655300235],[32.15280256199629,35.10696872500234],[32.151861279996304,35.107690399002315],[32.15183686799629,35.10769931100232],[32.15100157699629,35.10802081400232],[32.1501481019963,35.10834931600233],[32.15014771699627,35.10834946800232],[32.1501399759963,35.10833519500234],[32.14992052199631,35.107930534002335],[32.14978899399631,35.10768800500234],[32.149927323996316,35.107521701002334],[32.15045329399632,35.1068893650023],[32.153476991996335,35.1032541890023],[32.15298061199639,35.101763232002305],[32.152539751996365,35.1022515400023],[32.15158381499632,35.10220857600232],[32.15056343299636,35.10133856700227],[32.1506708419964,35.10047929800227],[32.15217456199636,35.09954484300227],[32.15228316399635,35.099501153002294],[32.15234924599636,35.09947456900228],[32.15246413899641,35.09942834800229],[32.15306877299635,35.09745802600224],[32.156522777996415,35.09712072100227],[32.156880619996365,35.097748745002264],[32.15730700199635,35.098497057002255],[32.1580798729964,35.099143037002264],[32.158172799996365,35.09922070700225],[32.15818530999641,35.099467801002284],[32.158193861996416,35.0996367160023],[32.15821702299641,35.1000941720023],[32.158339999996386,35.10031000000227],[32.157552621996324,35.102271437002315],[32.15747113499632,35.102832137002316],[32.15743992599633,35.10304688100232],[32.156694028996306,35.104410278002305],[32.156422852996286,35.1050858060023],[32.15421956499632,35.10623173900234],[32.15394113199632,35.10637655300235],[32.15394113199632,35.10637655300235]]]}