{"segmentId":"5000761","streetsFileVersion":236,"polygonPointList":[[[32.07167420599766,34.92416812500132],[32.07290643099763,34.92381357000132],[32.07265781199768,34.91760595300132],[32.07262050899769,34.916674565001294],[32.07354639599766,34.9165613440013],[32.07425071699767,34.914962347001264],[32.0744092059977,34.914641542001256],[32.07541809699772,34.91483189900127],[32.076276438997674,34.91527760200129],[32.07725115199766,34.91542929300128],[32.07643693699769,34.91768487400128],[32.076087798997676,34.91865207500131],[32.07818366899766,34.91925660300132],[32.08075697699769,34.91999884300128],[32.081990854997684,34.920354740001315],[32.08291377799763,34.920766098001316],[32.08303886899767,34.92082185200133],[32.08302945499767,34.92084936600129],[32.081459043997626,34.925439174001355],[32.080747627997596,34.92836858400135],[32.0806220019976,34.928885875001335],[32.0798964309976,34.931873570001365],[32.07859738599761,34.93157570000135],[32.07675643099759,34.93115357000136],[32.0739464309976,34.93168357000138],[32.0737864309976,34.93047357000137],[32.07255343399761,34.93076279200136],[32.07253768099759,34.930766487001335],[32.072166430997584,34.930853570001375],[32.07169504799762,34.92888852500135],[32.07160803099762,34.92852578100137],[32.07152385999764,34.92817490000134],[32.07133643099764,34.927393571001325],[32.0704564309976,34.92753357000133],[32.0698745479976,34.925534714001316],[32.07078643099762,34.92442357000132],[32.07167420599766,34.92416812500132],[32.07167420599766,34.92416812500132]]]}