{"segmentId":"5000361","streetsFileVersion":188,"polygonPointList":[[[31.69049527299619,35.145539204002674],[31.68931492299618,35.14543381200271],[31.684163446996187,35.14497384300268],[31.684220044996206,35.1456426980027],[31.684011841996202,35.14594608000267],[31.682810215996206,35.14628515200271],[31.682233091996174,35.145972671002674],[31.68090336499619,35.14597350400267],[31.680289973996167,35.14576295600269],[31.680069234996232,35.14568718700271],[31.679960796996163,35.14565027100271],[31.67863217299617,35.1468819780027],[31.678205649996187,35.14708766100269],[31.677689999996137,35.14734000000268],[31.677148511996144,35.14738922600268],[31.677025653996157,35.14740127300272],[31.676920209996158,35.14736435100272],[31.676839999996147,35.14740000000271],[31.67677149199618,35.14740548100272],[31.676399999996175,35.14750999900273],[31.67574999999615,35.14874000000268],[31.67571999999617,35.14871000000271],[31.675609999996194,35.1486000000027],[31.67547999999615,35.14839000000271],[31.67542999999619,35.148270000002675],[31.675369999996146,35.14801000000271],[31.6753799999962,35.147730000002674],[31.675389999996163,35.147670001002695],[31.675459999996146,35.147380001002695],[31.675679999996177,35.14675000000269],[31.675718197996172,35.146593387002696],[31.67570999999617,35.146040000002664],[31.675358499996193,35.14585950000267],[31.67499999999621,35.14574000000268],[31.674549999996227,35.14557000000271],[31.67430999999619,35.145480000002706],[31.674069999996146,35.14534000000266],[31.6739899999962,35.14525000000266],[31.673859999996182,35.14509000000267],[31.673609999996184,35.14455000000266],[31.672849999996185,35.14275000000264],[31.67274999999622,35.14254000000266],[31.672589999996248,35.14216000000265],[31.672429999996268,35.14173000000267],[31.67230044299622,35.14135657000262],[31.672259999996214,35.14124000000263],[31.672159999996243,35.14105000000266],[31.671979999996253,35.14089000100265],[31.67185999999621,35.14085000000265],[31.671949999996208,35.140469999002654],[31.67200999999626,35.140200000002636],[31.672079999996217,35.140010000002654],[31.67217999999622,35.139830000002654],[31.67229999999625,35.13966000000264],[31.672449999996218,35.13953000000262],[31.672659999996245,35.139390000002635],[31.672809999996215,35.13934000000265],[31.673313893996237,35.13808539500265],[31.67443224099626,35.13680048600259],[31.677335182996224,35.13814488000259],[31.678903100996237,35.13921186900265],[31.679179999996236,35.13904000000266],[31.67969751699626,35.138963181002644],[31.680406056996215,35.13885459800265],[31.68045666999627,35.13884684200266],[31.681731399996238,35.13968824200262],[31.681750270996247,35.139842031002644],[31.681789999996216,35.14014000000262],[31.681105857996183,35.141558754002666],[31.68056999899622,35.14267000000268],[31.681606613996177,35.14346160600269],[31.6817899999962,35.14351000000267],[31.68220367899621,35.143591482002655],[31.68245362399621,35.143640029002654],[31.683451489996163,35.14487043700268],[31.689318340996188,35.14523086600271],[31.69046886599618,35.145301548002706],[31.69043404499621,35.14498815600269],[31.696001983996208,35.1443457010027],[31.696501670996145,35.150936808002704],[31.69110029499615,35.15098439700273],[31.69049527299619,35.145539204002674],[31.69049527299619,35.145539204002674]]]}