{"segmentId":"5000438","streetsFileVersion":96,"polygonPointList":[[[31.77593991199836,34.79300762600091],[31.77453304299837,34.79511102400088],[31.774439980998345,34.79527900600089],[31.77326951999832,34.79739174900088],[31.771633302998307,34.80002404100088],[31.770659347998308,34.80096390900092],[31.771643970998326,34.80162743500091],[31.77207913199831,34.80213305900088],[31.771936077998326,34.8025989030009],[31.771504519998324,34.80323516300092],[31.770858491998304,34.80343582200089],[31.770839999998344,34.803450000000915],[31.770739999998302,34.80352000000091],[31.769999999998305,34.80261000000092],[31.768799999998304,34.801110000000904],[31.76846999999831,34.80070000000091],[31.768059999998304,34.800180000000914],[31.768219999998298,34.80019000000089],[31.768220284998304,34.80019002500091],[31.768208924998323,34.800175879000896],[31.769534632998315,34.79828313400087],[31.76953297899836,34.797764800000884],[31.769529999998305,34.79776000000088],[31.76877999999833,34.79724000000088],[31.767763365998317,34.795766696000875],[31.767329402998367,34.79514164700087],[31.766906199998342,34.79453209600089],[31.766898521998392,34.79451872500088],[31.76642019399834,34.79368572900089],[31.766149999998348,34.793219999000854],[31.764799999998353,34.79139000000086],[31.764349999998352,34.79061000000088],[31.76356679099839,34.79040543100088],[31.763005143998335,34.79026197000089],[31.762998290998343,34.79025510800087],[31.76125671899838,34.78952740900089],[31.761225489998385,34.789007052000855],[31.762866284998356,34.78744928200088],[31.764491948998366,34.78771791200087],[31.76531060099839,34.78727792400089],[31.765147580998377,34.78579764700084],[31.765079999998402,34.785770000000866],[31.76511999999836,34.78555000000086],[31.765120285998403,34.78554979200084],[31.76512004699836,34.78554762500085],[31.765244051998387,34.78545977900087],[31.76544999999838,34.78531000000084],[31.765713627998416,34.78535856300084],[31.766587598998363,34.78551499700087],[31.767024270998345,34.78557197700088],[31.767507155998405,34.78563498700084],[31.76759414199838,34.78561195300085],[31.76762999999836,34.78560000000084],[31.768899999998354,34.78586000000087],[31.769409999998373,34.785740000000835],[31.77232999999837,34.78506000000085],[31.772376286998384,34.78468044900086],[31.772479999998364,34.783830000000876],[31.77246999999836,34.78233999900084],[31.772829237998376,34.78228309100086],[31.773518974998392,34.78216455000086],[31.775313056998375,34.78215640100086],[31.775518132998364,34.782671283000866],[31.77576999999841,34.783290000000875],[31.775814302998384,34.78474647300084],[31.77584999999837,34.785920000000836],[31.77584999999837,34.78672000000086],[31.77585999999838,34.78854000000088],[31.775929999998358,34.788980000000855],[31.775636650998383,34.791128956000904],[31.775947737998365,34.79245096900089],[31.776042599998338,34.79285409800091],[31.77593991199836,34.79300762600091],[31.77593991199836,34.79300762600091]]]}