{"segmentId":"5000117","streetsFileVersion":236,"polygonPointList":[[[31.216761252999408,34.33515763900017],[31.218097663999337,34.3407066130002],[31.218197600999353,34.341092086000195],[31.21278099599937,34.34274819100019],[31.21263831699935,34.3422110440002],[31.210590306999375,34.342779571000186],[31.210582381999338,34.34274751900019],[31.210581386999372,34.342743501000164],[31.21028998899936,34.34156515300017],[31.21028310299938,34.3415373070002],[31.210282108999355,34.341533289000175],[31.209101103999384,34.341895318000205],[31.208860616999356,34.3411162730002],[31.208859396999326,34.34111232000017],[31.20752798099938,34.34150523500019],[31.207173971999364,34.34160970700017],[31.206802532999344,34.34175438200017],[31.205916671999375,34.3380525260002],[31.204787562999364,34.33333417800016],[31.205425852999376,34.3331260620002],[31.211662999999355,34.33109242700017],[31.212760028999362,34.330734739000164],[31.212810297999393,34.33083019300018],[31.212828845999372,34.330865412000165],[31.21326150299938,34.33072498100019],[31.21413681499939,34.33044087500021],[31.215174912999373,34.33283784900017],[31.215461628999403,34.3327633590002],[31.216260786999374,34.33255573400017],[31.216397040999368,34.33328000800016],[31.21662221199937,34.33447693600017],[31.216761252999408,34.33515763900017],[31.216761252999408,34.33515763900017]]]}