{"segmentId":"5000554","streetsFileVersion":188,"polygonPointList":[[[31.850817122997004,35.039202763001924],[31.85031999999699,35.03976000000194],[31.850362839997008,35.03979507900193],[31.850944067996963,35.040271012001945],[31.85135900099696,35.039848714001955],[31.85149863099696,35.04000177200192],[31.85152652199693,35.04074794900191],[31.85169999999698,35.04089000000194],[31.85128981199697,35.042158285001925],[31.85091319999693,35.04357090000198],[31.851066099996928,35.04373390000197],[31.85101682099694,35.04391788800197],[31.851191309996967,35.04408801400197],[31.85041796699694,35.045801182001966],[31.850219260996944,35.045844145001965],[31.84961240399693,35.04575821700198],[31.849284807996938,35.04526950900195],[31.849370734996935,35.04494728300197],[31.84935345299695,35.04492418900195],[31.849378589996963,35.04490178700198],[31.849803299996967,35.04388810000197],[31.849139999996947,35.04348000000195],[31.846319999996954,35.04311999900196],[31.84614290699696,35.04353129400195],[31.846014999996996,35.043998000001956],[31.845367999996956,35.045331000001944],[31.84440151199693,35.044800477001935],[31.844396999996945,35.04479800000198],[31.844302090996933,35.04474305300196],[31.844301999996937,35.04474300000195],[31.843806999996918,35.04445500000194],[31.844328999996996,35.043054000001945],[31.844329263996975,35.04305329200193],[31.84463299999696,35.04224000000195],[31.84434685999696,35.04195909700197],[31.84355323699695,35.041180000001944],[31.84349499999699,35.041180000001944],[31.84343699999698,35.04110200000191],[31.84335999999699,35.04113000000196],[31.84319999999696,35.04106000000196],[31.84297999999699,35.04069000000194],[31.842829999996983,35.04047000000191],[31.842672441996985,35.039625771001916],[31.842402828996974,35.0381811270019],[31.841629548997012,35.03706886300193],[31.841658101997027,35.036592970001934],[31.842433805997015,35.03566498000188],[31.84358546399702,35.034637053001894],[31.844141911997013,35.03456507700188],[31.844469296997033,35.0343178050019],[31.845713390997062,35.0333781530019],[31.845835275997047,35.03319647500191],[31.84593471299705,35.0330045380019],[31.84593999999703,35.032990000001874],[31.845948634997054,35.03297766500187],[31.84614321199703,35.032602086001894],[31.84680867099707,35.03255089700191],[31.84808052099704,35.03159028100186],[31.84797352099701,35.0314585890019],[31.84928927599704,35.029933386001865],[31.84974476799705,35.030234408001895],[31.849769999997047,35.030210000001894],[31.849969999997057,35.03001000000189],[31.85005999999706,35.0299600000019],[31.850392628997042,35.02984396600187],[31.850569999997067,35.0297100000019],[31.85071534099707,35.02970444700185],[31.851201521997055,35.02958357500188],[31.851519999997045,35.029479000001864],[31.85154152699706,35.02949904300186],[31.852447383997077,35.0292738300019],[31.853573961997068,35.028993742001894],[31.854603532997046,35.028737771001886],[31.85476786399707,35.02932466900188],[31.854904276997058,35.029811857001846],[31.854904276997058,35.031294094001865],[31.85477538599699,35.03346374800188],[31.85404500799704,35.03449487200188],[31.853518509997016,35.03530142300193],[31.853471771997008,35.0353812680019],[31.85309834299701,35.03601920700189],[31.853033896997015,35.036212542001905],[31.852460542997015,35.036159206001884],[31.852054442997,35.03693037800195],[31.850817122997004,35.039202763001924],[31.850817122997004,35.039202763001924]]]}