{"segmentId":"5000985","streetsFileVersion":188,"polygonPointList":[[[32.4483692559975,34.923052516001285],[32.44830010999753,34.92329828100127],[32.44832484599749,34.92336565200127],[32.448125987997564,34.923917156001316],[32.44767793199748,34.925509675001315],[32.44764204099749,34.92563724100132],[32.447676167997486,34.92727050500128],[32.44771592299748,34.92765927800134],[32.4476841499975,34.92765256600132],[32.44768835299748,34.92785368000131],[32.446405888997525,34.927498596001335],[32.44564692299747,34.93065671800135],[32.44423314599747,34.929881123001294],[32.441905145997495,34.93223195200133],[32.44217226299745,34.933257339001365],[32.44131161499748,34.93405958800131],[32.44056118999745,34.93475909300132],[32.439860181997496,34.93412278400135],[32.439440145997466,34.933018125001325],[32.43513370699746,34.93344526100132],[32.433603500997435,34.93310275700131],[32.433461271997466,34.93584212900134],[32.433398678997456,34.93704772000137],[32.43223432699745,34.937851383001366],[32.42833423399741,34.94054331900135],[32.4265551859974,34.942148169001385],[32.42639367099741,34.93937201300134],[32.426997200997455,34.93590353100137],[32.425814429997466,34.93567871100134],[32.425766554997466,34.93566961200132],[32.425848646997466,34.93521632400136],[32.427104190997454,34.93528866600137],[32.42733283199745,34.933974666001326],[32.426990787997475,34.93369799000133],[32.42662672999749,34.93315190300135],[32.426416147997486,34.93243449700131],[32.426516083997505,34.93206330100131],[32.42761566599752,34.93234921900134],[32.427931751997505,34.93053267000132],[32.4248536049975,34.9291192720013],[32.424476809997515,34.925930828001306],[32.423396126997524,34.92606743200128],[32.42280160099752,34.92614258300131],[32.422749340997505,34.92568856300131],[32.42199034999753,34.92570561800131],[32.42192754599755,34.924962244001286],[32.42181395699752,34.92361776200129],[32.42024856699754,34.92371809300128],[32.41839688899758,34.92013762100127],[32.41856820999755,34.919316707001286],[32.41848733499755,34.91929097400126],[32.41684072099753,34.91876705100125],[32.416990626997595,34.917994677001246],[32.41767591099757,34.91816599900128],[32.418025692997595,34.916859675001284],[32.41927817199759,34.917071912001255],[32.42055963999758,34.91725833700129],[32.42057809299759,34.91753662300127],[32.42070805599754,34.917583084001286],[32.420985333997585,34.91802564400129],[32.421154060997544,34.91807761700127],[32.421134719997546,34.91826407700128],[32.42113588599758,34.91826593700128],[32.423503040997545,34.91905911900128],[32.42460507899758,34.91942838800126],[32.42560185799757,34.91440643200128],[32.426606400997635,34.90934533900121],[32.42539321799763,34.908759752001224],[32.425621645997595,34.907617611001214],[32.426704895997624,34.90591969900121],[32.42889388099765,34.906668205001246],[32.43032706899762,34.90764790500121],[32.430270224997635,34.90876990300125],[32.43225661699763,34.909131157001234],[32.432671713997586,34.90921492800122],[32.441663241997624,34.91102951500124],[32.441696255997606,34.91103617800127],[32.444208965997625,34.91103617800127],[32.44540480099756,34.91482511300127],[32.44629965699756,34.91766041500128],[32.44569636499758,34.91741156700127],[32.44512001299755,34.91996336100127],[32.447294252997544,34.9205588240013],[32.448017587997505,34.92252883100132],[32.4483692559975,34.923052516001285],[32.4483692559975,34.923052516001285]]]}