{"segmentId":"5000840","streetsFileVersion":236,"polygonPointList":[[[32.20091906799783,34.88695098500117],[32.200725085997796,34.888465542001185],[32.20072388399781,34.88855718300116],[32.200668099997785,34.89280920000119],[32.198420517997775,34.89272078500119],[32.198214999997774,34.8927127000012],[32.19754962499776,34.899007224001224],[32.19734499999772,34.90094300000121],[32.19423190699774,34.90070522300121],[32.19434030499773,34.898939007001196],[32.19375197499773,34.89892833400122],[32.19375199999777,34.898928000001234],[32.19291199999773,34.898906000001226],[32.19244221299773,34.898876844001194],[32.19250214499771,34.89992137500124],[32.191816859997736,34.902205657001204],[32.19108489999773,34.90365680000126],[32.19134332499772,34.90399056800122],[32.191880999997686,34.90468500000122],[32.1915599999977,34.90573700000123],[32.19053699999772,34.90722000000125],[32.191275270997686,34.90780742200127],[32.192909118997676,34.90910743200125],[32.1934008449977,34.909527831001256],[32.193748396997655,34.90982496900126],[32.19599581599766,34.912046852001275],[32.19531494999768,34.91346077900127],[32.19510654099765,34.91352474200127],[32.194730999997674,34.913640000001266],[32.194006227997626,34.91570070900131],[32.19377069999766,34.91620480000129],[32.19354399999762,34.91693200000127],[32.19317739999759,34.917989700001314],[32.19314869099759,34.91807435700131],[32.192266999997635,34.920105000001286],[32.18967599999765,34.91920400000128],[32.18945158799762,34.92005163800131],[32.18896089699764,34.921905050001335],[32.18811711499765,34.925092141001315],[32.18790799999758,34.92588200000134],[32.187241999997546,34.928865000001316],[32.18664351999759,34.930598626001355],[32.186536199997576,34.930909500001334],[32.18881164099755,34.931700326001355],[32.19450199999757,34.933678000001336],[32.192974074997515,34.941338970001404],[32.192640999997465,34.943009000001425],[32.189258999997435,34.95087700000143],[32.191481238997426,34.951913721001425],[32.19153343399746,34.95196902100141],[32.19206015999742,34.95252707800146],[32.19127493799741,34.95521586900143],[32.190030999997404,34.955669000001464],[32.18843796399742,34.95600030600148],[32.183517599997444,34.957023600001484],[32.17860625099746,34.95571242200145],[32.176682154997415,34.95434127800147],[32.17580800499749,34.95405631800143],[32.17446589399744,34.95260236400142],[32.173752150997416,34.95182914200145],[32.17386108899746,34.951723835001445],[32.178891785997486,34.94686082800143],[32.1795789719975,34.9456117590014],[32.17883799999749,34.944506000001404],[32.1776126699975,34.94101286100139],[32.17663999999755,34.938240000001386],[32.17234699999757,34.930984000001324],[32.1716644889976,34.930282468001316],[32.17080808499756,34.929402197001345],[32.17033759999756,34.92891860000132],[32.1657305999976,34.92947450000132],[32.16493031399757,34.93014041600132],[32.164341099997564,34.93063070000135],[32.161674355997526,34.9368819470014],[32.161129999997556,34.93815800000137],[32.1609157799975,34.938404139001385],[32.16043199999757,34.938960000001394],[32.15892699999754,34.93757300000137],[32.160708999997574,34.932596000001354],[32.161770259997546,34.93061409500137],[32.16205636299757,34.93007979700136],[32.163500569997595,34.92738273700135],[32.164776999997635,34.92499900000135],[32.16666526499766,34.91957337900129],[32.167163973997674,34.91814042100127],[32.167497749997636,34.91718137000128],[32.16824713899768,34.91367172100129],[32.16870971599766,34.91134214700124],[32.168741895997655,34.91118008600128],[32.16876629899766,34.910993153001264],[32.16902402399769,34.90901892500127],[32.16962219799774,34.90443680000123],[32.16962399999772,34.904423000001245],[32.17027240299773,34.90189730700125],[32.17115505099775,34.89845917400121],[32.171283913997776,34.89795721900119],[32.17144091799773,34.89734565000119],[32.171452104997755,34.897302075001186],[32.17180994299775,34.895908203001184],[32.17180999999776,34.89590800000123],[32.17180457199777,34.895740337001214],[32.17180103599775,34.89562981300118],[32.17210710499779,34.89362868700118],[32.17214521699775,34.893379514001204],[32.1723513639978,34.89203169900116],[32.17235249199781,34.8920243220012],[32.17247560099778,34.89121941900117],[32.1725530469978,34.89071307100118],[32.17318899999777,34.88921700000116],[32.17318906299779,34.88921706500115],[32.173957904997835,34.89000352400119],[32.17496837299783,34.89103714700121],[32.17534136299777,34.89141868400116],[32.175370999997774,34.89144900000121],[32.17793289999778,34.888901900001194],[32.18043132599783,34.88940754400117],[32.184808899997805,34.890293500001164],[32.18944458799782,34.889818568001196],[32.18996939999778,34.88976480000121],[32.19317859999783,34.88855000000119],[32.193500227997816,34.88831627200118],[32.19384275299783,34.88806735800118],[32.196925799997764,34.88582690000115],[32.19720411899779,34.88575687500113],[32.19792874299781,34.88542656800118],[32.19812367799784,34.88533771100114],[32.19925868099782,34.88496651500114],[32.19980119799781,34.88494510000115],[32.19995117999781,34.88496552600114],[32.200209550997826,34.88500071200119],[32.200772399997824,34.88485910000114],[32.200763181997836,34.88556176600114],[32.20082211899782,34.88558141200118],[32.2009476219978,34.88562324600119],[32.20092804399782,34.886533621001185],[32.20091906799783,34.88695098500117],[32.20091906799783,34.88695098500117]]]}