{"segmentId":"5000458","streetsFileVersion":236,"polygonPointList":[[[31.786019999998356,34.796520000000875],[31.787379999998326,34.796590000000876],[31.787442221998308,34.79661296300087],[31.7882199999983,34.79690000000088],[31.79143661499834,34.797654736000865],[31.793589999998325,34.79816000000089],[31.79218287099833,34.80315901000091],[31.79206999999827,34.803560000000914],[31.790079999998287,34.80584000000091],[31.7894899999983,34.80585000000094],[31.788669999998245,34.80553000000089],[31.788550097998268,34.805414539000886],[31.78791560899829,34.80547902400094],[31.785881168998298,34.804860364000895],[31.786000141998286,34.80422980700092],[31.78655931599831,34.802242957000885],[31.786561429998304,34.8017183490009],[31.786342903998303,34.80158128400091],[31.78608851499831,34.801421725000914],[31.785447883998323,34.801871171000926],[31.78524999999831,34.802010000000905],[31.785051948998273,34.80186961000089],[31.784837056998303,34.80171728100089],[31.784459999998305,34.80145000000089],[31.78454046699831,34.8011957050009],[31.78485865899834,34.80019013700092],[31.78491165199833,34.80002266600092],[31.785060657998347,34.798314270000894],[31.785625835998353,34.79776566100087],[31.786019999998356,34.796520000000875],[31.786019999998356,34.796520000000875]]]}