{"segmentId":"5000589","streetsFileVersion":236,"polygonPointList":[[[31.880189999998056,34.84876000000103],[31.88018146299807,34.848858175001034],[31.880187324998072,34.84885957700104],[31.88015181599811,34.85018130100108],[31.880011842998048,34.855391393001064],[31.879289229998022,34.85552303200108],[31.87939654699806,34.85874245300108],[31.87939654699806,34.85924213900109],[31.87923771799807,34.85924838000109],[31.879130104998048,34.859252609001096],[31.879129569998014,34.859273853001085],[31.878304701998033,34.8594681440011],[31.877465941998064,34.85942650400109],[31.87705999999802,34.85923000000106],[31.876906139998063,34.85536351000109],[31.876884139998094,34.85481063700109],[31.877058982998054,34.85457487500104],[31.87778028399804,34.854515138001084],[31.87768883599808,34.853339928001034],[31.877440494998055,34.852710916001044],[31.87757707399806,34.85190366600106],[31.877443538998097,34.85018759800106],[31.877438827998063,34.85012706100108],[31.87734343299811,34.848901136001054],[31.877319999998083,34.848600000001035],[31.8773739859981,34.84860301000103],[31.87773302599806,34.84862302600104],[31.88011020799813,34.84875555200106],[31.880189999998056,34.84876000000103],[31.880189999998056,34.84876000000103]]]}