{"segmentId":"5000844","streetsFileVersion":188,"polygonPointList":[[[32.18046165699699,35.01530892700174],[32.180451381997045,35.01599199300177],[32.180451932997,35.01636148300173],[32.180445464997014,35.016385394001766],[32.18042683099699,35.01762418800179],[32.18046103899705,35.01769096500176],[32.18041992499699,35.018083291001766],[32.179671258997004,35.01939229400179],[32.179605244997006,35.019447938001775],[32.179479999997035,35.0195600000018],[32.17899999999698,35.019640000001765],[32.178418017997004,35.01965501900176],[32.17744999999703,35.01968000000178],[32.175769999996994,35.01976000000181],[32.175039999996976,35.02052912300181],[32.175039999996976,35.02057000000181],[32.17433999999695,35.02159000000181],[32.174268140996986,35.02162593000177],[32.17420122599697,35.0216637200018],[32.174140873997004,35.02183876200181],[32.17414020699697,35.021839381001804],[32.174139999997,35.021840000001795],[32.174109416997,35.02186792400179],[32.17379114199697,35.02216298000181],[32.17305792899698,35.02261742000183],[32.17234207399695,35.02337163900181],[32.17217740199696,35.02348416400178],[32.17186999999698,35.02370000000184],[32.171339999996974,35.02364000000181],[32.17121795499693,35.02357134900182],[32.171031397996956,35.02347056000183],[32.17074135799695,35.0234924510018],[32.17073999999695,35.023525493001834],[32.17073999999695,35.02355000000181],[32.17071999999699,35.02408000000178],[32.170679999996985,35.02425000000181],[32.17063999999695,35.02434000000181],[32.17026999999697,35.02429000000182],[32.17026888199698,35.0242875400018],[32.17026723199698,35.024287414001826],[32.169915944996994,35.02352348200179],[32.169840046996946,35.02322517900182],[32.16935270999696,35.022546022001784],[32.169063494996955,35.02214297000181],[32.16766491099696,35.02177861700179],[32.167543372996995,35.021864677001794],[32.16751333099702,35.02186941800179],[32.166212635997,35.0226485760018],[32.16571408699694,35.02385526400183],[32.165824297996984,35.02448047500184],[32.16591999999695,35.025000000001796],[32.165919999996916,35.02502338200179],[32.166020604996945,35.02559410900182],[32.16605821999694,35.02580748700183],[32.16696660999691,35.0279332790018],[32.168041524996895,35.03147651600185],[32.16710536899691,35.032624183001865],[32.165492093996896,35.03169619300188],[32.164200216996896,35.03191388600184],[32.16374435299689,35.03137035500183],[32.16189692499694,35.027417719001804],[32.16198863699696,35.02550486200181],[32.16219766899702,35.02114505700182],[32.16449906399697,35.02096384500179],[32.164858443997005,35.02026929000178],[32.16453214499701,35.01950536500177],[32.16436291399699,35.01909269100176],[32.16428999999699,35.01892000000177],[32.16422999999699,35.01877000000181],[32.16420164099698,35.018668166001774],[32.164004611996994,35.01797728000175],[32.164018409997006,35.01774452600179],[32.164028853996996,35.01745210700177],[32.16402880399702,35.017418494001745],[32.16408583499699,35.01705459400178],[32.16427090099706,35.01495229100175],[32.164369232997046,35.013835257001745],[32.164348057997024,35.01344791600177],[32.16444735699702,35.01294779000175],[32.16485033799705,35.01196797600174],[32.164869999997066,35.011920001001776],[32.164870189997046,35.011919708001734],[32.16487103199706,35.01191766100174],[32.16493311499706,35.01182126600172],[32.165495557997055,35.01051690100176],[32.165529999997055,35.010360000001725],[32.165539999997094,35.010330000001744],[32.16562714999705,35.01021172400172],[32.1678869499971,35.0049710080017],[32.16828656999716,35.00458783600169],[32.16881451699709,35.00444869300168],[32.16889135899708,35.00442844100173],[32.16895999999708,35.00441000000171],[32.16896132899716,35.00441000000171],[32.16896166299712,35.00440991200168],[32.1694626959971,35.004408818001714],[32.16964257599711,35.004344639001715],[32.16994847099709,35.00423550400171],[32.17023676599713,35.00402480600172],[32.17061192599711,35.00399458600168],[32.17083968099715,35.00391754000169],[32.170149608997114,35.00297391000168],[32.16967507999713,35.002288480001695],[32.1696142299971,35.00220058500167],[32.16901936499713,34.999523691001656],[32.16878141799716,34.99690628400164],[32.16878141799716,34.99521091800166],[32.16949525699717,34.99422939100164],[32.16980340499717,34.994170696001625],[32.17011986499718,34.994110418001654],[32.170655243997174,34.99488374300166],[32.17418547399713,35.0018398180017],[32.17430692999713,35.001778304001675],[32.17435999999712,35.00175000000171],[32.175939999997084,35.002160000001695],[32.1759770809971,35.00239307900169],[32.17601269799713,35.0026004490017],[32.175970357997095,35.0028180310017],[32.17586999999709,35.003370000001716],[32.175423681997096,35.00343585000172],[32.17507003299711,35.0043097350017],[32.17539020499711,35.00439586500169],[32.17543260399709,35.00459370900171],[32.17554140299712,35.005101390001705],[32.175892562997106,35.005718248001706],[32.17616854599709,35.006247033001735],[32.17616876799705,35.006247669001716],[32.17616999999712,35.00625000000174],[32.17621999999709,35.00639000000173],[32.17629898399706,35.00661707900174],[32.177589293997045,35.00640942500173],[32.17764999999708,35.00639000000173],[32.177709999997084,35.00639000000173],[32.17779725899708,35.006410942001715],[32.1779617959971,35.006445757001714],[32.17814221299711,35.00670991200174],[32.178193307997105,35.0068394610017],[32.17827999999706,35.00705000000171],[32.17802999999708,35.0077100000017],[32.17791999999704,35.0079800000017],[32.177879047997095,35.0080482530017],[32.177403047997046,35.00885440300173],[32.177326124997066,35.00897242600175],[32.17718247699705,35.00926193200174],[32.17718865399711,35.0094163560017],[32.17720185699708,35.00970140500172],[32.17704212599707,35.010086947001724],[32.17668999999707,35.01095000000173],[32.17639747099706,35.01148825400172],[32.176192671997065,35.01187287400175],[32.1758109669971,35.01240276900175],[32.17558237199709,35.01256152700175],[32.17541544199704,35.01287116400174],[32.17502999999705,35.01360000000175],[32.17550020399705,35.015199612001766],[32.17556726199706,35.015427737001744],[32.17570343999704,35.015709866001785],[32.17571256399701,35.01592204700177],[32.176225344996986,35.01521558500178],[32.176463803997,35.01488705900175],[32.17653204999706,35.01474237700177],[32.17659342499705,35.01440838700176],[32.176873109997025,35.013999767001735],[32.17704187599702,35.01364177800178],[32.17728563399704,35.01300986000176],[32.177514901997036,35.01281128000174],[32.1778999999971,35.012230000001736],[32.17821336799705,35.011860507001735],[32.178430947997036,35.01147008400174],[32.17855044299706,35.01134723200173],[32.17904859899708,35.01083508500174],[32.17931843599708,35.010728684001755],[32.17952085199705,35.0106753460017],[32.17988125299708,35.01093914600174],[32.18094064899705,35.01218036100174],[32.18095200299707,35.012209151001734],[32.18107999999708,35.01252000000174],[32.181009999997045,35.01329000000173],[32.18100993599703,35.01329023900176],[32.18100983599703,35.01329139200173],[32.180996808997065,35.013339166001735],[32.18078999999704,35.01411000000177],[32.180689652997074,35.014280589001764],[32.18046165699699,35.01530892700174],[32.18046165699699,35.01530892700174]]]}