{"segmentId":"5000978","streetsFileVersion":96,"polygonPointList":[[[32.411587010997835,34.87158115100109],[32.41147026199783,34.87176446500111],[32.41147999999781,34.87193000000112],[32.41151999999783,34.872130000001064],[32.41156999999779,34.87234000000111],[32.410979999997814,34.873260000001125],[32.41081999999782,34.873440000001125],[32.41070999999781,34.87323000000109],[32.41042999999785,34.872650000001116],[32.410369999997805,34.87256000000112],[32.4100399999978,34.87282000000109],[32.41004999999781,34.8741700000011],[32.41000999999782,34.87522000000112],[32.4100122629978,34.875232448001135],[32.41002999999781,34.87533000000113],[32.40997999999783,34.87538000000112],[32.40996999999778,34.8754800000011],[32.41000999999782,34.87552000000111],[32.40998999999778,34.87583000000112],[32.40989683399778,34.87767584000112],[32.409906515997776,34.87769214000115],[32.409906294997775,34.87770031200112],[32.409894894997755,34.877714269001146],[32.4098299999978,34.879000000001156],[32.40976588499782,34.87898626100115],[32.40973661199779,34.8789799880011],[32.40903508799779,34.87882966100112],[32.40892486999781,34.879018563001104],[32.408136782997744,34.87950164900114],[32.408064304997765,34.87950434900113],[32.4079301719978,34.87950934700113],[32.40790999999781,34.87952000000115],[32.40790803099775,34.879520376001146],[32.407906013997746,34.87952143100113],[32.40741910199779,34.87961384800115],[32.40722999999773,34.87965000000111],[32.40722947799775,34.8796498390011],[32.40722507999777,34.87965067400113],[32.40713819199776,34.87962175100113],[32.406969999997784,34.87957000000113],[32.40685743499777,34.879383836001125],[32.40643820299779,34.87922077100114],[32.40606385499779,34.8793321890011],[32.40575518999774,34.879424058001106],[32.40538622299778,34.8788935780011],[32.4054316839978,34.8785287400011],[32.405467201997816,34.878220914001126],[32.405479999997794,34.878109999001126],[32.40548409999774,34.87810808700112],[32.40548443799777,34.87810537100114],[32.40592909599782,34.877899361001134],[32.40589309399782,34.877857597001125],[32.40545999999778,34.87736000000113],[32.4052299999978,34.87710000000111],[32.40471999999782,34.876500000001144],[32.4046099999978,34.8752100000011],[32.404579982997824,34.8751679770011],[32.404571606997784,34.87516926000112],[32.40456290799781,34.87514407200113],[32.40440999999779,34.87493000000112],[32.40446469099779,34.87485968300113],[32.40416021399783,34.87397806600112],[32.40309566499777,34.87417026600113],[32.40302153099777,34.87401750600108],[32.40256641899777,34.87401916400111],[32.402243230997804,34.873434247001086],[32.402081005997815,34.873462087001116],[32.4008899999978,34.87367000000111],[32.40054999999781,34.87374000100109],[32.40055049499782,34.87373884400111],[32.40007461199778,34.87384383800108],[32.39988636199782,34.871339631001106],[32.3997972419978,34.87015410200111],[32.39970299099782,34.868900318001074],[32.39970158899787,34.86837496600107],[32.39966999999784,34.867680000001094],[32.39968999999787,34.86757000000109],[32.399699382997824,34.86754810700109],[32.39969859299783,34.867252042001105],[32.400881713997826,34.86720538200109],[32.40091485799786,34.86619091000108],[32.40161165399786,34.86621371400105],[32.401640335997875,34.866214653001066],[32.40170880199782,34.86604486300109],[32.40188264899785,34.865613733001055],[32.40190115899783,34.86556783000106],[32.401953690997864,34.86543755500104],[32.40196984199783,34.865440154001085],[32.402016339997836,34.86544763600108],[32.40221004299781,34.865478807001075],[32.40278174399784,34.865570805001084],[32.403279999997835,34.86602000000108],[32.40340989199788,34.8662725670011],[32.40439320699786,34.866304749001074],[32.40622302599786,34.86696912300107],[32.406247519997876,34.86697801600109],[32.406582558997854,34.867099663001056],[32.40823406299783,34.86789661100108],[32.41115757899786,34.869276486001084],[32.412573833997826,34.8700316860011],[32.41247178199784,34.87019192300109],[32.41239861099785,34.8703068140011],[32.41235062499782,34.87038215900107],[32.411587010997835,34.87158115100109],[32.411587010997835,34.87158115100109]]]}