{"segmentId":"5000703","streetsFileVersion":188,"polygonPointList":[[[32.013168835997554,34.94047027200138],[32.01316862499757,34.9404700280014],[32.01292289699757,34.9401864400014],[32.012559999997585,34.93977000000142],[32.0117999999976,34.93801000000142],[32.011824308997625,34.937997845001384],[32.011840969997586,34.93798556400137],[32.01188468299759,34.9378691910014],[32.01186638599761,34.93774420600138],[32.011785024997586,34.937648861001406],[32.01170367099761,34.93756261100136],[32.01165723399759,34.93750565800141],[32.01162793999758,34.93746973000137],[32.01155785199761,34.9373707020014],[32.01149337799762,34.93726604200137],[32.01143566399756,34.9371563880014],[32.011384696997574,34.93704212100138],[32.01134161099758,34.936923821001386],[32.01130526399759,34.936802393001386],[32.01129443099758,34.93675502300139],[32.01121999999758,34.93654000000137],[32.01099999999757,34.93608000000139],[32.011188993997635,34.93538370700136],[32.011043129997624,34.935428956001395],[32.01091999999761,34.935470000001395],[32.01082999999759,34.93554000100138],[32.01077069899761,34.93554000000139],[32.010716434997605,34.93554247900138],[32.01062162499759,34.93548206300138],[32.01062080199762,34.9354804810014],[32.01061999999762,34.93548000000137],[32.010613790997574,34.93546701200139],[32.01057521699758,34.9353928940014],[32.010565035997594,34.93537292800138],[32.010565930997565,34.93536688700137],[32.00995131499757,34.93408111400136],[32.009949999997616,34.93408000000139],[32.00976999999763,34.93372000000137],[32.009766021997635,34.93369348400138],[32.00843512599763,34.93090925900134],[32.00730500199766,34.92854504600137],[32.00701741699764,34.92712812500132],[32.007431300997645,34.92683151200133],[32.00770098699766,34.92663824000134],[32.007709999997616,34.92663000000134],[32.00850670799763,34.926207649001334],[32.008539999997645,34.92619000000136],[32.00903254599769,34.92588796700134],[32.00959606499766,34.925541894001334],[32.009596683997636,34.92554203400133],[32.00959999999763,34.925540000001355],[32.013027433997635,34.9262394770013],[32.01303999999765,34.92624000000136],[32.01351999999762,34.92634000000133],[32.013870765997645,34.92696629600134],[32.014163947997645,34.92748977400133],[32.014575007997664,34.92698103800136],[32.01474120499765,34.92677534900132],[32.01497984399764,34.92698951200133],[32.01516009799763,34.927151279001336],[32.014493287997645,34.92807781100134],[32.01483470999763,34.92868742400133],[32.01496226899767,34.92888908600133],[32.01512999999762,34.92915000000135],[32.016179999997654,34.93081000000137],[32.016438959997664,34.931372806001384],[32.016528183997615,34.931564345001334],[32.01693456899763,34.93243673600137],[32.01713999999762,34.9322900000014],[32.01735999999761,34.93209000000138],[32.01743729799762,34.93204877400137],[32.01750999999764,34.93201000000136],[32.01762999999763,34.93197000000135],[32.018247557997576,34.93764437600138],[32.01826304499757,34.93778667000138],[32.01828999999757,34.937890000001374],[32.018329999997576,34.937900000001406],[32.018379999997585,34.93793000000139],[32.01841999999759,34.93800000000138],[32.01842999999758,34.93807000000139],[32.01839999999758,34.938140000001376],[32.018349999997575,34.93817000000141],[32.018306649997605,34.93818734000141],[32.018319998997555,34.93831000000141],[32.01893542399759,34.93965783900141],[32.01910985199757,34.940039852001384],[32.01902933099759,34.940129455001376],[32.01801200199756,34.94062518900141],[32.01748001299758,34.94118759500138],[32.01733428099757,34.94122956500142],[32.01729691799757,34.94124032500138],[32.016995022997556,34.94132726800142],[32.01692348099755,34.94145727500142],[32.016920436997566,34.94145981200142],[32.01692999999756,34.94148000100141],[32.016779999997524,34.94161000000139],[32.01670067099752,34.94164211000138],[32.016602022997574,34.94169985600142],[32.01651058999757,34.941719047001406],[32.0163599999976,34.9417800000014],[32.01593999999758,34.9418500000014],[32.01558999999756,34.941800000001415],[32.015189999997574,34.9417800000014],[32.01437999999758,34.94157000000143],[32.01407999999755,34.94145000000139],[32.013759999997546,34.94127000000139],[32.01330999999756,34.94094000000142],[32.01317073299755,34.9404724630014],[32.013168835997554,34.94047027200138],[32.013168835997554,34.94047027200138]]]}