{"segmentId":"5000087","streetsFileVersion":236,"polygonPointList":[[[31.0482764909975,35.00300349500178],[31.052329959997596,34.99484599600174],[31.059103277997554,35.00089828600179],[31.059108958997577,35.00091098900177],[31.059129999997516,35.00088000000179],[31.059974281997533,35.00141114000181],[31.06024342999754,35.0015804620018],[31.060569563997547,35.001785634001784],[31.06156730299754,35.00241331400182],[31.062269839997523,35.002855282001775],[31.06417663899749,35.0040548550018],[31.064359472997488,35.00416987700179],[31.065113972997505,35.00464453500182],[31.065387160997496,35.004816398001815],[31.065862484997492,35.005115426001794],[31.065876211997473,35.00512406200182],[31.06650244799751,35.00551802900179],[31.067689746997488,35.0062649620018],[31.068269999997472,35.0066300000018],[31.069201545997498,35.00559178900181],[31.069579999997504,35.00517000000184],[31.069941189997532,35.00545534000179],[31.0705799999975,35.005960000001835],[31.069131808997493,35.01007104300183],[31.06830187299748,35.01242702000187],[31.067756229997443,35.013975963001876],[31.065819952997458,35.01947256100188],[31.06174387399742,35.02276752200189],[31.05988924099738,35.024266743001924],[31.058709999997408,35.02522000000192],[31.057178348997354,35.026425250001935],[31.056255118997417,35.02252293400191],[31.05725675099741,35.02041622600191],[31.057312957997432,35.0202980080019],[31.058031249997427,35.01913437500192],[31.059119935997437,35.01737070400186],[31.05924999999747,35.01716000000187],[31.058905124997423,35.017059537001906],[31.056949999997407,35.016490001001905],[31.05513148099743,35.01557801600188],[31.054344699997458,35.01243900000183],[31.0482764909975,35.00300349500178],[31.0482764909975,35.00300349500178]]]}