{"segmentId":"5000581","streetsFileVersion":236,"polygonPointList":[[[31.864468339997323,34.98483185900163],[31.864689220997334,34.984343116001625],[31.865807567997347,34.98400999200162],[31.866890873997363,34.98402386300163],[31.867260002997387,34.983900746001645],[31.867255204997335,34.983974279001615],[31.86719515599733,34.984894498001644],[31.867169999997348,34.98528000000162],[31.867366588997324,34.98568329500164],[31.867419292997383,34.98579141500163],[31.867588304997312,34.986138136001664],[31.868324785997356,34.98664090600163],[31.869398579997327,34.98725160000161],[31.870215123997323,34.98768774300163],[31.870419994997338,34.987691652001615],[31.87083774799732,34.98800272700163],[31.870883414997333,34.987700493001626],[31.871133355997326,34.98680255400165],[31.871494102997296,34.985654017001636],[31.871740615997364,34.985059203001626],[31.871921286997367,34.98514327800165],[31.872463750997348,34.98647452100163],[31.87243795899733,34.98743395900163],[31.872429999997337,34.98773000000165],[31.87425317799731,34.99078103300168],[31.874194337997327,34.99088604900165],[31.8729538609973,34.99310001900167],[31.87217216399729,34.993647705001685],[31.871459972997318,34.99414669300168],[31.871156594997302,34.994309147001644],[31.87110434699727,34.99433712500169],[31.87108322299726,34.99429249700169],[31.869758411997296,34.99149358700164],[31.867869999997296,34.99083000000169],[31.867603927997312,34.99058086600168],[31.86446080899732,34.98763783900165],[31.864099999997347,34.98730000000165],[31.864039627997347,34.98637517600161],[31.86411577099736,34.98559471300165],[31.864445268997358,34.98498645000165],[31.864468339997323,34.98483185900163],[31.864468339997323,34.98483185900163]]]}