{"segmentId":"5000478","streetsFileVersion":236,"polygonPointList":[[[31.79918137199399,35.33115725300453],[31.79834048099392,35.331559474004536],[31.79813283599391,35.334340033004544],[31.79768999999382,35.34027000000461],[31.80003050099373,35.344947968004675],[31.801257231993745,35.34739983800472],[31.801261267993734,35.34740372800473],[31.802272508993664,35.349931703004735],[31.802143618993647,35.3518435760048],[31.786252515993688,35.34909928700475],[31.78453435899377,35.34595904400469],[31.78338445199387,35.34000217100461],[31.776908848993866,35.3376022640046],[31.77924071999395,35.334651733004556],[31.779171564993938,35.33386336400452],[31.779002773993966,35.33193914700453],[31.781334645994004,35.3300831680045],[31.78318805899398,35.33027280900452],[31.785310204993987,35.328497215004454],[31.788157069994046,35.32611525000444],[31.793629829994057,35.32373578900444],[31.794416672994075,35.323705582004436],[31.794710210994072,35.3236943130044],[31.795603928994055,35.3236600040044],[31.79679697399408,35.323614203004404],[31.796873949994108,35.323748489004394],[31.797663097994036,35.32512516100446],[31.797872489993992,35.32763787100445],[31.79787253499398,35.33059201000448],[31.80339457899402,35.32593875300445],[31.804258683994032,35.32521059800445],[31.80428242499404,35.32523997600442],[31.804620728994063,35.3246672750044],[31.80517020299402,35.32490033400445],[31.806098578994007,35.32574669200444],[31.80543955199403,35.326671849004434],[31.806868552994008,35.328440150004496],[31.807039472993967,35.328992238004496],[31.80753570499401,35.32958187900448],[31.807992561993938,35.330733538004516],[31.80845893599395,35.33322721300453],[31.808463620993884,35.33473095500456],[31.80897449499383,35.33836456400462],[31.812030656993787,35.34169451000461],[31.813136964993788,35.34346675100466],[31.80876543499375,35.34630233900469],[31.806449193993757,35.342903700004676],[31.802914242993868,35.337566433004596],[31.800011616993945,35.331502081004516],[31.799605056993943,35.33160186200454],[31.79918137199399,35.33115725300453],[31.79918137199399,35.33115725300453]]]}