{"segmentId":"5000193","streetsFileVersion":188,"polygonPointList":[[[31.366442111996626,35.11460025800249],[31.365395148996587,35.11564722000247],[31.36510257099663,35.11575474900252],[31.3626111799966,35.116670389002486],[31.361611805996578,35.11662279900248],[31.359137165996593,35.115575837002496],[31.358373353996612,35.113183900002454],[31.358232970996642,35.11274427800246],[31.358661273996614,35.11188767200249],[31.360132212996643,35.111169508002455],[31.361183502996646,35.11029343300245],[31.36270635799662,35.10991271900248],[31.363796000996636,35.10853839600242],[31.36434818599664,35.107176339002415],[31.36525264699665,35.10663797000244],[31.365347559996643,35.106581474002425],[31.366299343996634,35.107747410002446],[31.366442111996705,35.108532632002444],[31.366394522996632,35.10993651400243],[31.368298090996646,35.10900852300245],[31.370106481996608,35.11053137900247],[31.37046340099662,35.11148316400246],[31.37053478499661,35.112411153002455],[31.371438979996626,35.11224459100245],[31.372343174996583,35.112101824002465],[31.37265250499665,35.112863251002494],[31.373024038996572,35.11341787800249],[31.37290185099662,35.113509111002465],[31.371412909996597,35.1146208550025],[31.371129171996603,35.114366725002455],[31.370629962996617,35.11445749000249],[31.370521782996605,35.114141965002474],[31.369107107996577,35.1136484730025],[31.366442111996626,35.11460025800249],[31.366442111996626,35.11460025800249]]]}