{"segmentId":"5000582","streetsFileVersion":96,"polygonPointList":[[[31.876381090997352,34.98303793300161],[31.876379785997358,34.9830397240016],[31.87637999999733,34.98304000000163],[31.87552999999734,34.984210000001646],[31.875528059997404,34.98420900700163],[31.87552713499731,34.98421027800161],[31.87525257999736,34.98406806400161],[31.874242457997322,34.98355125700162],[31.874266267997342,34.98390461300162],[31.874319999997375,34.98463000000161],[31.874191589997366,34.98551135600165],[31.874103817997337,34.98613628100161],[31.874100439997356,34.986136978001625],[31.874099999997348,34.98614000000162],[31.872939999997325,34.986390000001606],[31.87288999999732,34.986460000001664],[31.87267999999733,34.98645000000163],[31.872620854997315,34.98644211400164],[31.87246375499737,34.98647451300166],[31.872388905997305,34.98669055400165],[31.872399999997327,34.98704000000162],[31.872390415997327,34.98743293800163],[31.872389999997328,34.987450000001616],[31.87241999999732,34.98764000000165],[31.872429999997337,34.98773000000165],[31.872264798997303,34.98773901100162],[31.87202110099728,34.98775230400161],[31.871879999997294,34.98776000000163],[31.870859999997347,34.98779999900165],[31.87078999999734,34.98790000000161],[31.870719999997352,34.98789000000164],[31.87051999999735,34.98782000000165],[31.870509484997356,34.98781434800163],[31.870216171997303,34.98782641600167],[31.868326104997323,34.98765170200164],[31.868231251997337,34.98734365100165],[31.868186542997318,34.98719844900165],[31.867907092997317,34.986610955001645],[31.867806176997323,34.98640536800166],[31.86775999999733,34.98644000000166],[31.867729999997337,34.98637000100166],[31.86739999999729,34.98583000000166],[31.86741999999732,34.98579000000164],[31.86741999999732,34.98573000000163],[31.86739999999729,34.98570000000164],[31.867359999997362,34.98568000000164],[31.867299999997332,34.98569000000162],[31.867169999997348,34.98528000000162],[31.867149999997334,34.985040000001604],[31.86723999999733,34.98475000000166],[31.86731999999737,34.98460000000163],[31.867576489997344,34.98396864200161],[31.86742475599736,34.98393609000161],[31.867260002997387,34.983900746001645],[31.867627133997374,34.98009412100159],[31.867747899997383,34.980036198001606],[31.867759999997343,34.97977000000159],[31.867819999997373,34.979670000001605],[31.867919999997365,34.97960000000161],[31.86812999999738,34.979570000001566],[31.868319999997382,34.97955000000162],[31.868449999997374,34.9795400000016],[31.868669999997376,34.9794200000016],[31.868799999997407,34.97936000000159],[31.868989999997385,34.979350000001624],[31.869219999997362,34.97927000000159],[31.869499999997416,34.97905000000157],[31.869659999997413,34.978990000001616],[31.870199999997396,34.9790200000016],[31.87091999999742,34.978950000001596],[31.870989999997406,34.97874000000162],[31.8712399999974,34.97768000100161],[31.87128999999738,34.977610000001576],[31.871729999997427,34.97788000000157],[31.872179999997414,34.978080000001576],[31.872329999997373,34.97821000000159],[31.872412538997377,34.97826692300158],[31.872909999997376,34.97861000000161],[31.873009999997414,34.97860000000158],[31.873159999997384,34.97865000000163],[31.873269999997387,34.978710000001584],[31.873386866997432,34.978854915001605],[31.873732448997366,34.97836808200157],[31.874706800997412,34.97883546400158],[31.874269354997367,34.98031534800158],[31.87637281699738,34.98303072800164],[31.876381090997352,34.98303793300161],[31.876381090997352,34.98303793300161]]]}