{"segmentId":"5000200","streetsFileVersion":188,"polygonPointList":[[[31.401662744999022,34.59809181200046],[31.401098811998978,34.59829168800048],[31.400559289998974,34.59881573600047],[31.400302131998963,34.59906551900049],[31.40028699999897,34.599095999000454],[31.399640999998955,34.59978300000048],[31.399640815998954,34.59978319600044],[31.39953625099896,34.59989440400046],[31.398907337998995,34.600563275000475],[31.398649217998976,34.600876289000446],[31.398625964998967,34.600862526000476],[31.397446534998963,34.60211689200044],[31.397345854998928,34.60230080100049],[31.397185100998964,34.602502478000496],[31.397217712998955,34.60254854300048],[31.39677141599894,34.603021471000446],[31.396716990998996,34.60308975100044],[31.396667748999008,34.60315152900047],[31.396539663998983,34.60293080400045],[31.39650499999895,34.60293100000048],[31.396368042998983,34.60282104400048],[31.39636799999898,34.60282100000048],[31.396360069999012,34.60279120900045],[31.396276514998977,34.60247732600046],[31.39621808699898,34.60237663900046],[31.39614999999897,34.60216000000044],[31.396059999998958,34.60204000000046],[31.395749999999,34.60157000000044],[31.39575785699895,34.60156421400047],[31.395738627998966,34.601535796000476],[31.395702114998993,34.60148183300045],[31.395413999999,34.601299000000445],[31.39533999999896,34.601320000000456],[31.39524128099897,34.601266527000476],[31.393388917998962,34.60091826700046],[31.391632090999,34.60119704500046],[31.39141727399897,34.60060092800047],[31.39179999999898,34.600110000000434],[31.392005313999,34.599810049000446],[31.392530888998973,34.59868310900044],[31.39253386399895,34.59867969700049],[31.39297293399899,34.59817631800048],[31.392970482999004,34.598174859000444],[31.392959999999004,34.59819000000046],[31.39248999999901,34.59810000000045],[31.39221999999899,34.59799000000044],[31.391887999998996,34.597531000000465],[31.391265139998982,34.59865819400046],[31.39061920999901,34.599827138000485],[31.39058999999894,34.59988000000046],[31.38583999899897,34.601599999000435],[31.385371445999002,34.601409968000446],[31.38535999999899,34.601430000000455],[31.38521999999899,34.60145000000046],[31.384909999998964,34.60133000000049],[31.38479999999895,34.60130000000044],[31.384469999998995,34.60119000000044],[31.384239999998975,34.60109000000047],[31.38407999999899,34.60108000000043],[31.383659999999008,34.60100000000047],[31.383419999998978,34.600960000000455],[31.383109999998986,34.600890000000454],[31.38298999999897,34.60084000000047],[31.38283999999897,34.60060000000045],[31.382609999999005,34.600290000000435],[31.382589999998967,34.599850000000465],[31.38322197499896,34.59855684500048],[31.383234232998973,34.59852212500046],[31.384848999998976,34.593949000000464],[31.386389999999015,34.59509000000043],[31.38706999999897,34.59441000000044],[31.387579999999012,34.59393000000045],[31.387019999998998,34.59296000000045],[31.38703999999902,34.592880000000434],[31.387061053999027,34.59283642300044],[31.388009999998996,34.58998000000042],[31.388849999998985,34.58921000000042],[31.38937999999902,34.58874000000042],[31.39054037499899,34.589662102000425],[31.390579999998995,34.58962000000041],[31.390699999998983,34.58967000000046],[31.390744999998986,34.58968500000043],[31.390745364998978,34.589685125000464],[31.391139999998977,34.589820000000415],[31.391318556998982,34.590280489000456],[31.392238711999,34.59101169700045],[31.392309999999025,34.59101000000044],[31.39271999999901,34.59132000000045],[31.39271751099901,34.59139217900042],[31.395369999999026,34.59350000000046],[31.39532999999902,34.59199000000046],[31.393689999999,34.590860000000475],[31.39303999999899,34.589800000000416],[31.39263999999898,34.58820000000042],[31.392645799998984,34.58816519900045],[31.392769999999,34.587420000000456],[31.393209169998993,34.58722063300046],[31.393293300998995,34.586953987000456],[31.393919886998987,34.58689799400042],[31.39401899999903,34.58685300000046],[31.393899999998975,34.58660000000042],[31.39379999999901,34.58654000000046],[31.393949999999023,34.586460000000436],[31.394048652998965,34.586438077000416],[31.394072686999014,34.58610175300042],[31.393805388999052,34.58501651900046],[31.394267245998993,34.584788275000435],[31.394332580999034,34.58497413500042],[31.395039999999007,34.58536000000042],[31.395419999999007,34.58461000000044],[31.39570999999905,34.58473000000042],[31.396034897999,34.58507459000042],[31.39648508199896,34.585414729000426],[31.396759999998977,34.58560000000044],[31.396839999999013,34.585670000000434],[31.396912495998976,34.58573766300042],[31.397219999999,34.585970000000415],[31.397210649998986,34.58824206500042],[31.39720999899897,34.58839999900044],[31.398438757999017,34.588262745000456],[31.399089999999017,34.58819000000045],[31.39913172599904,34.58827441300047],[31.39976797599903,34.589561537000456],[31.399875598998996,34.58977925600043],[31.399929999998978,34.58988000000044],[31.39995999999902,34.589950000000435],[31.39975999999903,34.59023700000044],[31.39975956999902,34.59023761400043],[31.398609999999028,34.59188000000045],[31.39972695999901,34.592860638000445],[31.400231319998994,34.59330344300042],[31.400959999998978,34.59372000000047],[31.401149999998967,34.594110000000455],[31.401083991998977,34.59569240000047],[31.401089116998953,34.59574029400046],[31.401469997998966,34.596716001000466],[31.40143263399899,34.59679111700047],[31.40167368999899,34.597402245000474],[31.40172928999898,34.59771154800047],[31.401768868999,34.59791145000043],[31.401662744999022,34.59809181200046],[31.401662744999022,34.59809181200046]]]}