{"segmentId":"5000891","streetsFileVersion":236,"polygonPointList":[[[32.28421817599774,34.89106833100117],[32.28367112499774,34.895190705001205],[32.283913604997764,34.895197482001215],[32.28431335499774,34.89605408800117],[32.28417779899774,34.8969863900012],[32.28069085499774,34.89632176700122],[32.28053399899775,34.89632799300121],[32.27953981499775,34.89636745100121],[32.27051515799768,34.8967256350012],[32.265218568997746,34.89693585400119],[32.265443154997776,34.8934869770012],[32.26544316299771,34.893486857001164],[32.26544577399776,34.893446759001165],[32.26455248399774,34.89320756300117],[32.26156068399775,34.89240644900121],[32.26145008199775,34.89237683300121],[32.25567586899779,34.89083067300116],[32.255492835997735,34.88959883100118],[32.25507624499778,34.88679510700118],[32.25575297299779,34.879182280001146],[32.25575844299782,34.87918219400115],[32.25575113199785,34.87577252700111],[32.25799954599785,34.8759047860011],[32.25808904099785,34.8756540070011],[32.25841740699782,34.8755397930011],[32.25890281699783,34.87555406900109],[32.25925973599783,34.876225077001145],[32.2592738529978,34.87912728700116],[32.26105750199781,34.879099428001155],[32.26175964599782,34.87908846100112],[32.26212351399784,34.879082778001134],[32.262163154997836,34.87397859200113],[32.26497116599787,34.87382655900113],[32.26505434499787,34.871327054001114],[32.265036847997905,34.8710971750011],[32.26664260599787,34.87108106400112],[32.26659964299785,34.87247737600112],[32.26669535399784,34.87635377100111],[32.26785525899781,34.87651014900114],[32.26983835399785,34.876425206001144],[32.27083307199788,34.87544333500112],[32.27169961799786,34.874587981001106],[32.27201291099784,34.87427873400109],[32.27273919299785,34.87479288600114],[32.27299594999782,34.87497465000112],[32.27507999999785,34.87645000000111],[32.27600563199785,34.87601440900112],[32.276005886997844,34.876014289001134],[32.27628999999785,34.87698000000113],[32.276290624997834,34.87697937500115],[32.27635867799784,34.876911322001135],[32.27688999999783,34.87638000000111],[32.27716790899783,34.87610209100114],[32.27738758699788,34.87678361200113],[32.27776999999783,34.87797000000114],[32.278358643997805,34.87797000000114],[32.2784199999978,34.87797000000114],[32.27837926099782,34.87868216900113],[32.27834093499783,34.879352150001125],[32.279793551997834,34.879407175001134],[32.280344363997806,34.87942804000114],[32.28037640299781,34.879361224001116],[32.28044484899782,34.879218483001125],[32.28054961299786,34.879000000001156],[32.28111395899782,34.87782307400112],[32.28136383799784,34.877933638001124],[32.2815926029978,34.878034860001144],[32.28234559399783,34.87836803800115],[32.28307723999783,34.87869177100111],[32.284129580997806,34.87864047900115],[32.28596652499783,34.87865951500112],[32.28632335499779,34.88088669400111],[32.28637463199781,34.88113129100112],[32.28666462599781,34.882514586001165],[32.28876062499779,34.88290591000113],[32.289130312997784,34.88297493100113],[32.28871459399777,34.885988266001135],[32.28812312799777,34.89027550000115],[32.288013748997784,34.89106833100117],[32.28421817599774,34.89106833100117],[32.28421817599774,34.89106833100117]]]}