{"segmentId":"5000223","streetsFileVersion":188,"polygonPointList":[[[31.448047789998924,34.60699024300047],[31.447332463998958,34.609154671000475],[31.44786999999891,34.60978000000048],[31.447759999998983,34.60998000000048],[31.447648174998942,34.61013757200046],[31.447539999998952,34.6102900000005],[31.447521252998936,34.6103130320005],[31.44737201999894,34.61093499800049],[31.44581187999894,34.61269791100048],[31.44526510099894,34.61315867300047],[31.444578011998974,34.61316298700049],[31.444245741998973,34.613165073000495],[31.44319953399893,34.61301920000048],[31.441148797998903,34.61396709200048],[31.440560886998934,34.614407557000476],[31.440025236998917,34.614486425000486],[31.439567981998913,34.61384362600048],[31.439517707998913,34.61268731400045],[31.43787010099895,34.60997034400045],[31.437117583998962,34.608729415000454],[31.437841748998924,34.60763552700049],[31.43784194999898,34.607635223000464],[31.438158934998953,34.60715640100048],[31.43819809099894,34.60709725500046],[31.440449999998947,34.60579000000048],[31.440803360998974,34.605433591000484],[31.44267209899897,34.60421047300049],[31.442799999998925,34.604145105000455],[31.442879999999,34.60406000000047],[31.44348834899896,34.60486194000045],[31.44468989399898,34.604254338000445],[31.445589411998995,34.60379946700046],[31.446419199998946,34.60570910900045],[31.44753408199896,34.60327492300048],[31.448390784998974,34.60277957500047],[31.44892746999897,34.603243759000485],[31.44893394199896,34.60462428800044],[31.448047789998924,34.60699024300047],[31.448047789998924,34.60699024300047]]]}