{"segmentId":"5000567","streetsFileVersion":236,"polygonPointList":[[[31.861581533998244,34.809163542000945],[31.860888483998252,34.80835012300089],[31.860384130998252,34.8075117580009],[31.86001586699828,34.8068996080009],[31.8599208199983,34.80674161600092],[31.85944747199829,34.8061919970009],[31.860385980998274,34.80429369000092],[31.860536567998277,34.803310581000915],[31.860551863998268,34.803210723000916],[31.861071783998284,34.79981642800089],[31.857889999998324,34.79760000000088],[31.8580812079983,34.79689837600089],[31.858470153998294,34.79547117100086],[31.858531110998314,34.79524749700087],[31.858568454998334,34.795110464000885],[31.858948110998337,34.793717344000896],[31.85904107999833,34.793376202000864],[31.859099999998353,34.79316000000088],[31.859141440998336,34.79317360200084],[31.86033587899831,34.79356565500088],[31.861279999998345,34.79392000100088],[31.861469209998322,34.79326337800089],[31.86183882999834,34.791980667000885],[31.861982100998315,34.79104557100085],[31.863788042998323,34.79221943400087],[31.86433999999827,34.79462000000089],[31.86547189599829,34.79499729800087],[31.865596604998334,34.79481139100088],[31.86593629199834,34.794305012000876],[31.8661216549983,34.79436629900087],[31.867429461998356,34.79479870300085],[31.868249999998323,34.79507000000089],[31.871781024998338,34.79713970600089],[31.871824361998307,34.79716510800089],[31.872966879998287,34.79783479400087],[31.872273156998293,34.80144963100088],[31.872122370998277,34.80223534600088],[31.871349999998294,34.806260000000925],[31.870515030998224,34.80770954100094],[31.86740999999826,34.81310000000096],[31.866770360998242,34.813694310000955],[31.866485164998217,34.81395929500096],[31.866139999998225,34.814280000000934],[31.865843404998273,34.81397118800093],[31.862488809998254,34.81047841400092],[31.861581533998244,34.809163542000945],[31.861581533998244,34.809163542000945]]]}