{"segmentId":"5000489","streetsFileVersion":96,"polygonPointList":[[[31.806609999997224,35.00523000000174],[31.80658892799726,35.00524120900177],[31.806589335997263,35.005501937001775],[31.80610458999729,35.00586188700173],[31.805824412997236,35.006370967001764],[31.805391254997257,35.00705981100173],[31.80536534499722,35.00711994800173],[31.805018786997202,35.00792432200177],[31.804945349997187,35.00853511900175],[31.805420851997194,35.009691825001774],[31.806113052997205,35.01136533900179],[31.806088231997197,35.01184394900175],[31.805841165997194,35.011798798001756],[31.805849999997235,35.01182000000178],[31.805814027997183,35.0117938380018],[31.805602793997192,35.01175523500179],[31.805142985997215,35.011726278001746],[31.80488801699721,35.01197143200178],[31.804856713997186,35.012039531001754],[31.804685657997183,35.01334234600179],[31.80479014699719,35.01489743800179],[31.805379002997167,35.015823449001786],[31.806017823997134,35.016001607001826],[31.806477717997186,35.016090410001816],[31.806631199997128,35.0162396550018],[31.806708437997138,35.016658237001806],[31.806687675997136,35.01679741900181],[31.80668302899715,35.016948640001814],[31.806658068997134,35.017180802001796],[31.80662025799718,35.01728458500178],[31.806498002997138,35.01731446400179],[31.806429220997135,35.01730386200182],[31.80641999999716,35.017320000001796],[31.806449999997167,35.01745000000181],[31.806159999997124,35.0173600000018],[31.80614989399715,35.01735634500181],[31.806096480997155,35.01737731300181],[31.80515088799719,35.017020308001804],[31.80474000199718,35.016799996001794],[31.80442999999713,35.016650000001775],[31.804059999997182,35.016450000001825],[31.803809999997146,35.016340000001826],[31.803509999997196,35.01617000000179],[31.80331999999714,35.016069999001765],[31.80311999999714,35.015920000001806],[31.802919999997165,35.01578000000182],[31.802799999997184,35.01569000000182],[31.802745883997158,35.01561784500181],[31.80180159499717,35.014843719001796],[31.80103586399716,35.014384578001774],[31.800472544997195,35.01432576700181],[31.799841871997184,35.014385676001815],[31.799686212997152,35.01454674400177],[31.79929599599719,35.014950519001765],[31.797725551997154,35.01527174700178],[31.79728330299721,35.00880100500178],[31.796781601997235,35.00839974900174],[31.79653014399721,35.00780519100175],[31.796629789997237,35.007436193001745],[31.796987186997253,35.00710017400177],[31.798160070997202,35.00710778800175],[31.798164701997244,35.00696423500175],[31.798179999997267,35.00649000000173],[31.798459999997224,35.00646000000175],[31.79856999999723,35.00642000000175],[31.798949999997227,35.006270000001734],[31.799149999997258,35.00623000000177],[31.799289999997228,35.006260000001745],[31.799719999997222,35.00650000000178],[31.799809999997205,35.00643000000178],[31.79981451499723,35.006429624001775],[31.79992999999725,35.00642000000175],[31.800259999997206,35.00635000100174],[31.80039999999721,35.006350000001746],[31.800699999997242,35.006450001001774],[31.80085999999725,35.00644999900174],[31.801029999997212,35.006470000001734],[31.80141999999724,35.00664000000177],[31.801779999997237,35.006750000001766],[31.801729999997267,35.00686000000178],[31.801733556997224,35.00704140300178],[31.8017398819972,35.007363961001765],[31.8021225289972,35.00751539700178],[31.803399642997203,35.00751268900178],[31.803910303997224,35.00748170400175],[31.803910586997254,35.00748154500179],[31.804254333997246,35.00709592000174],[31.804471405997234,35.006852403001744],[31.80465536999721,35.00664700900176],[31.804669999997227,35.00662000000175],[31.804799999997257,35.00640000000174],[31.804869999997226,35.00616000000178],[31.804909999997246,35.00592000000175],[31.804889999997258,35.00510000000172],[31.804869999997255,35.004920001001764],[31.80483999999725,35.004730000001736],[31.804859999997287,35.00457000000175],[31.804909999997246,35.004460000001735],[31.80494999999729,35.004430000001754],[31.805029999997235,35.00438000000172],[31.80528999999726,35.00430000000175],[31.805699999997252,35.00423000100175],[31.806429999997224,35.00445000000176],[31.80649999999722,35.004460000001735],[31.806609999997224,35.004460000001735],[31.806699999997225,35.004440000001736],[31.806719999997238,35.00469000000172],[31.80690999999727,35.00502000000174],[31.80687999999724,35.00504000000175],[31.806609999997224,35.00523000000174],[31.806609999997224,35.00523000000174]]]}