{"segmentId":"5000805","streetsFileVersion":188,"polygonPointList":[[[32.130428281997,35.01904354000177],[32.130399999997024,35.0192500000018],[32.130399999997024,35.01929000000181],[32.13021999999704,35.01970000000179],[32.13011999999699,35.02000000000178],[32.129779999997005,35.020650000001794],[32.129719999997036,35.02068000000177],[32.129079999996996,35.02057000000182],[32.12894358199697,35.020551811001816],[32.12889227899701,35.02054667200182],[32.128589999997004,35.02052000000178],[32.12858582999704,35.02051597400178],[32.12858455299702,35.02051584600183],[32.128541040997035,35.0204727290018],[32.12829999999696,35.0202400000018],[32.127926738997,35.02003337400178],[32.127870635997034,35.02000308100177],[32.12767014799702,35.019935153001796],[32.12767999999701,35.02028000000181],[32.127359999997026,35.02076000000179],[32.12705999999699,35.0212300000018],[32.126735403996975,35.022539425001796],[32.126659999996996,35.02358000000179],[32.12643570899701,35.024718706001806],[32.126399999996956,35.02490000000183],[32.126109999996956,35.02560000000182],[32.12596463199696,35.02568250600184],[32.12593101599696,35.0257843400018],[32.12558999999695,35.02716000000182],[32.12523999999698,35.027860000001816],[32.12508999999696,35.027950000001816],[32.12504627699694,35.02799809400184],[32.12414749899697,35.02938347300184],[32.12401999999691,35.029579999001875],[32.12414202199697,35.02972490100186],[32.12417999999692,35.02977000000183],[32.12413858099696,35.029939442001854],[32.123959999996956,35.03067000000185],[32.123848125996936,35.030884675001836],[32.123695833996926,35.032040716001845],[32.12370403499695,35.03209271800187],[32.123789999996895,35.032630000001845],[32.123789999996895,35.033600000001854],[32.1233599999969,35.034590000001856],[32.12282193699688,35.03523712900188],[32.12261999999687,35.0354799990019],[32.12245999999689,35.035470001001904],[32.12231999999692,35.03546000000189],[32.122214481996906,35.035434264001886],[32.12155600699688,35.03536000000185],[32.12105999999691,35.03536000000185],[32.12012999999694,35.03546000000189],[32.11958999999693,35.035490000001865],[32.119349999996906,35.03536000000185],[32.11898377599691,35.03515191800187],[32.11890999999689,35.03511000000186],[32.1186299999969,35.03503000000189],[32.1183099999969,35.034780000001895],[32.11840999999689,35.03442000000189],[32.11875999999692,35.03373000000187],[32.11876286899694,35.033722306001884],[32.11912677999693,35.03255956800188],[32.11914571599694,35.032503685001856],[32.11810999999694,35.03162000000184],[32.11828999999697,35.03001000000186],[32.11775970299693,35.029364675001865],[32.117332195996944,35.03096703000186],[32.11718073999694,35.030893509001864],[32.117174060996966,35.030892622001865],[32.117149999996926,35.03091000000186],[32.11697446699692,35.03086611700187],[32.11631293599695,35.03077826700187],[32.115845647996956,35.03040803900186],[32.115659999996936,35.03032000000187],[32.11552265599694,35.030152136001824],[32.1153156969969,35.02998816400182],[32.119089405997,35.02455643800181],[32.119739999996966,35.023620000001806],[32.11974223299701,35.0236187330018],[32.11974308599696,35.023616215001816],[32.12011656099697,35.023405947001834],[32.12050678599701,35.02337969900179],[32.120608918997014,35.02340574100179],[32.123433477996976,35.02270926300178],[32.123616157997,35.0224199800018],[32.123589832996984,35.02216330600179],[32.123861165997006,35.02175961800178],[32.12398876299704,35.0214194180018],[32.12419365499701,35.02134556200182],[32.12427777299704,35.02124341800179],[32.124329999996995,35.02118000000181],[32.124469999997004,35.02118000000181],[32.12465942399704,35.02135295200178],[32.12478861399704,35.02127672100179],[32.12511616999705,35.02093045400179],[32.125115170997034,35.02024255600177],[32.12507117699702,35.019809534001794],[32.12502732899703,35.01947839400177],[32.125180961997046,35.019115771001765],[32.12517999999702,35.01911000000181],[32.12532999999706,35.01876000000178],[32.12533776399703,35.018703064001805],[32.12541556299702,35.018101806001795],[32.12567496999702,35.017566238001756],[32.12597815299704,35.01733632800178],[32.127836287997006,35.01697314100178],[32.128229999997,35.01664000000177],[32.128438929997046,35.01661388300177],[32.128936250997,35.01654200500179],[32.12894999999703,35.01654000000179],[32.129949999997045,35.016560000001746],[32.12997999999702,35.01657999900176],[32.13007999999706,35.01665000000175],[32.13036701999704,35.01686048100176],[32.13037874099709,35.016868713001784],[32.13037904599702,35.01686930000177],[32.13037999999704,35.01687000000176],[32.13049042999705,35.01708349800175],[32.130683149997026,35.017454109001754],[32.13085746099704,35.01803978700181],[32.130836415997045,35.01847297800177],[32.13055507999707,35.01883026700178],[32.130428281997,35.01904354000177],[32.130428281997,35.01904354000177]]]}