{"segmentId":"5000843","streetsFileVersion":236,"polygonPointList":[[[32.162590076997525,34.93987147800138],[32.1609157799975,34.938404139001385],[32.161129999997556,34.93815800000137],[32.161674355997526,34.9368819470014],[32.164341099997564,34.93063070000135],[32.16493031399757,34.93014041600132],[32.1657305999976,34.92947450000132],[32.17033759999756,34.92891860000132],[32.17080808499756,34.929402197001345],[32.1716644889976,34.930282468001316],[32.17234699999757,34.930984000001324],[32.17663999999755,34.938240000001386],[32.1776126699975,34.94101286100139],[32.17883799999749,34.944506000001404],[32.1795789719975,34.9456117590014],[32.178891785997486,34.94686082800143],[32.17386108899746,34.951723835001445],[32.173752150997416,34.95182914200145],[32.16994840299747,34.9472671640014],[32.16502675699754,34.9421274710014],[32.16430907999753,34.94137799800141],[32.162590076997525,34.93987147800138],[32.162590076997525,34.93987147800138]]]}