{"segmentId":"5000488","streetsFileVersion":236,"polygonPointList":[[[31.796803054997437,34.974536259001574],[31.79743775899743,34.97467153900158],[31.797879805997418,34.9744731160016],[31.79790128799741,34.97465571000157],[31.79800865899746,34.97468143300159],[31.798262036997436,34.974598950001564],[31.798384625997436,34.97455904300159],[31.798456024997463,34.97469033600157],[31.798577960997424,34.974914559001604],[31.798986346997427,34.975001602001605],[31.79924343299746,34.975056397001595],[31.80029922899745,34.97528142700156],[31.799775167997453,34.973659444001605],[31.79866523199748,34.97022416000156],[31.80010290399744,34.96849751600158],[31.80040336499749,34.96872110300156],[31.801351988997492,34.96942701800154],[31.801581785997463,34.96947657300157],[31.801921571997436,34.96954984800155],[31.802243797997487,34.96986133200156],[31.802385057997427,34.97016557500157],[31.80240648099745,34.97021171500157],[31.802650889997455,34.97039359100157],[31.803907800997465,34.97039042400158],[31.804523095997435,34.97157350600154],[31.804187810997462,34.9732054070016],[31.80373700299743,34.975399588001615],[31.805610982997447,34.97598722000158],[31.805708031997415,34.97689218300162],[31.80588755499739,34.97709854000159],[31.806138371997463,34.9773868470016],[31.806320750997404,34.97781239800158],[31.80636392999738,34.97791314900162],[31.806434527997432,34.97844686900157],[31.806030962997436,34.978804640001634],[31.805804713997386,34.979277888001626],[31.80521465799744,34.97967465000161],[31.804935394997404,34.9792127930016],[31.805064285997428,34.978793899001595],[31.80536502999743,34.978568341001576],[31.805336682997424,34.97847266900159],[31.80528748099743,34.97830661300157],[31.804696130997417,34.97836860700159],[31.80429321599746,34.97841084600158],[31.803249302997404,34.97852028300163],[31.801878683997398,34.978663971001616],[31.801793239997412,34.978672928001586],[31.80084125099743,34.978772729001626],[31.800257515997394,34.978127784001586],[31.800150830997413,34.97800991200161],[31.798064454997416,34.978062898001625],[31.79546059999746,34.97812902700163],[31.79561717599745,34.97770998900161],[31.794685019997413,34.976581194001604],[31.79479209599741,34.97583166400159],[31.79538696099748,34.9738448140016],[31.79573198299744,34.97327374400157],[31.796803054997437,34.974536259001574],[31.796803054997437,34.974536259001574]]]}