{"segmentId":"5000758","streetsFileVersion":188,"polygonPointList":[[[32.06684755299786,34.886209511001184],[32.06713210599782,34.88613853400118],[32.067139156997854,34.88571422100118],[32.06715395699788,34.88482361500119],[32.06669959599783,34.88483328000118],[32.06656365899785,34.883568855001194],[32.066109110997886,34.881359213001154],[32.06599009299785,34.88133087400117],[32.065878653997885,34.88090374500117],[32.06586075799789,34.880835149001165],[32.065780046997844,34.88086058600114],[32.06577969599788,34.880857941001146],[32.06558607599789,34.879398272001154],[32.065578161997884,34.87933861000114],[32.06557663699787,34.87932711100116],[32.06609354699788,34.879235115001116],[32.066690519997884,34.87913804600114],[32.0667093749979,34.879134980001155],[32.06673999999789,34.879130000001126],[32.06631999999792,34.87599000000114],[32.06631984299789,34.87599000000114],[32.06630756899791,34.875897664001116],[32.06625923999795,34.87553410400113],[32.066260124997896,34.87553275100111],[32.06627081899792,34.875104262001116],[32.06629996599789,34.873936380001105],[32.06657122499795,34.8729370060011],[32.07002271799793,34.87297273800112],[32.07054826999796,34.872978179001095],[32.07051748699792,34.87406486500112],[32.0705269989979,34.87482828100115],[32.07052705199789,34.87483185100114],[32.07048766899789,34.87511751100113],[32.07048560599789,34.875190298001144],[32.07027217799784,34.882724822001165],[32.070000429997854,34.885312416001156],[32.069970773997866,34.88577234900116],[32.06985145599784,34.887622858001166],[32.06925159399779,34.89035754600122],[32.06903603299782,34.89130959500119],[32.068407854997794,34.891402394001204],[32.067494141997805,34.891438086001195],[32.06731710599786,34.890577084001166],[32.06684755299786,34.886209511001184],[32.06684755299786,34.886209511001184]]]}