{"segmentId":"5000372","streetsFileVersion":236,"polygonPointList":[[[31.676175419992337,35.43919250800609],[31.67568134099233,35.438816578006055],[31.675778008992378,35.43853731600606],[31.675037443992363,35.43800385900604],[31.674510586992355,35.43762434300602],[31.675027503992403,35.436711761005995],[31.675063397992435,35.43664839300601],[31.675380596992408,35.436088400006035],[31.677270987992387,35.43537950300598],[31.678052394992445,35.43526402100603],[31.67807124399243,35.435271647005976],[31.680191913992367,35.43612962700604],[31.6803554059924,35.43618648900604],[31.68043880899242,35.43621549600601],[31.680502744992395,35.43685485700603],[31.680503877992365,35.436866186006],[31.680533987992348,35.437167281006005],[31.680435061992387,35.43786830500603],[31.680366302992333,35.43835554900605],[31.679435266992318,35.43956584100606],[31.678100023992346,35.439104483006055],[31.676696098992313,35.43890065400606],[31.676175419992337,35.43919250800609],[31.676175419992337,35.43919250800609]]]}