{"segmentId":"5000366","streetsFileVersion":236,"polygonPointList":[[[31.694613866998644,34.70262698500064],[31.695814211998666,34.70220580100064],[31.69599450999866,34.70281314600063],[31.696331999998623,34.703950000000674],[31.698881299998646,34.70496290000065],[31.69909270199862,34.705545764000675],[31.70050809599867,34.70944818900067],[31.70142999999867,34.71199000000069],[31.702568143998622,34.71517612800068],[31.7018742999986,34.715489300000684],[31.700531357998607,34.715116949000674],[31.700278969998624,34.715046971000675],[31.700270464998646,34.71503581800067],[31.70026799999862,34.71503300000069],[31.699819999998642,34.71458000000069],[31.699812999998624,34.71458300000069],[31.69959270399862,34.71467837500069],[31.698543928998614,34.713917593000694],[31.698178999998625,34.71345800000067],[31.698123132998603,34.713286706000694],[31.698058038998617,34.713087121000676],[31.698057999998632,34.71308700000064],[31.698054768998635,34.712174219000694],[31.697181492998684,34.71111053200068],[31.69716679999865,34.710395955000635],[31.69705599999864,34.71020100000065],[31.695897621998686,34.71005834300068],[31.695546754998652,34.71001513300068],[31.694238944998638,34.70985407300064],[31.693569516998647,34.71025400200067],[31.692096712998666,34.711771617000686],[31.691226249998646,34.71328827700068],[31.690581797998643,34.71313790400068],[31.690628456998624,34.71249537900069],[31.69081809699864,34.71114010400065],[31.6898514199986,34.710903806000644],[31.689885744998602,34.70968526000068],[31.68904373599862,34.709568641000644],[31.688867623998657,34.70919258300067],[31.688782993998647,34.70901187000065],[31.688781715998648,34.70463522500066],[31.689756758998644,34.704297710000645],[31.689756758998644,34.70395400200064],[31.691412099998647,34.70345062700065],[31.691677676998623,34.703431657000664],[31.69249604499865,34.702916384000645],[31.693708734998637,34.70294458300063],[31.694613866998644,34.70262698500064],[31.694613866998644,34.70262698500064]]]}