{"segmentId":"5000239","streetsFileVersion":236,"polygonPointList":[[[31.48659159499908,34.537521373000374],[31.4858381169991,34.53783327300036],[31.48616602499905,34.53850078800039],[31.48583587399907,34.538744682000385],[31.485517928999027,34.53811709400034],[31.485189304999086,34.53842842300035],[31.484825010999053,34.53916123100036],[31.484324665999104,34.53951862000034],[31.484007121999074,34.53928046300038],[31.484005382999097,34.53928740400037],[31.48243660399908,34.539190847000356],[31.481562061999043,34.54007473200037],[31.481330174999062,34.540309096000364],[31.481283434999042,34.540517204000345],[31.480966079999057,34.54107513300037],[31.480536445999064,34.54113957900037],[31.479875882999053,34.54060790600037],[31.479550205999082,34.539792301000354],[31.478730250999075,34.538956425000364],[31.4800265049991,34.53713323700035],[31.479937106999095,34.53700693800036],[31.47905229899907,34.535756908000366],[31.478919999999114,34.535570000000384],[31.476715378999085,34.53679178000035],[31.47550185399909,34.53525702800036],[31.475383344999106,34.53494293600036],[31.475893535999067,34.53474423000037],[31.477717691999104,34.53506088400039],[31.479029288999072,34.53512499500036],[31.478783446999085,34.52916260700035],[31.48171888799911,34.52650956600037],[31.481724717999114,34.52650429700033],[31.482366980999096,34.52592382200033],[31.482779294999116,34.526526790000354],[31.484079194999094,34.52842776400037],[31.486567836999093,34.529477417000365],[31.488158892999078,34.53381251200037],[31.487845347999095,34.536331159000355],[31.487025618999112,34.53705544900035],[31.486990421999106,34.537122282000354],[31.486961546999115,34.537177113000354],[31.486867061999064,34.53726503600038],[31.4868090309991,34.537319037000344],[31.48659159499908,34.537521373000374],[31.48659159499908,34.537521373000374]]]}