{"segmentId":"5000500","streetsFileVersion":188,"polygonPointList":[[[31.82647015699867,34.69093776500062],[31.826335717998674,34.691310013000646],[31.826349999998666,34.6913600000006],[31.82630740999865,34.691388393000636],[31.825819337998638,34.69273981500061],[31.825015939998703,34.6928243600006],[31.825009999998684,34.69286000000062],[31.825029999998648,34.69313000000062],[31.82469999999868,34.69293000000061],[31.824622338998644,34.69286578100065],[31.824186501998657,34.69291164600059],[31.824271160998684,34.6938289270006],[31.82352901999863,34.695066180000595],[31.823543258998683,34.69537100600065],[31.82308855899863,34.69602816800063],[31.822381214998657,34.69704377100062],[31.822356572998665,34.6970547480006],[31.82201047899862,34.69720891500061],[31.821594368998625,34.697394268000615],[31.821059835998653,34.696991478000605],[31.820916421998657,34.69684831500064],[31.818911671998674,34.69523388100061],[31.81888999999866,34.69527000000062],[31.818888477998662,34.695215204000654],[31.81764416999865,34.69421315900065],[31.816018382998628,34.69428160000064],[31.81488440699868,34.69565218600065],[31.813373776998656,34.694240404000595],[31.812628283998663,34.693543693000606],[31.813387778998667,34.69318963000063],[31.81379289199865,34.69300077400061],[31.814561630998668,34.69370071200064],[31.81530999999867,34.69270000000062],[31.815344605998668,34.6926904240006],[31.815344944998678,34.69268260600063],[31.816894797998717,34.69226144400062],[31.81711500299865,34.69098624700063],[31.817170150998635,34.69046634600061],[31.817220654998653,34.689990234000604],[31.817420782998667,34.6892154790006],[31.817872700998667,34.68890336700064],[31.818901545998695,34.689237055000596],[31.819324896998673,34.68663298500063],[31.82208558599871,34.68732541000059],[31.8224117119987,34.68738795400058],[31.822484861998706,34.68741051500063],[31.822745909998673,34.68749102900061],[31.823689514998684,34.688618546000605],[31.82487530299869,34.68960754400063],[31.825437704998688,34.69007662200061],[31.825633287998667,34.68997572700061],[31.825864691998664,34.69023747700059],[31.826204944998643,34.690631017000605],[31.82647015699867,34.69093776500062],[31.82647015699867,34.69093776500062]]]}