{"segmentId":"5000500","streetsFileVersion":236,"polygonPointList":[[[31.81430521599865,34.69247914900063],[31.815106051998654,34.69297271800065],[31.81530999999867,34.69270000000062],[31.815344605998668,34.6926904240006],[31.816894797998717,34.69226144400062],[31.817115001998644,34.69098624700063],[31.817204670998677,34.69046697500061],[31.817420782998667,34.6892154790006],[31.817707844998633,34.68883857300062],[31.818901545998695,34.689237055000596],[31.819324896998673,34.68663298500063],[31.822085588998668,34.68732541000059],[31.822484662998676,34.687425504000586],[31.822745909998673,34.68749102900061],[31.823245189998705,34.686578801000614],[31.82331913299867,34.686443701000584],[31.825953418998637,34.6885495090006],[31.82548468599865,34.68980763800061],[31.825633287998667,34.68997572700061],[31.825864691998664,34.69023747700059],[31.826204944998643,34.690631017000605],[31.82647015699867,34.69093776500062],[31.826335716998692,34.691310013000646],[31.82630740999865,34.691388393000636],[31.825819337998638,34.69273981500061],[31.825015939998703,34.6928243600006],[31.824622338998644,34.69286578100065],[31.824186502998685,34.69291164600059],[31.824271160998684,34.6938289270006],[31.82352901999863,34.695066180000595],[31.823543258998683,34.69537100600065],[31.822362678998626,34.69659663800065],[31.821594368998625,34.697394268000615],[31.820916421998657,34.69684831500064],[31.818911670998634,34.69523388100061],[31.818888477998662,34.695215204000654],[31.81764416999865,34.69421315900065],[31.816018382998628,34.69428160000064],[31.81488440699868,34.69565218600065],[31.813373776998656,34.694240404000595],[31.813085480998648,34.69397097300061],[31.81379289199865,34.69300077400061],[31.81430521599865,34.69247914900063],[31.81430521599865,34.69247914900063]]]}