{"segmentId":"5000462","streetsFileVersion":96,"polygonPointList":[[[31.786339113997247,35.00739637200178],[31.785394017997206,35.00802138800173],[31.784578559997257,35.00856067000178],[31.784511539997215,35.008633790001745],[31.784406093997276,35.00896738900179],[31.784396566997202,35.00917679700178],[31.784336204997224,35.009474882001776],[31.78436335099719,35.010688670001755],[31.784484230997254,35.0124189960018],[31.784574222997175,35.013284112001806],[31.784536154997202,35.01352033500181],[31.78453999999722,35.01352000000177],[31.784489999997213,35.01382999900179],[31.784486137997167,35.01383071200181],[31.784457053997166,35.01401118800178],[31.783362897997204,35.014668683001766],[31.78164842799718,35.0144561980018],[31.779877042997214,35.01423665900181],[31.778787269997206,35.01357964800181],[31.778281867997244,35.01241700300179],[31.77732499499723,35.01071226400179],[31.776882876997224,35.01025433600178],[31.77643883199721,35.00987457300177],[31.776023613997236,35.00901023100176],[31.775101840997234,35.00938320200176],[31.77366935899725,35.00643495400174],[31.772784175997277,35.004613125001725],[31.772032335997274,35.003065733001705],[31.772809959997286,35.00297262300173],[31.78109999999727,35.00198000000173],[31.781289999997284,35.002120000001725],[31.781319999997265,35.00219000000172],[31.78135999999728,35.00228000000172],[31.781379999997284,35.0023500000017],[31.781489999997298,35.002810000001745],[31.78152999999724,35.00298000000172],[31.781539999997293,35.00304000000173],[31.7815799999973,35.003150000001746],[31.78158295199727,35.003159446001725],[31.781823008997268,35.00339275400174],[31.781927917997272,35.00349471300175],[31.782430566997267,35.00352823200174],[31.783287989997277,35.00356098400173],[31.784086606997292,35.00380154200176],[31.785033317997247,35.00421484200175],[31.785951389997237,35.00521662000175],[31.786228968997218,35.005944226001745],[31.786259999997217,35.00586000000173],[31.786329999997264,35.00597000000174],[31.786307901997226,35.00616151500172],[31.78632172199721,35.00670826400175],[31.786339113997247,35.00739637200178],[31.786339113997247,35.00739637200178]]]}