{"segmentId":"5000336","streetsFileVersion":188,"polygonPointList":[[[31.665801187998454,34.7625212410008],[31.66541238699851,34.76265697600081],[31.664469999998467,34.762990001000794],[31.66428999999848,34.76298000000077],[31.663424704998498,34.762942840000804],[31.662660163998467,34.762912086000775],[31.66280323299845,34.76397089100079],[31.662804007998453,34.76398249600079],[31.663479999998458,34.76609000000083],[31.66327999999848,34.76612000000081],[31.663159999998477,34.76611000000077],[31.66298999999844,34.76605000000081],[31.66294016299844,34.76602009800082],[31.662950224998458,34.766170683000794],[31.66280452199846,34.76620925600078],[31.662319999998502,34.766340000000824],[31.66203999999845,34.76536000000079],[31.661804483998502,34.764861440000814],[31.661268858998486,34.76373363100078],[31.659629304998504,34.76403376900078],[31.65958750599845,34.76398750600079],[31.659209999998467,34.76361000000077],[31.659088229998503,34.76350284200078],[31.659040588998458,34.763460918000824],[31.659006086998506,34.76343227400077],[31.6589552089985,34.763390742000816],[31.65890757799844,34.76335330400082],[31.65885999999851,34.763320000000824],[31.65881453499845,34.76328523300078],[31.657993213998477,34.7627924400008],[31.657991425998464,34.762785713000774],[31.657859999998436,34.7627200000008],[31.65761999999848,34.76262000000077],[31.657569999998483,34.762570000000785],[31.65753999999848,34.762570000000785],[31.657519999998478,34.76255000000078],[31.65748999999849,34.762440000000765],[31.657477127998483,34.76239826200078],[31.65686948499851,34.76147255700079],[31.65512463599848,34.761762348000794],[31.65472999999845,34.76183000000077],[31.65400909499849,34.76194762200078],[31.65282879699847,34.76214365000079],[31.65276307799851,34.762091540000775],[31.652063899998446,34.76158523800081],[31.6520533979985,34.762717411000786],[31.65229800799849,34.76288207000079],[31.652429353998485,34.76264031700078],[31.652669203998485,34.762541331000826],[31.652813874998486,34.763045777000805],[31.65250571499851,34.763167952000806],[31.652377956998485,34.76317141200082],[31.652044996998494,34.76297256300081],[31.652056361998497,34.76157977900079],[31.65195999999848,34.76151000000079],[31.651956879998494,34.761452285000814],[31.651848197998483,34.761366108000814],[31.65184413899849,34.7612824400008],[31.651784612998515,34.7600553030008],[31.651838267998492,34.75970229100079],[31.65180999999852,34.759250000000804],[31.65190999999847,34.759210000000785],[31.653279999998496,34.75866000000081],[31.653789999998512,34.758440000000796],[31.654019999998496,34.758350000000796],[31.654569999998483,34.758130000000776],[31.65538999999853,34.757810000000795],[31.655391298998484,34.75781301700078],[31.655392878998484,34.7578123810008],[31.656120246998512,34.75743145100079],[31.65611999999849,34.75743000000079],[31.657089999998508,34.75692000000077],[31.657749999998536,34.75657000000079],[31.6582399999985,34.75631000000077],[31.658305639998492,34.75628693700075],[31.659194130998518,34.75582162600078],[31.65995539999853,34.75542294100079],[31.659961068998534,34.75541222100075],[31.6600840329985,34.7553555740008],[31.660714951998475,34.75502515600077],[31.66075999999848,34.754880000000796],[31.66088999999852,34.75493000000079],[31.66155999999851,34.755240000000796],[31.661668243998513,34.755383631000754],[31.662081137998545,34.75592553100079],[31.662079608998493,34.75592948100079],[31.662079999998507,34.75593000000076],[31.661459999998485,34.757540000000795],[31.66108533299852,34.758012794000756],[31.66062367399853,34.75860233700081],[31.660810777998496,34.75898155600076],[31.660929999998487,34.75922000000077],[31.66146947299849,34.7603089360008],[31.66205362699849,34.76016224700078],[31.662259999998522,34.76011000000079],[31.66233253299846,34.76009220900079],[31.662789389998494,34.759977486000764],[31.66464134099847,34.760079680000786],[31.66488964899848,34.7600933850008],[31.665389999998503,34.76012000000077],[31.66539030499851,34.76012101900079],[31.665508486998505,34.76012754200082],[31.665555973998483,34.76065867200077],[31.665709999998498,34.76114000000081],[31.6657499999985,34.761400000000776],[31.665621370998487,34.76139010500077],[31.665635011998496,34.7615426790008],[31.665713445998485,34.762419931000814],[31.665801187998454,34.7625212410008],[31.665801187998454,34.7625212410008]]]}