{"segmentId":"5000357","streetsFileVersion":96,"polygonPointList":[[[31.68098999999885,34.63868000000055],[31.68088620899883,34.638413110000506],[31.680638139998848,34.63778359400052],[31.680907891998825,34.63574410900049],[31.679857737998844,34.63523016200049],[31.67952094899883,34.635065337000526],[31.679506227998846,34.63487397900054],[31.67943999999887,34.634880000000535],[31.679177236998846,34.6347242980005],[31.679159999998816,34.6344600000005],[31.679139999998878,34.63425000000052],[31.679049999998877,34.63314000000048],[31.679374941998855,34.632854445000525],[31.679374882998854,34.632853161000526],[31.67937690799885,34.63285271800048],[31.679379999998833,34.63285000000053],[31.679919999998823,34.63273000000049],[31.68130999999886,34.63248000100049],[31.681299999998885,34.630770000000496],[31.681179999998854,34.62964000000051],[31.68119451099887,34.629632372000515],[31.681084466998872,34.62848821300047],[31.681362907998853,34.62840499100047],[31.68178076999886,34.62832088800052],[31.683252757998837,34.6285337700005],[31.683462121998854,34.6301853860005],[31.683607031998875,34.63140725300054],[31.683803868998847,34.63140604400053],[31.68409999999886,34.6314000000005],[31.684609999998877,34.63149000000049],[31.684981429998842,34.63155419800051],[31.685490153998824,34.63164024600053],[31.686328784998857,34.632124207000516],[31.68640616499886,34.633835639000495],[31.68647695999884,34.6340797580005],[31.68647942599886,34.634080360000496],[31.686479999998866,34.634080000000495],[31.686636185998857,34.63411864400052],[31.687453912998876,34.63431834800054],[31.68769531299885,34.634381328000536],[31.687849999998843,34.634420000000496],[31.687868953998844,34.63442499300049],[31.688518726998815,34.63459615200048],[31.689896473998875,34.63495559900054],[31.69108010799886,34.63494837100051],[31.69109870999885,34.63466668700051],[31.691146415998833,34.63388816000048],[31.691020832998852,34.63129069300049],[31.690989999998838,34.63071000000053],[31.691019999998858,34.62830000000047],[31.691023085998854,34.62830000000047],[31.691030385998904,34.62772030800049],[31.69125537599888,34.627121041000514],[31.693208205998907,34.6273535300005],[31.693587176998843,34.62804230300048],[31.693649999998858,34.6281500000005],[31.693619999998884,34.62907000000052],[31.693749999998875,34.62907000000052],[31.69380999999883,34.62908000000049],[31.6938399999989,34.62910000000049],[31.693849999998836,34.62916000000052],[31.693859999998825,34.62952000000052],[31.693849999998836,34.629570000000506],[31.69378999999883,34.62959000000051],[31.693599999998867,34.62959000000051],[31.69357320099885,34.63028676300052],[31.69357033499884,34.630367729000504],[31.693604740998875,34.63106276500047],[31.695992971998862,34.63083640000053],[31.696064355998896,34.633763137000535],[31.69383924299886,34.63386340500051],[31.694290022998835,34.635417922000514],[31.694330482998843,34.635483996000524],[31.69548370799883,34.637367298000534],[31.6968097829988,34.64063016100051],[31.69683888999881,34.640701780000505],[31.696808708998816,34.64071365900051],[31.694735381998825,34.641529698000525],[31.69215559899882,34.641382217000526],[31.69020351699882,34.64131247100052],[31.690200428998853,34.64131001500051],[31.690199999998843,34.64131000000051],[31.689082299998834,34.64042182800053],[31.687797500998816,34.639985067000524],[31.68719938499881,34.639781741000505],[31.686578275998823,34.63925920600054],[31.685659999998833,34.638490000000516],[31.68565681499884,34.638489545000496],[31.68443579399879,34.63952362100049],[31.683993348998833,34.6398826630005],[31.684602020998817,34.643548378000524],[31.68312451799881,34.64466041300053],[31.682979563998806,34.64476848800054],[31.682838023998816,34.644880550000515],[31.682697617998862,34.64499658900055],[31.68255949299883,34.645116566000546],[31.682085387998843,34.64402621100051],[31.682079999998813,34.64402999900053],[31.681766063998804,34.64329182700052],[31.6817074829988,34.64315710100052],[31.6812116819988,34.64123667000054],[31.68113999999881,34.64096000000053],[31.68012047999881,34.64099640100052],[31.680031249998844,34.639939920000536],[31.681066206998835,34.639838347000534],[31.68098999999885,34.63868000000055],[31.68098999999885,34.63868000000055]]]}