{"segmentId":"5000705","streetsFileVersion":188,"polygonPointList":[[[32.011417679996086,35.140426639002605],[32.01055395299607,35.13938643400262],[32.01010061299611,35.13919332100257],[32.009829021996126,35.13858569200258],[32.0097590199961,35.13842907800259],[32.00964736099615,35.13637203700257],[32.00936182499613,35.134030648002565],[32.0093815899961,35.13259541700255],[32.00878127599614,35.132155752002554],[32.009073797996145,35.13106205900251],[32.00894160199614,35.1307945110025],[32.00822377899616,35.13005230300253],[32.00796938699617,35.12990105800249],[32.007693740996146,35.12966139200253],[32.00711979999618,35.12957744500252],[32.00580605899617,35.12821385600251],[32.00589724499618,35.12790990200251],[32.005922561996165,35.12782551300251],[32.00588738099619,35.12777447100252],[32.00572510199616,35.127478671002514],[32.00534713299617,35.127077929002496],[32.00529658999622,35.12707150600249],[32.0049801749962,35.127031297002475],[32.00473800099621,35.12702570100248],[32.00399849899617,35.1274952320025],[32.001979217996194,35.1259055840025],[32.001774028996216,35.12501319900252],[32.00159860599624,35.124734235002485],[32.001472010996196,35.12393112100247],[32.00146572599625,35.1238253270025],[32.0014499999962,35.1237100000025],[32.00143999999624,35.12347000000247],[32.001443194996206,35.12344604000245],[32.001435597996235,35.1233181580025],[32.00148924999628,35.122726259002455],[32.00155470999625,35.122564632002444],[32.00157999999623,35.122500000002475],[32.00166866799624,35.12228325700246],[32.0016690929962,35.12228221300247],[32.00166999999624,35.12228000000247],[32.001697858996216,35.12224357000249],[32.00175098599623,35.12217220500244],[32.00177008799625,35.12185106300247],[32.00175878899624,35.121732551002445],[32.00177292899623,35.12158778300246],[32.00180999999622,35.12118000000244],[32.00183660499626,35.12113565800247],[32.00186644199622,35.121077196002446],[32.00206449799625,35.120971326002476],[32.00206599499626,35.12097220300247],[32.00206999999627,35.12097000000245],[32.00231999999625,35.12112000000248],[32.002479056996265,35.121477878002466],[32.002406771996235,35.121034432002446],[32.00245392299628,35.120775246002445],[32.00245999999623,35.12074000000247],[32.00246048099628,35.12073919900247],[32.00246061699627,35.120738449002445],[32.00248534599627,35.12069775700247],[32.00263999999626,35.12044000000243],[32.002799999996256,35.12006000000242],[32.00285332599626,35.12001898000245],[32.0029284179963,35.11995593000244],[32.003234555996286,35.11984995700243],[32.00323760699627,35.11985084900243],[32.003239999996254,35.11985000000243],[32.00344999999624,35.119910000002456],[32.003518139996245,35.11998086600244],[32.00370308599625,35.120166610002464],[32.00372624099623,35.120172624002464],[32.00379999999628,35.12018000000245],[32.00386651599627,35.12020850800247],[32.00399129999625,35.12018748900244],[32.00405295999623,35.12023564600242],[32.00411103699626,35.120277752002444],[32.00484581799626,35.12047770500244],[32.005269663996245,35.12044003000245],[32.00526999899628,35.12043999900243],[32.00527032799626,35.12043996700243],[32.00540630699624,35.12051685200243],[32.00579287199622,35.120735423002444],[32.00602726999625,35.12109456600247],[32.00602903399624,35.12109855200244],[32.00602999999627,35.12110000000247],[32.00606505799625,35.12117993300246],[32.00627981899624,35.12166509700247],[32.00627982199628,35.12166959300244],[32.00627999999625,35.12167000000246],[32.00627999999625,35.121801431002446],[32.00631089299622,35.12186903600248],[32.006280018996236,35.12197276200245],[32.00628003899624,35.12200330000248],[32.00621922999624,35.12217699200246],[32.006113405996246,35.122532528002495],[32.0062728489962,35.12342645900245],[32.00831239899621,35.123503402002456],[32.0090579739962,35.1249121210025],[32.00958868999618,35.12606121300251],[32.009656334996166,35.126966625002524],[32.009844532996155,35.12754124400249],[32.00983450299617,35.12800091500248],[32.00983147599617,35.12813965300251],[32.0098680579962,35.12854779300251],[32.00989718599621,35.12855906200253],[32.01031999999617,35.128700000002496],[32.01083999999615,35.128910000002534],[32.010886470996155,35.1289417960025],[32.01224746299618,35.12946833600252],[32.01217421099618,35.13039751100254],[32.01192804099614,35.130586904002506],[32.01118925199615,35.13317404200256],[32.011988749996135,35.13460171800256],[32.01238849999609,35.136714680002584],[32.012352765996084,35.13864432000255],[32.01233139299607,35.1397984610026],[32.011417679996086,35.140426639002605],[32.011417679996086,35.140426639002605]]]}