{"segmentId":"5000050","streetsFileVersion":188,"polygonPointList":[[[30.809260999995008,35.302042000004334],[30.809161841994978,35.30238551200437],[30.809406204995014,35.3026715760044],[30.808661431995013,35.30354935900437],[30.807614469994967,35.3046885260044],[30.807054134994964,35.3049232990044],[30.807059999994944,35.30494000000439],[30.80644999999496,35.30544000000438],[30.806050623995002,35.30502464900442],[30.805591927994968,35.30490862600439],[30.804591934995013,35.30461892900441],[30.80451952599498,35.30459795300438],[30.803911433994966,35.30436729800438],[30.803503666994974,35.30396743900441],[30.802816251995022,35.30306520700435],[30.802661645995002,35.30268468900436],[30.80244237499501,35.30214501400439],[30.80188585599504,35.30181000000436],[30.801529999995015,35.30181000000436],[30.80149367899497,35.30157391600436],[30.801307720995027,35.30146197200433],[30.800771676995033,35.301334782004325],[30.800689999994997,35.30181000000436],[30.800615486995028,35.30129772300437],[30.799923079995015,35.301133432004335],[30.799771066995017,35.30105513400438],[30.79966999999501,35.30131000000436],[30.798309999995066,35.30065000000437],[30.797845070995027,35.29935119800435],[30.79784499999506,35.299351000004336],[30.797779999995043,35.29917000000434],[30.797779999995043,35.29896128200433],[30.797634811995067,35.29893280800435],[30.797599999995107,35.29423999900428],[30.79867836699509,35.29350629000425],[30.798749999995117,35.29335000000424],[30.798849999995152,35.293190000004245],[30.798949999995127,35.29306000000423],[30.799069999995094,35.29296000000426],[30.799209999995142,35.29289000000425],[30.799369999995122,35.29283000000424],[30.79955999999511,35.292790000004224],[30.801129999995148,35.29285000000425],[30.801369999995153,35.292880000004224],[30.801599999995148,35.29296000000425],[30.80180999999511,35.29307000000426],[30.80202999999512,35.29324000000423],[30.802679999995142,35.29378000000424],[30.802817590995122,35.29389366200428],[30.802817999995117,35.293894000004286],[30.802969999995135,35.29402000000427],[30.80311999999509,35.29419000000429],[30.803219999995104,35.29433000000428],[30.803279999995063,35.29450000000424],[30.803327202995078,35.29472028300429],[30.803419225995114,35.29478552100428],[30.80395911599508,35.29532727900428],[30.803969999995104,35.29533000000427],[30.804449999995057,35.295470000004315],[30.804429999995055,35.295680000004296],[30.80444558799511,35.2957267630043],[30.805125387995094,35.29590225800431],[30.806139915995097,35.296164163004306],[30.806123999995087,35.29601000000426],[30.80740699999511,35.29605400000426],[30.80876299999506,35.29711000000429],[30.80965399999502,35.29808000000429],[30.81000699999502,35.29898500000435],[30.81013097699501,35.29964387900431],[30.810130999995067,35.29964400000434],[30.810135999995044,35.299674000004316],[30.809986999995015,35.300385000004354],[30.809781999995007,35.30118100000434],[30.809446999995007,35.30176200000436],[30.809260999995008,35.302042000004334],[30.809260999995008,35.302042000004334]]]}