{"segmentId":"5000229","streetsFileVersion":188,"polygonPointList":[[[31.442064404997176,35.03867353500196],[31.440634602997182,35.03672386200194],[31.440496747997145,35.03685777900197],[31.440430037997142,35.03696201400194],[31.440144502997153,35.03719996000197],[31.439502048997163,35.03679545200195],[31.439145129997176,35.035677105001945],[31.439144974997145,35.035676488001926],[31.438572958997177,35.03480462400196],[31.438045395997197,35.03400051500195],[31.437646068997182,35.03363076900196],[31.4371939709972,35.032702779001916],[31.437360533997204,35.03139407500191],[31.436971330997192,35.03078566500192],[31.43529040299724,35.0281580080019],[31.435123839997257,35.02742037600192],[31.435456964997247,35.02649238600188],[31.438026782997245,35.024993325001866],[31.43872149099722,35.025434313001895],[31.440763162997236,35.0267303320019],[31.44123905499723,35.027325197001886],[31.44178633099724,35.02811041900189],[31.441975921997194,35.02870289200193],[31.441997525997234,35.02873802900193],[31.44230981299723,35.029228766001935],[31.442738115997212,35.0299426040019],[31.4426905259972,35.03068023700194],[31.44255868499721,35.03090620500193],[31.442465251997213,35.03106634500193],[31.442526645997173,35.031196720001894],[31.44243384599717,35.031435856001906],[31.44222383299722,35.03148012400192],[31.442157904997188,35.03159312100195],[31.442084270997213,35.031726318001915],[31.44229324999717,35.031978598001956],[31.441766947997237,35.03272508800195],[31.441475575997202,35.03265034100196],[31.44133423399721,35.03286934100192],[31.4416197689972,35.033892509001944],[31.4418101259972,35.035581927001964],[31.440842456997157,35.036521948001926],[31.442902191997177,35.03845871800199],[31.442429593997126,35.03898502100195],[31.442064404997176,35.03867353500196],[31.442064404997176,35.03867353500196]]]}