{"segmentId":"5000318","streetsFileVersion":236,"polygonPointList":[[[31.648777865998706,34.68314869300063],[31.64833164299874,34.68297578200058],[31.64830197399873,34.68296428500058],[31.647483406998727,34.68290406800058],[31.64740595799869,34.682558230000595],[31.64478665499876,34.682114964000604],[31.64452887399874,34.68357572100062],[31.64582098899876,34.68403266300059],[31.645452172998713,34.68571018300059],[31.645496290998672,34.68735140100062],[31.645511658998757,34.68792308200063],[31.646808464998713,34.688517947000605],[31.647022616998726,34.68886296900064],[31.646713286998736,34.68923178500062],[31.645380788998718,34.68808964400063],[31.643619922998738,34.687317499000635],[31.64315599299872,34.68711406500062],[31.642931727998743,34.68645372900061],[31.642727689998715,34.68585295100063],[31.642858559998704,34.68497255000061],[31.643114520998697,34.68484856900061],[31.643619987998743,34.684603734000625],[31.644036392998732,34.68412784100063],[31.644167263998714,34.683342619000584],[31.644357020998765,34.68026753600058],[31.642182109998775,34.67938201300061],[31.641301245998775,34.67902336600057],[31.641267222998767,34.67673089700057],[31.641252820998737,34.67576046700057],[31.64100447399876,34.67561092500059],[31.640699595998743,34.67542734200057],[31.64070554399876,34.67501688500059],[31.640968794998756,34.67496695800055],[31.641050565998757,34.67495145000058],[31.64160194099873,34.67509708300056],[31.641997167998742,34.675201474000595],[31.642236251998746,34.675264622000576],[31.642250697998787,34.675268438000586],[31.643733408998756,34.67455289000056],[31.64475062799876,34.673952076000575],[31.64614261299875,34.67333341600059],[31.646874296998757,34.673488081000606],[31.647623826998764,34.6743803790006],[31.647980745998712,34.675474931000586],[31.64799150199874,34.67685162400059],[31.647992643998737,34.67699778600061],[31.64730259999874,34.6788180740006],[31.647796840998762,34.67961933700063],[31.64889683899871,34.6799840100006],[31.648794539998725,34.68108372800059],[31.648777865998706,34.68126297000058],[31.64887952199874,34.681884202000596],[31.649020810998756,34.6827476360006],[31.649045554998732,34.682898850000626],[31.648777865998706,34.68314869300063],[31.648777865998706,34.68314869300063]]]}