{"segmentId":"5000009","streetsFileVersion":236,"polygonPointList":[[[29.58196397799818,34.95834493600169],[29.58240179899819,34.95836397200166],[29.582753523998214,34.95814029900166],[29.58315327299822,34.9584401110017],[29.58361012999824,34.95805463800171],[29.584545257998222,34.95884699900169],[29.584705116998215,34.960001041001696],[29.5845173409982,34.960599710001695],[29.583596130998195,34.96164346300167],[29.58357344799816,34.9617008880017],[29.583466039998218,34.96223793100171],[29.582486420998194,34.96446812600171],[29.582819537998173,34.964840810001725],[29.582517996998128,34.965541599001725],[29.5823389109982,34.96595779900175],[29.582046237998174,34.9663289950017],[29.58196517099816,34.96630111800172],[29.58179653799816,34.966243131001725],[29.581444439998165,34.96677672000172],[29.581246820998153,34.96672714400173],[29.580763936998157,34.96774618700172],[29.57983594699816,34.967377370001756],[29.579538513998166,34.96717511600176],[29.578611066998178,34.96676012600173],[29.577992289998186,34.96776110800173],[29.57665979199818,34.96726142100172],[29.57677464899822,34.96703181200174],[29.57694542399815,34.9666904190017],[29.578969144998155,34.96383961000169],[29.57854013499818,34.96326470700173],[29.577612145998174,34.96245569000172],[29.578302188998208,34.96121837000169],[29.579021954998186,34.96155498400168],[29.579542003998235,34.96055337000171],[29.579551108998242,34.96053773700168],[29.579578635998207,34.960490477001706],[29.57959932999823,34.960454948001704],[29.580426747998178,34.95993976300172],[29.58104321099822,34.95955592800168],[29.58196397799818,34.95834493600169],[29.58196397799818,34.95834493600169]]]}