{"segmentId":"5000181","streetsFileVersion":188,"polygonPointList":[[[31.35323671799856,34.76223672500079],[31.352546167998565,34.76056296900079],[31.352438275998555,34.7599246520008],[31.352359070998553,34.75945605900081],[31.352447487998578,34.75925355900081],[31.353098938998585,34.757761547000776],[31.352831885998576,34.75590309100079],[31.352954929998603,34.75568611600079],[31.35303249799858,34.75554933200078],[31.353894147998563,34.755593041000786],[31.35501635499856,34.75526549400081],[31.35585742899856,34.752872096000765],[31.35598230599858,34.752516739000775],[31.35628190299857,34.75161364600079],[31.356717433998615,34.7511019230008],[31.357358409998596,34.75160848800078],[31.358487529998566,34.753163247000764],[31.35964998499857,34.754744336000776],[31.359747384998574,34.7558123750008],[31.360059368998577,34.7592334090008],[31.358323056998547,34.76306192100079],[31.358236222998553,34.763364485000835],[31.357953145998557,34.76455056000079],[31.35743060999853,34.765029739000816],[31.356060702998537,34.76434471300083],[31.355942786998543,34.76433453000081],[31.355141902998565,34.76390030300084],[31.354502779998594,34.7636669270008],[31.354042286998535,34.763335397000816],[31.35323671799856,34.76223672500079],[31.35323671799856,34.76223672500079]]]}