{"segmentId":"5000490","streetsFileVersion":188,"polygonPointList":[[[31.798105965997046,35.03475264200192],[31.797843761997065,35.03691766900191],[31.79791353099704,35.037414640001934],[31.79780208699698,35.037972991001936],[31.797923833997018,35.03805061200194],[31.797853137997016,35.038228076001936],[31.797914910997044,35.038470112001896],[31.79781313399697,35.038639479001915],[31.797445605997005,35.039251080001925],[31.796614590996974,35.04044627800194],[31.795035165996996,35.040739589001944],[31.79497896799699,35.04118279500195],[31.794470756996997,35.04219323400193],[31.794003490997007,35.04278417400197],[31.79393999999701,35.042910000001974],[31.793759999996997,35.04301000000195],[31.793619999996952,35.04304000000198],[31.79349999999699,35.04305000000196],[31.793199999997,35.04297000000194],[31.79298999999696,35.042910000001974],[31.792789999996966,35.04282000000197],[31.792579999996974,35.042560000001934],[31.792499999997016,35.04246000000197],[31.792389999997013,35.04225000000193],[31.79227294299699,35.041916389001955],[31.792000575997015,35.04137157700196],[31.791449746997007,35.03972060900191],[31.790974578997034,35.038489315001925],[31.790741903997024,35.03788638700195],[31.790696926997025,35.037694477001935],[31.790323295997037,35.03677952900193],[31.79031357099703,35.03673151400193],[31.79013293999703,35.03583964200191],[31.79034950599703,35.03448193700192],[31.79044226999703,35.03390038100187],[31.791393887997067,35.032619020001874],[31.791282868997055,35.03247628200191],[31.791320461997056,35.03235276200192],[31.791476203997053,35.0324064660019],[31.791665453997055,35.032428586001885],[31.79206675699705,35.03210220900192],[31.792451212997054,35.031888854001885],[31.792458087997073,35.0318819240019],[31.792461801997046,35.031882977001914],[31.792480700997068,35.03187248900192],[31.79371282999706,35.032099156001905],[31.793934645997048,35.032300489001926],[31.794275284997052,35.032397052001926],[31.79492811599707,35.032326345001906],[31.79574058999704,35.03290333500192],[31.79587122299708,35.0329537650019],[31.796535561997036,35.03273637300188],[31.79712344799705,35.032735286001895],[31.798104124997046,35.033375937001935],[31.798105965997046,35.03475264200192],[31.798105965997046,35.03475264200192]]]}