{"segmentId":"5000046","streetsFileVersion":188,"polygonPointList":[[[30.774687002994902,35.31312353900451],[30.76933189999494,35.31141970000447],[30.76645001699498,35.31007905000448],[30.76411729499495,35.30899386900446],[30.76262079999494,35.30829770000441],[30.762806259995074,35.29851746200434],[30.762823799995058,35.29759250000433],[30.763106254995083,35.29636519100431],[30.763109130995126,35.29635269400431],[30.763390499995143,35.295130100004286],[30.761780036995116,35.294384947004254],[30.761763574995086,35.29437733000425],[30.757741633995163,35.29251639600426],[30.756851259995177,35.29210442400426],[30.756595677995158,35.29198616800426],[30.748794730995186,35.28837670600422],[30.747346466995218,35.28770660100417],[30.745503999995208,35.28685410000417],[30.74636328299534,35.277239962004096],[30.74645539999536,35.27620930000408],[30.749054770995343,35.27358854300406],[30.75262979999545,35.269984100003995],[30.75383939099543,35.26697173300396],[30.75513529999551,35.263744400003944],[30.758275003995482,35.26214925200389],[30.7673758639955,35.25752549800387],[30.768659487995528,35.25687334400384],[30.769899199995557,35.25624350000383],[30.770805874995677,35.24647732100373],[30.77177360099579,35.23605353100362],[30.77187139999581,35.23500010000362],[30.775660014995726,35.23614344600361],[30.776760977995725,35.23647570000362],[30.782069399995738,35.23807770000368],[30.781009999995653,35.24423400000373],[30.78138085099564,35.24672317400377],[30.782603399995534,35.25492900000384],[30.779624599995515,35.256697500003824],[30.779683164995536,35.257130801003875],[30.780450699995498,35.26280950000393],[30.77805919999543,35.26503920000393],[30.778617299995435,35.26755285400395],[30.780249499995307,35.27490420000404],[30.777092399995357,35.276408300004086],[30.783517699995326,35.27695510000408],[30.78303527199532,35.27810394000409],[30.781881499995272,35.280851500004104],[30.77591224899523,35.28512995200415],[30.775812523995228,35.28520143000415],[30.775455355995195,35.2883717630042],[30.774668845995095,35.295353070004275],[30.774454591995088,35.29534883400427],[30.77461127899507,35.29879818800431],[30.774669899995054,35.30008870000435],[30.77563892299502,35.300582776004354],[30.784577930994995,35.305140510004414],[30.793513434994953,35.309696458004474],[30.793516886994936,35.30969821800445],[30.794329999994925,35.310112800004475],[30.7935012579949,35.31057302400448],[30.78905779999486,35.31304060000453],[30.784435605994872,35.3131283390045],[30.7754125399949,35.313299617004496],[30.7752500999949,35.31330270000452],[30.774948710994874,35.313206807004484],[30.77492326299492,35.31319871000451],[30.774687002994902,35.31312353900451],[30.774687002994902,35.31312353900451]]]}