{"segmentId":"5000917","streetsFileVersion":188,"polygonPointList":[[[32.313393426997386,34.95471524600142],[32.31300204699739,34.954750048001436],[32.31294075799736,34.955308813001444],[32.3121118609974,34.95562654000141],[32.31129349599739,34.95447954400142],[32.31115979999739,34.95429215900142],[32.31113999999741,34.95444000000142],[32.310924262997396,34.95442801500147],[32.31085138699739,34.954470047001415],[32.30973070399738,34.95511645000144],[32.309317321997355,34.955176961001456],[32.30735962799734,34.955150968001455],[32.30656203599738,34.95516258000143],[32.3064184349974,34.95606161900142],[32.3062702439974,34.956799027001445],[32.30567032699735,34.95709711400148],[32.30493999999736,34.95746000000143],[32.304606527997414,34.95708624400144],[32.30402948399736,34.95704062900146],[32.30402117899738,34.95643018000143],[32.3034499989974,34.95578999900144],[32.303323631997394,34.954308390001444],[32.30324530199738,34.95339000000146],[32.30315999999738,34.95339000000146],[32.30313999999739,34.952889999001414],[32.303079999997436,34.952870000001454],[32.30310999999741,34.9526200000014],[32.30316375599742,34.952440812001456],[32.30316218899738,34.952415536001425],[32.30303867399743,34.95238000000144],[32.30246999999739,34.95237999900146],[32.30247063899738,34.95236563400143],[32.30244517199738,34.95236570400142],[32.301600478997415,34.95198578500141],[32.301534601997396,34.951956155001454],[32.30140999999737,34.95197000000146],[32.30138999999737,34.95192000000141],[32.30138380099741,34.951903882001446],[32.301386220997394,34.95188127200142],[32.30137118099741,34.950505967001405],[32.301370110997404,34.950408139001425],[32.301375083997385,34.950227307001406],[32.30138368399738,34.94998906100142],[32.30134909799744,34.9492725950014],[32.30130723399739,34.94840535400141],[32.301278118997466,34.94839295800142],[32.301279999997455,34.94825000000139],[32.301301716997465,34.94822393900142],[32.30139999999743,34.94752000000142],[32.30208999999746,34.947330000001436],[32.302429999997464,34.94725000000141],[32.30256630999742,34.947274055001394],[32.30293999999743,34.94734000000141],[32.30374999999742,34.94771000000139],[32.30301328899742,34.94662173100141],[32.30321605499745,34.945687304001396],[32.30336774599744,34.94508424000138],[32.30371660599742,34.9436973050014],[32.3038504779975,34.94316508100141],[32.30396784499745,34.942821979001366],[32.30454577899749,34.941132482001386],[32.30467121099745,34.94076580200137],[32.30486015299745,34.94084506300137],[32.305180685997456,34.940979525001374],[32.30591476199746,34.94127350500136],[32.306494904997486,34.941505838001405],[32.30648832199747,34.9415280750014],[32.3095387429975,34.942807719001365],[32.30960596399748,34.94294217700141],[32.30980999999745,34.942970000001395],[32.31001238599743,34.94383177200141],[32.31011999999743,34.94429000000137],[32.31029999999743,34.94589000000143],[32.31032999999745,34.946000000001376],[32.31035999999744,34.94634000000143],[32.31068999999745,34.94716000000141],[32.31109999999743,34.950470000001424],[32.31119569599738,34.9510515030014],[32.31136999999743,34.951380000001414],[32.31149999999738,34.95193000100142],[32.31154999999739,34.952050000001414],[32.31147999999743,34.952180000001434],[32.31143554599736,34.952508964001446],[32.31155932399735,34.95326111100145],[32.31165080999739,34.95325927400144],[32.31270589899738,34.95321182700146],[32.3129704089974,34.953304209001445],[32.313159999997396,34.95331000000143],[32.313152471997405,34.95337863600141],[32.31347985799737,34.95443443200141],[32.313451705997345,34.95452589800143],[32.313393426997386,34.95471524600142],[32.313393426997386,34.95471524600142]]]}