{"segmentId":"5000462","streetsFileVersion":236,"polygonPointList":[[[31.784406093997276,35.00896738900179],[31.784414144997193,35.00976420300175],[31.786079824997223,35.009650277001775],[31.786555716997213,35.00972642000177],[31.786803180997214,35.010202312001766],[31.785889467997197,35.01071627600176],[31.784422982997256,35.01063898600178],[31.784433651997226,35.011694992001786],[31.784457053997166,35.01401118800178],[31.783362897997204,35.014668683001766],[31.78164842799718,35.0144561980018],[31.779877042997214,35.01423665900181],[31.778787269997206,35.01357964800181],[31.776661621997224,35.01006511100179],[31.776023613997236,35.00901023100176],[31.776831003997202,35.00848897600174],[31.776383950997243,35.00732563600178],[31.777759536997245,35.00652329300175],[31.778006198997243,35.006379422001764],[31.78087400899726,35.005176446001755],[31.781217716997265,35.00402902400172],[31.780648450997262,35.00401828300174],[31.78056121299727,35.002954031001735],[31.78109999999727,35.00198000000173],[31.78144048299724,35.00260292900172],[31.781824383997254,35.003305293001716],[31.781927917997272,35.00349471300175],[31.78255957799728,35.00364119200172],[31.78281710599724,35.003542997001745],[31.783545421997275,35.003265292001714],[31.784250149997266,35.00387293900176],[31.784504437997256,35.00409219700172],[31.785033317997247,35.00421484200175],[31.78614142399723,35.00571474800175],[31.78625625099725,35.00587017500173],[31.786329999997264,35.00597000000174],[31.786334718997214,35.006708545001736],[31.786339113997247,35.00739637200178],[31.784406093997276,35.00896738900179],[31.784406093997276,35.00896738900179]]]}