{"segmentId":"5000986","streetsFileVersion":236,"polygonPointList":[[[32.42921119799696,35.015632882001725],[32.422172752996936,35.0123349490017],[32.42228951899698,35.01076980000171],[32.422073553997,35.010690230001735],[32.420743798996945,35.010200296001706],[32.42017271899696,35.00998988800172],[32.418645782996954,35.00942730500168],[32.41864053599697,35.00942537200172],[32.41779587999695,35.008532723001686],[32.418044617997,35.0071062540017],[32.41627589299698,35.00669322000169],[32.41644180699706,35.000688049001674],[32.41753224599706,34.99929861900165],[32.418654705997035,34.99786838800163],[32.420923345997075,34.99730122800161],[32.421596594997034,34.99892571400165],[32.42179007399704,34.99939256000164],[32.42504635899709,34.997188223001665],[32.42578884199703,34.99735964700164],[32.42778607199709,34.997382312001655],[32.428010338997005,34.99893158900165],[32.428060165997096,34.99893562900167],[32.42821342999699,34.999534336001666],[32.42881494899703,35.00188409300167],[32.42884109899705,35.001986245001675],[32.428866370997014,35.00210080500167],[32.42941879999704,35.00446582800165],[32.42975054799701,35.00476061700168],[32.43019312799698,35.0069949310017],[32.430635707997006,35.009157861001704],[32.430871273996935,35.009750347001734],[32.43151372899697,35.01295548100173],[32.43188492499695,35.01311966400172],[32.43214190699695,35.0132624320017],[32.432129212996955,35.013536005001725],[32.43193996099693,35.01567019700177],[32.43101288099694,35.015657519001735],[32.42921119799696,35.015632882001725],[32.42921119799696,35.015632882001725]]]}