{"segmentId":"5000356","streetsFileVersion":236,"polygonPointList":[[[31.665564350996416,35.12179774200252],[31.665999999996398,35.12175000000253],[31.666607102996384,35.1208333930025],[31.667019999996384,35.12021000000248],[31.667143869996448,35.12014664800249],[31.667367798996402,35.1200321210025],[31.67173803399643,35.117796996002454],[31.672029629996445,35.117647861002496],[31.673387309996475,35.11695348500248],[31.6732921309964,35.1188380180025],[31.672340346996396,35.12013244400247],[31.672095240996445,35.12025916800251],[31.671693742996403,35.12046674800251],[31.670263729996382,35.121206085002484],[31.66837999999642,35.12218000000252],[31.66881944499639,35.12284963100252],[31.669219999996386,35.12346000000253],[31.669936666996406,35.12346000000253],[31.671029999996374,35.12346000000253],[31.671745273996383,35.12425454800253],[31.671983219996388,35.12523012700254],[31.671626300996365,35.12618191100254],[31.671031435996372,35.127026620002525],[31.67028190599636,35.12759769000257],[31.67071020799634,35.12923951800258],[31.669829807996294,35.13072668200256],[31.66951410699633,35.13074961000259],[31.66886393399633,35.13038365800253],[31.668171499996294,35.13053479300255],[31.66791371899634,35.13051331100258],[31.66774777999637,35.12984628100253],[31.66671611299635,35.12945802200256],[31.666643612996353,35.129141167002565],[31.665773602996328,35.128703477002546],[31.665499710996365,35.12820939700253],[31.665591453996345,35.12770385000254],[31.665229999996395,35.12583000000255],[31.66388999999635,35.125610000002524],[31.663878225996392,35.125077246002526],[31.663845576996398,35.12359987700252],[31.66422188099637,35.12335039400252],[31.664460528996397,35.12191870900251],[31.665564350996416,35.12179774200252],[31.665564350996416,35.12179774200252]]]}