{"segmentId":"5000962","streetsFileVersion":188,"polygonPointList":[[[32.37620735799714,34.98765850800158],[32.375773799997155,34.986872440001605],[32.37447351899715,34.984745795001565],[32.37449191299716,34.98451313600156],[32.37448999999717,34.984510000001585],[32.37413999999717,34.98393000000157],[32.37409999999716,34.98390000000159],[32.374039999997166,34.98390000000158],[32.374039999997166,34.983690000001545],[32.374203317997186,34.983585476001544],[32.37387703899716,34.9829223450016],[32.37606999999718,34.97946387300154],[32.37606999999718,34.97936000000155],[32.376249999997164,34.97918000000154],[32.376577010997195,34.97915804800155],[32.37660930199723,34.97908154300156],[32.37747984099718,34.97906106600154],[32.37831395199719,34.97904144600155],[32.38008343899716,34.97982418200158],[32.38016858099724,34.97996569700157],[32.38101999999717,34.98039000000157],[32.38168999999715,34.984240000001584],[32.380479999997135,34.98680000000162],[32.37988455299715,34.98691964400161],[32.37986018599713,34.98695526300157],[32.379434943997126,34.987009985001585],[32.37863259399717,34.98717120200161],[32.378572310997114,34.9876365760016],[32.37734648199716,34.98753935300159],[32.37707151399717,34.9875175450016],[32.37620735799714,34.98765850800158],[32.37620735799714,34.98765850800158]]]}