{"segmentId":"5000417","streetsFileVersion":96,"polygonPointList":[[[31.756718633998634,34.702511537000674],[31.756639999998672,34.702600000000665],[31.756599999998652,34.70272000000065],[31.756599999998652,34.70279000000065],[31.75662999999863,34.70290000000065],[31.756359999998644,34.70383000000063],[31.756279999998647,34.70410000000063],[31.75602999999865,34.70418000000066],[31.75602058299866,34.704165874000665],[31.755741796998645,34.70424203100063],[31.75573999999866,34.70426000000064],[31.75459999999862,34.70456000000067],[31.75431999999867,34.70450000000065],[31.75382999999864,34.70440000000068],[31.753828282998686,34.70439275400062],[31.753617606998635,34.703744327000635],[31.751390271998655,34.704572078000666],[31.75034885499863,34.705638156000674],[31.75007967299867,34.70560181700066],[31.748870069998645,34.70543852100068],[31.748869999998675,34.705440000000664],[31.74879104499868,34.70542785300066],[31.748605293998686,34.70540277700068],[31.748604370998663,34.70540240400064],[31.74769960499862,34.70578898700066],[31.747509999998623,34.70587000000066],[31.747319999998673,34.70560000000066],[31.74715999999864,34.70555000000067],[31.747079999998643,34.70549000000065],[31.746979999998644,34.705330000000664],[31.746629999998646,34.704850000000675],[31.746610775998665,34.70452319600062],[31.746589999998616,34.70417000000064],[31.746479326998635,34.70404965600065],[31.74510884499868,34.70256653600065],[31.74392273699866,34.701070357000646],[31.745029491998668,34.70011984200064],[31.74502786799868,34.69970993200066],[31.745024967998656,34.698977865000664],[31.74505021899867,34.69856886900062],[31.745059999998645,34.698370000000644],[31.745062497998656,34.698370000000644],[31.74514420299869,34.69704662800064],[31.745129999998692,34.697040000000655],[31.745153209998687,34.69690074000062],[31.7451559519987,34.69685632400065],[31.744932717998662,34.69578145600065],[31.74483999999868,34.69580000000066],[31.74477999999867,34.69579000000062],[31.74477999999867,34.69553000000065],[31.744816340998685,34.69522110100065],[31.74480058999869,34.695145262000615],[31.744830117998667,34.69512936000064],[31.74489999999866,34.69475000000063],[31.745139999998667,34.6948500000006],[31.745219573998646,34.69491962700063],[31.745359256998697,34.69484440400061],[31.745566734998675,34.694731772000644],[31.746605392998656,34.69325922300062],[31.74684945399864,34.69312957500063],[31.746759999998687,34.693060000000635],[31.746899999998657,34.69268000000063],[31.7471399999987,34.69216999900061],[31.74764642499866,34.69270621500062],[31.748622562998655,34.69218768000064],[31.74882458199869,34.69207247500061],[31.74908999999865,34.69192000000061],[31.749474706998672,34.69170172700063],[31.750271097998677,34.69124756800062],[31.750500307998657,34.69111685600063],[31.75063609699868,34.69021877700061],[31.750296276998718,34.68935473500061],[31.750254697998685,34.689249014000595],[31.75023580599867,34.6892009770006],[31.749929999998713,34.6884300000006],[31.749929999998713,34.68798318100061],[31.749927503998673,34.687367559000606],[31.75032302099867,34.68733228800061],[31.75090302199868,34.68728056600059],[31.752645304998705,34.68718929700059],[31.75487617099868,34.687258481000626],[31.75495083199872,34.688481756000606],[31.75514776299866,34.689337900000616],[31.755944123998688,34.69280001400063],[31.75604117899872,34.69301860200063],[31.756109999998664,34.69301000100064],[31.756499999998702,34.692930000000615],[31.756579999998674,34.69319000000065],[31.756669999998675,34.69336000000061],[31.756779999998663,34.693970000000604],[31.756779999998663,34.69408000000062],[31.756689999998677,34.694119999000634],[31.75660999999864,34.69418000000065],[31.756580088998685,34.694232344000625],[31.756739655998643,34.69459172400065],[31.75665332899868,34.695271046000634],[31.756659374998648,34.695960834000644],[31.75667999999869,34.69597000000063],[31.756759999998636,34.69606000000063],[31.756819999998672,34.69619000000064],[31.756819999998672,34.69632000000065],[31.756809999998627,34.696400000000615],[31.756769999998685,34.696440001000624],[31.756663659998704,34.69644966700061],[31.756665738998652,34.696686804000606],[31.75677191499865,34.69844070900065],[31.75680249299867,34.69894665300065],[31.756809999998627,34.698960000000646],[31.75682999999867,34.69934000000065],[31.756885629998667,34.69992664100063],[31.756939999998647,34.700500000000616],[31.75696727199867,34.70061818200061],[31.75696995699863,34.7006274810006],[31.756985087998682,34.70066621200063],[31.756999415998667,34.700700600000644],[31.757021164998623,34.70074727100066],[31.757032528998675,34.70076708500064],[31.757129999998686,34.70090000000063],[31.757269999998666,34.70102000000062],[31.757439999998642,34.70109000000066],[31.757719999998667,34.701360000000676],[31.75744999999868,34.702120000000626],[31.757219999998675,34.70259000000063],[31.757026557998643,34.702547948000664],[31.75698990899861,34.702540688000646],[31.756942418998644,34.70250423900066],[31.75692576499868,34.70249741100062],[31.756829999998633,34.70248000000063],[31.756720806998683,34.70250978000065],[31.756718633998634,34.702511537000674],[31.756718633998634,34.702511537000674]]]}