{"segmentId":"5000036","streetsFileVersion":236,"polygonPointList":[[[30.561118693996374,35.186654654003185],[30.556203326996343,35.1862242280032],[30.554355898996366,35.18128343300312],[30.554650977996403,35.17894247300313],[30.55500035099646,35.17617078300307],[30.557483789996454,35.17446276600306],[30.55817964599644,35.1743233550031],[30.558700996996524,35.170392748003025],[30.56084337899649,35.17006997500303],[30.561340718996444,35.17339832500306],[30.561401903996423,35.173807794003054],[30.56367896599645,35.17389372100309],[30.56380785599642,35.177030052003126],[30.56501083299643,35.17724486900311],[30.564964981996415,35.17862954900311],[30.565191809996403,35.17872183800313],[30.565474045996428,35.17935144000313],[30.566360125996404,35.18064364900313],[30.566479098996385,35.18261860200315],[30.56622016699633,35.185473644003196],[30.56640183199634,35.187117285003204],[30.564658937996327,35.186964664003206],[30.564456556996287,35.18951903900322],[30.563362004996304,35.18944765500321],[30.563433101996324,35.18685732100318],[30.561118693996374,35.186654654003185],[30.561118693996374,35.186654654003185]]]}