{"segmentId":"5000293","streetsFileVersion":188,"polygonPointList":[[[31.60316287599844,34.77827450400082],[31.598530044998483,34.775916591000836],[31.598599828998502,34.775461431000835],[31.598790640998477,34.77561078700084],[31.598927619998452,34.77545004500085],[31.598952640998455,34.77540825800081],[31.599054650998468,34.775251149000816],[31.59919719799847,34.77488712900082],[31.600154248998496,34.773423264000805],[31.600904114998443,34.7726996900008],[31.601879413998468,34.771933489000816],[31.602095792998472,34.77173224700082],[31.602083657998442,34.77169913400084],[31.601915332998498,34.771429390000804],[31.601836541998477,34.77129642200081],[31.60180078599848,34.771223301000845],[31.601680976998455,34.7709663610008],[31.601646072998467,34.77087612100084],[31.601513218998452,34.77053264300079],[31.601506374998458,34.770504986000816],[31.601397166998495,34.77004714200084],[31.601265033998445,34.76954575800081],[31.60119322899845,34.76889927300081],[31.60114314899849,34.76812249300084],[31.601134600998503,34.76793187300083],[31.601114549998446,34.76742495800081],[31.599490536998516,34.76029614600077],[31.59881273299851,34.75732083500076],[31.598784911998514,34.75724849700077],[31.5987556879985,34.7570704290008],[31.59852599699849,34.7560621750008],[31.59846999999855,34.7559400000008],[31.598059999998508,34.755060000000796],[31.597999999998507,34.754780000000764],[31.597999999998507,34.754690000000764],[31.598029999998538,34.75460000000077],[31.598149999998505,34.754430000000795],[31.598119999998527,34.754280000000776],[31.598939999998485,34.753779999000805],[31.600289999998484,34.752960000000755],[31.600949999998548,34.75259000000078],[31.60180999999855,34.75214000000077],[31.602144993998536,34.751962290000776],[31.60514844799855,34.750232813000736],[31.605770860998526,34.749874409000746],[31.606300421998533,34.749569474000765],[31.606339999998546,34.74952000000078],[31.606459367998557,34.74946574200075],[31.606559999998556,34.749420000000754],[31.607529999998537,34.74916999900078],[31.607822253998528,34.74960740600076],[31.607999999998537,34.749600000000754],[31.607999999998537,34.749790000000786],[31.607999999998537,34.74987343200079],[31.61331307599854,34.749431560000765],[31.61331999999854,34.74930000000077],[31.614182259998543,34.74925708200076],[31.615529999998525,34.74919000100076],[31.61671999999855,34.74912000000079],[31.61709999999854,34.749100000000766],[31.617419999998543,34.74909000000073],[31.61852414799856,34.75011307600076],[31.61897275499857,34.75052874400079],[31.621509952998498,34.75593608700079],[31.623132516998513,34.75436686600078],[31.623729270998542,34.75378973100076],[31.62818112699852,34.760836333000775],[31.629190727998466,34.76243437600078],[31.631733936998454,34.766459885000835],[31.63198451699848,34.7665784030008],[31.637016339998468,34.76895831800081],[31.64094245099847,34.76853001600082],[31.64096981299843,34.76911373500084],[31.641087455998456,34.7716234460008],[31.641370753998412,34.777667147000834],[31.640850694998406,34.77768419800082],[31.637016339998432,34.777809914000834],[31.634481825998435,34.77775819000083],[31.63303672799842,34.777777288000834],[31.631828815998432,34.777793252000826],[31.625166623998428,34.77788129800086],[31.622796302998424,34.77866572100083],[31.620645928998407,34.77937735500086],[31.618956230998407,34.780094197000835],[31.615244271998417,34.78116495400087],[31.613816594998443,34.78145049000086],[31.613737260998402,34.78144474800087],[31.61228999999837,34.78134000000086],[31.608302511998453,34.780273251000835],[31.604752374998405,34.77889264200086],[31.60316287599844,34.77827450400082],[31.60316287599844,34.77827450400082]]]}