{"segmentId":"5000053","streetsFileVersion":236,"polygonPointList":[[[30.851062076998613,34.77528450900089],[30.852039710998607,34.776410434000894],[30.85417999999863,34.77058000000086],[30.85470029899868,34.77246969300086],[30.85530573599861,34.77466860000087],[30.856080055998635,34.77449044600089],[30.85770909599863,34.77411564000086],[30.858382908998603,34.77797902800089],[30.858389342998617,34.7780159160009],[30.85839987099862,34.77807627900089],[30.860074924998596,34.77837784700088],[30.86040426499862,34.780137782000885],[30.8605599999986,34.780970000000856],[30.855891666998577,34.78818657900093],[30.855761727998594,34.78838744700091],[30.85379999999855,34.79142000000095],[30.849819745998577,34.78827717600092],[30.849759999998593,34.78823000000091],[30.848599999998562,34.78626000000088],[30.8476967729986,34.78205215100091],[30.847326920998615,34.780329126000865],[30.84894724599865,34.77822592600089],[30.84872164599864,34.7778007630009],[30.84833108299863,34.777064714000886],[30.84960986399863,34.775930399000885],[30.84957638699865,34.77555471500088],[30.849714395998593,34.77531201000088],[30.85009627799861,34.775610912000865],[30.851062076998613,34.77528450900089],[30.851062076998613,34.77528450900089]]]}