{"segmentId":"5000171","streetsFileVersion":236,"polygonPointList":[[[31.341198743999296,34.403338256000225],[31.33884017899929,34.39891746200021],[31.338384016999296,34.398062451000214],[31.3383435339993,34.39798657200021],[31.338059243999314,34.398057649000236],[31.338011775999284,34.39806951700024],[31.336632639999305,34.398834745000215],[31.336273953999292,34.39892913600023],[31.335909283999275,34.39902510200023],[31.3354825499993,34.398852102000205],[31.335425017999242,34.40002672400021],[31.33536999999931,34.4011500000002],[31.33364999999928,34.40288000000021],[31.33319487299925,34.402685502000224],[31.332254303999292,34.40228354900023],[31.33180999999929,34.40215217200023],[31.330728981999275,34.40183252300022],[31.330498388999313,34.40176433800025],[31.330010599999287,34.40131224000021],[31.33026044299928,34.40059840200025],[31.331221568999265,34.39959568500024],[31.331260490999238,34.399531473000195],[31.33210999999932,34.398130000000215],[31.331928318999267,34.39796700000022],[31.33173551499927,34.39779402000022],[31.330484551999263,34.3966716820002],[31.33057999999929,34.395190000000234],[31.33045219899927,34.39516211600023],[31.330029999999326,34.3950700000002],[31.331840050999272,34.39326925500024],[31.333919999999303,34.391200000000204],[31.334389999999303,34.391880000000235],[31.334745894999276,34.3916098100002],[31.33526049299933,34.39121913600024],[31.336839999999295,34.39001999900022],[31.338307780999266,34.39162022000021],[31.33890295999929,34.39313974300023],[31.339633393999275,34.395004581000244],[31.339026024999303,34.39748145800024],[31.33958293799926,34.39808018300022],[31.340556288999313,34.39912661000022],[31.34308794599926,34.39813203000023],[31.343554409999253,34.39794877600025],[31.34363046099928,34.398140055000226],[31.344732242999296,34.40091120500023],[31.341198743999296,34.403338256000225],[31.341198743999296,34.403338256000225]]]}