{"segmentId":"5000550","streetsFileVersion":188,"polygonPointList":[[[31.828533584992403,35.428506724005835],[31.82811892299237,35.42904517300588],[31.828119182992385,35.42904691600587],[31.82809194099236,35.42922038700585],[31.827998027992358,35.42935700600584],[31.82796385899242,35.42945188700584],[31.827852303992376,35.429568998005855],[31.82748476799235,35.43010366700585],[31.827472961992388,35.43014720400586],[31.827379999992367,35.4304900000059],[31.827362035992383,35.43050571900588],[31.8273648469924,35.430571752005875],[31.82727488599236,35.43058197400589],[31.82724296799238,35.43060990300588],[31.827153022992377,35.430803611005885],[31.826798217992373,35.43076394700589],[31.826623725992356,35.43100138600588],[31.826676545992353,35.431229177005875],[31.826817097992343,35.43136143600587],[31.82687999999238,35.4314200000059],[31.826924461992366,35.431574133005874],[31.82693974399235,35.43162491300591],[31.827074842992342,35.431763987005915],[31.82705774799235,35.431793153005906],[31.827117457992323,35.43186839800592],[31.827110461992348,35.43201036700589],[31.827096745992357,35.43215230500589],[31.826957321992328,35.43236272100592],[31.827009167992315,35.43259158000592],[31.82709176299231,35.43266444900593],[31.8275299999923,35.43302000000592],[31.827529870992286,35.4330217710059],[31.827530081992332,35.43302194100591],[31.82752924199229,35.43303251200594],[31.827579662992306,35.43307437200595],[31.827525613992304,35.43317831400591],[31.827525912992332,35.43317881900592],[31.82751591199229,35.43321371600594],[31.82748999999232,35.43357000000591],[31.82735828999233,35.43376369000591],[31.827343837992302,35.43381411700593],[31.827361688992294,35.43389742300595],[31.827541030992304,35.43423048700593],[31.828041520992283,35.43481439100593],[31.82793636899229,35.435007131005975],[31.827969999992284,35.43516000000595],[31.827829999992275,35.43553000000593],[31.828119999992293,35.43608000000598],[31.828169999992284,35.436180000005955],[31.82833999999221,35.43678000000599],[31.828334710992205,35.43713963800601],[31.82833411999226,35.43746280900601],[31.828325085992233,35.43747965700597],[31.828319999992296,35.43750000000599],[31.828357477992228,35.43770987700597],[31.828419999992217,35.43806000000601],[31.828569999992236,35.43892000000601],[31.828331181992226,35.439083003006026],[31.828218641992194,35.43915981600599],[31.827943440992204,35.43935227100604],[31.82728005299219,35.43941913700604],[31.826889999992197,35.43946000000602],[31.826571390992235,35.43938680600604],[31.825410373992224,35.43912415600602],[31.8252397509922,35.438940174006],[31.825170923992243,35.43894000000602],[31.825009999992233,35.43894000000602],[31.82479999999222,35.43884000000599],[31.824799850992253,35.438839675006015],[31.824798275992183,35.43883893300602],[31.824784157992216,35.438805674006],[31.824739999992246,35.438710000006026],[31.82470938499225,35.437588602006],[31.824659241992254,35.43741858500599],[31.824659999992274,35.43700337100599],[31.824659999992274,35.43593000100595],[31.824663325992294,35.43590143000597],[31.824593321992317,35.43333717600594],[31.824569999992324,35.43328000100594],[31.82457416899236,35.43302153000594],[31.824574818992346,35.4326594370059],[31.825043745992396,35.43008353400588],[31.825169999992397,35.42939000000589],[31.826096417992442,35.42831074400584],[31.825994388992438,35.427952825005825],[31.825982729992432,35.42770798000582],[31.825017693992407,35.42779258900582],[31.824987882992428,35.427102300005835],[31.824990085992432,35.42710196100584],[31.824989999992447,35.42710000000583],[31.825449999992408,35.427029999005846],[31.82569112899245,35.42657514200582],[31.825841493992428,35.42628714100581],[31.825844805992446,35.42628525300582],[31.825889999992455,35.426200000005814],[31.826639999992455,35.4251800000058],[31.82691999999246,35.42431000000578],[31.827369999992456,35.424010000005794],[31.827409999992465,35.423980000005756],[31.827409999992486,35.42375000000577],[31.827379999992495,35.4235800000058],[31.82771999999248,35.423550000005754],[31.828069999992476,35.423149999005744],[31.828199999992467,35.423370000005754],[31.828339999992462,35.4235800000058],[31.82858999999248,35.42399000000579],[31.828618571992454,35.42404957500575],[31.829059999992445,35.42497000000577],[31.82948999999248,35.42530000000579],[31.829819999992438,35.42594000000578],[31.829939999992465,35.42619000000584],[31.830259999992432,35.42682000000585],[31.830249999992407,35.42740000000582],[31.83021999999239,35.42755000000584],[31.830099999992438,35.42781000000587],[31.829889999992396,35.42828000000582],[31.829669999992426,35.42868000000585],[31.82921286999241,35.42880799600585],[31.828923848992375,35.42889188500584],[31.82892181499238,35.42888949200586],[31.828919999992365,35.428890000005815],[31.828604888992405,35.42851759600586],[31.828533584992403,35.428506724005835],[31.828533584992403,35.428506724005835]]]}