{"segmentId":"5000877","streetsFileVersion":188,"polygonPointList":[[[32.2413199999936,35.33211000000443],[32.239978557993595,35.334965179004456],[32.23954281599353,35.335892630004466],[32.239328641993545,35.336595504004485],[32.23896833199357,35.337115384004505],[32.23837020999349,35.3383884520045],[32.23836999999354,35.33839000000451],[32.23804999999351,35.339070000004504],[32.23732999999348,35.33986000000451],[32.236481459993506,35.34024407600451],[32.23601215599352,35.34059535600453],[32.232999999993496,35.34285000000456],[32.23264999999346,35.342830000004554],[32.23254999999346,35.342690000004566],[32.23218730999345,35.342582173004544],[32.23218350599349,35.342581114004545],[32.232183205993465,35.34258095300454],[32.23217999999346,35.34258000000456],[32.23209309999347,35.34253260000453],[32.23173563399348,35.34234077600457],[32.23124766199349,35.34147725400452],[32.2310451979935,35.34032657700452],[32.23214689999351,35.338746427004494],[32.232308565993506,35.3387086350045],[32.232379999993505,35.3386900000045],[32.232479384993496,35.33866870300451],[32.23271312099355,35.338614064004524],[32.23275999999354,35.3386000000045],[32.23287999999356,35.338630000004535],[32.23389845699354,35.338930528004504],[32.23410219399354,35.33898895500451],[32.23558534699352,35.338282217004476],[32.234987226993574,35.334873759004466],[32.23478567799359,35.33483228300443],[32.234536344993565,35.334780973004484],[32.23412571899363,35.334780387004486],[32.233709293993584,35.334610777004485],[32.228019998993595,35.333439999004455],[32.22711766099363,35.33391285300447],[32.2264502069936,35.33426261900447],[32.22641206499357,35.33461806400444],[32.22637111499361,35.33499967500447],[32.22603187999359,35.33589466600448],[32.22706174799354,35.33693468200448],[32.22788112999357,35.337762137004475],[32.22863299099352,35.33982438200454],[32.22770927599349,35.34027549800451],[32.22732863399352,35.34037698400453],[32.2269994029935,35.340300571004526],[32.226613708993504,35.340211053004545],[32.22595987099352,35.3382495400045],[32.22573228599356,35.33618270800444],[32.225008133993605,35.33592228700449],[32.22499999999358,35.335920000004464],[32.223899999993584,35.33537000000448],[32.22270999999361,35.33456000000447],[32.22265572399359,35.33452200700444],[32.22260999999357,35.33449000000447],[32.22225999999364,35.33334000000447],[32.222259999993675,35.331720000004445],[32.222299999993666,35.33080000000443],[32.222862473993686,35.32966005400439],[32.22304798399369,35.329282046004394],[32.22304923099368,35.32928155900438],[32.22304999999367,35.329280000004374],[32.2242199999937,35.32882000000439],[32.22431898999364,35.328884459004385],[32.224653870993684,35.3290999490044],[32.22468444399367,35.32912272300441],[32.22591390899366,35.329924085004414],[32.225986540993645,35.329962822004376],[32.226454307993635,35.330208162004425],[32.22717698799366,35.33069532000443],[32.22755013999368,35.330946861004385],[32.227565584993634,35.3309577930044],[32.22762999999365,35.3309900000044],[32.22827350199362,35.33145883700445],[32.22833109699367,35.33149960100444],[32.22864168499366,35.33137925100441],[32.22872999999364,35.33134000000443],[32.228940800993676,35.33126334600444],[32.228948288993664,35.33126044400443],[32.22890542699363,35.33033306000439],[32.22892978599364,35.330204857004425],[32.2290200299937,35.3297296820044],[32.22903432899367,35.329578755004405],[32.22910782599369,35.32878046700439],[32.22926797899368,35.32799939600438],[32.22927999999372,35.327940000004396],[32.22928063699368,35.327937664004374],[32.22928082599366,35.327936742004404],[32.2293960339937,35.327498055004355],[32.22985556499367,35.32705980000434],[32.23103243799372,35.32665627500437],[32.2314960579937,35.32669107100433],[32.2316299999937,35.32670000000438],[32.23192999999368,35.32672000000439],[32.23197999999376,35.32672000000439],[32.23226999999369,35.32667000000434],[32.232469022993754,35.32680931600434],[32.23258176899367,35.32682715700433],[32.23258776499373,35.326837764004374],[32.23261999999372,35.32687000000435],[32.23281999999373,35.32695000000438],[32.23314250899371,35.327490203004345],[32.234674866993636,35.328095811004346],[32.235179999993704,35.32818000000436],[32.23589999999372,35.32858000000438],[32.236235312993706,35.328521914004405],[32.236757775993674,35.328431409004395],[32.23738999999367,35.32813000000437],[32.2381799999937,35.3281200000044],[32.238439999993645,35.3281400000044],[32.238859999993664,35.3282100000044],[32.23942999999365,35.328500000004404],[32.23963867299368,35.328708672004396],[32.240589999993674,35.3291600000044],[32.24129999999364,35.32880000000439],[32.24094999999371,35.32712000000435],[32.241229999993685,35.326450000004385],[32.241549999993744,35.326450000004385],[32.24209999999372,35.326890000004354],[32.242589999993704,35.32774000000438],[32.242429999993675,35.32937000000437],[32.24179999999365,35.330950000004385],[32.2413199999936,35.33211000000443],[32.2413199999936,35.33211000000443]]]}