{"segmentId":"5000733","streetsFileVersion":188,"polygonPointList":[[[32.04530124499767,34.92170360000132],[32.04530121899768,34.9217038330013],[32.04525944999767,34.92207766600133],[32.04523667299763,34.92228150300135],[32.045235546997674,34.92229157300132],[32.045233178997634,34.92231276100132],[32.04523295199766,34.92231476000133],[32.04523294199767,34.92231485300131],[32.045232933997674,34.92231493400131],[32.045232923997666,34.92231502800134],[32.045232918997684,34.922315088001326],[32.04523290899766,34.922315193001296],[32.04523286899767,34.92231518300135],[32.04493298499767,34.92224468000133],[32.0448971529977,34.922239126001344],[32.04464488299767,34.922246270001345],[32.04447822699767,34.92225099000133],[32.04440444299767,34.92261759500135],[32.044400595997665,34.92261723700133],[32.044084934997684,34.922352718001335],[32.0432564049977,34.92237813400131],[32.04224700399765,34.9224166210013],[32.04222513299768,34.922414584001345],[32.042219197997646,34.92241481000134],[32.04213383399764,34.92241806500131],[32.04212970899765,34.9224210930013],[32.04145035199764,34.92244699600134],[32.041403652997666,34.92233805900129],[32.04078615299767,34.922355546001334],[32.040792101997695,34.92229480900133],[32.040745587997684,34.921970836001336],[32.04071870399764,34.9219678510013],[32.0406479749977,34.92129092800135],[32.0410265779977,34.92125457100134],[32.04171671199766,34.92118832100131],[32.04175049999765,34.92143023200129],[32.04179385399765,34.921429726001314],[32.04185020699765,34.92156936900132],[32.04253309299764,34.92172752800134],[32.04245068699768,34.92103762300134],[32.04229148199767,34.920292695001315],[32.04202043199771,34.91895197200131],[32.042162298997674,34.91862323800132],[32.04388689799768,34.91831210000129],[32.044698110997686,34.918736971001294],[32.04500167099772,34.91889595900131],[32.04497174199768,34.91896359300131],[32.04497128099771,34.918981720001284],[32.04509052999767,34.91901608300129],[32.04509067899767,34.91901612600129],[32.045090605997665,34.91901897400129],[32.0450906849977,34.91901899700134],[32.04504570799764,34.92077816200129],[32.04506949499769,34.9198447980013],[32.045045701997665,34.920775290001316],[32.04504495199769,34.920781244001326],[32.04500999799767,34.92105473400132],[32.044966311997655,34.921396543001336],[32.044966273997666,34.92139683800134],[32.044962584997684,34.92142544700131],[32.04496261399764,34.92142547200133],[32.04512336899769,34.921559119001316],[32.045161993997695,34.92158987000131],[32.04530153899767,34.9217009680013],[32.045301513997686,34.92170120100134],[32.04530124499767,34.92170360000132],[32.04530124499767,34.92170360000132]]]}