{"segmentId":"5000232","streetsFileVersion":236,"polygonPointList":[[[31.460224643998938,34.617257670000505],[31.46092896399893,34.617257670000505],[31.461043578998915,34.61813009400047],[31.46171532499894,34.618142198000484],[31.461883344998906,34.61940205800049],[31.462536029998894,34.61981023300051],[31.463700385998912,34.620538397000516],[31.4636868339989,34.62093632800046],[31.463490992998913,34.62668692500051],[31.462447393998865,34.62679587800051],[31.4603260779989,34.627017345000525],[31.45809999999891,34.62852000000049],[31.45675008999891,34.62955108800048],[31.456130494998877,34.63002434600048],[31.456111661998914,34.630038731000525],[31.456109999998894,34.63004000000052],[31.454968270998897,34.62990538600054],[31.453822779998898,34.629770328000525],[31.453819999998913,34.62977000000053],[31.453427072998913,34.62826043000052],[31.454008133998904,34.6275738330005],[31.453790678998935,34.62724658900048],[31.454054510998873,34.62697768300051],[31.45406994099891,34.62696195600051],[31.454186376998884,34.62710441900049],[31.454293977998933,34.62723607200053],[31.454307156998933,34.62722050000053],[31.454421425998927,34.6270854760005],[31.454132370998924,34.62659346000049],[31.454357258998936,34.6264061160005],[31.454547908998894,34.626655841000506],[31.454907034998932,34.62651166600052],[31.45500999999891,34.62639000000053],[31.455239999998927,34.624140000000516],[31.457407871998903,34.62300099200052],[31.457282647998916,34.62082599300048],[31.457279999998878,34.62078000000046],[31.457650975998888,34.619990237000465],[31.458545882998934,34.61808509100051],[31.45905482399895,34.6180942610005],[31.459130091998926,34.61676274200048],[31.459586947998947,34.61676274200048],[31.460224643998938,34.617257670000505],[31.460224643998938,34.617257670000505]]]}