{"segmentId":"5000834","streetsFileVersion":236,"polygonPointList":[[[32.15789252099826,34.79463027600089],[32.15790458099821,34.794534003000834],[32.15819761299824,34.79219470400085],[32.1582395759982,34.792162614000866],[32.15971451899826,34.79103471600086],[32.16074607399822,34.791437094000855],[32.16080653299822,34.79146067700082],[32.162149066998204,34.79198435900083],[32.1638064989982,34.79224859600083],[32.16397105599823,34.792274831000846],[32.165943241998214,34.79258924800088],[32.16582449499822,34.79294788700083],[32.16500291199821,34.79542921800084],[32.16607185799825,34.79630760000085],[32.167210085998235,34.79658749200089],[32.16760834399821,34.796685424000856],[32.16922811699822,34.797083729000875],[32.16949149299825,34.79714849400087],[32.16955538899819,34.797164206000865],[32.1707796879982,34.79766299400088],[32.171073349998174,34.79778263400086],[32.17109727999818,34.79779238300087],[32.171111921998246,34.797826059000855],[32.17166834999823,34.79910584600085],[32.17272308099823,34.79949992100089],[32.17686509299823,34.801047486000904],[32.18170214999818,34.802351811000875],[32.18520756199823,34.80329705500086],[32.18541669399818,34.803353448000884],[32.19068717499815,34.804774647000876],[32.19248387499817,34.8052591320009],[32.19244405399821,34.80537661900091],[32.19168286599819,34.80762243100087],[32.191674390998195,34.80764743600087],[32.190846645998185,34.810089617000926],[32.19083752399819,34.81118017800088],[32.19083608499815,34.81135219000089],[32.190849177998174,34.81300183500093],[32.190850361998145,34.81315106300094],[32.19128580299815,34.813650750000946],[32.19123929699813,34.814022801000945],[32.19118586599818,34.81445024800094],[32.19090081799812,34.81632878300095],[32.19091264999812,34.81662001200092],[32.19091293299814,34.81662697800092],[32.19091294999811,34.81662739100093],[32.19068165599812,34.816549494000945],[32.190519274998124,34.816496661000905],[32.18749391199811,34.81551212900094],[32.18747118499813,34.81550473300094],[32.18746664799815,34.815503996000956],[32.185039273998164,34.81510965600093],[32.1826131049981,34.8153026340009],[32.18253720099815,34.815311955000894],[32.182536999998135,34.8153119980009],[32.18151381499817,34.815515343000946],[32.18022571599814,34.81577133700093],[32.18022406799811,34.81577311200092],[32.18006056499818,34.815948904000905],[32.17979445899813,34.817903366000934],[32.17971399999813,34.81848500000095],[32.179679376998145,34.81848626400094],[32.17820799999812,34.81854000000092],[32.178146338998154,34.819196358000944],[32.178086535998105,34.81982793500092],[32.177568090998136,34.819755248000924],[32.17756721599814,34.81975512500092],[32.17749499999816,34.82026275300095],[32.17749462099813,34.82026541700092],[32.17757140899812,34.82045464100091],[32.17757143999816,34.82045471800095],[32.17757799999809,34.820471000000936],[32.177809899998145,34.82131535400093],[32.17827392899814,34.82242183000094],[32.1783201989981,34.822458698000936],[32.1724245369981,34.820360592000924],[32.163450870998126,34.817167108000916],[32.1607856399981,34.81621862400092],[32.16065630199818,34.81341644100093],[32.16053150799818,34.8107127070009],[32.15778959099816,34.80911481400091],[32.15633080599818,34.80826468600088],[32.15390598399819,34.80667033300091],[32.15373942199821,34.806123057000875],[32.15518201099824,34.80216566300087],[32.157599542998234,34.79622652800085],[32.15792903899823,34.79472859000085],[32.15789252099826,34.79463027600089],[32.15789252099826,34.79463027600089]]]}