{"segmentId":"5000316","streetsFileVersion":236,"polygonPointList":[[[31.624825891997602,34.95487233700149],[31.62261021299762,34.95196487200151],[31.622711873997673,34.95048130300148],[31.622806651997674,34.949098171001474],[31.623535976997676,34.94855052900146],[31.623549999997678,34.94854000000145],[31.623736087997646,34.94858725100148],[31.624612878997645,34.94880988500148],[31.62673999999764,34.949350000001466],[31.627228726997636,34.9495400640015],[31.62756622699765,34.94967131600145],[31.628469127997665,34.95002245000149],[31.62930590999763,34.950547871001454],[31.629389979997626,34.950600659001466],[31.629406851997633,34.95062102800149],[31.630050026997626,34.95139753400151],[31.630285189997636,34.951543003001476],[31.630976359997618,34.95092424000149],[31.63127156299761,34.95065996200147],[31.632167017997673,34.949858315001464],[31.633187877997628,34.95069997400146],[31.633424697997658,34.95089522200147],[31.634457978997638,34.951747122001464],[31.635653240997655,34.9507514480015],[31.63573597899764,34.95068252600147],[31.63574444699763,34.950753353001474],[31.635843482997615,34.95158170300147],[31.63600678899764,34.952947627001514],[31.633812101997606,34.95465418700152],[31.633692145997596,34.95664462100153],[31.631991207997604,34.9575537080015],[31.63036999999759,34.957540000001515],[31.630090147997624,34.957175312001525],[31.629221702997597,34.95604359800152],[31.62916975499763,34.95597590200149],[31.629153837997602,34.955931409001536],[31.627816955997613,34.95407294100149],[31.624825891997602,34.95487233700149],[31.624825891997602,34.95487233700149]]]}