{"segmentId":"5000184","streetsFileVersion":236,"polygonPointList":[[[31.369299999998706,34.72062000000071],[31.3679910289987,34.7208687640007],[31.36561633899866,34.723182408000724],[31.36338082699871,34.723850528000725],[31.361956850998684,34.72326844000068],[31.360643560998696,34.72273159700072],[31.360186708998697,34.72279784800069],[31.359292905998693,34.72292746400072],[31.358942070998708,34.7229783410007],[31.3581849509987,34.720839604000695],[31.35964376599867,34.71749009600071],[31.36057925199868,34.71534217600066],[31.36082748999872,34.71477221000067],[31.358949999998693,34.71404000000071],[31.358955159998718,34.7137484780007],[31.358969999998706,34.712910000000704],[31.36153999999871,34.71114000000069],[31.362117887998735,34.711237915000666],[31.364549999998726,34.71165000000071],[31.364863815998667,34.71186304900068],[31.365153595998663,34.71205978100068],[31.366332251998713,34.71285996900071],[31.36787956999871,34.71391044200069],[31.368909999998664,34.7146100000007],[31.368659999998695,34.715550000000704],[31.369648600998687,34.716374441000674],[31.370024893998682,34.71847739900068],[31.369299999998706,34.72062000000071],[31.369299999998706,34.72062000000071]]]}