{"segmentId":"5000817","streetsFileVersion":96,"polygonPointList":[[[32.133299902997386,34.97187257500157],[32.13291999999737,34.97198999900156],[32.13316371599735,34.973023358001534],[32.133498997997314,34.973033257001546],[32.133501582997326,34.97445466900157],[32.133596059997316,34.975006380001524],[32.13350264199733,34.97503677300156],[32.13350288499732,34.97517031800154],[32.133422490997305,34.97521709300153],[32.13349999999728,34.97566000000157],[32.13320999999732,34.977090000001546],[32.13330897599725,34.97800747200157],[32.13221999999733,34.97796000000156],[32.13047999999727,34.97796000000157],[32.1304499999973,34.9777700000016],[32.130459999997264,34.97773000000158],[32.130349999997314,34.97772000000155],[32.13014999999732,34.97779000000154],[32.12980999999731,34.97802000000159],[32.12956999999732,34.978020000001585],[32.1297299999973,34.97756999900154],[32.12935999999734,34.97670000000157],[32.12935852099729,34.97668256800157],[32.12869603099734,34.973245488001524],[32.128759650997345,34.97177488100154],[32.128822309997325,34.97032649100151],[32.12880999999734,34.970180000001506],[32.12893999999736,34.967580000001526],[32.1289498879974,34.9675478650015],[32.12897508399736,34.9674463240015],[32.128883177997345,34.96621486300152],[32.129447848997344,34.96421835500153],[32.12968286399741,34.96354809700151],[32.129799999997374,34.96326000000149],[32.12980999999742,34.963160000001515],[32.12982999999737,34.96317000000149],[32.1299399999974,34.96309000000152],[32.132029999997364,34.96393000000151],[32.13241999999735,34.964090000001505],[32.13242034399735,34.96409194700149],[32.13242358599743,34.96409325600152],[32.1341840219974,34.96492182500149],[32.134322625997356,34.964987061001494],[32.13416570799739,34.9661002470015],[32.13352999999734,34.97061000000156],[32.13346999999734,34.97182000000153],[32.133299902997386,34.97187257500157],[32.133299902997386,34.97187257500157]]]}