{"segmentId":"5000323","streetsFileVersion":188,"polygonPointList":[[[31.653479998998556,34.74654000000074],[31.652150408998537,34.74646918200076],[31.652149999998528,34.74647000000074],[31.65214941899858,34.746469128000754],[31.652146999998543,34.74646900000075],[31.650330450998556,34.74439595300073],[31.65011052499856,34.74414497400075],[31.650019999998545,34.74418000000073],[31.64999999999854,34.74405000000077],[31.649669999998583,34.74372000000075],[31.649299999998547,34.743220000000754],[31.64933999999855,34.74315000000077],[31.649369999998545,34.74306000000077],[31.64935999999857,34.742990000000766],[31.64952999999854,34.742960000000735],[31.649671073998505,34.742951183000756],[31.650357009998547,34.74245427100074],[31.650482999998594,34.742363000000765],[31.65036043099853,34.74220420000076],[31.6492146999986,34.74071980000077],[31.64965531799855,34.74015139500074],[31.65040159899858,34.73918868000072],[31.650482899998558,34.73908380000074],[31.65333259999857,34.73900830000076],[31.653351133998544,34.74022028000076],[31.65335803299857,34.740671407000725],[31.65333293699857,34.74075609300076],[31.653332999998526,34.741085000000744],[31.654340999998542,34.741516000000736],[31.653479998998556,34.74654000000074],[31.653479998998556,34.74654000000074]]]}