{"segmentId":"5000225","streetsFileVersion":236,"polygonPointList":[[[31.444939999998798,34.67015000000057],[31.444127407998796,34.67123627700059],[31.443077393998827,34.670433580000605],[31.442049999998822,34.67059000000059],[31.44001999999882,34.66866000000057],[31.440522068998796,34.666973657000554],[31.441057082998785,34.66690122500059],[31.441324947998826,34.66686496000059],[31.44247004299883,34.666709932000586],[31.443186620998816,34.665442844000566],[31.442225928998838,34.66377530100057],[31.44320626599883,34.66273785600057],[31.44389890299882,34.66316533400057],[31.44393834599882,34.66317790400059],[31.446183516998822,34.66389341400055],[31.44830842499884,34.664570598000594],[31.448490112998837,34.66276464900057],[31.448563257998828,34.662037604000545],[31.448971955998804,34.66167869000054],[31.45183999999882,34.659160000000554],[31.45298915499884,34.660866188000576],[31.45433739199885,34.66286796000054],[31.454459999998832,34.66305000000058],[31.452936081998818,34.66639753400058],[31.452917154998836,34.666405685000555],[31.44897287699883,34.668104301000554],[31.447070409998787,34.67135282900059],[31.445462661998807,34.670445095000574],[31.4453252939988,34.6703675370006],[31.444939999998798,34.67015000000057],[31.444939999998798,34.67015000000057]]]}