{"segmentId":"5000594","streetsFileVersion":236,"polygonPointList":[[[31.892320547997464,34.962533399001515],[31.89207729299746,34.96420756400151],[31.891903544997454,34.96670848800154],[31.891606159997412,34.97098902800158],[31.890565732997473,34.97092621000157],[31.887822816997414,34.97076059900158],[31.88772328899743,34.96934233200155],[31.88759438799741,34.96750549700154],[31.886937656997425,34.96743411300152],[31.886948892997484,34.966658810001555],[31.88694969999745,34.96660316600151],[31.88695193399743,34.966449016001555],[31.886195264997436,34.96556385700154],[31.88622381899748,34.96500706300151],[31.884681927997526,34.96429322400155],[31.884424945997445,34.964635867001505],[31.883968089997477,34.96417901000154],[31.884231565997478,34.96374675300154],[31.884246153997456,34.963722820001514],[31.88405253799747,34.9636466190015],[31.883482679997467,34.96342234200153],[31.882768841997496,34.962751334001545],[31.881769467997504,34.961680576001505],[31.881691515997492,34.96152935200153],[31.881557280997477,34.96126894300151],[31.88123051999749,34.9606350410015],[31.881713828997487,34.96008348400151],[31.883254251997503,34.958325536001524],[31.88440947999751,34.95753222400148],[31.88696026199751,34.95981650700148],[31.888812859997493,34.959715978001526],[31.88941586599749,34.959683257001494],[31.890738915997463,34.9597297350015],[31.89222006099748,34.9597817660015],[31.89239138199751,34.95858251800151],[31.892719747997496,34.958496857001506],[31.89427786099748,34.958930431001505],[31.893717748997513,34.962719188001515],[31.892320547997464,34.962533399001515],[31.892320547997464,34.962533399001515]]]}