{"segmentId":"5000911","streetsFileVersion":188,"polygonPointList":[[[32.29268003899658,35.068520319002076],[32.29167999999657,35.06842999800206],[32.29181032399655,35.069900006002094],[32.29176955399657,35.069953472002084],[32.29121999999657,35.070680000002056],[32.29099492199655,35.070840225002065],[32.290629999996575,35.071100000002076],[32.29051999999659,35.07157000000209],[32.2896099999965,35.0741400000021],[32.289307999996524,35.074966226002125],[32.28850999999648,35.0773000000021],[32.28797999999648,35.07978000000211],[32.288638811996485,35.08140405000215],[32.289269999996456,35.082960001002164],[32.28924999999645,35.084550000002146],[32.28857999999639,35.085640000002186],[32.28799999999643,35.086050000002174],[32.28749999999645,35.085990000002155],[32.287019999996424,35.08575000000219],[32.28662999999645,35.085360000002154],[32.28637999999645,35.084860000002166],[32.28613999999643,35.08397000000219],[32.286287387996495,35.08135030300216],[32.2864395069965,35.07864653500215],[32.28569214599647,35.07844967000213],[32.2849710799965,35.07825973200212],[32.283174640996506,35.08018476500214],[32.2827250179965,35.080124196002124],[32.28265999999651,35.08018000100211],[32.28209999999649,35.080040000002136],[32.281779999996466,35.07914000000213],[32.281958443996515,35.07680041400211],[32.28162935499651,35.07641851600211],[32.28141999999649,35.0763500000021],[32.28139652599652,35.07632485000211],[32.28103578099655,35.075971836002125],[32.281019999996516,35.07596000000212],[32.28106201699654,35.0758507540021],[32.28108515899649,35.075786988002115],[32.281002476996534,35.07569103700212],[32.28079904599652,35.075297580002086],[32.280779999996525,35.075280000002124],[32.280667210996505,35.07504991000212],[32.28052793299649,35.0747732200021],[32.280526909996546,35.073779975002076],[32.28060918399658,35.07361107300209],[32.28067999999656,35.07346000000211],[32.28081999999655,35.0730300010021],[32.28092681399655,35.07270955800208],[32.280930534996536,35.07269812800211],[32.28094999999656,35.0726300000021],[32.28180999999656,35.07185000000207],[32.28292818199653,35.071460633002104],[32.28332408699656,35.07066581300209],[32.2842402729966,35.068826477002084],[32.28432886099656,35.06871030900204],[32.28472999999653,35.06817000000207],[32.28482999999658,35.06805000000203],[32.285261993996585,35.06789428100207],[32.28568707399658,35.06773961900207],[32.28586826999658,35.067726147002034],[32.2871611029966,35.06763002700207],[32.287859999996556,35.067500000002056],[32.288199999996614,35.06750000000205],[32.28890999999657,35.067500000002056],[32.28976827499655,35.06827586800207],[32.29068920399658,35.067809591002074],[32.292824964996626,35.06649476700205],[32.292827563996596,35.065598340002055],[32.29283845399659,35.06557213900202],[32.29297985099659,35.06523190300203],[32.29348905599662,35.06541750100206],[32.29340339499657,35.06731155200203],[32.29311496899658,35.06803070900203],[32.293079778996564,35.06806953900208],[32.29277045699657,35.06841086300206],[32.29268003899658,35.068520319002076],[32.29268003899658,35.068520319002076]]]}