{"segmentId":"5000348","streetsFileVersion":96,"polygonPointList":[[[31.66570999999842,34.77903000000082],[31.66534999999841,34.78099000000083],[31.665269999998426,34.78144000000083],[31.665209999998424,34.78179000000085],[31.665169999998422,34.782030000000866],[31.66513999999842,34.78229000000085],[31.665079811998407,34.782625333000865],[31.665069999998423,34.78268000000083],[31.66495999999842,34.78306000000084],[31.66486999999843,34.78337000000085],[31.66475585799839,34.783674376000874],[31.664719999998386,34.783770000000864],[31.664599999998394,34.78400000000085],[31.66455999999839,34.784070000000845],[31.66430999999842,34.78392000000088],[31.66318999999841,34.78349000000084],[31.662419999998402,34.783260000000844],[31.66244999999838,34.783150000000845],[31.662649999998397,34.78313000000083],[31.6626099999984,34.78296000000086],[31.662609146998406,34.78295232000085],[31.6625701489984,34.78293240000085],[31.662638172998424,34.78257869600083],[31.662681575998434,34.78235301500087],[31.66272777499844,34.78189248800083],[31.662805046998432,34.78163806000082],[31.662812056998415,34.781572028000824],[31.66285035699838,34.781211268000845],[31.66290043799844,34.77999463900085],[31.664431141998424,34.779276269000825],[31.665497482998394,34.77875107200082],[31.66564607699848,34.77867788600082],[31.665612590998453,34.77890215000087],[31.665588175998398,34.77906565500086],[31.66570999999842,34.77903000000082],[31.66570999999842,34.77903000000082]]]}