{"segmentId":"5000854","streetsFileVersion":96,"polygonPointList":[[[32.194365999997615,34.92175600000133],[32.19335699999763,34.9234130000013],[32.19261999999758,34.92447000000131],[32.192596999997605,34.92455100000133],[32.1934159999976,34.92486900000132],[32.1930809999976,34.926128000001334],[32.19322199999761,34.926958000001356],[32.19251099999756,34.927799000001336],[32.191753122997575,34.930706527001334],[32.191752999997576,34.930707000001334],[32.191710999997575,34.93086600000133],[32.190253999997545,34.93097900000133],[32.18984699999757,34.931935900001335],[32.188812999997545,34.93162000000137],[32.18881287199754,34.93161996200137],[32.18730799999752,34.93117000000136],[32.186536199997576,34.930909500001334],[32.18664351999759,34.930598626001355],[32.187241999997546,34.928865000001316],[32.18811711499765,34.925092141001315],[32.18846599999763,34.92358800000131],[32.18896266099762,34.921789227001284],[32.18896299999762,34.92178800000131],[32.18907199999764,34.92139400000133],[32.18904999999765,34.921361000001305],[32.189137999997634,34.921155000001306],[32.1894418829976,34.92005143400131],[32.18944199999762,34.92005100000131],[32.189480999997635,34.91990900000132],[32.18967599999765,34.91920400000128],[32.19206199999764,34.92003400000128],[32.192266999997635,34.920105000001286],[32.192669999997655,34.91938900000127],[32.19298399999762,34.918560000001314],[32.19312299999765,34.91814300000129],[32.19314869099759,34.91807435700131],[32.19325099999761,34.9178010000013],[32.193331999997625,34.91756500000126],[32.193333999997634,34.91756100000127],[32.19344499999764,34.917228000001316],[32.19354399999762,34.91693200000127],[32.19364199999765,34.91663900000127],[32.19364199999765,34.91663800000127],[32.19374499999764,34.9163330000013],[32.193804999997646,34.9161520000013],[32.194006227997626,34.91570070900131],[32.19414699999764,34.9153850000013],[32.194730999997674,34.913640000001266],[32.19495399999765,34.91357100000127],[32.194978999997645,34.913516000001295],[32.19503599999769,34.91348500000126],[32.19510699999767,34.91352500000127],[32.19581599999766,34.913307000001254],[32.19614199999768,34.91275600000127],[32.19635099999767,34.91239800000127],[32.19727899999763,34.9134460000013],[32.19791594999763,34.914166944001266],[32.1979159999977,34.9141670000013],[32.197958757997654,34.91421696500126],[32.19809399999764,34.914375000001286],[32.19809443099767,34.914375500001285],[32.19885299999766,34.915256000001285],[32.19806199999766,34.91652200000128],[32.19806191199767,34.91652214000127],[32.197976999997614,34.91665700000127],[32.197660999997616,34.917761000001285],[32.19729309999759,34.91885710000126],[32.19702019999763,34.920154400001294],[32.19697898399762,34.92020975400129],[32.19670999999762,34.92057100000131],[32.19522899999763,34.92019500000128],[32.194365999997615,34.92175600000133],[32.194365999997615,34.92175600000133]]]}