{"segmentId":"5000281","streetsFileVersion":188,"polygonPointList":[[[31.594474885999027,34.56268248700042],[31.593797882998985,34.56290827400039],[31.593524442999016,34.56341609200041],[31.590635741999044,34.56453769000042],[31.58983938999902,34.564022133000385],[31.58977999999905,34.56423000000041],[31.589749999998993,34.564370000000395],[31.589679999998996,34.564630000000435],[31.589516444999013,34.56455104200042],[31.589396032999,34.564492913000386],[31.588790502999007,34.56513590000038],[31.58835396199901,34.565970570000395],[31.58787856899901,34.56581539500043],[31.587470185999035,34.5655013490004],[31.58745720499903,34.565442181000385],[31.587289999999026,34.5653400000004],[31.58744999999902,34.56508000000043],[31.587569999998987,34.564890000000396],[31.58767399999902,34.56473400000039],[31.588569999999034,34.56332000000038],[31.588439999999004,34.5632200000004],[31.58804999999901,34.562880000000405],[31.587879999999,34.5627500000004],[31.587679999998976,34.56260000000038],[31.58762999999901,34.562560000000424],[31.58767957899902,34.562494765000395],[31.587419998999064,34.56225418900038],[31.58788763399897,34.56086483900038],[31.58665061799904,34.559832845000415],[31.585674746999015,34.55901871400039],[31.584758930999033,34.5595981070004],[31.582472037999054,34.5576477390004],[31.58296707399906,34.556793269000366],[31.58194004799902,34.55518563900039],[31.583038617999012,34.55408445600038],[31.582999999998993,34.55408000000039],[31.583096605999017,34.55402633100037],[31.583250510999044,34.55387205900041],[31.583301121999025,34.5538502260004],[31.583319999999052,34.553830000000396],[31.583336242999053,34.553835076000375],[31.58368144499901,34.55368616300039],[31.583637710999028,34.55308470900041],[31.583640059999038,34.55304277600036],[31.58359999999904,34.552419999000385],[31.584492626999026,34.5515989840004],[31.584803847999037,34.5517720720004],[31.58486871099905,34.55172183400037],[31.58550655699903,34.55216288900037],[31.586022797999046,34.552450000000405],[31.586039999999006,34.552450000000405],[31.586129999999006,34.55250000000039],[31.58634999999901,34.55258000000037],[31.586649999999064,34.5527900000004],[31.586759999999,34.5528600000004],[31.58682829999901,34.55283918500037],[31.587280324999018,34.55243598300039],[31.58756319599905,34.55255334100041],[31.58780999999903,34.55254000000041],[31.588220807999058,34.55293759800036],[31.588299999999048,34.552920000000356],[31.58852999999903,34.55309000000039],[31.588839999999035,34.55330000000036],[31.58923999999905,34.55372000000039],[31.589642144999026,34.554253458000396],[31.58972999999899,34.55437000000039],[31.589839999999015,34.55449000000038],[31.589889999999013,34.55453000000039],[31.590009999999026,34.554620000000384],[31.590089999998998,34.554690000000384],[31.590167216998996,34.554798105000366],[31.590187365999043,34.554817061000385],[31.590482258999007,34.55477447000037],[31.591595315999026,34.555832033000385],[31.592753949999,34.557024679000385],[31.592780802999012,34.55714283000037],[31.592762765999066,34.55719807400038],[31.59422876299902,34.55875234800038],[31.594391745999026,34.55996185600037],[31.59455208799903,34.56115175900038],[31.59459006199904,34.56143357000042],[31.59459008899903,34.56143377000041],[31.59459044099901,34.561436380000366],[31.594491124998996,34.5616208240004],[31.594386561999034,34.561815013000405],[31.59458766599902,34.56198970100042],[31.594619508999,34.561996777000395],[31.594877667999,34.56205414600038],[31.595387859999057,34.56208636900039],[31.595414711999002,34.5623172970004],[31.595216006998996,34.56259656000037],[31.59458096699903,34.562670188000375],[31.594474885999027,34.56268248700042],[31.594474885999027,34.56268248700042]]]}