{"segmentId":"5000762","streetsFileVersion":236,"polygonPointList":[[[32.070440989997536,34.948133990001416],[32.071314627997516,34.94770019200145],[32.07171359199749,34.947502089001446],[32.07245321599748,34.949379791001455],[32.07304238299746,34.95087552400142],[32.07319557599745,34.953982969001444],[32.07277528499744,34.95608664400145],[32.07115226199746,34.95823182300149],[32.07109684999746,34.95830506200151],[32.069479927997506,34.95842449300149],[32.06889008499746,34.95750526100149],[32.07045018899747,34.953414934001486],[32.070446943997446,34.95155211500142],[32.068958110997485,34.951417531001454],[32.0682728259975,34.95052285400143],[32.06850125399751,34.94920939100145],[32.069129431997524,34.94818146400145],[32.070441188997506,34.948247993001424],[32.070440989997536,34.948133990001416],[32.070440989997536,34.948133990001416]]]}