{"segmentId":"5000943","streetsFileVersion":96,"polygonPointList":[[[32.34831038999752,34.928427727001306],[32.348280201997554,34.92765561700129],[32.348820598997555,34.92715035400131],[32.349359570997535,34.9260071820013],[32.34987220899755,34.92583774200131],[32.350116829997546,34.92540910000129],[32.350639851997514,34.924996017001334],[32.35092440099751,34.92479367800133],[32.35126423499753,34.924712534001294],[32.351351678997545,34.924691654001315],[32.35192404799755,34.92576430100133],[32.35201022099757,34.926066216001296],[32.351897402997565,34.92660376600129],[32.35198415599755,34.92717428600129],[32.352297951997556,34.9273076240013],[32.352925688997566,34.92764147300131],[32.3536094599975,34.9275386550013],[32.35417813099751,34.92693254000132],[32.35474687499754,34.92636002100131],[32.35508879699754,34.926325395001314],[32.35548978799755,34.92723073700133],[32.355262605997524,34.927600774001306],[32.35492185099751,34.928172617001294],[32.355265178997534,34.9287759410013],[32.35537991299749,34.929111355001304],[32.35515315499749,34.92968284700131],[32.355267960997494,34.93005184700136],[32.355666883997536,34.930017070001355],[32.3560332409975,34.929546294001305],[32.358000813997464,34.932261372001314],[32.35770430299749,34.93302624700134],[32.358005981997515,34.93416916000137],[32.35804794599749,34.93423318400134],[32.358508669997484,34.93493610100136],[32.359144351997465,34.93555008700132],[32.35977895199748,34.93596869500135],[32.36010522799751,34.93634322500133],[32.36018765599747,34.93643784400137],[32.36037010099748,34.93688154100134],[32.36060257299749,34.93741633900135],[32.3603024109975,34.93798531300138],[32.360312402997494,34.93803926200139],[32.360274884997445,34.93803749100135],[32.36024420699746,34.93809564300137],[32.36007739599749,34.93815232300136],[32.359646136997455,34.93829885800136],[32.35639615699749,34.93783829800134],[32.35556894699749,34.93750496400134],[32.354513100997494,34.93687010800136],[32.35431367599749,34.93690427700136],[32.35402924799748,34.93717371700137],[32.35372043599749,34.937146647001384],[32.3531728189975,34.936504718001345],[32.352914676997486,34.935733251001345],[32.35297038999747,34.93512872200136],[32.353311238997485,34.93459048600135],[32.35259717899747,34.93411712300138],[32.35179858799752,34.93358772200132],[32.35150804899752,34.93393173000133],[32.35112887499747,34.933561584001374],[32.3498556129975,34.93231863800131],[32.348329626997504,34.933220357001325],[32.34826366499748,34.933161799001354],[32.34737763099749,34.93198935800135],[32.346979019997505,34.93167371600132],[32.34868279599751,34.92929951700133],[32.34831038999752,34.928427727001306],[32.34831038999752,34.928427727001306]]]}