{"segmentId":"5000382","streetsFileVersion":236,"polygonPointList":[[[31.739583973998563,34.72274133500071],[31.739386389998597,34.7237116480007],[31.73941459299858,34.723763876000724],[31.74008651299857,34.7250081720007],[31.740516423998603,34.72580430300073],[31.740546402998586,34.725859820000686],[31.740676057998623,34.72593789300068],[31.74078107999854,34.72625879100073],[31.74134436799858,34.727979942000694],[31.741344457998608,34.727985701000726],[31.741086612998572,34.728424993000694],[31.74091965599862,34.72870943700073],[31.74074382099856,34.72900900800071],[31.74056046899856,34.7293213850007],[31.740501518998595,34.729828370000725],[31.740040298998554,34.73011396200073],[31.739721618998598,34.73031129200073],[31.738474590998553,34.731255304000726],[31.73558850899854,34.73344009500072],[31.73481081299853,34.733703139000724],[31.73294619099856,34.73433382000074],[31.73266699499855,34.73442825400075],[31.732661886998557,34.734409025000716],[31.731936616998546,34.73167859400073],[31.731688410998558,34.7315958580007],[31.730205287998537,34.73110148400074],[31.72987437199855,34.73099117900072],[31.72972238299856,34.73109250500071],[31.728648978998606,34.731808107000724],[31.728876864998593,34.7324503320007],[31.729084017998584,34.73297980600073],[31.728740309998543,34.73332351400074],[31.728073193998554,34.733508724000714],[31.72745140699857,34.7333449960007],[31.727328820998583,34.7332116720007],[31.72733497499858,34.733107063000695],[31.726878117998545,34.73256454600071],[31.72661937699859,34.73215281000072],[31.726213726998576,34.7316772210007],[31.725921734998554,34.73133488600073],[31.72592742899853,34.73131485800074],[31.725994718998543,34.73107818400074],[31.726224063998593,34.72998124400071],[31.72650364999855,34.728856949000686],[31.726937901998575,34.72697717500071],[31.727167674998565,34.72695261500072],[31.728413614998615,34.72695261500072],[31.728451172998582,34.7277976800007],[31.729022309998598,34.72759345500069],[31.729859236998564,34.726575571000716],[31.729708861998574,34.72532960900067],[31.72970251799861,34.725277041000666],[31.730132151998617,34.723988138000685],[31.730991420998595,34.722828125000675],[31.72927288299863,34.72252738100072],[31.7292372069986,34.72052952900067],[31.729231696998596,34.7202209540007],[31.729229919998637,34.72012142800066],[31.729029045998608,34.718427849000705],[31.728386591998603,34.717678319000704],[31.72846601199862,34.71609946900065],[31.728151922998613,34.714086445000696],[31.72873037399865,34.71390368400068],[31.728843248998643,34.712473936000656],[31.72985312299863,34.71233367600069],[31.729960162998612,34.71165676800068],[31.73016037499861,34.70999250600067],[31.730647577998663,34.705942630000635],[31.727990311998614,34.70573822500066],[31.72804435799863,34.70435113300064],[31.729556891998644,34.70475067100065],[31.729814267998627,34.70186680100065],[31.73159886399864,34.70200956800065],[31.733374363998625,34.705727398000676],[31.73410862999864,34.706688992000664],[31.734471324998665,34.70693078900067],[31.735803190998638,34.70663004500066],[31.73636171599863,34.708090802000676],[31.735481944998636,34.71009028000064],[31.734943921998656,34.71131306000068],[31.737306911998644,34.71591014800066],[31.73871717299864,34.716536739000674],[31.739583128998593,34.71737293200067],[31.739712863998637,34.71737090500067],[31.73998069299861,34.71812313100066],[31.74030798499863,34.71904236600068],[31.740718811998597,34.72019621700071],[31.7401322599986,34.720393510000704],[31.739283229998634,34.72067909000067],[31.739287863998598,34.72071533900067],[31.73936628699858,34.7213287330007],[31.739410107998616,34.72167148300071],[31.740846498998582,34.721429888000685],[31.74123824299861,34.72136399800071],[31.74128312199858,34.72135645000066],[31.741355316998607,34.72134430700067],[31.741341848998584,34.72141042100067],[31.74133344499858,34.72145168000066],[31.741327930998626,34.72147874700068],[31.741293264998582,34.7216489260007],[31.741159011998555,34.7223079890007],[31.74083338899859,34.722397579000706],[31.740425090998595,34.722509915000686],[31.739583973998563,34.72274133500071],[31.739583973998563,34.72274133500071]]]}