{"segmentId":"5000524","streetsFileVersion":188,"polygonPointList":[[[31.820360671997815,34.90471349000128],[31.819423060997863,34.90432038500127],[31.819242783997822,34.904244802001266],[31.818807456997828,34.90381022400125],[31.819208414997824,34.902827976001234],[31.819445800997823,34.90280336800124],[31.820010262997823,34.90274485300126],[31.820139481997852,34.901802721001225],[31.82021075599787,34.90128306000123],[31.81947362399787,34.90094257600123],[31.818860951997863,34.900659581001264],[31.815553500997886,34.89711418400122],[31.81593421499786,34.89656690800125],[31.816957382997874,34.89601963200123],[31.818694389997905,34.89568650700122],[31.81954950199785,34.895852424001234],[31.82028862899789,34.89599583700122],[31.82159733199787,34.89628137200121],[31.824108461997845,34.897689808001246],[31.82418999999786,34.89770000000123],[31.824359999997892,34.89779000000124],[31.824416411997884,34.897862530001234],[31.82696201799787,34.89929030100125],[31.82700895999787,34.89953792500126],[31.828502585997875,34.90033060500128],[31.831724184997853,34.902040334001256],[31.83434412099786,34.90343075500125],[31.833773049997784,34.90995047800128],[31.829585198997822,34.90935561300129],[31.828379085997803,34.90857650300129],[31.823340173997835,34.90532152900126],[31.823024135997837,34.90510591500125],[31.822439999997783,34.90471000000129],[31.820475142997868,34.90442411200128],[31.820360671997815,34.90471349000128],[31.820360671997815,34.90471349000128]]]}