{"segmentId":"5000859","streetsFileVersion":236,"polygonPointList":[[[32.1983002959975,34.94447855100139],[32.20011344599746,34.945063898001415],[32.20112709599746,34.9455921390014],[32.20040674499748,34.94761666400144],[32.20094159999747,34.94900830000144],[32.20062199999748,34.949748800001444],[32.20030021099746,34.95041022400144],[32.19978226699744,34.95058130400141],[32.199671762997426,34.95069085700142],[32.199440132997445,34.95135144100142],[32.19871816899748,34.95163624200145],[32.1982915869974,34.95205915100146],[32.197601485997446,34.952743311001456],[32.197506183997476,34.952837793001464],[32.19674219999745,34.953595200001445],[32.19444859999744,34.95249020000144],[32.193855199997394,34.95340740000146],[32.192998399997464,34.953026300001426],[32.193470451997435,34.95195619700146],[32.19408899999749,34.950554000001446],[32.19404547399746,34.94914946600142],[32.19399009999748,34.94736260000145],[32.19511587099746,34.9457750250014],[32.195785999997476,34.944830000001375],[32.19624323999749,34.943724334001374],[32.1983002959975,34.94447855100139],[32.1983002959975,34.94447855100139]]]}