{"segmentId":"5000578","streetsFileVersion":236,"polygonPointList":[[[31.866376020997816,34.90778365400129],[31.8661625959978,34.90613895600128],[31.86734023399783,34.90277168900128],[31.86749689899785,34.902323730001235],[31.86882042599785,34.90114152700124],[31.869303619997837,34.89949505500123],[31.870195878997848,34.899448958001244],[31.871523066997867,34.89938039000122],[31.87210160399786,34.900793292001254],[31.87239973699781,34.90152139100127],[31.873575455997806,34.902082861001254],[31.874259053997825,34.90240931600125],[31.874260248997818,34.90291393300124],[31.874262507997834,34.90386750400126],[31.8749915629978,34.90396004600127],[31.875519151997782,34.90979118000129],[31.873449715997797,34.910463060001284],[31.869475348997735,34.91175341000131],[31.866376020997816,34.90778365400129],[31.866376020997816,34.90778365400129]]]}