{"segmentId":"5000535","streetsFileVersion":236,"polygonPointList":[[[31.828717303997934,34.885899502001166],[31.82661468199793,34.88584839700121],[31.826599185997928,34.88584802000116],[31.826781908997912,34.88519611100115],[31.826783593997945,34.88519009900119],[31.826760433997926,34.885189584001175],[31.8264718319979,34.88518317100118],[31.825907079997915,34.88517062000119],[31.825873450997932,34.88516987300119],[31.826012982997927,34.88488852100118],[31.826541973997934,34.88382186700119],[31.82802332499798,34.88083488100118],[31.828815964997936,34.87923660700117],[31.829502128997937,34.877853031001145],[31.82950707299797,34.87785505200114],[31.829525613997937,34.87786263100113],[31.829719280997974,34.87794179900115],[31.830198268997957,34.878137602001146],[31.833023730997912,34.879292605001154],[31.83417016799797,34.88095959300117],[31.834699999997955,34.88173000000118],[31.835433016997964,34.883244252001184],[31.836077467997924,34.8838457410012],[31.835485468997916,34.88681590300121],[31.83469367099788,34.88790471300121],[31.8307146569979,34.88794157000121],[31.83054438299792,34.88794314700119],[31.830433118997934,34.88751165500116],[31.830038292997916,34.8859804850012],[31.830025609997946,34.885931301001165],[31.82958946799793,34.88592070000117],[31.828717303997934,34.885899502001166],[31.828717303997934,34.885899502001166]]]}