{"segmentId":"5000740","streetsFileVersion":188,"polygonPointList":[[[32.05351097099416,35.30433447800412],[32.0519119729942,35.30357305200412],[32.05061520399419,35.30259144300412],[32.05054999999416,35.302730000004125],[32.050469999994206,35.30287000000412],[32.05023999999415,35.30313000000414],[32.05012999999415,35.30323000000411],[32.050019999994184,35.30330000000411],[32.049889999994186,35.30335000000416],[32.04982494999417,35.30336393900415],[32.048134999994154,35.30465800000417],[32.04801599999418,35.30546700000418],[32.04765899999413,35.30715700000419],[32.0473259999941,35.308180000004185],[32.047221620994094,35.30820699400417],[32.0448565099941,35.308818661004175],[32.044309999994105,35.30896000000421],[32.04422899999409,35.308803000004204],[32.0442289489941,35.30880290100417],[32.0435299999941,35.30745000000419],[32.04319999999416,35.30675000000419],[32.04302999999413,35.30631000000416],[32.04286999999414,35.30576000000418],[32.04268999999415,35.30486000000416],[32.04263999999417,35.30447000000413],[32.04261999999416,35.30416000000411],[32.04261999999418,35.30345000000413],[32.04266999999419,35.30290000000415],[32.042759999994175,35.3024900000041],[32.04287999999418,35.3016600000041],[32.04300999999418,35.30123000000409],[32.04319999999421,35.30073000000409],[32.0444367239942,35.298219761004056],[32.04446141499423,35.298169644004055],[32.04480999999426,35.29742000000405],[32.045049999994276,35.29697000000405],[32.0461699999943,35.294610000004006],[32.046266388994276,35.294506001004045],[32.047516299994335,35.29196899700397],[32.04756999899436,35.291859999004],[32.049889998994345,35.291740000004005],[32.050002920994324,35.291301449003996],[32.049979999994356,35.290950000004],[32.049979999994356,35.290880000004016],[32.049979999994356,35.29040000000396],[32.05007999999434,35.28985000000399],[32.050089999994356,35.289740000003974],[32.05018999999435,35.28968000000395],[32.05033999999435,35.28961000000396],[32.05044214199436,35.28959563600397],[32.05053499999433,35.289235000004],[32.05300599999437,35.28822900000396],[32.05368799999438,35.290112000004],[32.05376521999434,35.290624094003995],[32.053839999994324,35.290860000004],[32.053815999994306,35.290954000003985],[32.05381799999433,35.290968000004014],[32.05380999999433,35.290975000003996],[32.05375999999434,35.291170000004016],[32.053749999994324,35.291210000003986],[32.05330999999435,35.291470000004],[32.05302999999431,35.29173000000397],[32.053277999994265,35.293399000004044],[32.05352999999427,35.29382000000401],[32.053688405994286,35.29414671400405],[32.0536908189943,35.294151110004],[32.05394099999429,35.29449000000403],[32.05396000799428,35.29464153900403],[32.054529999994294,35.29568000000404],[32.05544499999432,35.29563500000404],[32.0555569999943,35.29556900000405],[32.05562099999424,35.295626000004006],[32.05574999999427,35.29562000000402],[32.05645999999429,35.29610300000407],[32.056460035994235,35.29610302600401],[32.05646999999426,35.29611000000404],[32.05707999999425,35.29650000000404],[32.05757053799423,35.29854821200409],[32.058219999994186,35.30126000000411],[32.05815999999418,35.302430000004136],[32.05795999999415,35.303380000004125],[32.05762999999417,35.30396000000415],[32.05718999999417,35.30396000000415],[32.05657999999418,35.303930000004115],[32.05632026999417,35.30380013500415],[32.056319999994145,35.3038000000041],[32.05590457099416,35.303592285004115],[32.05396999999419,35.303180000004126],[32.05351097099416,35.30433447800412],[32.05351097099416,35.30433447800412]]]}