{"segmentId":"5000871","streetsFileVersion":236,"polygonPointList":[[[32.235166944995704,35.165599246002756],[32.230398002995706,35.16837038800276],[32.228802473995685,35.16943278000282],[32.227339105995654,35.16978969900278],[32.22605419699567,35.168790326002814],[32.22399499999573,35.16562700000275],[32.22191027799571,35.16582708700274],[32.22124054699567,35.166925423002795],[32.22114060999573,35.167196682002775],[32.22056953899572,35.16683976200277],[32.220226896995676,35.16644001300277],[32.22068879299573,35.16499347700276],[32.22056286199574,35.16485498600279],[32.2204424679957,35.16472258400277],[32.21993999999575,35.16417000000277],[32.219229562995736,35.164342453002774],[32.21832099999572,35.164563000002744],[32.21770999999576,35.16096000000272],[32.21633799999581,35.15985200000273],[32.214582049995755,35.160967149002715],[32.21430948399576,35.16239411200276],[32.21391053299573,35.16277929700273],[32.213889999995715,35.162950000002716],[32.21211036799571,35.16369233800273],[32.21209199999572,35.16370000000276],[32.21192776699576,35.16356867800275],[32.21183146099572,35.16360346400275],[32.210967802995775,35.16391542100277],[32.20970038099576,35.16314207900276],[32.207568184995765,35.16366797000276],[32.2074711469957,35.16441516600273],[32.207389999995705,35.16504000000274],[32.20609042599571,35.16669725500275],[32.20540486699567,35.16757150100278],[32.20520999999575,35.167820000002784],[32.205081202995714,35.167548380002756],[32.204456999995706,35.16623200000276],[32.204599282995716,35.16555024600277],[32.20484913999576,35.16435304300276],[32.20515999999573,35.16286354300276],[32.205497999995764,35.161244000002746],[32.205277383995764,35.16017756100274],[32.20483555699576,35.15962233400273],[32.204778449995786,35.15929396800271],[32.20491999999581,35.15845000000274],[32.20578999999581,35.15753800000269],[32.2068271659958,35.1569954090027],[32.20734112999578,35.15725952900269],[32.2074357829958,35.15747247100271],[32.20751862199582,35.15765883500271],[32.20807889999576,35.15769800000269],[32.20824340899579,35.15681881700269],[32.20810493699579,35.15588182100267],[32.20738395999583,35.15552490200266],[32.20817424799583,35.154254693002656],[32.20711452099586,35.15258976600267],[32.206688565995854,35.15237023600263],[32.206698083995846,35.15162784500266],[32.206907476995895,35.151485077002675],[32.20788603799583,35.15174097100264],[32.20819574899583,35.15167614700265],[32.208949011995855,35.153009436002655],[32.20895929999588,35.152992900002694],[32.21094763199587,35.15293645800267],[32.211016599995844,35.15293450000268],[32.21025499999586,35.15197010000263],[32.210249032995854,35.15132089400264],[32.21095573299585,35.150778377002645],[32.211091361995855,35.15087831400267],[32.211129675995835,35.151880876002664],[32.212129999995845,35.153060000002654],[32.21229742199587,35.152739137002634],[32.21287633399585,35.15162965600267],[32.21308799999584,35.151224000002664],[32.21404999999586,35.15103000000264],[32.2156099999958,35.15367000000265],[32.21560994599582,35.153671119002695],[32.21559426199581,35.15399902100268],[32.21553499999584,35.155238000002676],[32.216570999995824,35.15465900000265],[32.2188529999958,35.155223000002664],[32.2185888419958,35.15589371800271],[32.218281498995815,35.15595445900268],[32.21701299999579,35.1575780000027],[32.21777999999577,35.159497000002716],[32.2202441909958,35.158583147002716],[32.22108159499577,35.15827259300271],[32.221175196995766,35.1580913090027],[32.22122516199578,35.15806984800267],[32.22175578599582,35.15784194200271],[32.22254279999578,35.15773070000271],[32.2233102859958,35.1588069490027],[32.223939999995764,35.15969000000273],[32.223198999995745,35.16234400000276],[32.226830999995755,35.16210500000273],[32.22684084199575,35.16204838200275],[32.22791929999582,35.155844600002716],[32.22789961499583,35.155749100002666],[32.22751897999584,35.15547034000271],[32.227510630995795,35.15546422600268],[32.22749512299581,35.155403828002655],[32.22739760699583,35.155024025002675],[32.227463441995816,35.15427905200267],[32.227503399995825,35.153826900002684],[32.2283360999958,35.153829300002656],[32.22919599999587,35.15014100000267],[32.23037899999584,35.150141000002655],[32.23037906799586,35.15014100000267],[32.2304519999959,35.15014100000267],[32.23227999999585,35.15208300000267],[32.231413702995795,35.154372284002655],[32.230285787995804,35.1573529240027],[32.23028606099579,35.15735291200272],[32.230652351995815,35.157336187002706],[32.23109505799578,35.156895787002696],[32.23150241499582,35.156906100002715],[32.23186056599582,35.15833241000272],[32.2334479449958,35.15852241400271],[32.233533871995775,35.16034836000273],[32.231750888995805,35.16032687900269],[32.23160051699578,35.15854389600268],[32.23172548899575,35.158396237002684],[32.23130943699579,35.15719245900269],[32.231259114995815,35.157032806002725],[32.23068839099578,35.15752489700267],[32.2302534239958,35.15751137500271],[32.23022640999578,35.15751053500268],[32.2302056089958,35.1575098880027],[32.22990287699575,35.15836481000273],[32.22939980699576,35.15969422800269],[32.229399864995784,35.159694265002706],[32.23020718199576,35.16021633100274],[32.23312154199572,35.16210095300273],[32.23485422399571,35.165064394002776],[32.235166944995704,35.165599246002756],[32.235166944995704,35.165599246002756]]]}