{"segmentId":"5000927","streetsFileVersion":96,"polygonPointList":[[[32.329243188997374,34.96055424600149],[32.32904787999737,34.961282916001494],[32.33082394199733,34.961665572001486],[32.33129253699732,34.96161831700147],[32.331459999997335,34.961600000001454],[32.331463939997334,34.96160080300149],[32.33235149099732,34.96148791400145],[32.33265643399735,34.96167628800145],[32.33319886299734,34.96201136700149],[32.333199410997345,34.96201957100147],[32.33345999999733,34.96209000000147],[32.33360999999736,34.96229000000148],[32.3336699999973,34.962480000001456],[32.33364999999729,34.962650000001474],[32.33342999999736,34.9633200000015],[32.33341999999732,34.963440000001484],[32.33343999999733,34.96361000000151],[32.33343999999733,34.96371198800149],[32.33349423699729,34.96372569100147],[32.333243877997326,34.965255206001494],[32.33260442799728,34.965022466001486],[32.33221665899729,34.96488133000147],[32.33219822299729,34.96488472000148],[32.331480220997314,34.9648443300015],[32.3310947769973,34.9655018510015],[32.331094359997344,34.9655073870015],[32.33109073499729,34.965508746001504],[32.331089999997324,34.96551000000149],[32.3310449159973,34.96552668100147],[32.33088727899728,34.96558500600146],[32.33009529199733,34.965881865001464],[32.33009443399731,34.96587835900148],[32.33008999999729,34.96588000000147],[32.33000259299732,34.965504152001486],[32.32999686999732,34.96547954300151],[32.32998960899731,34.96544986000147],[32.329813144997324,34.9653865990015],[32.32946268299728,34.96526377400149],[32.32928981199731,34.9654887460015],[32.329180133997305,34.96563147900146],[32.32919999999735,34.96585000000149],[32.32922999999731,34.96639000000149],[32.329159999997316,34.96640000000152],[32.329016007997275,34.9664023350015],[32.32909738199729,34.9668760870015],[32.32846651899732,34.967187600001495],[32.327702272997314,34.96723246300152],[32.32773595499728,34.967565335001524],[32.32656837399728,34.967696404001494],[32.32650078699728,34.966933073001506],[32.32583907099733,34.966510196001494],[32.324729692997316,34.96676354600149],[32.324724677997274,34.96676381600147],[32.32419999999732,34.96714000000147],[32.323551518997284,34.96719171900147],[32.322587802997276,34.9672685800015],[32.322585512997264,34.9679235910015],[32.321945551997295,34.967964927001475],[32.320841067997286,34.96812597400148],[32.320783065997304,34.96671187700153],[32.32062333099729,34.9657207930015],[32.319886536997316,34.96566075200152],[32.3176168979973,34.9658393120015],[32.31754545399726,34.96537605900149],[32.31748647099731,34.965233686001476],[32.317301120997335,34.96478629200148],[32.31670430699734,34.96481380100148],[32.31677769199735,34.96343810800148],[32.31693247999732,34.961826560001505],[32.31719343499732,34.96071046800148],[32.31750747699734,34.959842079001476],[32.31832029399736,34.95912076300146],[32.31842307099732,34.95879094200147],[32.31913279099739,34.958738894001485],[32.31960987199735,34.95859706400146],[32.319896865997364,34.958519433001456],[32.31989999999738,34.95850000000147],[32.319999999997364,34.958460000001466],[32.32008999999734,34.95845000000143],[32.32018024599738,34.95844278000145],[32.32076691299734,34.95828408900148],[32.32299476599741,34.958103121001486],[32.32368960399732,34.95831458700148],[32.32376638499737,34.958337954001465],[32.32417162899733,34.957683985001474],[32.324169999997345,34.957640000001426],[32.324179999997355,34.95755000000143],[32.32427801599737,34.957512302001454],[32.32434338199735,34.95740681600146],[32.324582585997376,34.95750000000144],[32.32492999999739,34.95750000000144],[32.32515999999733,34.95760000000147],[32.32527999999739,34.95768000000144],[32.32535999999737,34.957740000001465],[32.325399999997344,34.957810000001466],[32.32595999999738,34.957830000001465],[32.326559999997336,34.95715000000147],[32.326509999997356,34.957070000001444],[32.32670999999736,34.956740000001425],[32.32685999999737,34.95634000000146],[32.32691999999732,34.95633000000142],[32.327506331997355,34.956681800001476],[32.327708867997345,34.95628215200142],[32.32813020099738,34.956466919001436],[32.32862823999738,34.95677021900148],[32.32892044099737,34.95605659200143],[32.32990289499733,34.95657592600143],[32.329438461997334,34.95784070600148],[32.329448853997384,34.95807468600144],[32.329503529997375,34.95912811700144],[32.329243188997374,34.96055424600149],[32.329243188997374,34.96055424600149]]]}