{"segmentId":"5000395","streetsFileVersion":96,"polygonPointList":[[[31.727975710998702,34.680512750000595],[31.727301706998695,34.6798738420006],[31.727300202998695,34.67987019100062],[31.727299999998735,34.67987000000059],[31.726709999998693,34.67845999900057],[31.72671363399876,34.67844667400058],[31.726685245998727,34.6783777800006],[31.726352822998727,34.67826145200062],[31.725279477998725,34.677885846000585],[31.724469013998764,34.675171705000565],[31.725145290998743,34.67495892600058],[31.72552787699871,34.67450686400062],[31.725689999998707,34.67431000000059],[31.726539999998735,34.67352000000058],[31.72751999999873,34.673300000000566],[31.72752545399873,34.673300000000566],[31.728653961998766,34.67280363800059],[31.72887986799871,34.67373705900061],[31.729883204998753,34.67368669100059],[31.73179999999877,34.67499000000057],[31.73244662399871,34.674865048000605],[31.733869999998724,34.67459000000062],[31.73631999999873,34.6742300010006],[31.736955131998723,34.674140684000605],[31.736959999998742,34.67414000000061],[31.737120029998696,34.6741347810006],[31.737879489998743,34.674105336000565],[31.73788198199873,34.67410523900057],[31.738388356998723,34.677002910000596],[31.738399999998748,34.67699999900057],[31.7384299999987,34.677240000000566],[31.738431550998772,34.677250080000626],[31.738647031998752,34.6784831420006],[31.738804145998746,34.679382211000615],[31.73894999999871,34.67945999900061],[31.739019999998693,34.67983000000058],[31.739029999998746,34.6800700000006],[31.7389899999987,34.680180000000604],[31.739009999998746,34.680310000000624],[31.73911999999873,34.68080000000058],[31.739269999998704,34.681110000000594],[31.73931999999873,34.68117000000061],[31.739309999998707,34.68135000000061],[31.739289999998693,34.68142000000061],[31.73927999999873,34.68152000000058],[31.739309999998707,34.681660000000626],[31.739264133998688,34.681660000000626],[31.7392599999987,34.681660000000626],[31.739189999998718,34.681650000000595],[31.736575095998685,34.682238853000605],[31.73714350999872,34.6836035070006],[31.737273434998745,34.685531064000585],[31.73770549799866,34.68702405800064],[31.737769999998715,34.68724000000059],[31.737768530998682,34.68724186900061],[31.737768629998712,34.68724221200062],[31.737354400998715,34.68777855300061],[31.73729700899869,34.6877700770006],[31.737240561998693,34.687766262000586],[31.73718301299869,34.68776701400059],[31.737126786998736,34.68777254500059],[31.7370692759987,34.68778274100059],[31.73701410399868,34.68779738600062],[31.736977541998655,34.68781016800062],[31.73697999999873,34.687820000000606],[31.73697999999873,34.68784000000061],[31.73694999999869,34.68786000000062],[31.736909999998673,34.6878900000006],[31.73673577399872,34.6879541890006],[31.736712544998717,34.6879749100006],[31.736709999998716,34.6879800000006],[31.73675999999869,34.6880000000006],[31.736679999998675,34.68802000000061],[31.73666477299866,34.688022855000604],[31.736626277998724,34.68806758300064],[31.73658815699867,34.68811797600061],[31.736223199998673,34.688466688000624],[31.736147719998705,34.68848611300063],[31.736092553998674,34.688500109000636],[31.736036256998677,34.68851356100059],[31.735979968998695,34.68852658200063],[31.735923576998683,34.688539383000595],[31.73586738799867,34.68855174300062],[31.73581099399874,34.688563802000594],[31.7357546989987,34.688575286000614],[31.73569831099873,34.688586567000634],[31.73564210699869,34.68859741300058],[31.735585714998685,34.68860782900059],[31.735529321998712,34.688617812000636],[31.73547311199873,34.68862756800063],[31.735416715998685,34.688636892000595],[31.73535929299867,34.68864578900063],[31.73530298699872,34.68865435600059],[31.73524658599872,34.68866260100059],[31.735189251998698,34.6886702010006],[31.735132848998667,34.688677677000605],[31.73507532499866,34.68868462000062],[31.734408257998695,34.688578403000626],[31.73306573499866,34.68591117200059],[31.732509999998715,34.683630000000605],[31.73232899999871,34.683789280000596],[31.731259999998734,34.68473000000061],[31.731259378998715,34.68472565600062],[31.730100700998666,34.685745289000614],[31.729649999998692,34.686150000000616],[31.728931420998645,34.6876362810006],[31.728581607998713,34.68702291100061],[31.728089399998705,34.68636764500064],[31.72793662199872,34.685868607000586],[31.72762387399872,34.68401382400058],[31.728019363998698,34.683746396000615],[31.7279599999987,34.68341000000059],[31.728249999998727,34.68331000000062],[31.72829000499873,34.68330000300061],[31.72866795599868,34.682629781000614],[31.728659999998733,34.68259000000061],[31.72876297399874,34.68246128300061],[31.72797963699869,34.681063020000614],[31.727975710998702,34.680512750000595],[31.727975710998702,34.680512750000595]]]}