{"segmentId":"5000314","streetsFileVersion":188,"polygonPointList":[[[31.63312649999836,34.795505700000874],[31.63192069999836,34.79537690000091],[31.631737999998354,34.798552600000896],[31.631538371998367,34.79852581400092],[31.630459099998358,34.79838100000091],[31.63020329999837,34.79812350000088],[31.629472499998393,34.798080600000894],[31.629764799998327,34.8028442000009],[31.628591811998312,34.80301373800093],[31.62738959999837,34.8031875000009],[31.627373449998334,34.80299023300092],[31.627206899998328,34.800955900000936],[31.629033999998324,34.8006984000009],[31.62885129999838,34.79803770000091],[31.627572299998363,34.797951800000924],[31.626804999998363,34.7978660000009],[31.626147199998368,34.7977373000009],[31.625343299998352,34.79747980000092],[31.624283599998392,34.79612790000088],[31.623592489998412,34.79495115000087],[31.62339684099835,34.79484336200089],[31.622967999998394,34.794733200000884],[31.622576743998405,34.794357131000865],[31.622566099998345,34.79434690000089],[31.62257745799834,34.79430645200089],[31.623122232998387,34.79236646100087],[31.623132499998384,34.79232990000085],[31.623500199998382,34.79205360000086],[31.624246999998388,34.79014120000086],[31.62662229999841,34.790312900000885],[31.62684149999843,34.788789400000866],[31.62888779999837,34.788939600000866],[31.631668981998406,34.789233189000896],[31.63213989999834,34.78928290000088],[31.632030299998384,34.79177200000087],[31.633236099998346,34.79190080000089],[31.633222585998407,34.79256019100089],[31.633199599998417,34.7936818000009],[31.63312649999836,34.795505700000874],[31.63312649999836,34.795505700000874]]]}