{"segmentId":"5000533","streetsFileVersion":236,"polygonPointList":[[[31.83631685999852,34.75107879600077],[31.83819996299851,34.75242463600076],[31.83829168399849,34.752792913000775],[31.837905021998434,34.75399454100077],[31.837766145998454,34.75398832200077],[31.83768480699847,34.75398467900075],[31.835533817998474,34.75222305900077],[31.83534048199847,34.75267417600074],[31.835318522998485,34.75306354700079],[31.835761696998468,34.75351861900075],[31.83613530599847,34.75402752400074],[31.836224776998435,34.754210552000785],[31.836338716998473,34.75444363400075],[31.83641165999848,34.754645394000796],[31.836733088998475,34.75553446200079],[31.836821140998445,34.75577801100079],[31.836629999998483,34.75614000000079],[31.83645983199846,34.756140193000796],[31.83643123699846,34.75605985100075],[31.83610627699844,34.755146830000776],[31.835676641998468,34.755211276000786],[31.835161080998454,34.75499645800076],[31.835013951998494,34.75513843700074],[31.834731446998436,34.75501794000078],[31.83430181199845,34.75634980700077],[31.83356723899847,34.75723236200075],[31.833294595998442,34.75763050800075],[31.832100990998462,34.7593735500008],[31.831468554998445,34.76029710800076],[31.830505735998475,34.76114270400079],[31.830189999998456,34.76141999900079],[31.82963874499846,34.76153015700076],[31.829261960998437,34.76331502200077],[31.829073530998453,34.76369978800079],[31.828809392998423,34.76407950200081],[31.827774467998413,34.76404198200077],[31.82752236099842,34.76380596700079],[31.82712668499844,34.76326473400081],[31.82504887699843,34.762800414000765],[31.825475676998433,34.76091512200076],[31.828900442998464,34.75837526900077],[31.829150998998436,34.75818945300078],[31.829278261998468,34.758095073000774],[31.829046705998458,34.75599559600077],[31.82806999999844,34.75469000000075],[31.825615911998437,34.7550207720008],[31.82566925599845,34.75401085300078],[31.82567277299849,34.75394426800077],[31.825751381998497,34.75245603600077],[31.825788602998475,34.751751355000785],[31.827746389998495,34.75027201500076],[31.82791639699846,34.750143554000736],[31.828011001998483,34.74982677400075],[31.828027166998524,34.74977264600075],[31.828555838998486,34.74800242300076],[31.82901736599851,34.74795740700076],[31.83007627699848,34.74785412400077],[31.83068518299851,34.74813252200075],[31.83090882599848,34.74823477400073],[31.832428427998504,34.74892955100076],[31.832433056998486,34.74893166700078],[31.832669999998497,34.74904000000074],[31.833141512998477,34.74901507400076],[31.83320214999845,34.749011869000775],[31.8336179419985,34.74898988900073],[31.834939999998518,34.74892000000075],[31.834919945998525,34.747700713000725],[31.834890103998504,34.74588631600075],[31.837093019998488,34.74607525600073],[31.836936555998516,34.748828106000765],[31.83631685999852,34.75107879600077],[31.83631685999852,34.75107879600077]]]}