{"segmentId":"5000749","streetsFileVersion":188,"polygonPointList":[[[32.06552279699672,35.05861098100205],[32.06505019799675,35.05859487000201],[32.064534637996786,35.05827264300204],[32.06443796999673,35.057762453002034],[32.064196909996774,35.05719680400202],[32.06370849199677,35.05701311900199],[32.06289502099675,35.05696309700201],[32.062787875996776,35.05682660200202],[32.06240723199677,35.05654014900202],[32.06221194699677,35.05630527900203],[32.06216068999675,35.05626710900199],[32.06154467699674,35.056073180002016],[32.06147329299678,35.05588282300201],[32.061387037996795,35.05524036800201],[32.06142910099676,35.055058245002],[32.0614626329968,35.05491306200197],[32.06128756999678,35.05465567300202],[32.060679147996815,35.054564006002025],[32.0606082939968,35.054505944001974],[32.06050318699679,35.054419812001996],[32.060159554996766,35.054375268002005],[32.059983034996826,35.053928776002024],[32.05974568399681,35.053648470001974],[32.059225065996806,35.05273421600197],[32.058918345996794,35.052458183001995],[32.0587755799968,35.05217859700202],[32.0587367169968,35.05205901800201],[32.05856737699679,35.05175029400197],[32.0584246089968,35.05127440200197],[32.058359173996806,35.05094722600199],[32.058372216996844,35.050886823001974],[32.05826846099686,35.050160527001985],[32.0582292049968,35.049985320002],[32.05769531499682,35.04823338000197],[32.057413860996824,35.04706810200193],[32.05736999999683,35.04689000000198],[32.05739221299686,35.04680608500197],[32.05745846699686,35.04654537100194],[32.05798631399687,35.04626877000194],[32.05843444399685,35.04634894700197],[32.05950999999682,35.04654000000194],[32.05951145099683,35.04654163900195],[32.059512597996815,35.04654184400194],[32.0595168869968,35.04654777900193],[32.06043730899686,35.047587308001965],[32.06072138099688,35.047515989001944],[32.06145398099685,35.04733206300196],[32.06204408799683,35.047427241001934],[32.062462872996875,35.04820770500194],[32.06253810499682,35.04855878900193],[32.06287598599682,35.049620081001976],[32.06271894099681,35.05036723200196],[32.06280935999683,35.051142936001995],[32.0633525269968,35.05147249800199],[32.0638332739968,35.05170631700195],[32.06406480899681,35.051904669002],[32.0640799929968,35.051913882002],[32.06410646199679,35.05194035200197],[32.06429161799676,35.05209897100201],[32.06445731899677,35.05249614900197],[32.06465834399682,35.05293574300197],[32.06579909899679,35.05396969900199],[32.065799999996756,35.05397000000199],[32.06580034699678,35.05397083100201],[32.06580144699679,35.053971828001984],[32.066050780996804,35.05446704300199],[32.066083498996775,35.05483288600199],[32.065989073996796,35.055160258002005],[32.065890528996775,35.05550191500198],[32.06590612399676,35.055769767002026],[32.06602999999679,35.056360000002],[32.066028653996746,35.05636672800202],[32.066086473996776,35.05649850800202],[32.06596100799674,35.05671247700204],[32.06533692399678,35.05703638800199],[32.066167248996734,35.057746342002],[32.06624243499676,35.05799875200203],[32.06614039599676,35.05831023700203],[32.06579131799674,35.05852505300202],[32.06552279699672,35.05861098100205],[32.06552279699672,35.05861098100205]]]}