{"segmentId":"5000903","streetsFileVersion":188,"polygonPointList":[[[32.26865567799733,34.96894311100151],[32.268295485997314,34.96884132100153],[32.26800839399729,34.96847544800151],[32.2678551299973,34.96834979700148],[32.26760190299733,34.96795741000151],[32.26713041299733,34.96735653700151],[32.267029223997305,34.96717714700148],[32.26676876699729,34.96686253800149],[32.26661776399734,34.96613484300153],[32.266705551997354,34.965504365001514],[32.26680999999736,34.9652600000015],[32.26855248999731,34.96565668700148],[32.2686068499973,34.965665368001474],[32.26853114799735,34.96601626700149],[32.268588254997326,34.96633035600152],[32.268859513997285,34.96665515200149],[32.269193106997314,34.96672894900153],[32.26902175699732,34.968599527001494],[32.26899560699734,34.96860823300151],[32.268990453997304,34.968716142001526],[32.26866997899731,34.968819929001526],[32.26865567799733,34.96894311100151],[32.26865567799733,34.96894311100151]]]}