{"segmentId":"5000807","streetsFileVersion":236,"polygonPointList":[[[32.12210999999484,35.25237000000355],[32.12037068699478,35.252638129003564],[32.120049049994755,35.252687712003585],[32.119041289994755,35.254052769003586],[32.11797053199478,35.25515921900361],[32.11689977499474,35.255064040003575],[32.1169209819948,35.254502046003566],[32.116916318994754,35.254493125003606],[32.11692239399471,35.25446464000357],[32.1169711579948,35.25317236900355],[32.11572121799479,35.25229009500355],[32.11552999999476,35.25218000000358],[32.1153459999948,35.25104600000353],[32.11539096399479,35.250233049003526],[32.11506758999481,35.248544317003514],[32.115721940994874,35.2479375540035],[32.11658257599485,35.24790930500353],[32.11736399999487,35.24729300000353],[32.11784134199487,35.24707356300353],[32.11794152899487,35.24702750600351],[32.118790999994864,35.24663700000354],[32.12047159999482,35.2469673440035],[32.120652999994846,35.24700300000353],[32.12067804899486,35.24675515900349],[32.120094795994866,35.246015694003496],[32.119880643994854,35.24535539300351],[32.1206546189949,35.24477891600346],[32.1209692479949,35.244076433003464],[32.12117117699489,35.2440260600035],[32.12198283999487,35.244259486003465],[32.1220179799949,35.24427872000349],[32.12222441299486,35.24439171100348],[32.122176312994874,35.24507153600351],[32.12213518399489,35.24565282600348],[32.121996109994875,35.2466809760035],[32.122441464994864,35.247186333003526],[32.12362999999484,35.248535000003535],[32.123753999994854,35.25032100000354],[32.12210999999484,35.25237000000355],[32.12210999999484,35.25237000000355]]]}