{"segmentId":"5000942","streetsFileVersion":188,"polygonPointList":[[[32.35152299099762,34.90768128600126],[32.350959425997615,34.90770661500124],[32.35108477299763,34.90492004200124],[32.350411317997654,34.9048089650012],[32.35045304099765,34.904063069001246],[32.350595347997675,34.90355969900119],[32.351094003997666,34.90220968000123],[32.35113498099767,34.9020987410012],[32.35114162899766,34.90210092100122],[32.35116963499769,34.902004924001204],[32.35122971999767,34.901842254001195],[32.351509272997646,34.90108539000121],[32.351627493997704,34.9007653110012],[32.35177940599769,34.90035401400122],[32.35204430399769,34.899636787001235],[32.35252310099767,34.89849332000121],[32.3528377609977,34.89798436700119],[32.353524207997694,34.897153144001216],[32.35406664499771,34.89611521600119],[32.35492835799772,34.895094155001175],[32.3556172639977,34.89409217400117],[32.356024703997704,34.89364649600115],[32.35658985699774,34.89344093100117],[32.35843398299771,34.89576717300116],[32.3568595289977,34.900937378001196],[32.35656752899769,34.90124914900124],[32.35654534599771,34.90126317400122],[32.35638693699765,34.901365093001196],[32.355605545997676,34.901828641001224],[32.355011254997706,34.901996554001215],[32.35469843099764,34.90207135100123],[32.35439379399765,34.902173611001245],[32.35437827699763,34.90227845400122],[32.35424042199766,34.903209902001244],[32.35408033199763,34.90412654100121],[32.354014358997695,34.90450428700123],[32.35386213699768,34.905044066001246],[32.35360657599766,34.90758764200125],[32.35152299099762,34.90768128600126],[32.35152299099762,34.90768128600126]]]}