{"segmentId":"5000432","streetsFileVersion":236,"polygonPointList":[[[31.796235371998865,34.62504554800049],[31.798641638998834,34.625238050000505],[31.798965765998844,34.6258093980005],[31.797670818998856,34.629692401000504],[31.802895200998847,34.63295735400049],[31.802784010998803,34.63325605300048],[31.802766844998814,34.63330216800051],[31.80274510899881,34.633360558000504],[31.80159323799883,34.6364549160005],[31.797408658998794,34.63729713800052],[31.796386084998826,34.6375029500005],[31.796065543998797,34.638295561000525],[31.794999435998836,34.64093175300054],[31.794470314998826,34.642240126000516],[31.793923294998837,34.643160219000514],[31.793409963998773,34.64402364600052],[31.793165686998822,34.64473371300053],[31.792122781998785,34.647765242000524],[31.791478446998752,34.649638201000556],[31.78858192799881,34.64770241400052],[31.786937896998776,34.646603684000546],[31.77799454099882,34.64062670700049],[31.772351730998842,34.636855534000524],[31.770797875998845,34.6358170690005],[31.769050956998818,34.63464957700051],[31.764334434998798,34.63149745500049],[31.765283139998854,34.62617277700052],[31.765901578998868,34.62270174500046],[31.76690010599887,34.61709743800046],[31.767453004998867,34.61565218600045],[31.768096379998855,34.61397043000047],[31.768127906998885,34.613888021000456],[31.768491517998882,34.61407925300048],[31.76930792599888,34.6145086270005],[31.771132863998854,34.615468415000485],[31.771620017998888,34.61572462400048],[31.778268557998857,34.619221284000474],[31.778848015998847,34.61952603800049],[31.78722905099885,34.623933868000485],[31.79144614899882,34.62615176300049],[31.792930932998825,34.62478119300047],[31.796235371998865,34.62504554800049],[31.796235371998865,34.62504554800049]]]}