{"segmentId":"5000988","streetsFileVersion":188,"polygonPointList":[[[32.416862416995556,35.17306204100278],[32.41669274299555,35.17035642300276],[32.4173022779956,35.16941271600278],[32.419497895995626,35.16601336800274],[32.42246926999568,35.16141296000271],[32.42352620799567,35.159774154002676],[32.428583103995614,35.16212917000273],[32.43011731499567,35.16284365800271],[32.428490797995565,35.167499375002734],[32.42773507299557,35.16966255200275],[32.42405117099542,35.18020730100285],[32.422336477995366,35.1851154130029],[32.42231066699537,35.185111304002874],[32.422284475995404,35.18518046600291],[32.419175757995404,35.18466234700286],[32.41757314399542,35.184395243002875],[32.417570725995425,35.18435668700289],[32.41755376099542,35.18435398600292],[32.417289920995465,35.180044602002866],[32.416862416995556,35.17306204100278],[32.416862416995556,35.17306204100278]]]}