{"segmentId":"5000120","streetsFileVersion":188,"polygonPointList":[[[31.228779520999357,34.35949500100018],[31.221957998999336,34.36179603800023],[31.22146122899933,34.36196361000018],[31.221341227999336,34.36190361100021],[31.221327002999363,34.36188162700021],[31.221311484999347,34.36187386800018],[31.22120148499932,34.36170386700022],[31.221200620999337,34.36170096000021],[31.22109148599933,34.36133386700019],[31.22069214499933,34.35947693500018],[31.220691220999342,34.35947394900021],[31.220690871999327,34.3594740560002],[31.22068999999936,34.359470000000194],[31.219217712999306,34.35994824200018],[31.219219742999346,34.359959743000196],[31.218425267999326,34.360205652000204],[31.218940858999332,34.36244632900023],[31.21811337199934,34.362688869000216],[31.216364681999387,34.3551108460002],[31.216293221999337,34.354870200000185],[31.21813787199936,34.354299552000185],[31.218308593999357,34.35424674000021],[31.21935893999936,34.35392392200018],[31.220555130999326,34.353584559000204],[31.220923242999394,34.35347351500022],[31.221228050999343,34.35336403500017],[31.22113148599934,34.3529938680002],[31.221071485999346,34.35280386800016],[31.22062148599933,34.35102386800016],[31.22059148499936,34.3508538680002],[31.22059148499936,34.3507238670002],[31.221061484999375,34.3505638680002],[31.22143148499934,34.35044386800021],[31.222079969999342,34.35022770700018],[31.222081501999327,34.35022719600019],[31.222211484999367,34.35018386800019],[31.223011484999336,34.349923867000165],[31.223701485999324,34.34970386900019],[31.223761485999354,34.34968386800019],[31.224871439999365,34.34932387800019],[31.224870594999327,34.34931980200015],[31.224603082999334,34.34802947300019],[31.225970806999364,34.347625103000176],[31.225971272999324,34.347624965000215],[31.226201138999382,34.3485274980002],[31.22635223799937,34.3484876260002],[31.226466486999346,34.34895659400021],[31.227000988999343,34.35169860100021],[31.227668024999396,34.3544354640002],[31.22888890999931,34.35944477800022],[31.228779520999357,34.35949500100018],[31.228779520999357,34.35949500100018]]]}