{"segmentId":"5000795","streetsFileVersion":188,"polygonPointList":[[[32.10977137799565,35.17827311700289],[32.10903441999564,35.18047086600291],[32.11005999999559,35.18219000000291],[32.11000485999563,35.18330419100293],[32.10976999999551,35.188050000002946],[32.10973999999554,35.18820000000297],[32.10936269099554,35.18933192500296],[32.10935194199552,35.18937021900299],[32.10895564699554,35.19009676700299],[32.107923298995495,35.19221757100302],[32.107464406995504,35.19283198600301],[32.106989224995495,35.19370451600299],[32.10697387399547,35.193827982003036],[32.10672673799548,35.19581566600303],[32.10710999999546,35.19615000000303],[32.107569999995455,35.19683000000303],[32.106868728995366,35.202128648003075],[32.10691775499536,35.2036835560031],[32.10692999999538,35.20370000000308],[32.10695550899537,35.2038064730031],[32.107667147995386,35.20418249000311],[32.10767241099538,35.20444069100312],[32.1077471379953,35.208107633003145],[32.1071574029953,35.20866393400317],[32.1071576539953,35.208665308003134],[32.107399999995295,35.209150000003184],[32.10796999999532,35.209560000003165],[32.10821999999533,35.21010000000318],[32.10823999999527,35.21010000000318],[32.108269999995294,35.210200000003155],[32.1083799999953,35.210440000003175],[32.108699999995295,35.211670000003146],[32.10901999999526,35.212760000003186],[32.10862384399528,35.21505963700318],[32.10860999999525,35.21514000000323],[32.10841999999522,35.21582000000323],[32.10832999999521,35.215960000003214],[32.10799999999522,35.216529999003214],[32.10720999999523,35.217140000003205],[32.10599999999521,35.217250000003204],[32.1058671469952,35.21719770600321],[32.10583141499523,35.217207242003205],[32.10569634299521,35.2171304750032],[32.1050599999952,35.216880000003236],[32.10504999999521,35.21686000000323],[32.105013783995226,35.21643445800321],[32.10492639799521,35.216245875003196],[32.104716840995195,35.21509837200321],[32.10467073699526,35.21496415500323],[32.10463303999526,35.2148544100032],[32.10416999999524,35.2144700010032],[32.103674510995255,35.21420768300319],[32.10325919799524,35.21409983900318],[32.10301363499524,35.214089028003194],[32.10189999999526,35.21403999900323],[32.10099999999525,35.21374000000317],[32.10053999999524,35.21298000000321],[32.10053999999527,35.21185415800319],[32.1005242259953,35.21184109100318],[32.100306892995285,35.21151276500319],[32.100056711995265,35.211135734003165],[32.100064490995315,35.211108838003156],[32.099849999995286,35.21079000000315],[32.099899999995294,35.21072000000316],[32.100349999995316,35.21013000000316],[32.100835083995285,35.209101620003175],[32.100880440995326,35.20838272800316],[32.100777616995344,35.20836257700316],[32.09990852199535,35.208090277003144],[32.09956088699532,35.20788605400312],[32.09916926199533,35.20770310200313],[32.099132689995336,35.206702375003154],[32.09857595099535,35.20516336400311],[32.098721095995394,35.20422556600311],[32.09880771599539,35.20366590200313],[32.09922029999542,35.2017368040031],[32.099229416995406,35.201714616003095],[32.09922999999535,35.20171000000308],[32.099742874995414,35.2004602370031],[32.099912046995385,35.199778414003056],[32.09986130199547,35.19824251000306],[32.09978999999543,35.19784000000305],[32.099839999995424,35.19639000000305],[32.099879999995466,35.19507000000303],[32.10028999999545,35.19423000000303],[32.10057920899547,35.19379989500301],[32.100647052995484,35.19367665700299],[32.10083771199546,35.19333032800302],[32.10088885899548,35.19333671200304],[32.10091999999545,35.19329000000302],[32.102263756995534,35.19073993500301],[32.102114840995554,35.187937611002965],[32.099229461995535,35.18699731800297],[32.098060536995575,35.18301988900291],[32.096616099995664,35.178104987002875],[32.09756089099566,35.17670663400285],[32.097877928995665,35.175994691002835],[32.09808732099568,35.174928692002844],[32.09760754199568,35.17309090000283],[32.09752576799568,35.17277766000285],[32.09770676199569,35.17241655900284],[32.099708607995765,35.16842267200283],[32.09975294399575,35.16771303600282],[32.09996330299577,35.16656534900279],[32.100821467995765,35.1646710570028],[32.10146295499579,35.16411197100278],[32.10222484999577,35.16360989500275],[32.1030334139958,35.16354496100278],[32.10352190699582,35.16365548700274],[32.1038921449958,35.16327379200275],[32.1050095169958,35.16212184400277],[32.10518934599578,35.16199796200274],[32.10577955599583,35.16159137400277],[32.10536648599581,35.160792051002744],[32.105880449995816,35.16039468100276],[32.106527419995814,35.161201990002745],[32.106708775995834,35.16132289400277],[32.10803143199584,35.16119385500277],[32.10917357299586,35.16128903300275],[32.109262191995846,35.16209398500277],[32.109417080995804,35.16350089100278],[32.109486369995786,35.16350632300275],[32.1096818189958,35.1648917950028],[32.10943606099577,35.16489704900277],[32.10969705499575,35.16571483100279],[32.11076558399566,35.17272588300284],[32.111053347995686,35.17461401500283],[32.11064883899569,35.176588967002864],[32.10977137799565,35.17827311700289],[32.10977137799565,35.17827311700289]]]}