{"segmentId":"5000989","streetsFileVersion":188,"polygonPointList":[[[32.45574890399765,34.90129561100123],[32.45543979799761,34.90284992800124],[32.45583489099761,34.9039795280012],[32.45630420099767,34.9038618200012],[32.45639569899761,34.90442013100122],[32.456551664997626,34.90537182600124],[32.45686444599761,34.90763147300122],[32.45971964999761,34.90981927100124],[32.460281637997575,34.91024989300126],[32.46174868099763,34.91183708100124],[32.461894149997576,34.91196233800122],[32.46049935999755,34.915144515001266],[32.459874559997566,34.916569980001285],[32.45961497699755,34.91670917100126],[32.45954921799756,34.916744431001256],[32.45868237199757,34.91626621600126],[32.45842311099754,34.916200158001246],[32.456168095997555,34.91505284500125],[32.45460352699761,34.91425682000125],[32.45448582499758,34.91426067500124],[32.45444389499757,34.91501635600123],[32.45438647399756,34.91605123300128],[32.451378834997605,34.91602268000123],[32.45117229799759,34.91879427500127],[32.45055943299751,34.91910407600127],[32.450306173997554,34.9192320970013],[32.44963833499755,34.917124748001264],[32.446518785997554,34.91839492200129],[32.44629965699756,34.91766041500128],[32.44540480099756,34.91482511300127],[32.444208965997625,34.91103617800127],[32.441696255997606,34.91103617800127],[32.441663241997624,34.91102951500124],[32.432671713997586,34.90921492800122],[32.43225661699763,34.909131157001234],[32.43258834999761,34.90873781600122],[32.432678860997626,34.90874353400123],[32.43297923199758,34.90876250900123],[32.43361081899759,34.903940854001206],[32.43412555699767,34.90001124000117],[32.43655260699767,34.8998208840012],[32.43694394699766,34.89901265600117],[32.435866030997694,34.89713729300121],[32.435339081997675,34.89634687000119],[32.434839394997674,34.89558544300121],[32.43441109199769,34.89477642600121],[32.43403037899767,34.89394361500119],[32.434132012997715,34.89331687100115],[32.43417314599769,34.89306321400117],[32.43534165799769,34.88977878200117],[32.44194633899765,34.8922897510012],[32.442542166997704,34.89251627300119],[32.44436959299768,34.892801808001174],[32.446396973997686,34.89293979200117],[32.446981114997676,34.89295560300119],[32.44769432999768,34.8929858320012],[32.44784997799771,34.89313631700115],[32.45087560899769,34.89354554800119],[32.45094634499765,34.893560470001184],[32.45151498499771,34.89368042900115],[32.4526126159977,34.89391198500116],[32.453576296997646,34.89417372500116],[32.45356020699772,34.89427671300119],[32.45358069799769,34.89428249200118],[32.453745055997686,34.89493303100118],[32.45487798499766,34.89658506300116],[32.45589318599764,34.89721261200117],[32.45685019899766,34.897076512001206],[32.457351825997655,34.89682430500118],[32.45735202599765,34.89677400000119],[32.458233378997676,34.89650750000117],[32.45824898699767,34.89651208600117],[32.458671349997616,34.896380079001176],[32.45968712599769,34.896344232001184],[32.45992317899766,34.896360058001164],[32.46098775999764,34.896431434001215],[32.46526066799765,34.89752670100119],[32.46502272199767,34.901571784001206],[32.46268470099764,34.900836141001214],[32.462460727997644,34.90086322300119],[32.46070165099768,34.90030787400122],[32.46064901199761,34.90032531100122],[32.46018322799765,34.900609810001185],[32.45993508799765,34.9005618100012],[32.45986217299765,34.90058596400122],[32.45985941799768,34.90058588300123],[32.45965776299765,34.90057995400122],[32.45953428699765,34.90064375800121],[32.45925048899766,34.900595772001175],[32.45924929999767,34.90056794500118],[32.45887369199766,34.900556901001224],[32.45822481499766,34.900049827001176],[32.45629309199765,34.900777483001214],[32.45618522799765,34.901153041001194],[32.455785477997665,34.901362434001236],[32.45574890399765,34.90129561100123],[32.45574890399765,34.90129561100123]]]}