{"segmentId":"5000457","streetsFileVersion":188,"polygonPointList":[[[31.790495008998327,34.793826085000866],[31.790280654998323,34.794760148000904],[31.790589999998332,34.79483000000087],[31.791339999998318,34.79498000000089],[31.791579999998326,34.79505000000089],[31.791659999998313,34.79514000000089],[31.791689999998358,34.79524000000086],[31.79166999999833,34.795380000000904],[31.791629971998333,34.79561127200086],[31.791579999998326,34.79590000000091],[31.79143999999836,34.79677000000087],[31.79139999999834,34.79695000000087],[31.791369999998285,34.7970700010009],[31.791329999998332,34.79715000000088],[31.791269999998313,34.797210000000895],[31.79117999999831,34.797240000000876],[31.791059999998346,34.79725000000091],[31.790909999998338,34.797240000000876],[31.790609999998335,34.79718000000086],[31.789814906998316,34.796986075000895],[31.7882199999983,34.79690000000088],[31.788009999998323,34.79686000000087],[31.787809999998323,34.796820000000864],[31.78747999999834,34.79671000000091],[31.78746999999831,34.79665000000089],[31.78743999999832,34.796610000000875],[31.787379999998326,34.796590000000876],[31.787319999998353,34.79660000000091],[31.78728999999831,34.79664000000086],[31.787279999998322,34.796670000000894],[31.786679999998317,34.796610000000875],[31.786019999998356,34.796520000000875],[31.785809999998285,34.796490000000894],[31.784913112998346,34.7963405190009],[31.784909999998288,34.796340000000875],[31.784749298998314,34.795478236000896],[31.784645285998344,34.7949204600009],[31.78487851199831,34.793409553000885],[31.78495440499834,34.79340921700086],[31.785771376998337,34.793405603000885],[31.786869825998366,34.78949820400085],[31.78595561099839,34.78903769900088],[31.78640206699835,34.786015884000854],[31.791704629998346,34.78750199100086],[31.790495008998327,34.793826085000866],[31.790495008998327,34.793826085000866]]]}