{"segmentId":"5000305","streetsFileVersion":188,"polygonPointList":[[[31.647257586999086,34.53975405700035],[31.646865606999054,34.54058157000034],[31.647151141999043,34.54200924700038],[31.646592017999037,34.54340705700034],[31.644438556999035,34.54879071100036],[31.64382990299902,34.549105953000364],[31.64205098299903,34.550027316000396],[31.642020667999027,34.550212233000344],[31.641611408999054,34.55270862100041],[31.641555485999067,34.5527685380004],[31.640722673999047,34.55544543200039],[31.63988986299903,34.55871719100036],[31.639754156998986,34.56071885100038],[31.63941397099902,34.565736601000374],[31.63941397099899,34.570911928000406],[31.63942149799898,34.57125746000038],[31.63948535499896,34.5741889420004],[31.63954484099896,34.576497019000406],[31.63984262699898,34.57790284700044],[31.640056424998967,34.57891217200043],[31.64037666299895,34.580057506000436],[31.63958445599899,34.58148450500042],[31.639415030998965,34.58180149300042],[31.63651395699894,34.58722931200042],[31.63541791199894,34.58927997500045],[31.63529005299896,34.58951919500041],[31.63515865899898,34.589765029000425],[31.63431491199893,34.58929978500042],[31.627520588998966,34.58555338300042],[31.627578675998954,34.58521709200043],[31.62535884399898,34.58409481700043],[31.62350891999896,34.58315955600043],[31.624139595998987,34.581542941000436],[31.625431446998952,34.57823153700045],[31.62579494199895,34.5772997900004],[31.626846889998973,34.57460332800044],[31.62606902299902,34.572737676000386],[31.625878551999023,34.57228084600043],[31.625517040998954,34.57129906200039],[31.62541500499898,34.57102195600039],[31.62477549699895,34.569285194000386],[31.62494840099898,34.56756059400039],[31.624964825998997,34.56739676600041],[31.625019696998983,34.56684946500042],[31.625642853999004,34.561042360000386],[31.625702752999,34.5604841750004],[31.625786068999048,34.55970776900039],[31.62627447499903,34.55515638700039],[31.62749956999902,34.553742050000366],[31.62861586499901,34.552453320000375],[31.629906918999026,34.550011261000385],[31.630180439999044,34.54949389100038],[31.631685755999023,34.54664655200035],[31.62729167799906,34.542974677000394],[31.625881164999075,34.54142542600036],[31.624732103999012,34.54016334300039],[31.624010723999074,34.53937100700037],[31.616977949999026,34.531646485000365],[31.616405643999055,34.53101788600033],[31.616824469999067,34.52898988500034],[31.61688187299907,34.528711933000366],[31.617021256999053,34.52803702200033],[31.617535887999104,34.525545126000345],[31.619079641999033,34.52289121400032],[31.619917361999075,34.521451066000346],[31.621779533999078,34.51824975300037],[31.622449474999105,34.51709803900036],[31.626131431999127,34.51391816700032],[31.626167153999063,34.513887316000364],[31.626211093999103,34.5138493680003],[31.630301696999105,34.51031657500032],[31.630449556999118,34.51038557700035],[31.630484686999086,34.510401971000356],[31.631020823999116,34.50785653300032],[31.633234064999144,34.49734863400031],[31.634068161999142,34.493388556000326],[31.635468922999166,34.493739354000326],[31.63596385999913,34.493863303000325],[31.636001765999108,34.49387279600032],[31.6354398749991,34.496224373000345],[31.635163853999096,34.49737955400033],[31.632654164999124,34.50788288600034],[31.631894990999076,34.51106011300031],[31.63086526599909,34.51536962700032],[31.634569895999114,34.51700943200035],[31.635195891999118,34.516895615000344],[31.636091802999097,34.516732722000306],[31.637752064999056,34.51687107700036],[31.639689036999094,34.51834686600034],[31.63970358499909,34.51836349300033],[31.639776989999053,34.51844738400036],[31.639861123999076,34.51854353700032],[31.640980351999072,34.519822654000336],[31.63955068199908,34.52360436200036],[31.64047304999906,34.525126269000346],[31.643487826999063,34.52749502200034],[31.643528946999083,34.527527330000346],[31.64353779299908,34.52753428000035],[31.64357666499911,34.52756482200034],[31.643617866999072,34.527597196000336],[31.643646331999065,34.52761956100035],[31.64370133699906,34.52766278000036],[31.644083613999086,34.52806034800036],[31.644854295999085,34.528861858000326],[31.64502740799906,34.52917241500036],[31.64510234299908,34.52930684600035],[31.64770062799908,34.531653281000345],[31.650077878999035,34.53380010600036],[31.64928499599908,34.53547397100035],[31.647257586999086,34.53975405700035],[31.647257586999086,34.53975405700035]]]}