{"segmentId":"5000335","streetsFileVersion":236,"polygonPointList":[[[31.66655346099859,34.726353633000684],[31.665346052998597,34.7281416240007],[31.665368005998584,34.728902949000684],[31.66502429799858,34.729461474000715],[31.664594655998613,34.729883304000715],[31.663842802998627,34.730621487000725],[31.663689947998577,34.7314919050007],[31.663318751998588,34.73197731500071],[31.662681056998576,34.73246272500073],[31.661756958998595,34.73191200300071],[31.661327324998577,34.73274979000074],[31.661872039998595,34.733395474000744],[31.66081176299855,34.7349838890007],[31.660360646998587,34.734919444000745],[31.659888048998575,34.73515574300074],[31.65973767699859,34.735735749000746],[31.6594671329986,34.73587102100071],[31.659093225998554,34.736057975000726],[31.658588383998563,34.73726923600072],[31.657696913998546,34.73674539000074],[31.657288760998604,34.737089098000745],[31.65642949199853,34.73670242700075],[31.65854529099859,34.73241848800073],[31.659061281998568,34.73153939200072],[31.659545091998545,34.730138502000706],[31.659664785998604,34.7297919240007],[31.659855675998593,34.72923919400071],[31.6595614779986,34.72892839600073],[31.659321257998585,34.72867462300073],[31.659572549998618,34.72810921500073],[31.659587756998576,34.72807499900072],[31.660929761998577,34.7283154800007],[31.66117723699861,34.72713273200069],[31.661862521998575,34.72689478600071],[31.663120896998592,34.72713398500074],[31.664788743998624,34.725355341000714],[31.665478431998594,34.7246040650007],[31.666220281998594,34.72356798100068],[31.66727559099864,34.72428384400071],[31.667315985998613,34.72431809200068],[31.6675461319986,34.72451321500071],[31.667572943998575,34.724700897000695],[31.667717985998625,34.72571619100071],[31.66861828699861,34.726237418000686],[31.668942443998578,34.72642508800069],[31.66906901499859,34.72614871600073],[31.669410003998593,34.72629562200071],[31.67017613799862,34.726862023000685],[31.669962206998555,34.72723742900072],[31.668614742998585,34.726499532000695],[31.66756371099862,34.72592396600069],[31.667249621998575,34.7261904660007],[31.66655346099859,34.726353633000684],[31.66655346099859,34.726353633000684]]]}