{"segmentId":"5000245","streetsFileVersion":236,"polygonPointList":[[[31.499286269998663,34.7110340990007],[31.49744333699868,34.71019905000065],[31.49423317499867,34.70874449900065],[31.49273687399871,34.706725805000694],[31.492876948998678,34.70565923400067],[31.493019999998708,34.70457000000065],[31.49364999999871,34.70429000000067],[31.493209617998687,34.70074003900064],[31.495101991998727,34.69831725400066],[31.49576066799871,34.69930710700064],[31.4963099999987,34.69890000000062],[31.49633942799871,34.69899114400064],[31.49667997399874,34.70004588600065],[31.497576253998684,34.70022552700065],[31.499493736998733,34.70060984800065],[31.498507892998703,34.70225579000064],[31.50133071199867,34.70513609400068],[31.50124441199871,34.705811169000675],[31.501009706998662,34.70764711600064],[31.50052231299867,34.709908950000674],[31.499286269998663,34.7110340990007],[31.499286269998663,34.7110340990007]]]}