{"segmentId":"5000847","streetsFileVersion":236,"polygonPointList":[[[32.16464761299225,35.4193560020056],[32.16779176599219,35.423070273005685],[32.16779011799216,35.42309779400567],[32.167728730992174,35.4241231660057],[32.16696730399214,35.425417593005726],[32.16512776299209,35.42789186200572],[32.16488999999212,35.42832000000574],[32.16488761299213,35.42831579300572],[32.16437956499209,35.42742068400571],[32.16310999999213,35.42806000000577],[32.1631087179921,35.42805732100574],[32.162251474992146,35.42626739000575],[32.16216768899215,35.426092444005725],[32.1596599999921,35.42690000000573],[32.15784724899213,35.42659402500571],[32.156107528992166,35.42509636900572],[32.15649333799228,35.42053331000564],[32.15636918399229,35.41638858600556],[32.157868244992294,35.41638858600556],[32.15822516399231,35.417530727005584],[32.1589390019923,35.418292154005584],[32.15984319699224,35.418863225005616],[32.16179435499223,35.418958404005636],[32.162106243992234,35.419820308005626],[32.16236233599224,35.420481736005634],[32.1624692369922,35.42075783800563],[32.16464761299225,35.4193560020056],[32.16464761299225,35.4193560020056]]]}