{"segmentId":"5000505","streetsFileVersion":236,"polygonPointList":[[[31.80325999999767,34.938980000001436],[31.802769999997665,34.93815000000142],[31.802829248997657,34.938045188001404],[31.803047029997675,34.93765993000141],[31.80325712699766,34.93728826600141],[31.804280173997636,34.93636995600143],[31.804404590997645,34.93636114700141],[31.804725407997637,34.93633843300141],[31.80488831799767,34.9363268990014],[31.80576818899767,34.93626460300139],[31.805801090997658,34.93653731700139],[31.80635999999761,34.94117000000142],[31.804853409997655,34.94082276200141],[31.80325999999767,34.938980000001436],[31.80325999999767,34.938980000001436]]]}