{"segmentId":"5000466","streetsFileVersion":236,"polygonPointList":[[[31.77929493499602,35.15806102300279],[31.781659999996037,35.15582000000276],[31.78330999999601,35.15552000000271],[31.784419999996057,35.156220000002776],[31.785822628995973,35.1597316570028],[31.78703480199597,35.16276648600282],[31.786921851995928,35.16406227400282],[31.785826210995914,35.16508847500284],[31.785378697995917,35.1655076250028],[31.78518834099589,35.16756348000286],[31.784949771995922,35.168729907002856],[31.78468999999589,35.17000000000289],[31.784568605995897,35.169936467002884],[31.784350659995876,35.16982240200289],[31.783802127995905,35.16953531900285],[31.783619999995885,35.169440000002865],[31.783033972995902,35.16713373800286],[31.77915093299591,35.16654118300284],[31.77888000499597,35.166499839002825],[31.778927680995928,35.16679673000283],[31.779210241995926,35.16751056900285],[31.779412496995942,35.168117331002875],[31.779498751995888,35.169191063002835],[31.779879465995915,35.16943525500286],[31.779656390995903,35.16997360800289],[31.779329215995922,35.17028293800289],[31.778921732995904,35.17075883000289],[31.778639171995916,35.170669601002864],[31.77851722399589,35.170446526002856],[31.77851127599594,35.17006878700286],[31.778939578995907,35.169385286002885],[31.779174550995908,35.16934364600288],[31.779344086995888,35.16912949400287],[31.77928757499596,35.16807063400286],[31.77897369099589,35.167261129002846],[31.778973679995918,35.16726109800284],[31.77876115199594,35.16648170200284],[31.77871793599596,35.16635174500282],[31.77823903599598,35.164911613002836],[31.777962429995956,35.16407981300282],[31.777822515995975,35.163659069002826],[31.77760999999594,35.163020000002824],[31.777545540995987,35.162180068002804],[31.777403116995973,35.1610541970028],[31.777159324996017,35.16004872500275],[31.777145047996022,35.159491931002776],[31.77766614999603,35.15912787400276],[31.778799999996,35.158530000002756],[31.77929493499602,35.15806102300279],[31.77929493499602,35.15806102300279]]]}