{"segmentId":"5000529","streetsFileVersion":236,"polygonPointList":[[[31.809629726991613,35.47350450100657],[31.811009999991597,35.47351000000656],[31.811922783991577,35.474033985006606],[31.811969999991536,35.475650000006596],[31.81185999999147,35.47753000000666],[31.81002999999146,35.4803000000067],[31.80986431299143,35.48177313200673],[31.80977200999144,35.48177109100671],[31.809468882991457,35.48176439000676],[31.808172339991415,35.48173572700674],[31.80812908699143,35.48244399600671],[31.807485220991197,35.49298730900693],[31.807144412991118,35.49856803400704],[31.80794658799109,35.498565356007],[31.808048142991108,35.498565017007],[31.80828060599107,35.498591828007],[31.808417424991116,35.49950197200706],[31.80789999999108,35.50017000000703],[31.807742252991073,35.50048944900705],[31.807414636991094,35.50038814700703],[31.80724898799105,35.50033692600705],[31.806415202991044,35.50055071700708],[31.806267592991027,35.50058856600704],[31.805559999991075,35.50077000000706],[31.80621557199107,35.49953203100705],[31.806451479991114,35.499086546007035],[31.806316777991082,35.49868563100703],[31.807127756991104,35.49856545600702],[31.80745229699122,35.49298642400691],[31.808065663991375,35.482442299006756],[31.80810690499144,35.48173334700672],[31.805439999991428,35.48150000000671],[31.804759999991436,35.48141000000671],[31.804869999991464,35.479860000006674],[31.80571344899149,35.47742285100662],[31.806679999991548,35.4746300000066],[31.807675286991575,35.47459027700661],[31.808499999991582,35.473500000006595],[31.809629726991613,35.47350450100657],[31.809629726991613,35.47350450100657]]]}