{"segmentId":"5000919","streetsFileVersion":236,"polygonPointList":[[[32.30280999999703,35.01098000000175],[32.30180999999699,35.01087000000174],[32.300753381997,35.00734865400171],[32.30046734299704,35.006395384001685],[32.29848999999707,35.004940000001675],[32.30097755299707,35.000615975001686],[32.30163403499711,34.99947483600166],[32.30192128899711,34.998029742001634],[32.30136999999715,34.99738000000168],[32.30167912999708,34.99720335400168],[32.302443288997125,34.99676669200165],[32.302633446997106,34.99665803000165],[32.303189999997116,34.996339999001634],[32.30339105299712,34.99647694700167],[32.30386211399708,34.996797813001656],[32.304584644997085,34.99728997000165],[32.305035731997144,34.99759723200163],[32.305538115997074,34.99793943400165],[32.30723153599713,34.99819128500168],[32.310414813997134,34.99866471200165],[32.3111899999971,34.998780000001666],[32.31184307899707,34.99988559300166],[32.311746553997,35.00533857100168],[32.311662466997085,35.00717393700171],[32.311643456997025,35.007588860001704],[32.311542492997,35.009792578001694],[32.30482746899699,35.01070567000172],[32.30280999999703,35.01098000000175],[32.30280999999703,35.01098000000175]]]}