{"segmentId":"5000454","streetsFileVersion":188,"polygonPointList":[[[31.794865810994445,35.298972002004106],[31.79448160599438,35.29948786200412],[31.794849689994386,35.29986499000415],[31.79756374899437,35.3026457330042],[31.79788999999436,35.30298000000417],[31.798171642994333,35.3040157190042],[31.79883222099431,35.3064297310042],[31.799594540994253,35.30949131200423],[31.799404183994202,35.31163282700426],[31.797748078994196,35.31164234500428],[31.79758627599424,35.311451988004265],[31.79671063399429,35.309462759004234],[31.79623474199426,35.3068739050042],[31.796118451994303,35.30534967400422],[31.79475564999434,35.30506276800418],[31.794029999994354,35.304910000004206],[31.79156999999433,35.30434000000416],[31.791569770994357,35.304339820004195],[31.791565381994324,35.30433881000419],[31.78963895199439,35.30283219100418],[31.78955269299437,35.302447032004146],[31.789105823994383,35.30045169900416],[31.78679999999435,35.30139000000413],[31.785800980994388,35.30151939100416],[31.78533427599441,35.30157983800418],[31.78348205999434,35.30182269300419],[31.783580619994396,35.30229895200418],[31.784389999994314,35.30621000000424],[31.784584630994296,35.306333267004234],[31.785701193994324,35.307026887004234],[31.785751189994304,35.307057945004225],[31.78620999999427,35.30734000000424],[31.78621537799431,35.307349308004206],[31.787018046994284,35.308199308004234],[31.79072016999429,35.307068901004214],[31.7942099999943,35.307300000004226],[31.794699940994267,35.308134561004216],[31.795144660994275,35.30889209100427],[31.795390300994285,35.30930837500426],[31.795389517994263,35.309309178004234],[31.79538999999427,35.30931000000424],[31.79466514899422,35.31005301400427],[31.791731255994215,35.3130604250043],[31.790992312994213,35.3138178850043],[31.79102199299423,35.31399256800431],[31.79103164299419,35.314164641004304],[31.791059999994214,35.31459000000433],[31.791069999994175,35.31476000100429],[31.78551448299414,35.31730469300434],[31.777399684994105,35.3210216580044],[31.77645812999414,35.319366038004375],[31.775049999994213,35.316890000004356],[31.775314187994194,35.31574418700434],[31.775089999994165,35.31552000000433],[31.775303236994212,35.31496991100432],[31.77577747199423,35.313734875004336],[31.775650859994233,35.3126599350043],[31.775516237994278,35.31151696300426],[31.77646000399426,35.31114990200429],[31.776517709994295,35.30954687700426],[31.776638178994272,35.30946359100426],[31.777409999994255,35.30893000000423],[31.77683018999432,35.307468660004226],[31.776676797994295,35.30733310800426],[31.775625686994314,35.306404242004206],[31.773575733994385,35.303445233004176],[31.77351607499433,35.303369441004165],[31.773498757994382,35.303352910004186],[31.77348251599436,35.303326806004165],[31.77333896499435,35.30314443600415],[31.77245451299439,35.302023202004165],[31.772432923994373,35.30199583300415],[31.772179318994354,35.302016383004194],[31.771895627994372,35.30203937300419],[31.77189332499441,35.30204007300417],[31.771554250994374,35.3021604780042],[31.77118578899441,35.30217734000419],[31.77084895799436,35.30213474200419],[31.770471949994395,35.30220998800419],[31.770470067994406,35.30220998600416],[31.77046999999439,35.30221000000418],[31.769789999994394,35.30221000000418],[31.770645192994365,35.30440407200422],[31.77083999999436,35.304670000004194],[31.77088294999434,35.304936289004225],[31.770899150994342,35.305031580004204],[31.770906981994315,35.30507571300422],[31.771021185994307,35.30536871600419],[31.77137459499435,35.305748637004235],[31.771709047994324,35.306171036004244],[31.771726674994298,35.30618137800423],[31.772209999994317,35.30646000000424],[31.772289999994292,35.306820000004244],[31.772549999994276,35.307030000004225],[31.772729999994276,35.30720000000426],[31.7728799999943,35.30737000000423],[31.773009999994315,35.30755000000423],[31.773069999994338,35.30776000100426],[31.773089999994273,35.307890000004235],[31.773069999994338,35.30796000000422],[31.773019999994254,35.308030000004216],[31.772919999994304,35.30808000000427],[31.7728343219943,35.30809557800425],[31.7714858259943,35.309179840004276],[31.77157999999426,35.30960000000425],[31.771639999994278,35.30999000000424],[31.77164999999432,35.310280000004255],[31.771619999994236,35.310700000004275],[31.771633791994276,35.3110653250043],[31.772300040994267,35.31116645300428],[31.77207412399421,35.31257090600432],[31.771943121994227,35.3133853000043],[31.771377999994208,35.31408129200428],[31.770735544994178,35.31478323300434],[31.770539239994214,35.314723747004344],[31.7701347309942,35.31339719700428],[31.77027923999424,35.3125262300043],[31.770709999994292,35.30993000000428],[31.770377090994295,35.30998656000424],[31.770016615994304,35.31025982300423],[31.769991896994267,35.310278654004264],[31.769991733994264,35.31027868600427],[31.769989999994255,35.31028000000425],[31.76970538899423,35.310334212004264],[31.768728741994252,35.310523596004266],[31.76777520999424,35.310428609004255],[31.767638933994288,35.308382094004216],[31.767625590994307,35.30818172300427],[31.76764354099429,35.308127849004265],[31.767981209994357,35.307114381004254],[31.767659093994336,35.307269558004215],[31.766365716994276,35.30789263600426],[31.765971757994286,35.306898059004226],[31.76651929199433,35.30511283100419],[31.76651999999435,35.30510000000419],[31.76489430699437,35.304421796004185],[31.76489222799435,35.30442147000423],[31.764891884994363,35.3044207850042],[31.76488999999434,35.3044200000042],[31.764772442994307,35.30418262700419],[31.764366814994386,35.3033738290042],[31.764307903994403,35.30246678200419],[31.764263456994343,35.301820290004194],[31.764259999994376,35.30177000000415],[31.76433910699441,35.30146076100416],[31.7643683779944,35.30134126000418],[31.763519001994403,35.301735769004175],[31.76255020499436,35.30151423200415],[31.762842798994406,35.300355248004166],[31.76283999999438,35.300350000004144],[31.763579999994445,35.298510001004146],[31.763580068994425,35.29850991100413],[31.763581161994427,35.29850717700411],[31.764529278994445,35.29727627900414],[31.765368642994456,35.29641810100408],[31.76526999999446,35.296280000004074],[31.764659999994453,35.29543000000411],[31.764579999994456,35.29531000000407],[31.76463999999445,35.295220000004065],[31.76547999999445,35.2940100000041],[31.76568263499452,35.29382656200408],[31.767527555994533,35.291344483004046],[31.76760353799452,35.29124226100404],[31.76717034999455,35.28981044900405],[31.76753334499455,35.28972498300402],[31.767769837994553,35.28981345400405],[31.76791613899456,35.28992731900406],[31.767972098994562,35.289936089004016],[31.769719999994553,35.29021000000404],[31.772109999994562,35.28952000000402],[31.777020861994508,35.28827320100399],[31.77756153199456,35.288135932004],[31.77790184699455,35.28804933800402],[31.778121257994556,35.28807288900399],[31.779059999994573,35.28817000000399],[31.77911165699455,35.288238876003994],[31.779262203994584,35.28842715000404],[31.779289999994557,35.28846000000401],[31.779392504994526,35.288587107004034],[31.782809999994516,35.289820000004056],[31.78284999999452,35.28985000000404],[31.783749999994516,35.29058000000402],[31.783769987994543,35.290599363004056],[31.78464143499449,35.29130684400407],[31.78486999999452,35.291480000004036],[31.78524197899448,35.291781473004065],[31.785966139994454,35.29236837500403],[31.78639999999451,35.29272000000404],[31.786779999994515,35.29304000000408],[31.786810184994472,35.293067538004074],[31.78970946099443,35.29542130600407],[31.78976999999444,35.29547000000412],[31.79002999999444,35.295679999004115],[31.790179999994475,35.295800000004085],[31.791419999994464,35.29681000000411],[31.794890803994484,35.29201965500405],[31.79499387499449,35.291877398004054],[31.797285910994542,35.288713969004036],[31.800379210994503,35.29156932300403],[31.79995073999447,35.29214461900406],[31.794865810994445,35.298972002004106],[31.794865810994445,35.298972002004106]]]}