{"segmentId":"5000754","streetsFileVersion":96,"polygonPointList":[[[32.1050665369981,34.82803598300098],[32.10500871399814,34.82850223400096],[32.10462521699807,34.833501342000964],[32.10448390899809,34.83534338400099],[32.10431378899811,34.83756100100098],[32.10348192999806,34.83754880600098],[32.10311929099804,34.839939151001026],[32.10322094599806,34.84308772500099],[32.10200655999805,34.843201090000996],[32.10049722299805,34.84322694700103],[32.10040538199805,34.84401318400103],[32.100114212998,34.84650584100104],[32.099885569998015,34.84673823200104],[32.099678771998036,34.84694842100102],[32.09840813999805,34.84662005500105],[32.096647552998014,34.84621529200104],[32.09608786399801,34.846086618001046],[32.09572852899803,34.84600400600101],[32.095667183998025,34.84599116400103],[32.095518953998024,34.845960132001046],[32.09504787099807,34.84587813500105],[32.094932487998015,34.84587813500105],[32.09491360799804,34.84587507700105],[32.09455833499802,34.845862654001],[32.09405093599802,34.84580906200103],[32.09250290499803,34.845796098001024],[32.09220986999804,34.84579807000103],[32.09088036099805,34.84575083200105],[32.090775838998034,34.84574711800105],[32.090426913998016,34.84574805300105],[32.09030688099805,34.84574809100105],[32.090274317998066,34.84583811800105],[32.09022739499803,34.845837612001],[32.08836857899807,34.84581755800105],[32.08672888099805,34.84581189400104],[32.08579037999805,34.84577920700105],[32.08535711799803,34.845732422001],[32.08499601199801,34.84568541000102],[32.08465557499805,34.84563824900102],[32.08398491699807,34.845498366001046],[32.08313556299803,34.845316537001004],[32.08284192099804,34.845254735001],[32.082006162998056,34.845078836001],[32.08187088199802,34.84505479400105],[32.08126094399804,34.84494639900101],[32.07630283099806,34.84403139700101],[32.076141115998034,34.844001540001045],[32.07477061999804,34.84373355200103],[32.07364491199807,34.843493949001015],[32.07359224899806,34.843474622001],[32.07298776999806,34.84325278400104],[32.072878331998076,34.843196004001015],[32.071269699998076,34.842361388000995],[32.070184664998045,34.841704657001],[32.0689996939981,34.840890881001016],[32.069018803998055,34.84061805400101],[32.069021021998104,34.84058638100099],[32.069219999998055,34.84016000000098],[32.06924999999809,34.84009000000099],[32.069399999998055,34.83952000000101],[32.069489999998034,34.839170000000976],[32.069559999998035,34.839230000000995],[32.06993919599806,34.839499429001016],[32.06994519799802,34.83947978700103],[32.06997657199803,34.839377105001],[32.06999144999805,34.83938183300101],[32.07021999999809,34.838620000000994],[32.07040999999807,34.838000000001024],[32.07107502199807,34.835842942000994],[32.071189999998104,34.83547000000098],[32.0712799999981,34.83550000000097],[32.071309999998086,34.83543000000097],[32.071239999998085,34.835330000001],[32.071769999998125,34.83316000000101],[32.071789057998096,34.83284555000099],[32.071789999998124,34.832829999001],[32.07185767799813,34.832846919001014],[32.07190999999813,34.83286000000098],[32.072149999998125,34.832900000000976],[32.072719999998114,34.83301000000099],[32.07279999999808,34.833020000000964],[32.072989999998114,34.83304000000097],[32.07302565099805,34.833043342000984],[32.073309999998116,34.833070000001],[32.07368999999809,34.833080000000976],[32.074909999998084,34.83313000000098],[32.074909999998084,34.832907835001],[32.074909999998084,34.83281000000098],[32.07524227299813,34.83271287400097],[32.07526757099809,34.832635282001],[32.07568976899814,34.832460284000966],[32.0758199999981,34.83230000000097],[32.075928760998096,34.83233107400095],[32.07586998599809,34.83185781000096],[32.07592439499812,34.83179318500097],[32.07590999999813,34.83175000000099],[32.0758199999981,34.83101000000097],[32.075709999998125,34.83012000000101],[32.07566999999813,34.829760000001],[32.07562999999809,34.82944000000095],[32.075589999998094,34.829310000001],[32.0756099999981,34.82928000000096],[32.07547999999808,34.82800000000095],[32.07544999999813,34.827690000000985],[32.07543999999814,34.82758000000098],[32.075369999998145,34.82744000000094],[32.076289999998096,34.82747000000098],[32.07652999999811,34.82747000000097],[32.07692999999812,34.82741000000095],[32.07702931699811,34.82747739400094],[32.07729393099811,34.82742596800098],[32.07812435799809,34.82714607000094],[32.07826745099813,34.82712222400096],[32.07825999999813,34.827080000000926],[32.07824999999809,34.827000000000965],[32.078239999998104,34.82675000000097],[32.07892999999814,34.826550000000964],[32.08095999999812,34.825960000000975],[32.081009999998116,34.82589000000099],[32.08104999999815,34.82561000000095],[32.08119999999812,34.82561000000095],[32.081379999998106,34.82562000000099],[32.08162999999816,34.825630000000956],[32.081919999998114,34.825600000000975],[32.08215383699816,34.82552416100095],[32.082289999998146,34.82548000000094],[32.08251999999815,34.825350000000974],[32.08277999999816,34.825140000000935],[32.082869999998145,34.82504000000097],[32.08304999999816,34.82522000100096],[32.0841199999981,34.82490000000097],[32.08461999999809,34.82474000000098],[32.08469999999813,34.82473000000095],[32.084749999998124,34.82398000000098],[32.08479999999809,34.82329000000094],[32.08484999999816,34.822660000000944],[32.08486344299817,34.82251212200093],[32.08489999999816,34.82211000000096],[32.085309999998124,34.82219000000093],[32.085419999998166,34.822210000000936],[32.08552999999815,34.82223000000095],[32.08655999999815,34.82242000000098],[32.08667999999815,34.822440000000924],[32.08697999999813,34.82249000000097],[32.08735372899811,34.82256156500095],[32.08744999999815,34.82258000000097],[32.08771805599813,34.822608979000954],[32.08781999999816,34.82262000000093],[32.08837999999811,34.82265000000097],[32.08848999999814,34.82263999900095],[32.0886299999981,34.822630000000956],[32.08872999999814,34.822630000000956],[32.089439999998106,34.82264000000093],[32.089919999998145,34.82265000000097],[32.09001999999812,34.82265000000097],[32.09008999999812,34.82265000000097],[32.090319999998165,34.82265000000097],[32.090409999998165,34.82265000000097],[32.090719999998115,34.82265000000097],[32.09085999999816,34.82265000000097],[32.090981426998106,34.82263359100095],[32.09121569699812,34.82260193300094],[32.09122999999812,34.82260000000098],[32.091919999998154,34.822500000000936],[32.09256347599817,34.82237488000094],[32.09263999999815,34.822360000000955],[32.09362999999815,34.82217000000092],[32.09380999999818,34.82213000000097],[32.09440999999813,34.82201000000094],[32.09486999999817,34.82193000000096],[32.09517999999813,34.821860000000974],[32.09541999999815,34.821790000000966],[32.09576999999816,34.821740001000975],[32.09605999999816,34.82169000000094],[32.09624999999812,34.82165000000092],[32.096399999998155,34.82163000000093],[32.096539999998136,34.82157000000096],[32.09658999999816,34.82155000000095],[32.09665999999813,34.821510000000934],[32.09680999999815,34.82138000000093],[32.09694999999816,34.821550000000954],[32.09708999999811,34.82176999900092],[32.09718999999815,34.822030000000936],[32.09725999999816,34.822260000000924],[32.09738999999817,34.82275000000094],[32.09739298499815,34.82276094500092],[32.09753999999811,34.82330000000097],[32.09770999999814,34.823880000000926],[32.09784999999812,34.82435000000094],[32.09828999999815,34.825850000000976],[32.09837999999816,34.826220000000944],[32.098479999998126,34.82657000000097],[32.09859999999809,34.827000000000965],[32.09889999999812,34.828140000000985],[32.09896999999812,34.82843000000094],[32.099009999998145,34.82858000000096],[32.09925999999812,34.82848999900097],[32.099379999998106,34.828459999001],[32.099609999998094,34.82840000000096],[32.09970999999814,34.82837000000098],[32.09984999999812,34.82841000000099],[32.099946600998116,34.82841966000098],[32.100151927998105,34.828382366000945],[32.10048611199811,34.828321666000996],[32.10062999999809,34.828260000000974],[32.100719999998105,34.82811000000095],[32.10157999999811,