{"segmentId":"5000800","streetsFileVersion":96,"polygonPointList":[[[32.12101232499677,35.04996570000194],[32.12038253799678,35.05005928200198],[32.120217267996786,35.050131948001976],[32.11955888599681,35.050482905001935],[32.11925249899676,35.05081816300194],[32.118730607996824,35.05134892000199],[32.11844851299676,35.05104076100195],[32.11841508399679,35.05102337100197],[32.11833999999677,35.050990001001985],[32.118170861996795,35.05078786000198],[32.11814536099683,35.05078224400197],[32.118149903996816,35.050762813001974],[32.11799011899681,35.050571849001955],[32.1179318389968,35.050503564001964],[32.11793094899678,35.05050113400197],[32.117929999996804,35.050500000001975],[32.117889999996784,35.05045000000198],[32.117849999996764,35.050290000001986],[32.118029999996764,35.04960000000196],[32.118077769996795,35.04946371500197],[32.118264174996796,35.04890159200196],[32.11836670099682,35.04862948200193],[32.11829132499678,35.04845298200197],[32.1182899999968,35.048450000001964],[32.118036875996815,35.04831193200195],[32.1148331919968,35.04771233000192],[32.11439083199678,35.04762953800193],[32.11219923999681,35.04680168900196],[32.11189243299682,35.04568085400196],[32.111904214996834,35.04559174100196],[32.11197728699685,35.045039083001946],[32.11169460899686,35.04355740300196],[32.11205598599685,35.041844474001934],[32.11304108299688,35.04161604600192],[32.11417608599685,35.04163746100191],[32.11479712499686,35.042215670001944],[32.114919654996825,35.04235898200192],[32.115440128996816,35.04296773200195],[32.118102785996854,35.04309239300192],[32.118665025996826,35.04269250800194],[32.118925321996834,35.04261725900192],[32.118939999996854,35.042590000001944],[32.119022675996845,35.04244302000194],[32.11902750399682,35.042434166001954],[32.11902775699683,35.0424339870019],[32.119029999996876,35.042430000001886],[32.119539999996846,35.04207000000189],[32.119873026996835,35.04204224800189],[32.119900126996846,35.04203992600189],[32.11996514599684,35.04200217300194],[32.12020964799688,35.041857984001915],[32.120569531996864,35.04176669700194],[32.12066434799687,35.04183609700191],[32.12083244199683,35.04176992400192],[32.12133267399684,35.04212140200194],[32.12093569499685,35.04435375100195],[32.12105865399681,35.04499942700193],[32.12140741399683,35.045313706001934],[32.12160920299683,35.04580829100196],[32.12163717499684,35.04587685200193],[32.12184521799683,35.04624658100194],[32.12203916499679,35.046792972001946],[32.122311784996825,35.04728876100196],[32.122749075996815,35.04781791900197],[32.123279201996816,35.04817028600198],[32.123115624996764,35.04902851100197],[32.122715293996784,35.04944975000198],[32.12242207499679,35.04966052500195],[32.1222936829968,35.05003083200198],[32.12227999099679,35.05054393700196],[32.121986902996774,35.050864052001984],[32.12153505199683,35.050124631001985],[32.12101232499677,35.04996570000194],[32.12101232499677,35.04996570000194]]]}