{"segmentId":"5000804","streetsFileVersion":188,"polygonPointList":[[[32.13841310699727,34.989458273001596],[32.13538112199724,34.99311706400164],[32.13508971199716,34.99346871600165],[32.135100087997216,34.99384528000167],[32.13602364099722,34.99364737600167],[32.135916231997214,34.99555925000164],[32.13631364399717,34.99684815300165],[32.13638882999713,34.9973529740017],[32.13439052499721,34.99742999100167],[32.134384938997165,34.997486243001646],[32.13404083799715,34.99864880700168],[32.134158076997174,34.998868436001686],[32.134260622997154,34.999677448001684],[32.13426947899718,34.999721732001696],[32.13427449799711,34.999922945001664],[32.13455685699715,35.00103313100167],[32.13471264299715,35.001536339001674],[32.135023746997135,35.00225348500168],[32.13509894499711,35.00367827600172],[32.13508309499711,35.0037103460017],[32.134653666997124,35.004579220001695],[32.134090307997106,35.0057589710017],[32.13354288599708,35.00644773900173],[32.133532117997134,35.006466904001705],[32.13250916699707,35.0082875450017],[32.13220999999706,35.00882000000175],[32.131644370997094,35.008748703001714],[32.13159706299712,35.00874274000173],[32.12998723199713,35.00792332800174],[32.12927054699708,35.0075585310017],[32.12945641599711,35.00411031200173],[32.12948457299715,35.00358792500168],[32.12968477199717,34.99987389600169],[32.12961827899719,34.999838750001665],[32.12946009699715,34.999755140001675],[32.12945368699719,34.99973184400168],[32.12940999999719,34.99971000000168],[32.12941999999713,34.99962000000168],[32.129421193997146,34.999613751001654],[32.129417243997125,34.99959939800167],[32.129532708997175,34.999011336001644],[32.12954091699716,34.998986964001666],[32.12958551699717,34.9987534680017],[32.129589999997194,34.9987300000017],[32.129819616997175,34.99737226200167],[32.12959639299715,34.99719265700164],[32.12923999999718,34.99691000000168],[32.12912412999715,34.99666898900168],[32.128781917997216,34.99632294700167],[32.12877560099716,34.996320954001675],[32.12877561499716,34.99631657400166],[32.128689999997185,34.99623000000164],[32.127506362997195,34.99631859600165],[32.1273899999972,34.99639000000168],[32.1268599999972,34.99644000000168],[32.12534999999716,34.99648000000169],[32.12520154499716,34.996446205001654],[32.12467135999717,34.99644641600163],[32.12462006899718,34.99644643800169],[32.124467034997195,34.996446499001664],[32.12424407899718,34.99637689300165],[32.12300366699718,34.995989643001636],[32.12223985999715,34.99578263000168],[32.12184724899719,34.995632722001645],[32.12156171399719,34.995489956001634],[32.1201840059972,34.99513303700168],[32.11989133199723,34.99481894800165],[32.1199912699972,34.99444775100166],[32.12108306499719,34.99458327300165],[32.121587317997175,34.992817082001636],[32.12160679999721,34.99274884400165],[32.12296653299723,34.992130685001655],[32.12322417999727,34.98973155400163],[32.12333311799724,34.98975194000165],[32.124772560997215,34.99002131100166],[32.1248471559972,34.990035270001655],[32.12492375299725,34.989179007001646],[32.12500124799722,34.98831284400164],[32.12480480599723,34.987968092001644],[32.12416132099722,34.986838792001635],[32.12306224799725,34.98684140000162],[32.12287842299725,34.9864728230016],[32.12308596899724,34.9854268250016],[32.12329186499726,34.98537252300158],[32.124263020997255,34.98511649900163],[32.124673018997264,34.98499054500162],[32.12485243199726,34.9849354260016],[32.12567537799722,34.98468260300162],[32.1279773029973,34.98415430700158],[32.13143309699726,34.98503782800159],[32.13135647199726,34.98588688700161],[32.13370564299723,34.9878377620016],[32.13382660199725,34.987806189001596],[32.136106911997246,34.987210980001606],[32.136239999997215,34.98714000000163],[32.13638999999726,34.98710000000162],[32.136509999997244,34.98708000000162],[32.136719999997204,34.9870400000016],[32.1367751639972,34.987036552001626],[32.137259999997205,34.98691000000164],[32.13732999999725,34.986940000001624],[32.13735005799722,34.986959037001625],[32.13794663699723,34.98728388600162],[32.13808001099724,34.98790558900159],[32.138125746997225,34.98798252700161],[32.13826671399722,34.98832188000162],[32.138316817997264,34.9886517340016],[32.13826760899721,34.98878005200161],[32.13828297999723,34.98885170400164],[32.13841310699727,34.989458273001596],[32.13841310699727,34.989458273001596]]]}