{"segmentId":"5000506","streetsFileVersion":236,"polygonPointList":[[[31.808608816997612,34.944941574001426],[31.808929999997595,34.94451000000142],[31.80977887399763,34.94559168400147],[31.810030974997634,34.945912925001466],[31.810166216997647,34.94608525800143],[31.810439575997624,34.94710451000143],[31.811194638997602,34.947151345001465],[31.811771658997596,34.947728365001446],[31.8109889479976,34.94889311800146],[31.812356948997568,34.95035666800146],[31.812443416997574,34.95044917500149],[31.812620054997577,34.950638150001446],[31.812664876997566,34.95068610300148],[31.813219999997585,34.951280000001475],[31.813306572997547,34.95171399200149],[31.813501258997597,34.952689960001464],[31.813703503997555,34.95370382200151],[31.813686669997537,34.95383996000147],[31.813609999997528,34.95446000000147],[31.813135618997528,34.9550473300015],[31.811738591997543,34.95463362600146],[31.810799999997545,34.955630000001484],[31.80966785899754,34.95838594800151],[31.809583613997557,34.95831741000151],[31.807514577997544,34.9566341240015],[31.80718691799757,34.95501997600151],[31.807549852997575,34.95435630200149],[31.80826406399758,34.95305027200147],[31.807565358997586,34.952212549001445],[31.807206295997574,34.95007684500148],[31.806504851997584,34.94851595400148],[31.806760487997597,34.94742517700146],[31.808608816997612,34.944941574001426],[31.808608816997612,34.944941574001426]]]}