{"segmentId":"5000967","streetsFileVersion":236,"polygonPointList":[[[32.382315307997516,34.9288079750013],[32.381822649997545,34.928215957001356],[32.3816217489975,34.92797453900131],[32.3813599999975,34.92766000000133],[32.38222848499752,34.92652428800131],[32.38231311899756,34.92542130000129],[32.38236999999752,34.924680000001274],[32.38411768999754,34.924159718001306],[32.38431519399756,34.92410092100128],[32.383545840997556,34.92248345900128],[32.38440523199757,34.920421045001305],[32.38738393499755,34.921872805001314],[32.389298260997585,34.92280580900131],[32.39202356999753,34.92413407000128],[32.39192357399751,34.92432527800128],[32.39090734599754,34.92626847000128],[32.3903644399975,34.92730659500132],[32.390338659997546,34.92734454800132],[32.3889685459975,34.92936161100132],[32.387273222997536,34.92911637800134],[32.38715999999751,34.92910000000134],[32.38697728299753,34.929268054001305],[32.38622117299747,34.92996348300133],[32.38619596199749,34.92998667000133],[32.38553999599748,34.930589996001316],[32.385539361997495,34.93059057500133],[32.38543433899749,34.93047417300133],[32.38438720099751,34.93163364700135],[32.38256358199751,34.92956827500134],[32.3823844629975,34.928891077001325],[32.382315307997516,34.9288079750013],[32.382315307997516,34.9288079750013]]]}