{"segmentId":"5000009","streetsFileVersion":188,"polygonPointList":[[[29.58470792299818,34.9604121310017],[29.584422712998183,34.96105251800167],[29.583841487998207,34.96146869000171],[29.5838279929982,34.961647949001694],[29.583797769998213,34.962049427001716],[29.582804569998206,34.96422328100171],[29.582874649998203,34.96467589800172],[29.58280730899815,34.96514411800174],[29.582317932998194,34.96601897900174],[29.58169190099818,34.96673813800171],[29.581238751998164,34.96727170800174],[29.581147555998207,34.96737908900175],[29.581017919998192,34.96754218700173],[29.580929999998148,34.96774999900172],[29.580859999998136,34.967870000001746],[29.58044999999816,34.968370000001734],[29.580419999998178,34.96841000000175],[29.58030999999815,34.968550000001734],[29.58026999999816,34.96860000000172],[29.580219999998153,34.96867000000172],[29.5801899999982,34.96874000000171],[29.57996999999817,34.96861000000175],[29.57977999999814,34.968489999001726],[29.579439999998147,34.968280000001734],[29.579209999998156,34.96813000000171],[29.57898999999815,34.96802999900175],[29.57883999999819,34.96797000000172],[29.57854999999818,34.96788000000172],[29.578309999998158,34.96780000000174],[29.578199999998166,34.96776000000173],[29.578169999998202,34.96788000000172],[29.578089999998163,34.96797000000172],[29.577989999998163,34.96800000000176],[29.57788999999815,34.96797000000172],[29.577809999998163,34.96788000000172],[29.57777999999817,34.96776000000173],[29.577359999998176,34.96761000000171],[29.577359999998176,34.96750000000171],[29.577364939998184,34.96744072700174],[29.576605997998154,34.96720249000171],[29.57640104299816,34.966984548001705],[29.576413721998158,34.96684148900172],[29.576409999998216,34.966840000001724],[29.576439999998183,34.966530000001704],[29.57657727699819,34.9661722470017],[29.576882792998163,34.965364796001744],[29.57693999999816,34.96521000000173],[29.57701999999821,34.96449000000173],[29.57701013999816,34.96427308600171],[29.577009846998195,34.964268523001714],[29.576327667998157,34.96409852000171],[29.576178924998217,34.963811913001685],[29.576169999998168,34.96381000000168],[29.57614999999818,34.9637600000017],[29.576150737998155,34.96375760100171],[29.576149762998178,34.963755722001686],[29.576247949998184,34.96344166500172],[29.576269999998246,34.96337000000172],[29.576270579998166,34.963369279001725],[29.576271790998216,34.9633654060017],[29.577693697998214,34.961529297001675],[29.578026885998188,34.96109905000168],[29.57821769199821,34.96103618500171],[29.57858641099822,34.961316126001684],[29.579089934998226,34.960737660001705],[29.579525838998173,34.96047139900167],[29.579578635998207,34.960490477001706],[29.579599328998228,34.96045494700172],[29.580426747998178,34.95993976300172],[29.58136195599819,34.958943183001665],[29.58170432899822,34.958578342001694],[29.58242886899825,34.957964124001684],[29.582469999998217,34.957830000001685],[29.582523717998217,34.95788371800169],[29.582534900998205,34.95787423700168],[29.5830664359982,34.95770131700167],[29.58339434299822,34.95802816600171],[29.583886060998204,34.95832176600167],[29.584019999998215,34.95838000000166],[29.58405605699821,34.95842326900166],[29.584227138998216,34.95852542000169],[29.584339034998187,34.958718388001714],[29.584369999998188,34.958730000001694],[29.584619999998207,34.95890000000166],[29.584439999998214,34.95889000000169],[29.584439180998206,34.958891093001675],[29.58470596899819,34.95935117800172],[29.584707090998204,34.95995966300171],[29.58470792299818,34.9604121310017],[29.58470792299818,34.9604121310017]]]}