{"segmentId":"5000882","streetsFileVersion":188,"polygonPointList":[[[32.24934284099678,35.04298951200194],[32.24549907199679,35.04465645500192],[32.24551288799679,35.04566226600195],[32.24551334399679,35.045662252001925],[32.24552398599675,35.04617736900195],[32.24542139699673,35.04729093100196],[32.24536999999676,35.04787000000193],[32.24526851299674,35.04835293700195],[32.24522240099673,35.048575709001916],[32.24516848199675,35.048836195001925],[32.24486999999673,35.05261000000199],[32.244599999996716,35.05388000000198],[32.24441144599673,35.054926174001984],[32.244252654996664,35.05581555100201],[32.244250023996706,35.05581986800201],[32.244249999996725,35.05582000000197],[32.24389999999673,35.05640000000199],[32.2437553079967,35.056631508002006],[32.2436044619967,35.056878988002],[32.242797174996696,35.05734624000201],[32.242661758996654,35.05735657500197],[32.242659999996704,35.057360000002014],[32.24215759299668,35.05739505200201],[32.24179935599667,35.057422392001975],[32.2415322189967,35.05739425200199],[32.241279999996706,35.05737000000199],[32.240945658996644,35.057202829002],[32.24093999999666,35.05720000000202],[32.240938746996676,35.05719624100198],[32.239115917996685,35.056268094002014],[32.23873520399673,35.053841044002],[32.23869713299675,35.05302250900199],[32.23942300499672,35.04844548900196],[32.240579999996854,35.04115000000191],[32.24074999999683,35.04094000000189],[32.2407799999968,35.0409100000019],[32.24087999999682,35.0409100000019],[32.24120965299683,35.0409273500019],[32.24163999999685,35.040950000001914],[32.2422199999968,35.04097000000192],[32.243819999996774,35.041370000001876],[32.24403999999681,35.041430000001895],[32.246705106996814,35.0379963990019],[32.24788542099683,35.036475737001865],[32.25011616599684,35.03751675100188],[32.25003786899682,35.03807085600188],[32.24934284099678,35.04298951200194],[32.24934284099678,35.04298951200194]]]}