{"segmentId":"5000486","streetsFileVersion":188,"polygonPointList":[[[31.81164887799778,34.909431534001314],[31.81107118899785,34.90958276000127],[31.811176645997794,34.911167379001306],[31.81109896099779,34.911248856001286],[31.811099999997815,34.91129000000131],[31.811034906997833,34.91131603800129],[31.81028661099779,34.912100862001296],[31.81022809799779,34.912162233001304],[31.809851292997802,34.91255743200128],[31.8098997449978,34.91318914900131],[31.809861466997834,34.91382616100128],[31.809862903997765,34.914005364001305],[31.809869999997762,34.91402000000131],[31.809863341997755,34.91405994600132],[31.80986667799777,34.91447601100129],[31.809821057997794,34.91449862100132],[31.809813701997772,34.9146210500013],[31.809897054997826,34.914783025001334],[31.809946957997802,34.91492540100131],[31.80997978599777,34.91507443900133],[31.809994853997743,34.91522735100132],[31.809991952997777,34.91538123800132],[31.809971103997757,34.915533200001285],[31.80993268899779,34.91568040600129],[31.80987745699775,34.91582009400128],[31.809806442997786,34.915949588001304],[31.80972094499777,34.916066518001294],[31.80962261999775,34.916168660001304],[31.809513262997765,34.91625407700134],[31.80939497699779,34.91632116800128],[31.809269955997745,34.91636870700132],[31.808674199997785,34.91658796400129],[31.80821541299777,34.91662286500134],[31.80775421999778,34.916063608001316],[31.807754072997795,34.9160631150013],[31.807749999997764,34.91606000000133],[31.807679999997777,34.91600000000131],[31.806879999997772,34.91530000000132],[31.806749999997802,34.91512000000131],[31.806929240997764,34.914134172001305],[31.806778430997795,34.91412880400128],[31.80679956699777,34.913391914001295],[31.806369930997818,34.91276693300131],[31.80624999999776,34.912830000001286],[31.806079999997802,34.91239000000132],[31.80610144699781,34.91231493600127],[31.806036099997776,34.9120883640013],[31.805231141997766,34.912061680001315],[31.805230823997764,34.91205927100127],[31.80514786099778,34.9114311230013],[31.805479999997797,34.910500000001306],[31.805609131997798,34.91032391100127],[31.806029405997798,34.90974962300127],[31.801690638997822,34.90772000000127],[31.801679999997795,34.90772000000127],[31.801634194997852,34.9076936270013],[31.801386729997812,34.90765074800127],[31.80133389999779,34.90762080100129],[31.800650715997836,34.90723353700125],[31.799018325997825,34.906017830001275],[31.79901064599784,34.90601886800127],[31.798837955997833,34.90588350100129],[31.798709641997853,34.90566776000125],[31.79855257899781,34.90530245600129],[31.798522850997813,34.90518188600126],[31.7983962519978,34.90490000000127],[31.79828999999785,34.90490000000127],[31.798279999997824,34.90479000000126],[31.7983052579978,34.90469739000124],[31.798095707997863,34.90423080600126],[31.798747981997863,34.90196135000129],[31.79889598199785,34.90144640600125],[31.799844683997865,34.90181325000123],[31.79998819099785,34.90138974100125],[31.800382520997886,34.90022602200122],[31.801399998997866,34.900780000001255],[31.801439197997848,34.90058806400123],[31.801689999997887,34.89936000000124],[31.801779999997883,34.89927000100124],[31.80181999999788,34.899270000001245],[31.80210999999784,34.899660000001234],[31.80214999999787,34.89964000000122],[31.802209999997867,34.89965000000125],[31.80254218399787,34.90002126500128],[31.803255863997883,34.89882391100127],[31.803014186997853,34.89820072600122],[31.8028099999979,34.89800000000121],[31.802819999997862,34.89770000000123],[31.802842785997843,34.89755051000122],[31.80290140899791,34.89662391600125],[31.80304814199791,34.89620325300125],[31.80347999999789,34.893370000001234],[31.805229999997877,34.89258000000123],[31.805489999997913,34.89258000000123],[31.805674146997873,34.89261452800119],[31.80647884999792,34.89233745700122],[31.807181697997944,34.890974749001224],[31.80736920799792,34.890611201001235],[31.80735999999794,34.890610000001196],[31.807382712997892,34.890585016001204],[31.80746455099791,34.89042634600118],[31.80757754299789,34.88931463800118],[31.80806744099792,34.88925743900121],[31.80835993499791,34.88869034000119],[31.80839999999793,34.888480000001216],[31.80843999999796,34.888420000001204],[31.80851999999792,34.88838000000119],[31.80859999999792,34.88838000000119],[31.80872408199789,34.88841265300119],[31.809019999997915,34.888460000001224],[31.809104971997918,34.88912860400121],[31.809345202997932,34.89101883300119],[31.809399999997876,34.891450000001235],[31.8089399999979,34.89455000000121],[31.80884081199786,34.89472239700124],[31.808810039997876,34.894965851001224],[31.80871633599785,34.89493875000122],[31.808519999997856,34.89528000000125],[31.80762999999791,34.894870000001205],[31.807369999997864,34.895480000001264],[31.807361361997888,34.89547796700121],[31.807059999997858,34.896160000001245],[31.807345009997903,34.89629219000123],[31.807369999997864,34.89630000000123],[31.807649999997864,34.896420000001214],[31.807717275997913,34.89646485100125],[31.80833459199787,34.896751169001206],[31.80833999999786,34.89675000000124],[31.80833972699786,34.89675355000122],[31.808363050997887,34.89676436700124],[31.809529999997842,34.89972000000125],[31.80980003699787,34.900739363001264],[31.809520247997863,34.900953654001235],[31.809515257997823,34.901584936001264],[31.80950999999783,34.902250000001246],[31.80945999999786,34.90231000000126],[31.80929999999786,34.902370000001284],[31.808923697997862,34.90246902700125],[31.80896687699783,34.90277469900128],[31.809019999997798,34.903120000001266],[31.809072376997864,34.90352155800129],[31.809080474997806,34.90357888200125],[31.809085962997813,34.90365154900128],[31.809099999997844,34.90382000000126],[31.809189999997848,34.90497000000126],[31.809249999997842,34.905670000001265],[31.81017467699785,34.90647516100128],[31.810194150997823,34.906476604001256],[31.810240888997843,34.90647799700124],[31.81036783799782,34.90651704100125],[31.810370268997826,34.90651852800127],[31.810484205997845,34.90658820600126],[31.810584080997824,34.90668795200125],[31.810662485997828,34.9068112080013],[31.810676797997793,34.9068491940013],[31.81071999999783,34.906950000001274],[31.810739999997843,34.90710000100128],[31.810739999997843,34.90710042600128],[31.810740387997818,34.90710277400129],[31.810739999997843,34.90711620800126],[31.810739999997843,34.907134711001255],[31.8108346679978,34.90800902200127],[31.81090999999779,34.90834999900128],[31.81100242699782,34.908819838001286],[31.811596529997818,34.908727214001296],[31.81164887799778,34.909431534001314],[31.81164887799778,34.909431534001314]]]}