{"segmentId":"5000368","streetsFileVersion":236,"polygonPointList":[[[31.689245009998537,34.73509734300074],[31.6884072229986,34.733958812000694],[31.68853611399855,34.73357214100069],[31.688019481998587,34.732933950000735],[31.687805734998562,34.732669909000705],[31.68834277799857,34.73204693900071],[31.68846570899859,34.73190981200069],[31.688601419998587,34.73205176000071],[31.691127089998556,34.73469350100071],[31.692531713998573,34.73292768900073],[31.692145042998575,34.73234768300072],[31.69246726799855,34.732068420000736],[31.693111719998562,34.73142396900071],[31.692220789998604,34.7303957480007],[31.69046109699854,34.72836489100073],[31.69084776799857,34.72799970200069],[31.693231617998546,34.73041451000072],[31.694013520998574,34.73120656800072],[31.69456487999855,34.73043925700072],[31.694655772998622,34.73031276300069],[31.695281291998572,34.729442244000694],[31.695642975998563,34.72893889800068],[31.69841185599861,34.72508551800071],[31.700369707998604,34.722655228000704],[31.698479929998634,34.720637019000684],[31.698848302998606,34.719968280000685],[31.699568399998604,34.718661027000685],[31.699876241998666,34.71810217600069],[31.70126621899861,34.719509104000686],[31.701520621998593,34.71919218800071],[31.701734772998638,34.71937362100068],[31.701498359998634,34.719744077000655],[31.701637742998614,34.71988515900069],[31.702110340998612,34.71939108000067],[31.70217719499862,34.71932623000066],[31.702625901998623,34.7197992320007],[31.702751687998607,34.72004032100069],[31.703141463998605,34.72078739100068],[31.70339927699861,34.72049274700067],[31.70377856699858,34.72005927400068],[31.704043695998575,34.719756269000705],[31.704264426998616,34.720068241000675],[31.70448311399859,34.720377323000676],[31.703872997998612,34.72136028800066],[31.703709771998565,34.72162326300066],[31.703731253998605,34.72196697100066],[31.70335198299861,34.72257486900067],[31.703478944998583,34.72274824700067],[31.703482731998594,34.72275254100068],[31.704727977998598,34.7241642120007],[31.70554163999857,34.72508662000072],[31.705542941998612,34.725088095000686],[31.705540962998572,34.72509154900072],[31.704695449998557,34.726567615000725],[31.704647412998575,34.72665147700072],[31.704415091998566,34.7270570550007],[31.70385828399856,34.72802910900069],[31.7036813599986,34.72785165700068],[31.702240729998582,34.72640672400072],[31.70197894199859,34.72614415400071],[31.70150515499858,34.7267321050007],[31.701321587998567,34.726502389000714],[31.69930034299858,34.72879313400071],[31.69805577799855,34.73023379000072],[31.698231630998567,34.73050733800072],[31.6983501329986,34.73069167500073],[31.698070870998553,34.730992419000735],[31.697609771998593,34.730673197000705],[31.6975123459986,34.730605748000734],[31.69693233999858,34.73144353500071],[31.697090771998525,34.73167819300071],[31.698605992998566,34.733922436000725],[31.69948737299858,34.73490793300071],[31.69910665899858,34.735498039000724],[31.697404937998567,34.734193195000714],[31.697018266998537,34.73473023800073],[31.696052563998563,34.73390391500071],[31.69558100499861,34.733500416000695],[31.69519135899854,34.733167007000745],[31.694725605998613,34.733758571000735],[31.695041947998558,34.734150232000715],[31.69473846499859,34.73451060600074],[31.694471468998586,34.734241684000715],[31.69305330999855,34.735916824000746],[31.693357995998543,34.73614985700072],[31.692757315998527,34.7368631400007],[31.69445167699856,34.738455500000725],[31.69550013799855,34.73944084300074],[31.695527948998535,34.73946698000071],[31.695499294998548,34.73950279800073],[31.69469037899857,34.74051394300074],[31.694050617998567,34.73998881200072],[31.69081317599856,34.7373314420007],[31.690460162998583,34.737789740000714],[31.68964924199852,34.738842515000734],[31.689198579998546,34.73942758400074],[31.688364259998572,34.74051073600072],[31.68729017399855,34.73960850400073],[31.68840339299856,34.738210081000716],[31.688925009998545,34.73755482700073],[31.68957640799857,34.73673654000071],[31.689889461998565,34.73634328300073],[31.68937557599854,34.735957869000735],[31.688857689998578,34.736543688000715],[31.688443663998527,34.736086831000755],[31.688772412998556,34.735505496000705],[31.689245009998537,34.73509734300074],[31.689245009998537,34.73509734300074]]]}