{"segmentId":"5000915","streetsFileVersion":236,"polygonPointList":[[[32.2983252819974,34.95320114300144],[32.29825591999736,34.95370212500144],[32.2981112519974,34.95462503300146],[32.29774243499738,34.95456554700147],[32.297635945997406,34.95353155200146],[32.29743868999739,34.95347728100145],[32.29671045199743,34.953276922001436],[32.29572632199742,34.953006160001415],[32.29477188399741,34.950904134001405],[32.29503298899741,34.9493449200014],[32.29353575099743,34.94510524200142],[32.29306203499743,34.94449424000138],[32.29370448999747,34.940511022001395],[32.29413513899748,34.94051891300139],[32.29496084499748,34.93928322000137],[32.29583337499745,34.939154169001384],[32.29589980199751,34.939007915001376],[32.29615349299753,34.938716683001374],[32.2969489119975,34.93780355700137],[32.29711777299747,34.93760970800135],[32.29763537399746,34.937757584001375],[32.29900919699747,34.93815007900134],[32.29985453399752,34.93647556200137],[32.300305381997475,34.93558248200133],[32.30322522899751,34.93700485500136],[32.30284300499748,34.93870248000139],[32.30490020299745,34.939896074001375],[32.30467121099745,34.94076580200137],[32.30454577899749,34.941132482001386],[32.30396784499745,34.942821979001366],[32.3038504779975,34.94316508100141],[32.301319804997476,34.94179523500136],[32.29796282099747,34.939978111001395],[32.29735077299745,34.943561383001374],[32.297093774997464,34.945065992001375],[32.298504618997434,34.94535847200141],[32.29894846999741,34.94740110600139],[32.301278118997466,34.94839295800142],[32.30138380099741,34.951903882001446],[32.3012756269974,34.95291440300146],[32.29981494299741,34.95369912300142],[32.2983252819974,34.95320114300144],[32.2983252819974,34.95320114300144]]]}