{"segmentId":"5000904","streetsFileVersion":236,"polygonPointList":[[[32.26401079999556,35.17880360000286],[32.26430722699556,35.178791847002884],[32.26430934299553,35.17896686200285],[32.26431175499556,35.17916628800284],[32.264321503995546,35.179972535002875],[32.26421836599557,35.18027550200285],[32.264131920995545,35.180529433002896],[32.26416150099552,35.1809509120029],[32.26416189099557,35.180956473002865],[32.26435774499552,35.18128432100291],[32.26560999999552,35.18117000000289],[32.26592680999555,35.180870955002874],[32.26667999999554,35.180160000002886],[32.26730999999555,35.180610000002886],[32.26765699399552,35.18162553600291],[32.26880999999546,35.18500000000292],[32.268397712995466,35.18709036800293],[32.268239999995444,35.18789000000294],[32.26770881299547,35.18812428500296],[32.26733329399543,35.18828991100292],[32.2669836679955,35.18863347600296],[32.266370718995454,35.18883335000294],[32.26623799999543,35.188773000002925],[32.26579352099541,35.18857676700292],[32.264825433995426,35.18814936700295],[32.264169999995445,35.18786000000294],[32.259459999995435,35.18723000000294],[32.25979913899548,35.186884065002964],[32.26045799999545,35.186212000002946],[32.26040010199547,35.18601611300293],[32.26000863499551,35.18558455300294],[32.26016302199545,35.18545090400292],[32.260218778995515,35.18540263700291],[32.259977999995485,35.18458800000294],[32.260515999995526,35.18257800000288],[32.2609775149955,35.1823028970029],[32.261475645995525,35.1820059680029],[32.26307099999549,35.18105500000291],[32.263090070995545,35.18048761600288],[32.26291528399551,35.180302931002856],[32.26299856499554,35.17973186100287],[32.263120959995504,35.17956863400289],[32.26318020399552,35.17948962700289],[32.26401079999556,35.17880360000286],[32.26401079999556,35.17880360000286]]]}