{"segmentId":"5000261","streetsFileVersion":96,"polygonPointList":[[[31.535941208997865,34.91572655900134],[31.53577464699784,34.91542198800132],[31.535775857997876,34.91481609700131],[31.535580959997876,34.91353340400135],[31.53550967599789,34.91316215000133],[31.535554039997905,34.91289955100133],[31.53550333099786,34.911705555001284],[31.535922780997904,34.911809130001316],[31.53559922199787,34.91041962600134],[31.5388162539979,34.90824955800133],[31.53971977899788,34.90986586400129],[31.540529465997903,34.91131430400129],[31.540700786997853,34.91342726500133],[31.53966324599788,34.9136461400013],[31.53793799999786,34.914010089001316],[31.537757649997868,34.91407478600134],[31.53701713399787,34.914256223001324],[31.536850162997855,34.914498757001326],[31.536517038997854,34.914831882001316],[31.53620294999787,34.91549813100133],[31.53611728899787,34.91574083600133],[31.535941208997865,34.91572655900134],[31.535941208997865,34.91572655900134]]]}