{"segmentId":"5000125","streetsFileVersion":188,"polygonPointList":[[[31.2334201319981,34.88322677100124],[31.232299999998105,34.885670000001234],[31.231197388998076,34.886214788001254],[31.23117999999808,34.886260000001236],[31.231059999998116,34.88631000000122],[31.230967073998098,34.88632858500124],[31.229587450998075,34.887010243001264],[31.229439999998107,34.887140000001224],[31.22930999999813,34.887330000001256],[31.229130980998086,34.88723578100126],[31.228907714998066,34.887346094001245],[31.22890770099809,34.88734613200125],[31.228599999998057,34.888170000001246],[31.228329999998056,34.888070000001214],[31.227875197998078,34.88788214700122],[31.227875170998082,34.88788213600122],[31.2276127709981,34.88801836000124],[31.226722678998065,34.88848044800124],[31.224308200998085,34.889455227001235],[31.22357599099811,34.88975083700126],[31.22327071799808,34.889874083001246],[31.221259047998064,34.891778935001255],[31.22040020999807,34.89199995600127],[31.22039999999806,34.892000000001254],[31.219889999998095,34.89210000000123],[31.219759999998104,34.89211000000126],[31.219049999998052,34.89213000000127],[31.218899999998097,34.892090000001254],[31.21552891699804,34.88999953400122],[31.215281136998065,34.88989301200127],[31.2145318179981,34.889570875001255],[31.214459999998073,34.88954000000127],[31.21431999999808,34.88944000000123],[31.21430999999809,34.88941000000126],[31.214289999998098,34.88930000000124],[31.214269999998084,34.88923000000125],[31.21429999999808,34.88902000000127],[31.214579999998104,34.88805000000127],[31.214619999998046,34.88790000000125],[31.2146699999981,34.88783000000125],[31.214688296998112,34.88775681300125],[31.21437609699812,34.88692388200126],[31.215347640998115,34.88535647500121],[31.215386916998092,34.88529311000125],[31.215413852998083,34.88522997000125],[31.215489999998113,34.88490000000125],[31.215549999998107,34.88481000000125],[31.215533619998084,34.88494923100124],[31.215552131998084,34.88490584100121],[31.21594427399809,34.88398663900122],[31.215889999998115,34.88386000000121],[31.215879999998105,34.88369000000123],[31.21609131199812,34.88364197400123],[31.216105780998127,34.88360805700123],[31.216159355998105,34.88281027600121],[31.21608999999812,34.88284000000121],[31.216049999998127,34.882830000001235],[31.216193322998087,34.88230448300121],[31.216194966998106,34.8822800000012],[31.216099999998107,34.8822800000012],[31.216229845998097,34.88176061700122],[31.216229887998097,34.88175999400122],[31.216049999998127,34.88175000000123],[31.216295970998164,34.880775952001244],[31.21638780499814,34.87940845800121],[31.216339999998144,34.879410000001215],[31.216299999998135,34.879170000001196],[31.216297206998103,34.879109946001186],[31.21627999999812,34.8787400000012],[31.216789999998124,34.876710000001204],[31.217019999998158,34.875690000001214],[31.217079999998166,34.87543000000119],[31.217149999998163,34.87510000000117],[31.217239999998174,34.87465000000117],[31.217329999998174,34.874170000001186],[31.217388237998165,34.87418058900118],[31.217439999998152,34.874190000001185],[31.217647941998152,34.87421970600121],[31.218237191998156,34.87409860800119],[31.21909400599814,34.873922521001184],[31.22014128799815,34.87405422300116],[31.220785253998198,34.87207627500116],[31.224583078998208,34.87065415800115],[31.225683811998177,34.87024198200116],[31.22903313999817,34.8731740790012],[31.22836189299814,34.875144005001175],[31.23054875399814,34.87640699400117],[31.231636190998145,34.87752518000122],[31.232755890998163,34.87943571200118],[31.233274454998142,34.8803205320012],[31.2333499999981,34.880160000001204],[31.23344999999815,34.8800900000012],[31.233389999998117,34.88030000000119],[31.233351851998133,34.88045259400124],[31.233458146998128,34.880633963001195],[31.234103779998104,34.881735600001235],[31.2334201319981,34.88322677100124],[31.2334201319981,34.88322677100124]]]}