{"segmentId":"5000355","streetsFileVersion":96,"polygonPointList":[[[31.67645548599732,35.002984827001725],[31.67638466499731,35.00397396300177],[31.676387552997284,35.00429231800177],[31.676389034997296,35.00433936100176],[31.67638999999729,35.00437000000175],[31.67638999999729,35.00512000000173],[31.67638999999727,35.00522000000176],[31.676399999997308,35.00551000000178],[31.675973294997295,35.00570007800178],[31.675369642997296,35.00605507800173],[31.67599321699725,35.008159756001774],[31.675139680997283,35.00993185600177],[31.67380059799727,35.0113269930018],[31.673454344997232,35.011782107001785],[31.673198059997247,35.01211896800177],[31.673041566997234,35.01261249700182],[31.672851879997246,35.014336483001834],[31.67239509499725,35.01423437200178],[31.67189766699726,35.013738920001785],[31.671407516997238,35.0127563630018],[31.67097359399722,35.0118767390018],[31.670500104997227,35.011325055001784],[31.670354170997246,35.010182569001785],[31.67021618099727,35.00900260200179],[31.670005487997287,35.00743874100176],[31.670109458997285,35.00632536900173],[31.670079999997263,35.006310000001754],[31.67013267999729,35.006076701001746],[31.670196642997283,35.005391759001775],[31.670258675997285,35.00420764300173],[31.670295617997333,35.00350249100177],[31.670342021997346,35.00137072800172],[31.670479898997304,35.001262810001755],[31.670479999997337,35.001260000001736],[31.670483488997323,35.001260000001736],[31.670645049997347,35.00113354500175],[31.6719737569973,35.00076508800172],[31.672927193997346,35.00083794600173],[31.673626848997344,35.0008156200017],[31.67481771899731,35.000777618001706],[31.67510287799735,35.000893794001726],[31.6752955189973,35.000982991001734],[31.67545236499733,35.00105322300173],[31.675567668997264,35.00110485300175],[31.67574702399729,35.001198830001755],[31.67588774599732,35.00129539400175],[31.67599512799733,35.00140870800172],[31.676124776997288,35.001561652001755],[31.676422241997315,35.002226113001754],[31.676398785997307,35.00259150600173],[31.67642308599733,35.00276007200174],[31.67645548599732,35.002984827001725],[31.67645548599732,35.002984827001725]]]}