{"segmentId":"5000724","streetsFileVersion":236,"polygonPointList":[[[32.06646959799819,34.80268517600091],[32.06603999999821,34.80272000000092],[32.06605761499821,34.80295560600091],[32.066119999998236,34.80379000000089],[32.06510999999823,34.80397000000089],[32.06519999999822,34.80460999900087],[32.06440964899819,34.80491825900088],[32.06398733999821,34.80508297200088],[32.0638488259982,34.80513699700088],[32.06384126799821,34.80513994500091],[32.06373350099821,34.80518197700093],[32.062295137998184,34.80574298000089],[32.06207311999819,34.805829574000875],[32.0619985619982,34.80585865400092],[32.06194971299821,34.80587770700088],[32.06187040299822,34.80590864000089],[32.061761148998215,34.805913432000914],[32.0613914549982,34.80653808800087],[32.06051520899823,34.80801864000091],[32.06029952299818,34.80873759500088],[32.05991491499818,34.810019622000894],[32.0598556029982,34.81024469300094],[32.05983067999818,34.810339268000924],[32.05976997499818,34.81056962500089],[32.059733167998196,34.81065398100089],[32.059699999998216,34.810729999000905],[32.058759999998216,34.8105700000009],[32.05862924999817,34.81140022600091],[32.05856194399822,34.81182760500094],[32.05773111699819,34.811636363000915],[32.05688088699819,34.811365761000914],[32.056853288998205,34.811356977000926],[32.05685322699815,34.81135695700091],[32.05615210199818,34.811133810000925],[32.05530796299819,34.81066636300091],[32.05498564199823,34.810487876000884],[32.054903373998194,34.81044231900092],[32.05486361799822,34.81047298800093],[32.05485658499821,34.81046874800092],[32.05485104999816,34.81047834100094],[32.054817670998155,34.810536194000925],[32.054127533998184,34.811311495000915],[32.05314667899821,34.81241339000094],[32.05311707199823,34.81241813400091],[32.052706137998214,34.81277377300093],[32.05081110399821,34.81367160700093],[32.05023729099816,34.81394346900091],[32.05019323399819,34.81395218000093],[32.04989830499818,34.813938890000905],[32.04980003899819,34.81393446200096],[32.04884741899817,34.813968415000915],[32.04814118899816,34.813993586000905],[32.047810048998194,34.81396075700095],[32.047418787998204,34.81392196700093],[32.04708925599818,34.813862204000905],[32.04684948699815,34.8138187200009],[32.046423419998185,34.81374144900094],[32.04624468799819,34.81370597300089],[32.046214779998216,34.81370003700092],[32.04506144999818,34.81343973900091],[32.04499868199816,34.81342358600093],[32.04476928499817,34.8133908280009],[32.04464832399818,34.81337355500093],[32.04457833399818,34.8133635600009],[32.04450244599816,34.813513849000934],[32.04435505899819,34.813805737000926],[32.04425511499818,34.81377104400095],[32.0428249509982,34.81327459300095],[32.04076607299819,34.81255989900093],[32.0410042519982,34.81105296400092],[32.04119709099823,34.8098328910009],[32.037751619998225,34.8083653860009],[32.03730394099822,34.80817470900092],[32.03694513999822,34.808021888000894],[32.03467480399827,34.807054900000885],[32.03458878299822,34.807018262000895],[32.036432864998226,34.80231882600087],[32.03740729799825,34.80091918600088],[32.03776861899825,34.800400198000865],[32.03784795199824,34.80028624700086],[32.03852671999826,34.79931129100086],[32.039704623998226,34.79761939100089],[32.0397357889983,34.796668844000884],[32.039823596998275,34.793990713000845],[32.040487642998286,34.79282659100086],[32.04147951199824,34.79108777100084],[32.04341376399827,34.78992101100085],[32.04652457899827,34.788044535000836],[32.046617174998275,34.787487823000845],[32.04680649799826,34.78634955700084],[32.05055955499834,34.78476349300085],[32.05100703499831,34.784789981000856],[32.05517437599827,34.78503666300082],[32.0556694209983,34.785184713000824],[32.05590327799834,34.78525465100085],[32.057117766998324,34.78561786100084],[32.05932969199829,34.786279369000844],[32.05944085999831,34.78632436500083],[32.06227514999831,34.78747156300086],[32.063766575998265,34.788835014000824],[32.0646267159983,34.78962134800083],[32.06542340999825,34.79034968000088],[32.06769408899826,34.79242552000086],[32.07196103599829,34.79338997000089],[32.0730526559983,34.79363670700088],[32.07358792899823,34.79375769400089],[32.074133484998264,34.79388100500087],[32.07562271499829,34.794217613000875],[32.07576564099823,34.794249918000865],[32.07579631399825,34.79425685100087],[32.075838076998295,34.79426629100085],[32.075840682998226,34.794266880000876],[32.075874647998226,34.794274557000854],[32.07591393899825,34.79428343800085],[32.076049489998255,34.79431407600085],[32.07644834599827,34.794404229000875],[32.080163119998254,34.79787229600086],[32.08018948599823,34.79789691100089],[32.08011443199825,34.798023935000884],[32.07956280599826,34.79895752600087],[32.07824176899823,34.80119329700089],[32.078059668998186,34.80150149000091],[32.077854719998236,34.80170949800087],[32.07766412599825,34.80190293700092],[32.077581397998244,34.80198690000086],[32.07714999999825,34.80213000000087],[32.076937107998205,34.80215000000087],[32.076792606998254,34.8021635750009],[32.0767294909982,34.80213793200088],[32.074456290998235,34.8012143710009],[32.07420975899821,34.80111420900089],[32.074194418998204,34.8011079770009],[32.07359326899826,34.8009001020009],[32.07348719899826,34.800863424000894],[32.072869999998254,34.8006500000009],[32.07236809499825,34.801078095000875],[32.07048999999824,34.8026800000009],[32.070224999998224,34.80241500000089],[32.07019996699825,34.802389967000906],[32.07000009199821,34.80219009200088],[32.06998901499822,34.80219535300089],[32.069469814998236,34.802441972000885],[32.068142687998225,34.80254955200091],[32.06646959799819,34.80268517600091],[32.06646959799819,34.80268517600091]]]}