{"segmentId":"5000540","streetsFileVersion":188,"polygonPointList":[[[31.82897099999371,35.345680000004705],[31.828725999993733,35.345973000004705],[31.827945999993727,35.34597000000472],[31.82765299999374,35.34567400000467],[31.827624999993734,35.34564600000467],[31.82762467699376,35.34564567400466],[31.82752299999375,35.3455430000047],[31.82738699999373,35.34459200000466],[31.827715999993757,35.34367100000463],[31.827936039993755,35.34321061900465],[31.8280779989938,35.34240899900465],[31.827489063993802,35.34126398300461],[31.8270699999938,35.34104000000465],[31.8270499999938,35.340980000004635],[31.826907999993796,35.340605000004615],[31.82687999999381,35.3405400000046],[31.826820999993807,35.34018400000465],[31.82678899999385,35.340003000004586],[31.826348999993815,35.33967100000463],[31.826238999993812,35.339456000004596],[31.826209999993836,35.33940000000462],[31.826209999993836,35.339399000004626],[31.82620799999384,35.33939500000458],[31.826182999993843,35.33901600000463],[31.826159999993855,35.338680000004615],[31.825799878993813,35.33837862500462],[31.82546999999384,35.33836200000462],[31.825397186993865,35.33804162400457],[31.82518180499387,35.33786137700456],[31.82514999999387,35.337871000004604],[31.824762999993876,35.33799300000457],[31.824739999993852,35.33798100000461],[31.824689999993833,35.3379600000046],[31.82458599999385,35.337902000004576],[31.824510999993812,35.33786400000456],[31.824509999993833,35.33786000000457],[31.82439799999383,35.33731500000458],[31.824369999993852,35.337182000004574],[31.823814561993846,35.33721091300456],[31.823109999993843,35.33746000000461],[31.82276399999385,35.337320000004574],[31.82264099999382,35.337272000004575],[31.82261799999383,35.33722600000458],[31.822259999993854,35.336500000004584],[31.821840185993842,35.3369747880046],[31.821660999993863,35.33745100000458],[31.821440999993833,35.337808000004586],[31.821209002993832,35.33810499700461],[31.821048999993863,35.33831000000458],[31.8197399999938,35.33935000000458],[31.82013835999377,35.34246657800462],[31.820189999993758,35.34252000000464],[31.820249999993766,35.34334000000467],[31.821099909993766,35.34403463800465],[31.821289999993745,35.344190000004645],[31.821329999993765,35.344860000004665],[31.821301372993744,35.344961035004665],[31.821309113993717,35.34548589400467],[31.821370399993647,35.34964050000477],[31.820984180993626,35.35030306300476],[31.82069339999365,35.350801900004775],[31.818710599993622,35.35152860000476],[31.81782409999366,35.35073780000475],[31.817639999993663,35.34936000000473],[31.816239999993662,35.35069000000475],[31.816197026993677,35.35069108100474],[31.816089999993654,35.35070000000477],[31.814649999993623,35.35073000000476],[31.814411875993695,35.348988968004754],[31.81433999999371,35.3488700000047],[31.81414999999372,35.3473800000047],[31.814039999993717,35.34627000000471],[31.81406899999377,35.345303000004684],[31.81406900499378,35.34530280400466],[31.814069999993784,35.34526000000468],[31.814089999993787,35.345040000004666],[31.814219999993725,35.34437000000465],[31.81423999999376,35.34425000000466],[31.814439999993798,35.34318000000468],[31.814839999993787,35.34254000000464],[31.815039999993804,35.34221000000467],[31.815899999993807,35.34129000000465],[31.81664118399381,35.34097881600466],[31.81780034199382,35.33981965800463],[31.817809999993827,35.33980000000459],[31.819069999993886,35.338400000004576],[31.819879999993884,35.3375100000046],[31.82065999999385,35.33696000000456],[31.820643754993853,35.3369276760046],[31.82006581699386,35.33658103900459],[31.819312582993902,35.334873001004574],[31.819303215993884,35.334851761004536],[31.819535259993895,35.334360219004566],[31.819529999993883,35.334340000004545],[31.819529999993883,35.334339000004555],[31.819718999993935,35.33397100000457],[31.819719999993936,35.33397058900454],[31.819719999993936,35.33397000000457],[31.819723072993877,35.333969324004556],[31.81979729599391,35.333938788004566],[31.819825581993914,35.333946784004524],[31.819910999993894,35.33392800000456],[31.820127999993918,35.33387900000451],[31.82111899999391,35.33402800000454],[31.821282999993898,35.334078000004524],[31.821283025993914,35.33407800800455],[31.82234499999387,35.33439800000457],[31.823678085993897,35.33391493900455],[31.823744999993885,35.33382900000452],[31.8242859999939,35.333672000004526],[31.82462999999392,35.333570000004556],[31.825479999993874,35.333700000004555],[31.825936999993903,35.333859000004566],[31.82583799999392,35.33246600000453],[31.82304199999392,35.333370000004535],[31.8225519999939,35.33349500000451],[31.822027999993924,35.333340000004554],[31.821777999993934,35.33240400000452],[31.821933999993938,35.331733000004505],[31.82266699999391,35.33097700000454],[31.822797272993952,35.33087165900448],[31.823559999993943,35.32972500000449],[31.82484999999393,35.32897000000445],[31.82484139799398,35.32884880500449],[31.824666999993994,35.32710200000442],[31.824646999993963,35.32611000000442],[31.823809999994,35.32567800000443],[31.82371899999402,35.325063000004434],[31.824381999994078,35.32443800000441],[31.82438237299402,35.32443764800444],[31.824564999994063,35.324265000004395],[31.824742999994076,35.32404600000443],[31.824807910994032,35.32407904400439],[31.825569999994006,35.3244670000044],[31.82557087199403,35.324467446004405],[31.826003111993984,35.32468838500443],[31.82615299999402,35.32476500000445],[31.82683599999397,35.32984400000448],[31.826827999993938,35.33014600000451],[31.826878736993972,35.330766709004486],[31.826976078993955,35.33144242300452],[31.827179636993893,35.332301100004514],[31.827298475993935,35.332590449004535],[31.827429999993903,35.332860000004516],[31.827429999993903,35.33291068000453],[31.827560650993913,35.33322878600455],[31.827492488993897,35.33406531300453],[31.8275129999939,35.33427700000453],[31.827533999993918,35.334479000004535],[31.827557999993896,35.33481700000454],[31.827579999993894,35.335081000004564],[31.827580016993874,35.33508119900456],[31.827658373993902,35.33601070900456],[31.828994630993837,35.3375217070046],[31.828315096993823,35.33857189600462],[31.828288724993833,35.33900703700459],[31.828344954993792,35.33925897900463],[31.828722999993772,35.34033800000459],[31.828863999993835,35.34059600000464],[31.828877999993775,35.34086200000465],[31.828899999993773,35.34117000000461],[31.828894999993764,35.34144500000466],[31.828893999993774,35.341719000004666],[31.829810999993775,35.34295500000468],[31.829789999993764,35.343403000004685],[31.829656824993755,35.343581212004665],[31.82921099999372,35.34539200000469],[31.828971215993768,35.345679741004666],[31.82897099999371,35.345680000004705],[31.82897099999371,35.345680000004705]]]}