{"segmentId":"5000416","streetsFileVersion":96,"polygonPointList":[[[31.76827090499873,34.675538869000576],[31.76608872299874,34.67656428600057],[31.766089999998734,34.67657000000056],[31.766309999998704,34.67754000000062],[31.76578957099868,34.67768948500057],[31.765806304998748,34.67801369600058],[31.7644688639987,34.67850366400061],[31.764755347998715,34.67895438200057],[31.7653200959987,34.67984288500057],[31.764536884998698,34.68017115400059],[31.76447643199871,34.680387517000575],[31.76251273599874,34.680819449000616],[31.762509999998738,34.68083000000061],[31.7618499999987,34.68097000000061],[31.76178999999873,34.680980000000574],[31.761639999998696,34.681010000000626],[31.7616308519987,34.68100921600061],[31.761119492998663,34.681111925000586],[31.760779511998695,34.68296849900058],[31.7608699999987,34.683540000000605],[31.760469999998698,34.68382000000057],[31.760078501998702,34.68363380000061],[31.759383927998655,34.68426893600058],[31.759185723998726,34.68445017800063],[31.759017536998684,34.68443273900059],[31.75895999999871,34.68445000000058],[31.758789999998687,34.684430000000624],[31.758682603998693,34.684398010000606],[31.757917854998723,34.68431871400058],[31.755516233998677,34.6840006760006],[31.75533080699871,34.68343027100063],[31.754676727998717,34.68281437800059],[31.75423999999871,34.68268000000061],[31.753159999998676,34.683050000000584],[31.750370865998665,34.6837130610006],[31.74910687099869,34.68401355100063],[31.748748507998712,34.682190130000585],[31.749729999998703,34.68137000000062],[31.74964735399869,34.68115936000059],[31.749283972998725,34.68023321100056],[31.749046726998714,34.67867077300062],[31.748414294998696,34.67450575900059],[31.748693364998744,34.67444514300061],[31.74898873599873,34.674328044000575],[31.749930077998727,34.67347491200061],[31.750508160998706,34.673293349000595],[31.7505277259987,34.67328720400061],[31.75063875399877,34.67287758200061],[31.751299999998775,34.670370000000574],[31.751519999998727,34.6701100000006],[31.752969999998765,34.670100000000566],[31.75392718399878,34.66981766500056],[31.754355243998763,34.66968980700058],[31.755015096998758,34.6693173950006],[31.756150172998705,34.66960577000056],[31.756477815998693,34.67012761500059],[31.75665999999875,34.67041000000059],[31.75666286299872,34.67041993000056],[31.757024061998727,34.67083245800058],[31.757300994998726,34.67118131000059],[31.75760826799873,34.671416650000545],[31.757623813998748,34.6714282880006],[31.757859999998747,34.67157000000056],[31.75870999999874,34.671950000000564],[31.75889999999874,34.67201000000059],[31.758999999998753,34.67203000000059],[31.759302970998764,34.672000680000586],[31.759487733998757,34.67128544900057],[31.75952669299876,34.67113461200058],[31.759558059998763,34.671050903000555],[31.760580866998737,34.668321346000546],[31.76089717299873,34.66747722200058],[31.761170786998708,34.66751330100056],[31.76119255799877,34.667516172000546],[31.761273735998767,34.667526876000586],[31.761432906998724,34.66754786400054],[31.761847282998765,34.66773909400059],[31.761909999998743,34.667760000000555],[31.76176665499872,34.668342627000605],[31.76159999999874,34.669020000000565],[31.76132999999874,34.66981000000057],[31.76135999999872,34.66985000000058],[31.761529999998718,34.67073000000057],[31.761725795998743,34.67138265500058],[31.76192113199873,34.67130520000059],[31.761968046998728,34.67146728500059],[31.762369999998747,34.67134000000056],[31.76263999999873,34.671270000000575],[31.762789999998713,34.671710000000594],[31.762945513998705,34.672421777000594],[31.764381640998742,34.67221273700057],[31.765880334998755,34.671781340000585],[31.76587999999873,34.6717800000006],[31.767159999998714,34.671420000000595],[31.768447129998723,34.67099314100058],[31.768572495998722,34.671506895000576],[31.769417949998715,34.674971600000575],[31.768521128998742,34.67541512100061],[31.76827090499873,34.675538869000576],[31.76827090499873,34.675538869000576]]]}