{"segmentId":"5000048","streetsFileVersion":188,"polygonPointList":[[[30.791913998998663,34.77000609800088],[30.79139051799868,34.76798355600085],[30.793021714998684,34.76780104400087],[30.793091832998698,34.76779319900084],[30.793389264998634,34.769137595000885],[30.793000314998647,34.76936657300088],[30.791913998998663,34.77000609800088],[30.791913998998663,34.77000609800088]]]}