{"segmentId":"5000083","streetsFileVersion":236,"polygonPointList":[[[31.040497873998778,34.71219873700068],[31.041016480998756,34.712719587000684],[31.042383923998777,34.71095197100069],[31.044201249998785,34.71353691000073],[31.046357692998782,34.71297275300067],[31.04681649899876,34.71285272300067],[31.047744488998756,34.71338810200072],[31.04693999999877,34.71760000000071],[31.04858783299876,34.71863855300072],[31.05151884099878,34.720485831000744],[31.046177155998738,34.72651653600076],[31.046165693998713,34.72652947600073],[31.043948492998766,34.729032672000756],[31.04387999999874,34.72911000000074],[31.043663396998713,34.729027518000755],[31.037979180998725,34.72686299000071],[31.040042579998744,34.723436242000716],[31.038279999998736,34.72199000000073],[31.038709999998748,34.7211700000007],[31.038111108998756,34.71914561800069],[31.037261928998774,34.71858214800071],[31.037034039998737,34.7184309330007],[31.03670333099878,34.71821149300072],[31.033491516998797,34.71544157700069],[31.037370787998757,34.71038526300067],[31.037945867998797,34.709635692000695],[31.040497873998778,34.71219873700068],[31.040497873998778,34.71219873700068]]]}