{"segmentId":"5000932","streetsFileVersion":236,"polygonPointList":[[[32.34634528699698,35.01530363000175],[32.34595999999695,35.01761000000176],[32.346080440996914,35.01795125000177],[32.34644412899694,35.01898169800177],[32.346371479996975,35.02004137100177],[32.3458070049969,35.02030541900179],[32.342709013996895,35.0217545830018],[32.34120519399697,35.017338304001775],[32.34111001599698,35.015872556001725],[32.34063604999695,35.01562473700175],[32.339893270996946,35.01551349000174],[32.33949017599693,35.015942909001744],[32.338788190996944,35.01669073800178],[32.338456709996976,35.01704386600175],[32.331789915996936,35.01662259000175],[32.32442305399696,35.01615707600176],[32.325640294996994,35.01203432600172],[32.326865960997,35.0117752550017],[32.33188995999702,35.01035521600171],[32.336514806997016,35.00904799900174],[32.336719999997015,35.008990001001685],[32.33675551799702,35.00900259400169],[32.33817410499702,35.0084829810017],[32.34117817499702,35.00860195400168],[32.34516377199699,35.00999988700171],[32.346442731997016,35.010654239001745],[32.346351491996984,35.01101920100174],[32.346287639997,35.013525467001756],[32.346447926996944,35.01463602900173],[32.346454201997,35.014679506001734],[32.34636973599696,35.01515727700178],[32.34634528699698,35.01530363000175],[32.34634528699698,35.01530363000175]]]}