{"segmentId":"5000807","streetsFileVersion":96,"polygonPointList":[[[32.12210999999484,35.25237000000355],[32.120938999994806,35.252361000003575],[32.12074399999481,35.252361000003575],[32.12037328999475,35.25249189800358],[32.12037299999477,35.25249200000359],[32.119820999994786,35.25268600000356],[32.11980999999477,35.25269000000355],[32.11964999999477,35.25273000000356],[32.11850999999481,35.252980000003554],[32.117919999994754,35.253050000003554],[32.11717999999482,35.25313000000358],[32.11692999999475,35.25304000000357],[32.1163099999948,35.25280000000355],[32.11552999999476,35.25218000000358],[32.11544799999483,35.25166300000357],[32.1153459999948,35.25104600000353],[32.11513999999483,35.249441000003536],[32.11547099999487,35.248786000003534],[32.116358999994816,35.248396000003545],[32.11670999999485,35.24824000000355],[32.116876999994844,35.247936000003506],[32.1169299999948,35.24783900000352],[32.11736399999487,35.24729300000353],[32.11788999999484,35.24707500000351],[32.11789045699486,35.24707476700353],[32.117891999994846,35.247074000003515],[32.11820199999487,35.24678300000352],[32.118790999994864,35.24663700000354],[32.119148999994856,35.24660900000349],[32.11925999999486,35.24660000000351],[32.11936999999487,35.24663200000349],[32.11978399999486,35.24674700000348],[32.12047190799487,35.24694997300349],[32.12047199999487,35.246950000003494],[32.120652999994846,35.24700300000353],[32.12088499999485,35.24669900000349],[32.12092999999485,35.246640000003524],[32.120989999994876,35.24653000000352],[32.12101999999486,35.24650000000348],[32.120964599994856,35.24648830000352],[32.12099159999484,35.24645070000348],[32.12094379999488,35.24638670000353],[32.1210122999949,35.246196700003495],[32.12116759999487,35.2458203000035],[32.12050615699492,35.24501651100351],[32.12049149999492,35.24499870000349],[32.12050706499485,35.244965247003485],[32.1209565999949,35.243999100003485],[32.121416406994875,35.243996296003466],[32.12151409999489,35.24399570000345],[32.12198409999492,35.24412820000347],[32.122178999994915,35.24499410000348],[32.12216953799484,35.24506520900351],[32.12195999999485,35.246640000003524],[32.12227199999488,35.24686200000354],[32.122741563994836,35.24719369200351],[32.122741999994865,35.247194000003496],[32.12276299999487,35.247209000003515],[32.123350999994855,35.2476240000035],[32.12362999999484,35.248535000003535],[32.123691999994826,35.24930100000354],[32.12372199999482,35.24979900000354],[32.123753999994854,35.25032100000354],[32.1234119999948,35.25097700000353],[32.123325999994826,35.25110500000355],[32.1228199999948,35.25186000000359],[32.12210999999484,35.25237000000355],[32.12210999999484,35.25237000000355]]]}