{"segmentId":"5000324","streetsFileVersion":236,"polygonPointList":[[[31.658534396998434,34.7703267990008],[31.658992520998485,34.770414552000794],[31.659826978998446,34.77057439100079],[31.659921466998487,34.77095473300083],[31.659937456998463,34.771833553000846],[31.66003642799847,34.77197305500082],[31.66068953399842,34.7719699450008],[31.660691150998424,34.77199544800081],[31.66078233299842,34.77343331400082],[31.661631884998464,34.77448350200084],[31.662477643998418,34.77343100000085],[31.66295024199846,34.774225823000826],[31.66242772999842,34.775478460000826],[31.661983563998415,34.776309550000846],[31.662909570998423,34.777348717000834],[31.663000081998423,34.777769455000836],[31.663088240998388,34.77803393200081],[31.66386254499839,34.77779129700087],[31.663958912998403,34.77810895500084],[31.663337873998415,34.778358798000845],[31.66345208799842,34.77863719500083],[31.663912513998426,34.77848015100084],[31.66413989099842,34.77918565400085],[31.6636564959984,34.77938187400087],[31.663688844998415,34.77951402600086],[31.66337237599841,34.779618723000844],[31.66290043799844,34.77999463900085],[31.662812056998415,34.781572028000824],[31.662102637998437,34.78061185900083],[31.661972332998417,34.78077072300084],[31.661882833998398,34.78087983700084],[31.661326039998404,34.78087031900083],[31.660997673998416,34.780722793000855],[31.661325230998397,34.779947508000866],[31.66142947899841,34.779700766000865],[31.660859999998415,34.77893000000085],[31.659785742998416,34.779448982000865],[31.6588605729984,34.77989593900082],[31.658287737998442,34.78017268100086],[31.65789999999843,34.780360000000826],[31.658039680998407,34.78123031900083],[31.65815999999844,34.78198000000083],[31.652305079998452,34.77977091000082],[31.65110999999845,34.77932000000083],[31.651439999998434,34.77872000000087],[31.649939999998452,34.776380000000856],[31.649957996998438,34.77610960900085],[31.649966730998457,34.775978391000805],[31.65002943799844,34.775036279000844],[31.650078261998495,34.77430275400086],[31.649919101998467,34.77423338400085],[31.64841999999845,34.77358000000081],[31.648695489998477,34.77287891000081],[31.64912887399843,34.77177599800084],[31.649485654998433,34.77086803000079],[31.64996237499842,34.7711221250008],[31.651265194998466,34.77181653600085],[31.651332489998474,34.77185240500083],[31.654559018998434,34.771978834000805],[31.655129999998444,34.77265000000083],[31.65603999999848,34.77242000000084],[31.655974513998437,34.77206113700081],[31.65594609099842,34.77190537600083],[31.655789999998433,34.771050000000834],[31.65626161799843,34.77099907800081],[31.657881980998464,34.770824123000835],[31.658534396998434,34.7703267990008],[31.658534396998434,34.7703267990008]]]}