{"segmentId":"5000161","streetsFileVersion":188,"polygonPointList":[[[31.337971999999052,34.55851480000041],[31.33699213199906,34.559245875000386],[31.33738804699907,34.560927839000406],[31.336970748999065,34.56100371100042],[31.336864565999047,34.56102301700037],[31.336115959999052,34.56054993000039],[31.335644026999066,34.56025169000038],[31.334233199999023,34.56130430000042],[31.334746399999048,34.562033900000415],[31.330985747999055,34.566109533000386],[31.328331399999012,34.5689862000004],[31.327858834999038,34.568446143000436],[31.326791699999063,34.56722660000038],[31.326021899999066,34.56817080000043],[31.327268299999073,34.56984450000041],[31.326385747999037,34.57066008900042],[31.32587519999905,34.57113190000043],[31.325425430999037,34.570572478000386],[31.324702099999037,34.5696728000004],[31.32363899999907,34.570445300000436],[31.320277470999056,34.56626301000041],[31.320008015999047,34.56592776400039],[31.31888543199907,34.56453108800038],[31.317223199999066,34.56246300000039],[31.317215361999057,34.561646589000425],[31.31715513099908,34.555372479000376],[31.3171131999991,34.5510046000004],[31.31903035999909,34.5525919730004],[31.3216225999991,34.55473830000039],[31.321488727999114,34.55544373000038],[31.32147599999909,34.55551080000038],[31.321557667999045,34.555444864000386],[31.322539199999092,34.55465240000041],[31.324107271999058,34.55548679200041],[31.324555499999068,34.5557253000004],[31.32488401999907,34.55549956600038],[31.3262417999991,34.554566600000385],[31.325361999999064,34.5534508000004],[31.325138248999107,34.55161718800042],[31.324298899999075,34.54937390000037],[31.327341599999087,34.547786000000364],[31.328092237999087,34.54922723500037],[31.328257999999103,34.549545500000406],[31.33038419999907,34.54860140000038],[31.33141059999907,34.54873010000039],[31.333083207999106,34.55211930700039],[31.33331679999907,34.55199170000037],[31.3342697999991,34.554523700000395],[31.33584599999908,34.55327920000041],[31.336827395999055,34.555696038000406],[31.337029265999067,34.55619317400039],[31.337856594999078,34.55823059900042],[31.337971999999052,34.55851480000041],[31.337971999999052,34.55851480000041]]]}