{"segmentId":"5000431","streetsFileVersion":236,"polygonPointList":[[[31.745894329994425,35.300259238004124],[31.745939975994418,35.30028961000415],[31.745967401994445,35.30030785800415],[31.746511639994413,35.300669979004184],[31.74737731499441,35.30124597600419],[31.747348476994432,35.301401525004195],[31.7473191349944,35.301559788004205],[31.74730346199439,35.30164432900417],[31.74700225599436,35.30326900100418],[31.74729068599438,35.30364615100421],[31.74963154299436,35.30670704300425],[31.750092974994285,35.30731041000426],[31.751684899994267,35.309392002004245],[31.752995521994333,35.3053591590042],[31.753069378994358,35.3046273060042],[31.753989217994373,35.3044528740042],[31.75506610699437,35.3042300300042],[31.755316969994322,35.30468667800422],[31.7557535219944,35.30548134000419],[31.755750873994337,35.30549598800423],[31.755761330994325,35.30549697000419],[31.756198008994318,35.30822989500425],[31.756544898994314,35.30894995400427],[31.75650717199427,35.31016477000424],[31.756809999994225,35.312060000004266],[31.75665911299426,35.312362101004325],[31.75544279099428,35.312470486004294],[31.754553440994197,35.31494996400432],[31.754052546994238,35.31524232500432],[31.753657065994222,35.315443036004304],[31.75337629999421,35.31558552700433],[31.751805855994192,35.31521671100434],[31.751731859994237,35.31501490500433],[31.75143999999424,35.314950001004334],[31.751488055994226,35.31205876300427],[31.751497919994286,35.31146528500428],[31.751511284994294,35.310661246004265],[31.742735432994248,35.314643288004355],[31.741178007994233,35.31588922800435],[31.74045837099421,35.31603960000435],[31.739743858994185,35.31667019300434],[31.737257593994162,35.318864446004405],[31.737036364994154,35.3205636390044],[31.736253331994153,35.32126402200439],[31.735654021994172,35.32085457700438],[31.73522707199416,35.3197294720044],[31.734887198994183,35.3185529610044],[31.73556387299419,35.318348885004355],[31.73625128899416,35.31892889100437],[31.737003148994155,35.318692593004364],[31.738460570994206,35.316716274004335],[31.7394009289942,35.316110719004335],[31.741752011994233,35.31459670900433],[31.744165696994212,35.313557175004284],[31.751513678994254,35.3105171920043],[31.751527519994283,35.30968448000426],[31.74961768299431,35.30747225800426],[31.749403546994326,35.30722421800422],[31.748548566994334,35.307224568004216],[31.74811978299431,35.30679327700424],[31.74699461499436,35.305500568004234],[31.747007148994378,35.30444839900424],[31.746631867994374,35.304013699004194],[31.745163051994417,35.30231232500418],[31.745163329994373,35.30221419900417],[31.744959712994433,35.30125283200417],[31.74516813399442,35.30051561800418],[31.745894329994425,35.300259238004124],[31.745894329994425,35.300259238004124]]]}