{"segmentId":"5000186","streetsFileVersion":188,"polygonPointList":[[[31.35745999999695,35.07408000000219],[31.356766133996928,35.07391202900219],[31.35676599999694,35.07391200000221],[31.35650999999696,35.0738500000022],[31.356169999996936,35.07343000000218],[31.356093605996943,35.07314139900221],[31.355483999996924,35.07210400000216],[31.354212660996954,35.07147549800217],[31.353336999996955,35.07146000000219],[31.352935999996962,35.071020000002164],[31.352935819996915,35.071019802002155],[31.35264599999696,35.070701000002174],[31.352165999997,35.06953000000217],[31.352049999996986,35.06892700000215],[31.352477599996956,35.06778350000219],[31.34810098399702,35.0612937960021],[31.347948254997025,35.06137568800212],[31.347217505997037,35.06176751800214],[31.34685799599701,35.06177104200211],[31.346755763997074,35.06154985200211],[31.346599315997008,35.06100614400209],[31.346708640997054,35.060793086002114],[31.346755673997045,35.06037431400212],[31.346833097997045,35.05968495000213],[31.34698579899702,35.059661300002126],[31.34773245899703,35.05962744200213],[31.347978563997053,35.0594889730021],[31.348044099997015,35.0594521000021],[31.348137819997014,35.05948959800208],[31.348091237997018,35.059306021002115],[31.34833304999704,35.0591680120021],[31.34868283099707,35.05979381000209],[31.348592759997015,35.06021939100209],[31.348651644997055,35.060415659002125],[31.34865972499706,35.06044259200213],[31.348706599997058,35.060492400002104],[31.348765235997053,35.0607367830021],[31.348864562997043,35.060801512002136],[31.34889787499703,35.06121553800212],[31.348640892997,35.06139161800214],[31.34832191999703,35.061513930002114],[31.352498199996997,35.067713800002146],[31.35395499999696,35.06749000000218],[31.354069999996966,35.067500000002156],[31.354269999996973,35.067570000002156],[31.35439999999698,35.06765000000219],[31.354459999996994,35.067680000002156],[31.35449999999695,35.06769000000214],[31.354889999996992,35.066900000002136],[31.355019999996983,35.066720000002135],[31.355159999996992,35.06662000000215],[31.355399999996987,35.066570000002166],[31.355569999996984,35.066470000002134],[31.355889999996986,35.06617000000216],[31.35605999999701,35.06610000000216],[31.356219999996984,35.06610000000216],[31.356319999996984,35.06609000000213],[31.356529999997026,35.06601000000216],[31.356660213996985,35.065983958002164],[31.356897076996983,35.065796893002116],[31.356920998997005,35.06577799900213],[31.357206135996996,35.06443894200212],[31.356923607996986,35.06414974200213],[31.356450656996994,35.063665618002155],[31.356941733996972,35.06302456800214],[31.35694736799704,35.06301721400215],[31.357628489996983,35.06384705100212],[31.357218032996983,35.06444429600212],[31.35692579999698,35.06577946100213],[31.358799999996968,35.06635000000216],[31.359069999996958,35.06725000000217],[31.359089999996943,35.068220000002164],[31.35906399999693,35.07115400000217],[31.359063997996948,35.07115417900221],[31.359059999996955,35.07162000000219],[31.358759999996963,35.07291000000218],[31.358099999996913,35.0737800000022],[31.35745999999695,35.07408000000219],[31.35745999999695,35.07408000000219]]]}