{"segmentId":"5000740","streetsFileVersion":236,"polygonPointList":[[[32.048134999994154,35.30465800000417],[32.04798968399417,35.305290636004145],[32.0480551269941,35.30765586900415],[32.0473259999941,35.308180000004185],[32.04667503899407,35.309035956004195],[32.0454139249941,35.30953564300421],[32.04455731899407,35.30946425900419],[32.044309999994105,35.30896000000421],[32.04425491799409,35.30880355300422],[32.04261999999416,35.30416000000411],[32.04319999999421,35.30073000000409],[32.0444367239942,35.298219761004056],[32.04446141499423,35.298169644004055],[32.046266388994276,35.294506001004045],[32.047516299994335,35.29196899700397],[32.04756999999435,35.29186000000398],[32.04988999999435,35.291740000004005],[32.050002920994324,35.291301448004006],[32.05044214199436,35.28959563600397],[32.05053499999433,35.289235000004],[32.05300599999437,35.28822900000396],[32.0583582879944,35.28797963000395],[32.058327119994345,35.291514881004005],[32.05684488099434,35.292782302003985],[32.05406035099426,35.294824352004014],[32.054529999994294,35.29568000000404],[32.056456479994274,35.296299496004075],[32.05707999999425,35.29650000000404],[32.05757053799423,35.29854821200409],[32.058219999994186,35.30126000000411],[32.05762999999417,35.30396000000415],[32.056322429994204,35.303681338004125],[32.05590457099416,35.303592286004104],[32.05396999999419,35.303180000004126],[32.053510970994125,35.30433447900412],[32.05238422899414,35.305907723004175],[32.051481996994134,35.30689588200416],[32.050967528994114,35.30698535400418],[32.05049383799415,35.307067735004146],[32.049384558994134,35.306034959004144],[32.04938121799416,35.30599127000416],[32.049247897994114,35.305907723004175],[32.0485976999942,35.304303693004144],[32.048134999994154,35.30465800000417],[32.048134999994154,35.30465800000417]]]}