{"segmentId":"5000935","streetsFileVersion":188,"polygonPointList":[[[32.33962622299759,34.9165894320013],[32.33875707199764,34.91654343700125],[32.33839405399761,34.9161424370013],[32.33838060999762,34.914789800001266],[32.33860605899762,34.91385073400126],[32.33863823099764,34.91376183100125],[32.33882318599764,34.91302381300126],[32.33882215299759,34.91257657400128],[32.33882123499765,34.912179527001236],[32.339072214997614,34.91161410600126],[32.33918488799762,34.91158053900126],[32.33973369999765,34.90939064700125],[32.340491881997636,34.908305422001256],[32.340501417997636,34.90817795300126],[32.34075766599764,34.90792499000121],[32.34178494799766,34.90787121400125],[32.34250065399764,34.90789103200125],[32.343007492997685,34.90790506600126],[32.344336918997655,34.90807425400123],[32.34485156499763,34.90820659400122],[32.34422506399762,34.91178098300123],[32.344095571997656,34.91268754200128],[32.34388009799762,34.91419605400127],[32.34377253799762,34.91494906900127],[32.343430016997594,34.917347018001266],[32.34318412099757,34.91724078100126],[32.3430323599976,34.9170713870013],[32.34236843499758,34.91661119500125],[32.340715584997604,34.91546554200126],[32.34070347599759,34.91546083000124],[32.340685763997605,34.915444871001256],[32.34029797099758,34.91627045400125],[32.33962622299759,34.9165894320013],[32.33962622299759,34.9165894320013]]]}