{"segmentId":"5000287","streetsFileVersion":236,"polygonPointList":[[[31.59797352999872,34.694558541000625],[31.597315871998696,34.695044359000654],[31.59665187699869,34.69604909000062],[31.59632351099871,34.69610619700065],[31.595303840998664,34.69594670200066],[31.59475308699874,34.69637933500066],[31.594646277998667,34.696781755000664],[31.594389799998705,34.69696802400065],[31.5943055389987,34.69702921900063],[31.5940611589987,34.696962065000626],[31.59374924099873,34.69687635100066],[31.593446359998698,34.69664919000066],[31.593064564998745,34.69679463700063],[31.592901565998677,34.696769561000636],[31.59287442899871,34.695978411000645],[31.592776042998725,34.69503378100064],[31.593276642998692,34.694255581000625],[31.593570337998717,34.69402307400061],[31.593741636998708,34.69323374200066],[31.59423149199871,34.692999304000644],[31.594243320998757,34.69264445200061],[31.593507135998703,34.69232304000065],[31.592718118998715,34.69184962900062],[31.592237602998715,34.69083811200063],[31.592610709998716,34.69036739000064],[31.59305126499871,34.68994686000065],[31.594200356998716,34.68933626700061],[31.595034129998698,34.68914511300063],[31.594983871998725,34.68890144000062],[31.594973602998692,34.68885165100062],[31.59544685399873,34.68854439500063],[31.595689795998698,34.68921517500064],[31.596842608998756,34.68912145000064],[31.596950227998718,34.68915732300064],[31.59787373099872,34.689465158000644],[31.59851818299875,34.69049628000062],[31.598364212998682,34.694446415000655],[31.598377331998705,34.69453217600062],[31.59797352999872,34.694558541000625],[31.59797352999872,34.694558541000625]]]}