{"segmentId":"5000952","streetsFileVersion":236,"polygonPointList":[[[32.35892008099765,34.90650680200119],[32.358929915997685,34.90693462400122],[32.35954370899764,34.90692714300126],[32.35939396599761,34.90863022000127],[32.35887672799761,34.908566167001254],[32.35872996199764,34.90852442800126],[32.35761791499763,34.90820817000127],[32.35745453699761,34.907021184001216],[32.35360657599766,34.90758764200125],[32.35437854899765,34.90227846000122],[32.35439379399765,34.902173611001245],[32.35656752899769,34.90124914900124],[32.35754951199766,34.900808390001224],[32.358117418997665,34.90089960000122],[32.358968588997634,34.9013285850012],[32.35901287999771,34.90135090700121],[32.35951642699769,34.90148700000119],[32.35980524099769,34.901565058001225],[32.35973553099768,34.9023906440012],[32.35971369399766,34.902649271001195],[32.359519704997616,34.90346109200121],[32.35921989299766,34.90455088500122],[32.35901525999764,34.905436045001224],[32.358968480997625,34.90596230700121],[32.35895348099767,34.906131051001225],[32.35892008099765,34.90650680200119],[32.35892008099765,34.90650680200119]]]}