{"segmentId":"5000934","streetsFileVersion":236,"polygonPointList":[[[32.34607631299761,34.90718016100123],[32.34612919399765,34.907928927001244],[32.34250702499762,34.90746978600122],[32.34238010799766,34.907453698001234],[32.34252286899766,34.90642222900122],[32.34301453699767,34.902869847001206],[32.3425803529977,34.90262140700119],[32.3418413519977,34.9021985500012],[32.341876263997705,34.90201673700121],[32.34261951299768,34.89814612600117],[32.34265010799771,34.8979867960012],[32.3428833269977,34.89677226800121],[32.3443200489977,34.895779278001214],[32.34526731099773,34.89146319200119],[32.34539820899775,34.89086675700115],[32.34679602399776,34.891495013001176],[32.34692629999773,34.89155356600115],[32.34730907299777,34.89256382700118],[32.34749604799771,34.89612238800118],[32.3474976019977,34.896151970001206],[32.347748403997734,34.896302120001174],[32.34842454899772,34.896706913001196],[32.34806885199768,34.89742229700119],[32.348001951997695,34.897556847001184],[32.34802450699769,34.89797903800122],[32.348032606997684,34.89813066300122],[32.348033618997675,34.8981496120012],[32.34728634199772,34.899087356001196],[32.3471656789977,34.89923877400118],[32.3474558379977,34.89964919600119],[32.34781275699767,34.90018457400119],[32.3471762509977,34.90163604600123],[32.3470494949977,34.90170034200119],[32.34676579399771,34.9018442480012],[32.346861064997654,34.9021210740012],[32.34688010399766,34.9021763940012],[32.34708107299765,34.9027603410012],[32.34677709599765,34.90282544800121],[32.34663859999768,34.90285511200122],[32.346625320997646,34.90289243100122],[32.34629977199768,34.90380734800121],[32.34630551999764,34.904489936001234],[32.34632054199766,34.90627380800122],[32.346322158997694,34.906465815001226],[32.34607631299761,34.90718016100123],[32.34607631299761,34.90718016100123]]]}