{"segmentId":"5000599","streetsFileVersion":188,"polygonPointList":[[[31.875275856994868,35.2613079190037],[31.87479251899484,35.261060879003715],[31.874810988994838,35.26022049000369],[31.873320120994865,35.26006701800367],[31.87324397899482,35.26134240900372],[31.872920371994876,35.26170408700371],[31.872482550994846,35.26086651700372],[31.87219701599483,35.25961016200369],[31.872520621994852,35.25768755700366],[31.873643727994903,35.257421057003654],[31.875329269994904,35.258140925003694],[31.87535104299484,35.258064179003654],[31.87675947799486,35.258572487003654],[31.876779578994892,35.25857974100368],[31.87675793999489,35.25865908300368],[31.876135125994846,35.26094273000371],[31.875275856994868,35.2613079190037],[31.875275856994868,35.2613079190037]]]}