{"segmentId":"5000717","streetsFileVersion":236,"polygonPointList":[[[32.04122037399778,34.895290276001184],[32.04097770499781,34.895766730001206],[32.04076167999782,34.89619086900124],[32.04043214499781,34.8968378730012],[32.04027194099781,34.897152415001216],[32.0399203219978,34.897480995001196],[32.039022706997805,34.89831979500125],[32.03629543899781,34.89932538400125],[32.035971422997775,34.8992902560012],[32.031703501997754,34.8988275550012],[32.03156992399777,34.900250675001224],[32.03145839399779,34.901438896001245],[32.03145603799774,34.90146399800123],[32.031275197997786,34.90174953300122],[32.031206269997746,34.90615336500129],[32.03118953899772,34.90722229300128],[32.030887922997785,34.90725278100128],[32.03085983899775,34.907255620001266],[32.02682616099776,34.90766334900128],[32.02493964599775,34.90785404000129],[32.02487008799777,34.90602208900123],[32.02480401699779,34.90428199400123],[32.02480044799777,34.903660954001225],[32.02488253899777,34.90300065400123],[32.02566062299781,34.898613404001225],[32.0262313049978,34.89546282200123],[32.026378029997794,34.894652791001214],[32.02669925799783,34.8914000680012],[32.02707997099783,34.8868463740012],[32.02715156599783,34.88591564400119],[32.02723001699788,34.8848957910012],[32.02728222599791,34.88421707000115],[32.027317917997884,34.8836281530012],[32.027538017997855,34.88206841600115],[32.02778191199787,34.88110473500117],[32.02803770499787,34.880361153001125],[32.0272392359979,34.88000820700116],[32.02721678999789,34.87999828500116],[32.02665166899791,34.879634228001144],[32.02607464899791,34.87901556800115],[32.023978211997914,34.87424192800114],[32.02381255099791,34.8738647140011],[32.02491727899793,34.874260493001145],[32.027086752997924,34.87382862000112],[32.02733161199794,34.87377457200114],[32.02804192399791,34.87361778400111],[32.02803078099791,34.87295964400113],[32.02859771099789,34.87289468200111],[32.02839545599794,34.87154433800111],[32.028381257997914,34.871450634001114],[32.02833961399794,34.871172806001134],[32.02825979999795,34.87064900700111],[32.02824673999793,34.87056281000109],[32.02822423699796,34.87043558200109],[32.02810077899795,34.869734595001134],[32.02809917799797,34.8697285190011],[32.02783628299795,34.86873062500112],[32.02774705299792,34.868278528001134],[32.02794669299794,34.86799303700113],[32.027942663997976,34.867755058001116],[32.028121817997935,34.86757658700109],[32.02837953499797,34.86750777100113],[32.02839429799791,34.8675038290011],[32.028486025997964,34.86753658700113],[32.02892529699795,34.86769345700108],[32.02927598399795,34.867858006001114],[32.02956019499794,34.867991364001085],[32.029966081997934,34.86836081400108],[32.03145289299796,34.868527664001114],[32.03165520799796,34.86856049200109],[32.03212104699792,34.8686360800011],[32.03270636299795,34.86873105600112],[32.032748721997955,34.86873792900113],[32.03322471499796,34.868727146001085],[32.03324096599793,34.86881769100112],[32.03364160299791,34.87104993400111],[32.03379503599796,34.871904822001106],[32.03275264699792,34.87401063200116],[32.03255169399791,34.874416593001115],[32.03205805599789,34.87541383000115],[32.033117070997925,34.87601395200113],[32.03629142199787,34.87781279200113],[32.0364937639979,34.87792745500117],[32.03646839599787,34.87942454500116],[32.036459999997874,34.87992000000113],[32.03771795099786,34.88219583600116],[32.03892492799787,34.882075091001155],[32.03947492499787,34.88316664400114],[32.03948155999789,34.883166805001146],[32.04024975799789,34.88318549800116],[32.04028484599789,34.883188077001165],[32.040342915997876,34.883246458001146],[32.04045137399788,34.88335549700114],[32.04048999999786,34.88351000000117],[32.04053078599783,34.88516838000116],[32.04053433099787,34.885312528001165],[32.040534633997844,34.885324828001195],[32.040566993997864,34.885901609001145],[32.04043750499784,34.88653238800116],[32.04055693599779,34.888867951001195],[32.04064374599784,34.88896400200121],[32.041014790997835,34.89121559900122],[32.04106270899787,34.89151452000119],[32.04106958899785,34.891557438001215],[32.04107019499781,34.89157160500117],[32.04108695399782,34.89196330000119],[32.04110305199781,34.89233956000118],[32.04113692999782,34.89313138700119],[32.041227966997816,34.8952591580012],[32.041228606997834,34.89527411100121],[32.04122037399778,34.895290276001184],[32.04122037399778,34.895290276001184]]]}