{"segmentId":"5000825","streetsFileVersion":96,"polygonPointList":[[[32.15410800599774,34.90175787100121],[32.15387625099774,34.901949486001214],[32.15398309299776,34.9024747970012],[32.15342831499774,34.90325267500121],[32.153162198997755,34.90346675600124],[32.152954106997704,34.90363416000121],[32.15157582799768,34.90481192000122],[32.150070649997694,34.90594029500125],[32.14893800999774,34.906789392001265],[32.14841963799773,34.906034827001235],[32.1471277069977,34.90415430800123],[32.149981918997725,34.90116047300124],[32.14952855799775,34.90045765200123],[32.149363054997714,34.90020108200119],[32.148931614997736,34.89953224300124],[32.15017699999776,34.89862058700121],[32.15122055099776,34.89811420900119],[32.15150770099777,34.89808920600123],[32.15168897399773,34.8980734220012],[32.15185567299777,34.89805890700122],[32.15200808499773,34.89804563600123],[32.152366078997744,34.898014464001186],[32.1525846689978,34.8980614190012],[32.152649577997714,34.8980753620012],[32.15324140399773,34.89820249500124],[32.15335319299776,34.898226509001205],[32.15388456699774,34.89960062200121],[32.15429136499775,34.90043820400124],[32.15471306699773,34.90130647200121],[32.15460455699774,34.90138742500123],[32.15410800599774,34.90175787100121],[32.15410800599774,34.90175787100121]]]}