{"segmentId":"5000455","streetsFileVersion":96,"polygonPointList":[[[31.804730026998744,34.66571374400059],[31.80455200499875,34.666102168000585],[31.80469358899874,34.668500858000584],[31.804729805998754,34.669114413000564],[31.804792880998694,34.670182975000564],[31.80467148799873,34.670184552000606],[31.798106625998727,34.67026980900057],[31.798124270998734,34.66899565000058],[31.79815857899876,34.66651817100059],[31.795688882998714,34.66730183100055],[31.7932619029987,34.668071936000565],[31.793109256998726,34.6680026860006],[31.790675891998713,34.66852664500057],[31.78836905399873,34.668464395000576],[31.787377205998705,34.668173802000595],[31.78665992799875,34.66795697800058],[31.785796422998775,34.66769595200055],[31.78670089999873,34.66482148100056],[31.788763468998752,34.658266533000564],[31.791478446998752,34.649638201000556],[31.795881719998807,34.652510602000554],[31.797393786998796,34.653496973000564],[31.80067744299876,34.655662282000534],[31.801986146998733,34.656709245000556],[31.80315208299875,34.65806553800057],[31.803518483998758,34.658530082000524],[31.804484580998768,34.659754955000544],[31.804801959998773,34.66021153600058],[31.80584087399876,34.66170611300054],[31.806649889998777,34.662753076000556],[31.80746253799872,34.66325693100054],[31.807375693998747,34.66341600200058],[31.80731217399877,34.66353235000054],[31.806707360998768,34.66432123600053],[31.806217641998735,34.66496000000057],[31.806217621998762,34.664960026000585],[31.805075479998724,34.664960026000585],[31.804730026998744,34.66571374400059],[31.804730026998744,34.66571374400059]]]}