{"segmentId":"5000422","streetsFileVersion":236,"polygonPointList":[[[31.751008183997293,35.00414133200176],[31.751360343997252,35.00454108100177],[31.751579254997253,35.00649223900177],[31.751580076997218,35.008388105001764],[31.751516723997245,35.00851163200179],[31.751331790997224,35.009376146001806],[31.750883274997225,35.009746738001766],[31.750739480997222,35.010027110001786],[31.75083686299725,35.0105849120018],[31.75083686299725,35.01112742900179],[31.75069922799721,35.011473680001785],[31.749833103997254,35.01162120600176],[31.749871776997217,35.011087909001745],[31.749886798997196,35.01088075700177],[31.74920011399726,35.01055257700178],[31.748982463997223,35.010373037001806],[31.747612440997248,35.00924289700175],[31.747198464997222,35.01019191700176],[31.74674999999725,35.011220000001764],[31.745744794997226,35.01075183000178],[31.745629198997218,35.01069799200181],[31.745190054997195,35.01049346300177],[31.74479350699723,35.01074312700179],[31.744363041997186,35.01101414500178],[31.744198540997246,35.01072177000175],[31.744251971997194,35.01021453000177],[31.744094003997223,35.00907729100176],[31.74383172899726,35.00899867600175],[31.743657064997223,35.00894632100177],[31.743181312997233,35.00879632100175],[31.74245061499725,35.00856593800177],[31.741983330997197,35.009988621001774],[31.74143017699721,35.01060689200178],[31.741266378997214,35.010644485001784],[31.74110258099726,35.01054781700176],[31.741761598997222,35.008433879001764],[31.742074627997287,35.00819019800179],[31.742379714997217,35.00820625500177],[31.742917785997253,35.00808816000177],[31.74348185099726,35.00836187000176],[31.744077088997223,35.00750140500173],[31.744275216997256,35.00721499500173],[31.745094494997243,35.006030664001734],[31.74545251499729,35.00582606100175],[31.745708413997242,35.00567981800173],[31.74738246299728,35.004723123001774],[31.748193994997273,35.00297940600175],[31.750263010997312,35.00266353400176],[31.751008183997293,35.00414133200176],[31.751008183997293,35.00414133200176]]]}