{"segmentId":"5000813","streetsFileVersion":236,"polygonPointList":[[[32.13693945999768,34.91599164500131],[32.13953307199767,34.916943430001304],[32.139056683997644,34.91899462300131],[32.13841393599763,34.921762120001304],[32.1390088009976,34.92628309600135],[32.13666161599761,34.92686543600135],[32.13598247999757,34.92953029800132],[32.135698975997606,34.930642741001336],[32.13470839799758,34.930859191001325],[32.13443282299761,34.93091940700133],[32.13236943799761,34.929454214001325],[32.13179402599763,34.929045618001325],[32.131036547997624,34.926956499001314],[32.130190255997604,34.927105369001346],[32.1287102439976,34.92736571700134],[32.1282912329976,34.923586495001324],[32.12863149499762,34.92270065600134],[32.13021838399764,34.92245700300129],[32.13015350899763,34.91880815600131],[32.13015238799766,34.91874509600131],[32.130634942997666,34.91881823700129],[32.13437363999764,34.919384911001316],[32.134876207997635,34.91983073700129],[32.13590083999762,34.92073968300134],[32.136683490997605,34.92143396900134],[32.136751458997644,34.91998885700133],[32.136338953997665,34.91774932500129],[32.13576788399769,34.91653104100128],[32.13586306199766,34.91619791700126],[32.13650075799768,34.9154745600013],[32.13693945999768,34.91599164500131],[32.13693945999768,34.91599164500131]]]}