{"segmentId":"5000435","streetsFileVersion":236,"polygonPointList":[[[31.77725923199861,34.718436537000684],[31.77721523099864,34.718559278000676],[31.777745555998614,34.7192060880007],[31.778873420998625,34.72010552400071],[31.779561658998556,34.72056256700069],[31.780330080998578,34.71931113800071],[31.781060458998596,34.72008448000065],[31.780232281998572,34.72147326800071],[31.779664146998613,34.722425987000705],[31.77798966099858,34.72143171000068],[31.777182174998593,34.7209522410007],[31.777092948998597,34.72089926000069],[31.77693472999858,34.72091831800066],[31.77547521199859,34.72109412100071],[31.775055605998563,34.72137735500071],[31.774933873998613,34.72145952400071],[31.774615942998587,34.72167412700067],[31.773219630998593,34.72474601300072],[31.77319249499859,34.724752797000704],[31.77227443599857,34.72498231200071],[31.7713292399986,34.725626764000666],[31.770684787998572,34.724831940000705],[31.76933143999858,34.724058598000695],[31.7692025499986,34.723349701000714],[31.769224030998593,34.72176005400071],[31.76917958399857,34.7216892170007],[31.768912509998604,34.72126356800068],[31.768756042998596,34.72101419800067],[31.768536615998606,34.720664486000665],[31.768418908998598,34.718883191000664],[31.76821438999858,34.715788136000704],[31.768729951998623,34.71553035500068],[31.77006109399858,34.71605714700069],[31.770462977998633,34.71507819900068],[31.773565794998568,34.71582059100069],[31.773680008998568,34.71536373500066],[31.77516479299861,34.71585866200069],[31.77648104899858,34.71639491500065],[31.77685004199857,34.716497032000696],[31.776999178998576,34.71613661800069],[31.77710782299859,34.715874063000676],[31.778031536998615,34.71628221500066],[31.777287773998612,34.7183569200007],[31.77725923199861,34.718436537000684],[31.77725923199861,34.718436537000684]]]}