{"segmentId":"5000277","streetsFileVersion":96,"polygonPointList":[[[31.574729999998763,34.67776000100058],[31.57490413099874,34.67793896800059],[31.575090781998764,34.67812543100061],[31.575483883998746,34.678361407000615],[31.57588999999877,34.67860000000062],[31.57601999999874,34.678190000000576],[31.576129999998766,34.678040000000614],[31.57792999999876,34.68040000000063],[31.578169999998764,34.68072000000061],[31.57876999999877,34.68152000000059],[31.578969999998723,34.68182000000063],[31.57900500499874,34.681877939000614],[31.579259999998737,34.68230000000061],[31.57941999999872,34.682590000000616],[31.579299999998728,34.68270000000062],[31.57898934999874,34.68306787400063],[31.578921169998754,34.683148614000615],[31.57898602099873,34.68332092800061],[31.579453685998757,34.6845635470006],[31.579659999998754,34.685110001000616],[31.579424504998762,34.68591741100061],[31.579445714998744,34.68596638100063],[31.579386181998753,34.68604880400061],[31.579379999998764,34.68607000000059],[31.57941888799875,34.6861595420006],[31.579966316998735,34.68742003500063],[31.57892219399869,34.68815991800062],[31.5778800819987,34.68889837600062],[31.577976144998722,34.68913104600062],[31.57731291899876,34.68951175400065],[31.5741969129987,34.688936218000606],[31.574743399998706,34.68813387300059],[31.57519613399876,34.687403300000604],[31.57426949499875,34.6868799570006],[31.573926728998718,34.686577905000604],[31.57355999999873,34.68652000000059],[31.57341999999872,34.6864300000006],[31.57306999999871,34.686150000000616],[31.57281483799875,34.68604064500062],[31.572789999998726,34.686030000000635],[31.57264999999877,34.68562000000059],[31.572679999998737,34.68544000000059],[31.572687800998715,34.685433760000585],[31.57216143299876,34.68485681500061],[31.572159999998725,34.68486000000064],[31.572139999998726,34.684890000000614],[31.57174087899877,34.684395851000595],[31.571719978998775,34.68437294200061],[31.570853269998747,34.68371681200061],[31.570339999998748,34.68333000000064],[31.570339999998748,34.68332824900062],[31.570336672998728,34.6833257300006],[31.570337687998755,34.68302411400059],[31.570695187998766,34.68215416800063],[31.57069785299875,34.68215518900062],[31.570699999998745,34.6821500000006],[31.572129999998758,34.682410000000615],[31.573049999998723,34.68173000000063],[31.573168829998735,34.681621072000596],[31.573115636998764,34.681288388000596],[31.57296999999875,34.680399999000585],[31.57151574999877,34.67990613800058],[31.57350021999873,34.676593928000585],[31.574729999998763,34.67776000100058],[31.574729999998763,34.67776000100058]]]}