{"segmentId":"5000565","streetsFileVersion":236,"polygonPointList":[[[31.846385858994726,35.27317994700386],[31.84620998599475,35.27215709700382],[31.845895999994717,35.27033100000381],[31.846676453994718,35.26936439100381],[31.84667999999475,35.26936000000381],[31.847763528994754,35.27065025500383],[31.848402823994757,35.269710115003804],[31.849045277994772,35.26882971500377],[31.849092866994752,35.267521011003765],[31.849307018994754,35.266474048003786],[31.850595861994783,35.26649991000376],[31.8514521639948,35.26651709200378],[31.851773881994763,35.266562360003796],[31.852043398994734,35.26623610200376],[31.85270964799475,35.265665032003774],[31.853490976994784,35.26568735500377],[31.85354245999477,35.26568882600373],[31.85352842899479,35.26579596900377],[31.853280718994746,35.26768757400376],[31.853185539994715,35.26863935800376],[31.853016986994735,35.27080630300378],[31.853059999994688,35.272090000003814],[31.853023572994697,35.27232423700385],[31.852820508994682,35.273629991003844],[31.85257471799464,35.27521048800383],[31.85255534999467,35.27533502600386],[31.852292999994628,35.27702200000387],[31.852949747994657,35.278340742003905],[31.85329459999458,35.279033200003916],[31.853122177994596,35.2798464550039],[31.85258274699457,35.2823907630039],[31.85251819599462,35.28239182100392],[31.8522576869946,35.28239609200394],[31.85284567999456,35.28417075300396],[31.852750501994528,35.28567457200399],[31.851899159994538,35.287397571003986],[31.852084154994525,35.28749256900399],[31.85101006899444,35.292648182004044],[31.849080450994467,35.293344988004065],[31.849042900994473,35.29335854800407],[31.847916700994396,35.29376523100407],[31.845682601994337,35.30167050400417],[31.846911069994302,35.30253304500418],[31.846916834994314,35.30253709300418],[31.8468489019943,35.30386992600418],[31.84669899999427,35.306811000004195],[31.845984999994215,35.308096000004205],[31.843115899994224,35.30892310000426],[31.84226059999426,35.30568670000418],[31.842028769994336,35.3042127150042],[31.842557009994337,35.30312768100414],[31.84451063999433,35.30235054500413],[31.844972999994322,35.301665000004164],[31.84621599999434,35.29825800000409],[31.846914164994434,35.29330585700407],[31.847010999994456,35.29261900000405],[31.84553199999444,35.292269000004026],[31.84464274099445,35.291394989004004],[31.84472866799448,35.29089016900406],[31.845155261994496,35.28913906700403],[31.84625933199451,35.287387784003975],[31.847195898994524,35.28629756700401],[31.84740235599452,35.285556631003985],[31.84723212899456,35.285283688003965],[31.846846655994515,35.28521944200394],[31.846553982994536,35.28459840300398],[31.846553982994543,35.28402019400395],[31.846835155994576,35.28337304800394],[31.8466424009946,35.28273343300392],[31.846515999994622,35.28231400000392],[31.84698712099457,35.28121121200394],[31.846621009994593,35.28043975800392],[31.846621009994628,35.27752729800388],[31.846719999994683,35.27512326200388],[31.846385858994726,35.27317994700386],[31.846385858994726,35.27317994700386]]]}