{"segmentId":"5000373","streetsFileVersion":188,"polygonPointList":[[[31.71570283299857,34.743412907000746],[31.7137450089985,34.743247104000716],[31.713488994998517,34.74323623300076],[31.713326505998552,34.743229332000745],[31.713275474998547,34.743511707000735],[31.71302694099853,34.744998033000755],[31.712847434998547,34.74599849200077],[31.713136429998556,34.746359513000776],[31.713139999998536,34.74636000000074],[31.713440993998514,34.74673925200076],[31.713508887998515,34.74682479800074],[31.713644455998537,34.74699415400075],[31.713749889998514,34.74723827000072],[31.713909999998513,34.74760000000073],[31.714309999998544,34.74767000000073],[31.714309999998544,34.747770000000756],[31.714109999998527,34.748070000000745],[31.714109462998525,34.74807080400077],[31.714136809998536,34.748134121000774],[31.714119856998526,34.74861473200078],[31.715787109998526,34.749071033000774],[31.715703815998484,34.74968103400075],[31.715429054998534,34.74958600000079],[31.714091917998527,34.74940679200077],[31.714081391998484,34.74970518500075],[31.7134766639985,34.75127890500077],[31.713435291998515,34.75189397900076],[31.71338434799849,34.75265134700076],[31.713359862998498,34.752655455000735],[31.712795439998487,34.75275016100076],[31.712789999998503,34.752810000000785],[31.71286999999854,34.75286000000077],[31.7127999999985,34.753290000000774],[31.7108499999985,34.75355999900078],[31.710228441998527,34.75363559500077],[31.7101054199985,34.75369848400076],[31.70983286399853,34.75352087000077],[31.709459999998476,34.75355000000079],[31.70944999999851,34.753430000000755],[31.709449999998487,34.75333901400078],[31.709434327998494,34.75329548200077],[31.70891844299853,34.75334240500079],[31.708597281998486,34.75223076700078],[31.707192760998495,34.752023394000766],[31.707156594998526,34.75177591300079],[31.707005098998533,34.75073922300076],[31.70719830499853,34.75067172600079],[31.707179999998516,34.75067000000079],[31.707179999998516,34.75042000000079],[31.70728999999852,34.74946000000076],[31.708099999998517,34.749570000000766],[31.708558312998502,34.74960985300075],[31.708586103998535,34.749089435000734],[31.708590247998544,34.74876716000077],[31.70764420499854,34.74859160600075],[31.70764420499854,34.747968636000756],[31.708602676998513,34.74780048300075],[31.70862450099852,34.746103158000736],[31.708626299998528,34.74586646700074],[31.708403259998533,34.74511624100076],[31.70813999999855,34.744810000000726],[31.707723361998497,34.744810000000726],[31.70698388099851,34.74481364600077],[31.706089772998514,34.74480260800074],[31.705719352998535,34.74600992800073],[31.705719999998497,34.746010000000766],[31.70540999999849,34.74704000000072],[31.70517393799851,34.74724233900072],[31.705155664998554,34.74747170400077],[31.704958989998545,34.747560483000726],[31.704794956998498,34.74756717800075],[31.704779999998504,34.747579999000735],[31.704679999998504,34.74767000000073],[31.704672091998546,34.74766878300074],[31.704404753998524,34.74790012000076],[31.703579601998513,34.748614154000755],[31.702868433998482,34.74849887000076],[31.702639999998503,34.748560000000765],[31.702648365998524,34.748463196000756],[31.70229713899851,34.74840626000073],[31.702353568998515,34.747120955000774],[31.70301955599854,34.745618485000776],[31.703076893998528,34.74527563100072],[31.703059999998512,34.74527000000076],[31.70312052499851,34.74501474200071],[31.70316204599853,34.744766470000755],[31.703318279998555,34.743832237000746],[31.703421011998532,34.74367638300073],[31.70353999999854,34.743110000000755],[31.70374773299855,34.743180718000765],[31.70417743699855,34.74252881500076],[31.70426992699852,34.74211533200071],[31.704344384998574,34.742083688000726],[31.70438999999853,34.74181000000073],[31.704487816998515,34.74183685200075],[31.704599110998554,34.74186740300076],[31.70473490499856,34.74117925100075],[31.70483273099856,34.740683508000764],[31.70525684499857,34.73982468500071],[31.705741633998553,34.73902359800076],[31.705839999998513,34.73848000000072],[31.706249999998555,34.738760000000745],[31.706292766998544,34.738781383000735],[31.70665669899855,34.73874680800071],[31.70671330199853,34.737532829000706],[31.706769107998596,34.73610469000073],[31.707193443998534,34.735317221000734],[31.707860595998554,34.734171546000695],[31.709884964998583,34.73476646300069],[31.71048999999855,34.73494000000072],[31.71239897699858,34.736622168000736],[31.712508570998565,34.736718426000714],[31.712548056998543,34.73674396200073],[31.712779999998578,34.73689000000075],[31.71277914699854,34.7368934120007],[31.713568587998545,34.73740395600071],[31.71394541299855,34.73764765500072],[31.714199999998552,34.7378100000007],[31.714199841998507,34.7378121980007],[31.714849760998536,34.73823251100071],[31.714909999998525,34.73796000000072],[31.715009999998575,34.73776000000071],[31.715239999998545,34.73831000000075],[31.715279999998536,34.73851000000076],[31.715280163998518,34.73851086000076],[31.715572979998548,34.73870022900075],[31.71581395499855,34.740172075000714],[31.715836741998583,34.74023939600073],[31.715856142998543,34.74030780200076],[31.71587330599855,34.74037726900076],[31.715887088998546,34.74044749700073],[31.71589750699857,34.74051842200072],[31.71590566299856,34.74058990100076],[31.715911546998566,34.74066174500075],[31.71591310099855,34.74070591900073],[31.71612999999855,34.74112000000071],[31.716209999998537,34.74119999900075],[31.716439554998566,34.741398047000764],[31.716719999998556,34.741640000000764],[31.71692999999852,34.741830000000746],[31.716061402998488,34.742269290000706],[31.71604502599858,34.74233783000074],[31.716028368998572,34.74240721500076],[31.7160105919985,34.74247623000076],[31.715991661998565,34.74254487000076],[31.715990135998567,34.74254945700074],[31.71598999999852,34.74255000000074],[31.71598993399852,34.74255006200077],[31.715862850998548,34.74293198500072],[31.71570283299857,34.743412907000746],[31.71570283299857,34.743412907000746]]]}