{"segmentId":"5000317","streetsFileVersion":236,"polygonPointList":[[[31.64506422399896,34.59834548400044],[31.643977173998913,34.59775893900047],[31.644648181998907,34.59643833800044],[31.64325651299892,34.59564308400047],[31.641820483998938,34.59482248100044],[31.64270374899899,34.592891803000434],[31.643289676998947,34.59299386000042],[31.64398074399894,34.593114231000456],[31.645384625998943,34.593578226000425],[31.645666203998978,34.593666651000426],[31.646433305998958,34.59390754700046],[31.646517843998957,34.59394882700047],[31.648516175998946,34.595003148000444],[31.648812930998954,34.595239169000415],[31.64881397599892,34.595240000000445],[31.649527861998973,34.59580778100048],[31.650672839998922,34.59681028600044],[31.649518938998956,34.59922825600045],[31.64826375199893,34.59852817100045],[31.64575939099896,34.597131356000425],[31.645465277998973,34.59762085200043],[31.64506422399896,34.59834548400044],[31.64506422399896,34.59834548400044]]]}