{"segmentId":"5000543","streetsFileVersion":236,"polygonPointList":[[[31.844889999998472,34.75678000100076],[31.84415214699844,34.758245736000774],[31.84415173499842,34.75824655400076],[31.844149999998475,34.75825000000075],[31.842991461998444,34.75825213800078],[31.84299046099846,34.75825000000075],[31.842659999998425,34.75755000000076],[31.839881913998447,34.75837889200078],[31.840025013998464,34.75957156400078],[31.83954163899847,34.760003343000776],[31.839057708998425,34.76043561800076],[31.838830807998438,34.76063830000077],[31.838127584998457,34.7612664600008],[31.838142858998427,34.76147428800078],[31.838175291998457,34.76191559300076],[31.83822999999845,34.76266000000078],[31.83807041199841,34.76268607600082],[31.83725899699844,34.76281866000079],[31.837060168998423,34.761050683000796],[31.837043160998434,34.7604043910008],[31.837017338998457,34.75942313200078],[31.836781771998442,34.7590019670008],[31.836753218998457,34.758302406000766],[31.836859096998435,34.7582232230008],[31.837296759998477,34.75789590900079],[31.83730464999849,34.756867375000795],[31.837309999998464,34.75617000000077],[31.83733082099842,34.756161610000774],[31.83754043199844,34.75607714800075],[31.838632968998464,34.755636911000785],[31.83887510299847,34.75527870600078],[31.839276415998476,34.75537763400078],[31.83960747799848,34.75524423300075],[31.84089002299848,34.75472743300074],[31.840928517998467,34.75449700300075],[31.840961395998487,34.75430019400076],[31.84111732799846,34.75336678400075],[31.840881708998463,34.74894863500074],[31.840691932998517,34.74539009700074],[31.840583473998453,34.745342822000744],[31.839748720998475,34.744978968000744],[31.8392732789985,34.74477173200074],[31.83927282299849,34.74477153300075],[31.839267511998486,34.74464213900075],[31.839241535998465,34.74400925800075],[31.839235314998493,34.743857697000756],[31.83922888299847,34.74370098600077],[31.839179999998517,34.74251000000073],[31.839711818998538,34.741818609000745],[31.839791552998516,34.741852987000755],[31.84052004999851,34.742167083000716],[31.845072377998484,34.74296013900073],[31.845242936998474,34.74381415000074],[31.845734268998495,34.74627431900076],[31.84434259099847,34.74655311300076],[31.845339999998508,34.751660000000776],[31.846639999998473,34.75388000000075],[31.846816767998497,34.753894451000775],[31.847441900998422,34.75394555500075],[31.84864420799847,34.754043842000755],[31.850451256998458,34.75419156700079],[31.850441489998445,34.75435736300077],[31.850434291998457,34.754479544000766],[31.850382010998498,34.75536700500075],[31.85031985499847,34.75642208600076],[31.848609769998472,34.75653480800075],[31.844889999998472,34.75678000100076],[31.844889999998472,34.75678000100076]]]}