{"segmentId":"5000197","streetsFileVersion":188,"polygonPointList":[[[31.38022553599811,34.87489177300119],[31.37856118899808,34.87377311300114],[31.377894366998152,34.87328916100118],[31.376942445998104,34.872598296001144],[31.375747389998136,34.87176346300116],[31.37399715199816,34.870540795001176],[31.373942737998107,34.87022864700114],[31.374368730998157,34.86916517600112],[31.37532845499815,34.86725649100113],[31.37546944599817,34.867117803001136],[31.371702250998176,34.86116988700115],[31.371644446998165,34.861078622001116],[31.370336429998193,34.8590134320011],[31.371630855998156,34.858290075001136],[31.372022726998203,34.858847399001135],[31.37368319999818,34.861208946001106],[31.375828948998144,34.86426065800112],[31.37771761499816,34.863047202001155],[31.37803712699812,34.86349128600114],[31.378917566998144,34.864714998001155],[31.379152042998122,34.864025577001144],[31.379792362998145,34.86296125500115],[31.37992634999817,34.86296077000111],[31.380248336998175,34.86311579100112],[31.380451346998193,34.86350741200113],[31.38027712899814,34.863865347001145],[31.379984658998165,34.86474100300114],[31.379878887998178,34.86527238700115],[31.380452334998132,34.865562371001154],[31.38100529699816,34.86561194300112],[31.38119881399816,34.86578513600115],[31.38131060099813,34.865778823001115],[31.381596250998186,34.86614083300113],[31.38205698399812,34.86810707600116],[31.38264759799816,34.86851105000115],[31.38347971899811,34.86903912200116],[31.383999999998153,34.869510000001156],[31.38403999999808,34.86981000000114],[31.384089999998128,34.87023000000116],[31.384046219998144,34.87047400800114],[31.383513586998117,34.87175661100113],[31.3833482769981,34.87191423200117],[31.380940460998154,34.87421009100118],[31.380412961998097,34.87482865400118],[31.38022553599811,34.87489177300119],[31.38022553599811,34.87489177300119]]]}