{"segmentId":"5000442","streetsFileVersion":188,"polygonPointList":[[[31.76513999999723,35.0092000000018],[31.76445999999724,35.00899000000176],[31.764049999997248,35.00889000000178],[31.76397999999725,35.008850001001754],[31.763704092997255,35.00844680300174],[31.76316096699723,35.00765310200177],[31.763218962997225,35.00692630600173],[31.76354321099727,35.00630275200176],[31.763563569997253,35.006269631001764],[31.76357885399725,35.006217110001785],[31.76374847199722,35.00563424800173],[31.764601886997234,35.002701645001736],[31.76383293299728,35.00253029400173],[31.76380723499732,35.00189451900175],[31.76380216499731,35.00176907300172],[31.76380967599729,35.00173919900171],[31.763991082997286,35.001017635001716],[31.76382134699726,35.000996418001726],[31.76352999999729,35.00096000000175],[31.763459999997306,35.0008200000017],[31.763129999997286,35.00080000000169],[31.76300999999729,35.00079000000172],[31.762739999997308,35.000710000001696],[31.76258999999729,35.000620000001696],[31.762559999997293,35.0005500000017],[31.762529999997266,35.00014000000171],[31.762602153997275,34.999864573001695],[31.7621741789973,34.999535924001705],[31.762488805997325,34.99800715800172],[31.762620327997293,34.99714456600168],[31.763597062997317,34.99752546400169],[31.76387848699731,34.997359983001665],[31.764090517997296,34.997235306001706],[31.764689546997275,34.997330658001715],[31.764689999997284,34.99733000000168],[31.76469106299729,34.99733090000172],[31.764948110997256,34.9973718160017],[31.765204742997295,34.99791980500169],[31.765449999997287,34.99826000000172],[31.76554999999731,34.9983400000017],[31.76562433999727,34.99881577500169],[31.769159999997285,34.9995800000017],[31.76945432299726,35.00038510600174],[31.769648379997257,35.00068912900175],[31.769802414997315,35.00092544600172],[31.76989215399727,35.00158277200174],[31.771343106997282,35.00218055100171],[31.77111179599728,35.00332195200176],[31.770630303997272,35.00497937500175],[31.769788501997247,35.00570633600175],[31.768981324997235,35.00518376800174],[31.76838019899723,35.00632076100174],[31.767311912997254,35.008341358001765],[31.765839999997187,35.00936000000179],[31.76513999999723,35.0092000000018],[31.76513999999723,35.0092000000018]]]}