{"segmentId":"5000884","streetsFileVersion":96,"polygonPointList":[[[32.25537838899784,34.876773062001114],[32.25277079099782,34.87703382200112],[32.25252303599784,34.8770585970011],[32.252123285997804,34.8755452600011],[32.251338678997854,34.8755383580011],[32.25127337599783,34.8755998700011],[32.25126999999781,34.875610000001124],[32.25125427499785,34.875617863001125],[32.25121190999785,34.87565776800113],[32.25105420999784,34.87602605700111],[32.251039999997836,34.876090000001106],[32.25102999999787,34.876200000001106],[32.25100999999787,34.87647000000111],[32.25100999999787,34.8766300010011],[32.25004999999782,34.87651000000112],[32.249359999997814,34.87631000000111],[32.2487499999978,34.8763100010011],[32.24818999999789,34.87606000000112],[32.248186612997834,34.8760546590011],[32.247340340997845,34.87526741800115],[32.24733729899785,34.874101364001135],[32.247716920997846,34.87373791800114],[32.24778999999787,34.873550000001146],[32.24783999999785,34.8734100000011],[32.24873999999787,34.87310000100113],[32.24999999999789,34.873040000001126],[32.25007586899785,34.87270280400109],[32.250085213997814,34.87263571300114],[32.249996739997826,34.87192264400111],[32.249997945997855,34.871918356001096],[32.249899999997844,34.87184000000112],[32.24968999999785,34.8711100000011],[32.24998999999784,34.86983000000109],[32.25010999999788,34.86957000000111],[32.25021999999789,34.869320000001125],[32.25030999999788,34.86920000000108],[32.25042999999788,34.86920000000108],[32.25054999999788,34.86930000000111],[32.25063999999785,34.869340000001124],[32.25080999999789,34.869430000001124],[32.251101167997874,34.86963017800113],[32.2511511909979,34.86953874700109],[32.25128999999785,34.8688100000011],[32.25141999999787,34.86830000000108],[32.251407740997855,34.86828697500109],[32.250939999997904,34.86779000000111],[32.25088999999784,34.86738000000106],[32.25100247699787,34.866936343001115],[32.250830927997875,34.86655428800107],[32.250756976997884,34.8660946360011],[32.25036745899793,34.865439898001064],[32.25039768999789,34.86540084200107],[32.25036999999788,34.865350000001065],[32.250239999997916,34.86497000000106],[32.25066999999791,34.86474000000107],[32.25092999999791,34.86460000000108],[32.25101569199793,34.86468569200111],[32.25104912299787,34.8646567650011],[32.251199809997914,34.8643476020011],[32.25143780599794,34.86432045000105],[32.2515246439979,34.86424531200107],[32.2518242149979,34.86425674900107],[32.2518299999979,34.86425000000105],[32.25187957599795,34.864258863001055],[32.25195304599787,34.86426166800106],[32.25205626299788,34.86424989200106],[32.252407475997884,34.86427901700108],[32.25295935699793,34.864300087001084],[32.25359726499788,34.86432444100109],[32.25444688499789,34.864511605001105],[32.25435174199788,34.864837710001105],[32.25443999999788,34.86487000000108],[32.25439999999789,34.8653800000011],[32.2546599999979,34.865640000001065],[32.25475880099786,34.86587828300106],[32.25487526199789,34.86593410200108],[32.25536656999789,34.866054635001106],[32.25529619099791,34.866918316001104],[32.25539999999793,34.86709000000111],[32.25535999999788,34.867760001001116],[32.25536712599791,34.86836808800111],[32.25538999999786,34.8703200000011],[32.25538999999786,34.87063000000111],[32.25538999999786,34.87076000000113],[32.25541999999789,34.87160000000111],[32.25542999999785,34.87200000000113],[32.25544572799786,34.87283355900113],[32.25544999999785,34.87306000000113],[32.25545046199786,34.87306128400113],[32.25545999999785,34.87352000000111],[32.25549260299783,34.8761591610011],[32.25537838899784,34.876773062001114],[32.25537838899784,34.876773062001114]]]}