{"segmentId":"5000197","streetsFileVersion":236,"polygonPointList":[[[31.379792362998145,34.86296125500115],[31.380248336998175,34.86311579100112],[31.379878887998178,34.86527238700115],[31.380452334998132,34.865562371001154],[31.38092359399811,34.86580068000116],[31.38119881399816,34.86578513600115],[31.38131060099813,34.865778823001115],[31.381596250998186,34.86614083300113],[31.38205698399812,34.86810707600116],[31.384089999998128,34.87023000000116],[31.383513586998117,34.87175661100113],[31.383348277998103,34.871914233001156],[31.38094046099813,34.8742100900012],[31.38022553599811,34.87489177300119],[31.37789474199808,34.873263545001166],[31.376942445998104,34.87259829700114],[31.376662896998162,34.87240301200118],[31.375752708998135,34.87176717800114],[31.375747389998136,34.87176346300116],[31.37399715199816,34.870540795001176],[31.37490658599816,34.86842641700118],[31.37504254199819,34.86644377700112],[31.371702250998176,34.86116988700115],[31.371644446998165,34.861078622001116],[31.370336429998193,34.8590134320011],[31.371630855998156,34.858290075001136],[31.372022726998203,34.858847399001135],[31.373683200998197,34.86120894700116],[31.375828948998144,34.86426065800112],[31.37771761499816,34.863047202001155],[31.377827851998134,34.863200419001146],[31.379314114998152,34.86414423600115],[31.379792362998145,34.86296125500115],[31.379792362998145,34.86296125500115]]]}