{"segmentId":"5000052","streetsFileVersion":96,"polygonPointList":[[[30.83148240399867,34.7554061190008],[30.82928159299872,34.754996164000794],[30.825414778998667,34.754275875000836],[30.827946555998704,34.746056217000785],[30.82946891399877,34.74111373500078],[30.830770585998724,34.73688773100074],[30.83087882399871,34.73565509100078],[30.830965910998774,34.734663322000785],[30.830852206998795,34.73336755100078],[30.830923590998754,34.732396731000755],[30.831209125998754,34.73236817700077],[30.83195151799873,34.732910694000765],[30.833293533998777,34.73422415700073],[30.834350013998744,34.73513787000078],[30.834804282998764,34.73572574600079],[30.834835423998765,34.73576604700074],[30.83532040299872,34.737087614000785],[30.83540649499871,34.73732221500077],[30.83529458299876,34.73851593700077],[30.835278003998702,34.73869278500079],[30.835006745998722,34.73942090000075],[30.833521569998723,34.74615715600078],[30.83148240399867,34.7554061190008],[30.83148240399867,34.7554061190008]]]}