{"segmentId":"5000490","streetsFileVersion":236,"polygonPointList":[[[31.792451212997054,35.031888853001895],[31.792458087997073,35.0318819240019],[31.792461801997046,35.031882977001914],[31.793934645997048,35.032300489001926],[31.79427528599708,35.03239705100188],[31.79485432999712,35.03256119500187],[31.79574058999704,35.03290333500192],[31.79587122299708,35.0329537650019],[31.795970918997067,35.03299225300188],[31.79712344799705,35.032735286001895],[31.798104124997046,35.033375937001935],[31.798105965997046,35.03475264200192],[31.797843760996997,35.03691766900191],[31.79772212599702,35.037922013001946],[31.79780208599701,35.037972992001926],[31.797923833997018,35.03805061200194],[31.797853137997016,35.038228076001936],[31.797690322997013,35.03863678200191],[31.797445605997005,35.039251080001925],[31.796614590996974,35.04044627800194],[31.795035165996996,35.040739589001944],[31.794003490997007,35.04278417200194],[31.793875655996985,35.04290496400198],[31.79366306399696,35.043105843001946],[31.793243562996988,35.043136917001924],[31.792789999996966,35.04282000000197],[31.791021933997055,35.038490355001954],[31.790696926997025,35.037694477001935],[31.790323295997037,35.03677952900193],[31.79044226999703,35.03390038100187],[31.79133530599705,35.03299925800192],[31.791293609997034,35.03288980500187],[31.791433240997065,35.032669617001915],[31.791393887997067,35.032619020001874],[31.791282868997055,35.03247628200191],[31.791320461997056,35.03235276200192],[31.791544988997046,35.032159017001874],[31.79203619899706,35.03230716500192],[31.792451212997054,35.031888853001895],[31.792451212997054,35.031888853001895]]]}