{"segmentId":"5000150","streetsFileVersion":236,"polygonPointList":[[[31.26674317899705,35.06288400600213],[31.265430461997042,35.06239837700217],[31.259751117997073,35.05938559700214],[31.259571418997087,35.058477244002134],[31.258867983997106,35.05492148800209],[31.25997506899718,35.04798561400202],[31.26077703699715,35.042961291002],[31.261801230997236,35.037524437001984],[31.262028008997248,35.036320601001975],[31.265024452997277,35.027938997001904],[31.264959214997283,35.02709130200189],[31.26439052399737,35.01970176000186],[31.26568618599733,35.01767581900184],[31.267856254997344,35.018018462001855],[31.27076871499734,35.0185895320019],[31.27271035499736,35.01956035200186],[31.27317664799732,35.02268440300187],[31.275772189997305,35.024390096001895],[31.276361226997295,35.02531649700192],[31.277662491997287,35.02736304700192],[31.284432890997234,35.03801111900196],[31.28508662399718,35.03903927000198],[31.28516188799722,35.03919165900198],[31.287861143997134,35.04465689100201],[31.291057203997095,35.04865756000203],[31.293102336997134,35.05121755500206],[31.29396446599709,35.05284274300207],[31.297389448997052,35.05929912800214],[31.302719690997005,35.069347090002196],[31.30302727799699,35.069926917002164],[31.30367541799698,35.07114871700217],[31.302688430996955,35.07128380800217],[31.29600422399695,35.07219868800222],[31.293590715996928,35.07608785700223],[31.291058066996907,35.08016901200226],[31.289346184996884,35.08292756900227],[31.285790819996887,35.08005331200228],[31.285388706996883,35.07972823200224],[31.28453687699695,35.07817798400223],[31.28242131599697,35.074327869002225],[31.275784465997006,35.07151513500217],[31.27562932799696,35.07121158000221],[31.27465588299699,35.06930686900219],[31.272452845997066,35.06499625200217],[31.271717516997064,35.06472422300214],[31.270948391997027,35.065299893002134],[31.269834803997004,35.064624126002165],[31.26940619799704,35.06386916900214],[31.26674317899705,35.06288400600213],[31.26674317899705,35.06288400600213]]]}