{"segmentId":"5000512","streetsFileVersion":96,"polygonPointList":[[[31.807911913996307,35.12475488100251],[31.807879554996326,35.125055073002514],[31.807909999996323,35.12549000000253],[31.807901430996328,35.1255705530025],[31.807912360996283,35.12578543000253],[31.807919715996313,35.125988838002534],[31.807840166996296,35.126099086002526],[31.807780711996294,35.1261484800025],[31.807628098996307,35.12636876400253],[31.807089219996342,35.126579603002504],[31.806882710996312,35.126579776002494],[31.806630064996263,35.126579987002536],[31.80613594199627,35.12688240100252],[31.805988475996287,35.12806697400251],[31.80591300499626,35.128517341002556],[31.80593254899628,35.12856759700251],[31.805910778996275,35.12885019500252],[31.805923913996285,35.12903323400256],[31.80593851899626,35.129245124002566],[31.805878214996262,35.129272920002556],[31.805873117996313,35.12933908900253],[31.805513852996267,35.12945625500252],[31.80409671199629,35.12987817400255],[31.80349799499627,35.130182547002555],[31.803039287996224,35.13095431900257],[31.802905545996236,35.13091227000257],[31.80286999999627,35.13109000000253],[31.802768841996265,35.13086929000258],[31.802520148996262,35.13079110100255],[31.80214043699626,35.13006674900254],[31.80198045599625,35.12959936800256],[31.802219607996246,35.128921266002564],[31.802920379996277,35.12888516900255],[31.80322398299629,35.12868794800253],[31.803231141996307,35.12855232700256],[31.803223810996307,35.128399785002536],[31.80317310299628,35.128315083002555],[31.802890768996274,35.12823055600254],[31.80281176599628,35.12819016000251],[31.802809999996306,35.128190000002554],[31.802699999996307,35.12814000000251],[31.802677617996295,35.12812156800253],[31.802543251996326,35.12805286400252],[31.80205643299632,35.12767598100252],[31.801959999996296,35.127610000002534],[31.801739999996286,35.12763000000254],[31.801709999996298,35.127600000002495],[31.801619999996323,35.1274200000025],[31.801606379996322,35.1273808430025],[31.80136021499629,35.127285673002554],[31.80121990399629,35.12635075800252],[31.801259350996304,35.125579342002496],[31.801258929996333,35.12490145300252],[31.801238450996347,35.1240833220025],[31.801298095996316,35.123685887002516],[31.801468036996337,35.12363598100251],[31.80157999999633,35.123580000002505],[31.80206367199632,35.12346106400247],[31.802335988996305,35.12338109400247],[31.803029988996304,35.123245032002494],[31.803892922996297,35.123075850002515],[31.80393446199632,35.123099287002496],[31.80406999999629,35.12305000000247],[31.804319999996363,35.123000000002484],[31.80452999999634,35.123000000002484],[31.80489999999633,35.12296000000247],[31.805009999996294,35.122920000002516],[31.80503999999636,35.123070000002485],[31.80508999999633,35.123090000002485],[31.805149999996285,35.12308000000251],[31.805330346996328,35.12329766000249],[31.805439999996313,35.123430000002486],[31.80554999999629,35.12351999900249],[31.805689999996282,35.12359000000248],[31.805793257996317,35.123599387002514],[31.805969372996305,35.123518193002496],[31.8062140239963,35.12348398500251],[31.806468278996345,35.12332369400252],[31.80648999999632,35.123310000002505],[31.80657999999633,35.12330000000247],[31.806784057996335,35.12333091800252],[31.806936674996287,35.12335404200252],[31.807035871996302,35.123369072002504],[31.80714709499635,35.123353520002524],[31.80728490699634,35.12339251600247],[31.807299999996328,35.12339000000247],[31.807439999996323,35.1233800000025],[31.807619999996323,35.1233800000025],[31.807719999996337,35.12342000000251],[31.807827569996288,35.123496836002516],[31.807838536996364,35.12349706200251],[31.808142629996333,35.12365783800249],[31.80828023799635,35.123784848002515],[31.808236985996317,35.124064586002476],[31.808106859996325,35.124318965002495],[31.80797710499633,35.12449650900249],[31.807911913996307,35.12475488100251],[31.807911913996307,35.12475488100251]]]}