{"segmentId":"5000492","streetsFileVersion":236,"polygonPointList":[[[31.795359999996762,35.07405000000215],[31.79722969399673,35.07559110900218],[31.797789876996777,35.07505634100216],[31.798468672996748,35.07511691700216],[31.798716324996715,35.07490997100217],[31.79876700199672,35.07486762400214],[31.799712291996727,35.07515611100217],[31.79977519699672,35.075860000002145],[31.80049999999673,35.07555000000219],[31.80057909499674,35.076237404002164],[31.801285304996746,35.07650543300219],[31.801720745996736,35.07671244600216],[31.801927758996733,35.07706222700217],[31.802007291996716,35.0777529740022],[31.801897287996724,35.07841225000217],[31.802160162996707,35.078550989002196],[31.802506978996707,35.077788666002185],[31.8027773989967,35.0778894900022],[31.80288531399668,35.078952223002176],[31.802649746996686,35.07971603000218],[31.802401468996717,35.07976914000219],[31.801759374996728,35.079325340002164],[31.80152188199667,35.079644646002215],[31.80097305499669,35.07966127700221],[31.80104999999668,35.0803300000022],[31.800901385996717,35.080952074002184],[31.800632894996674,35.082075928002205],[31.800574358996673,35.08232095000221],[31.799809945996657,35.082927902002204],[31.799178487996677,35.08259013600224],[31.798596028996677,35.082278580002196],[31.79844166799671,35.082196013002196],[31.798149999996696,35.082040000002216],[31.798529651996695,35.08089889300218],[31.79860097899672,35.08068451100222],[31.79862323299667,35.080617623002226],[31.79862795599671,35.08060342600219],[31.798623571996675,35.08059681000218],[31.797150520996684,35.0783737290022],[31.795964871996738,35.07755408300218],[31.794336088996744,35.0764280970022],[31.794094359996706,35.07549221800219],[31.794340971996725,35.07482856500218],[31.795143569996746,35.07421535900215],[31.795359999996762,35.07405000000215],[31.795359999996762,35.07405000000215]]]}