{"segmentId":"5000345","streetsFileVersion":188,"polygonPointList":[[[31.682599541998805,34.65171687500053],[31.68253517999881,34.65173510100053],[31.682539999998824,34.65175000000054],[31.682599999998793,34.65195000000055],[31.682509999998782,34.65188000000055],[31.6824399999988,34.65185000000051],[31.682319999998793,34.65185000000051],[31.681959999998796,34.651940000000515],[31.681639999998815,34.652030000000515],[31.681399999998806,34.652100000000566],[31.680909999998793,34.65223000000052],[31.68046999999883,34.652300000000515],[31.680269999998803,34.65229000000054],[31.679939999998798,34.65226000000056],[31.67966497899881,34.65220499600056],[31.6795421809988,34.65221036100056],[31.6793708609988,34.652215435000564],[31.67919839399878,34.65221809800054],[31.679027043998797,34.65221844100054],[31.6788556829988,34.65221648600053],[31.678683194998836,34.65221207500057],[31.6786191419988,34.652209552000535],[31.678511814998796,34.65220532500056],[31.67834042399882,34.652196221000544],[31.67816902299882,34.65218479300056],[31.677889353998818,34.65216098700055],[31.677838437998805,34.65204000000055],[31.677829999998774,34.65204000000055],[31.677789999998833,34.65195000000055],[31.677099999998816,34.65042000000054],[31.67711958799877,34.65033185600052],[31.676857115998814,34.64970816700051],[31.675615265998836,34.64891870500051],[31.675523818998794,34.64890213900051],[31.67550264999882,34.648847113000535],[31.675459999998793,34.64882000000054],[31.675459911998825,34.64881963900056],[31.675458686998812,34.648818861000535],[31.675364065998803,34.648428268000515],[31.675099999998796,34.64734999900051],[31.674954919998825,34.646341348000554],[31.67488858599882,34.645890176000556],[31.674680386998784,34.6459162020005],[31.674261263998815,34.645973193000515],[31.674194192998826,34.645780000000535],[31.674089999998806,34.645780000000535],[31.67374999999881,34.646670000000505],[31.673599999998842,34.64697000000055],[31.673529999998795,34.647080000000564],[31.673439999998795,34.64717000000056],[31.673329999998817,34.647250000000525],[31.673239999998817,34.64732000000052],[31.673129999998856,34.64736000000053],[31.672949999998817,34.64739000000051],[31.672809999998798,34.64740000000054],[31.6727399999988,34.64742000100054],[31.6724499999988,34.647610000000526],[31.67201999999879,34.64763000000053],[31.671519999998786,34.64786000000052],[31.671249999998814,34.64789000000056],[31.67113999999881,34.647940000000546],[31.670909999998827,34.64790000000053],[31.670849999998783,34.64798000000056],[31.670739999998794,34.64804000000052],[31.67043999999879,34.64799000000053],[31.670229999998828,34.648200000000514],[31.6701299999988,34.648240000000534],[31.670029999998835,34.64840000000052],[31.669919999998836,34.648480000000546],[31.66978999999879,34.648470000000515],[31.669699999998805,34.64840000000052],[31.66970999999883,34.64809000000051],[31.669699999998805,34.64804000000052],[31.669652887998794,34.64801173200053],[31.669649999998796,34.64800999900055],[31.669654357998816,34.64789814400054],[31.669679999998785,34.64724000000055],[31.66967103899879,34.64660916900053],[31.669656686998824,34.645598769000536],[31.669629999998794,34.6437200000005],[31.669675179998865,34.642935517000545],[31.66212641399882,34.6428907040005],[31.662130471998818,34.64252143400053],[31.662106751998845,34.64252143400053],[31.662133565998854,34.64223990500052],[31.66215615699881,34.64018406700053],[31.66723497299886,34.63868974600054],[31.667415485998816,34.63844443300054],[31.666583056998796,34.637401255000505],[31.666583519998863,34.63734462100053],[31.666579999998856,34.63734000000051],[31.66658367899885,34.63732528400051],[31.66658679699883,34.63694428200052],[31.66588121199883,34.63635680900052],[31.665777658998877,34.6352431090005],[31.665926437998856,34.63498600600053],[31.666201621998898,34.63451046400052],[31.66696259899886,34.63472425400051],[31.667099874998883,34.63436119200048],[31.66710032099888,34.63436092800049],[31.66709999999888,34.634360000000534],[31.667679765998844,34.63401772900051],[31.667934126998812,34.633867073000495],[31.669677480998867,34.63401943000048],[31.669832830998836,34.63402673500054],[31.670034629998824,34.63403622500051],[31.67020670299887,34.63404409800052],[31.670206945998842,34.634021740000506],[31.670367826998888,34.63405147000049],[31.671209999998833,34.63408999900048],[31.67149613799886,34.63431953800051],[31.672120778998842,34.6348195650005],[31.674019440998833,34.63490860400049],[31.67395999999888,34.634760001000544],[31.67395999999888,34.63442464000053],[31.674023562998848,34.6349087970005],[31.675854520998882,34.63494911400051],[31.67592296399883,34.635161188000495],[31.675967756998816,34.6352999830005],[31.676336068998868,34.63527248200052],[31.676339999998813,34.63530000000049],[31.677419999998847,34.63533000000053],[31.677416272998826,34.6352927310005],[31.67748100099885,34.6352941030005],[31.67746316899887,34.635188184000526],[31.677439319998864,34.63504653000053],[31.67745245299885,34.63501698100048],[31.67753473399884,34.634962962000486],[31.677931146998827,34.635151186000485],[31.67799672299882,34.6351784640005],[31.67804560599885,34.63514214900051],[31.67805890299887,34.63503296700049],[31.678079999998875,34.635040000000515],[31.67812011299882,34.63508679800048],[31.678125630998835,34.63508269900052],[31.678162863998846,34.63508223500049],[31.678531788998832,34.63507764500047],[31.678539038998828,34.63507755500053],[31.678719999998858,34.6350000000005],[31.678841448998867,34.6349652990005],[31.678859999998853,34.63495999900051],[31.678968300998843,34.63493500800053],[31.678969343998855,34.63493476700053],[31.67920194399883,34.6350693060005],[31.679332873998863,34.63506767700051],[31.67952094899883,34.635065337000526],[31.679533117998858,34.63522447000048],[31.67971246599886,34.637569875000516],[31.679842999998847,34.63904122900051],[31.67988168299884,34.64039928900054],[31.679923739998834,34.641242113000494],[31.680323419998803,34.6439390020005],[31.680838442998784,34.64579603600052],[31.680955654998826,34.646218671000526],[31.68113840099881,34.64649895800053],[31.681368069998832,34.64758303500051],[31.6819513049988,34.64922624300053],[31.682276535998838,34.65042192000053],[31.682728479998776,34.65158268500054],[31.682766173998804,34.65166743200056],[31.682599541998805,34.65171687500053],[31.682599541998805,34.65171687500053]]]}