{"segmentId":"5000333","streetsFileVersion":188,"polygonPointList":[[[31.65783620999889,34.60169933000044],[31.657699138998918,34.600282925000435],[31.658270208998964,34.59828417700043],[31.65910346499892,34.59363613900045],[31.661304412998923,34.59512829400045],[31.66276557799894,34.59611890500042],[31.665335395998945,34.59768934900046],[31.667334142998943,34.59816524100046],[31.670287428998904,34.59813711500044],[31.672331010998914,34.59811765200043],[31.676423683998937,34.59768934900046],[31.67887527999894,34.59611220600043],[31.679285631998937,34.59993163500048],[31.679339274998974,34.600430928000435],[31.679479760998916,34.603577816000445],[31.679517733998896,34.604428422000474],[31.679767577998913,34.607176699000455],[31.680231572998935,34.60849730000048],[31.6805268179989,34.609766639000455],[31.679705662998895,34.609829322000465],[31.679161807998927,34.60977204400048],[31.676827262998934,34.60952617400047],[31.676103806998935,34.60947915000044],[31.675633928998913,34.60944860900044],[31.67478758199895,34.60916649300045],[31.67426335999892,34.60899175200048],[31.673415718998882,34.60844533900048],[31.6730896149989,34.608235123000455],[31.670178034998933,34.606846472000434],[31.669840379998874,34.60668543200047],[31.669645554998915,34.60670714800045],[31.66921572999893,34.60675505900049],[31.665694127998904,34.606945416000436],[31.6630291309989,34.606659880000464],[31.662599836998915,34.60640858600045],[31.66250392899889,34.60635244500043],[31.661173396998908,34.60557359700046],[31.661077972998886,34.605517739000454],[31.659106832998926,34.603227740000484],[31.657841905998914,34.60175819100045],[31.65783620999889,34.60169933000044],[31.65783620999889,34.60169933000044]]]}