{"segmentId":"5000593","streetsFileVersion":236,"polygonPointList":[[[31.898969999997707,34.92719000000136],[31.896509999997665,34.930180000001386],[31.897614772997628,34.93331172700138],[31.897611906997653,34.93511223900137],[31.89760999999761,34.93631000000139],[31.89711399999761,34.93652700000141],[31.895429262997613,34.93726407300141],[31.895404637997636,34.93727484600138],[31.895369999997644,34.937290000001425],[31.893900164997625,34.93503457100141],[31.89352660699765,34.93446135500139],[31.892468879997626,34.93283829600138],[31.89113058499762,34.93417231100138],[31.89107767099765,34.9342250550014],[31.891096576997626,34.93497590600137],[31.891110149997605,34.9355149470014],[31.89111733699761,34.93580038900141],[31.891105648997634,34.93580970000139],[31.888542363997626,34.93785162200139],[31.886702612997603,34.944115826001415],[31.8848127769976,34.94373796000145],[31.885410587997637,34.941074348001386],[31.88441818699762,34.9407361970014],[31.88339105799758,34.94154209500141],[31.88267999999762,34.94210000000141],[31.88200570599761,34.941066792001436],[31.8812765199976,34.93994947500141],[31.88091621999764,34.939397394001375],[31.880179999997637,34.939860000001424],[31.878599999997633,34.9387200000014],[31.87842999999761,34.93856000000141],[31.88040668599765,34.93681601900139],[31.88209331499768,34.9353279480014],[31.882691581997662,34.9348001120014],[31.88557312799765,34.932257796001366],[31.88598999999767,34.93189000000139],[31.88996008799771,34.92438040300134],[31.891318082997703,34.921811696001356],[31.89142999999773,34.92160000000135],[31.89317734399771,34.922618505001346],[31.89322407899769,34.922645746001336],[31.893299999997733,34.922690000001325],[31.89489999999771,34.9216600000013],[31.89554999999771,34.92277000000136],[31.8961299999977,34.92240000000132],[31.89739592599774,34.92453513500133],[31.898969999997707,34.92719000000136],[31.898969999997707,34.92719000000136]]]}