{"segmentId":"5000538","streetsFileVersion":236,"polygonPointList":[[[31.827759075996223,35.135904113002574],[31.827429999996205,35.136130000002574],[31.826479999996216,35.13608000000258],[31.82574875999621,35.13581659700256],[31.825498915996228,35.1355953070026],[31.825284764996205,35.13516700500256],[31.82478307099624,35.134836218002555],[31.82463517199624,35.13473870200257],[31.82382139599618,35.13510275900259],[31.82360010599621,35.135138451002575],[31.82333061199623,35.13445792500258],[31.822200975996207,35.13442442400257],[31.821885033996214,35.13459475900257],[31.821778033996225,35.1346524460026],[31.821666369996244,35.13467395900257],[31.82145383299625,35.134714907002575],[31.82115383699623,35.13444537800258],[31.821033880996236,35.13430099600256],[31.820994053996206,35.13421948400255],[31.82090999999621,35.13405000000257],[31.82087886499624,35.133691953002554],[31.82089585699622,35.13329289300254],[31.821019717996265,35.13216697700256],[31.821259999996258,35.13043000000254],[31.820814898996225,35.130190280002566],[31.82026050899623,35.12999837300252],[31.820147181996237,35.12992265300254],[31.820035794996247,35.12977067500252],[31.820050584996267,35.129529127002556],[31.820103532996278,35.12866439000251],[31.820125592996295,35.128304108002546],[31.820517208996296,35.12782063200254],[31.82074375799626,35.12724065100255],[31.82113528999626,35.12661222500249],[31.8213208239963,35.1264429580025],[31.82161325599627,35.12629161500253],[31.822065146996298,35.126034142002496],[31.822258033996327,35.12546316400251],[31.82245078899633,35.12508862600249],[31.8219130119963,35.124647009002516],[31.82196060099631,35.12447806700249],[31.82285383399631,35.125198354002535],[31.823629849996284,35.12450701900253],[31.8240245279963,35.12472973900248],[31.82471999999632,35.12496000000249],[31.82509096699627,35.12517032100249],[31.825419260996288,35.12537349000253],[31.82629675999629,35.12377764900248],[31.826395899996328,35.12359735000251],[31.826613455996338,35.12367388300248],[31.8269510349963,35.1237926380025],[31.827561037996336,35.124007227002494],[31.828931010996325,35.12448916200248],[31.82968600799632,35.12385529300252],[31.83010999999632,35.12370000000248],[31.830679999996285,35.123520000002486],[31.83078818199632,35.123552727002505],[31.831869999996304,35.12388000000248],[31.831883740996325,35.12390564000248],[31.832699999996265,35.12485000000249],[31.833001321996253,35.125991017002505],[31.83291533199626,35.12678449700254],[31.83281999999623,35.1276641890025],[31.83204129299627,35.12891229600255],[31.831599999996254,35.12961000000256],[31.831899999996285,35.12997000000256],[31.832117383996284,35.13061270200256],[31.832362441996207,35.13132753900254],[31.832305438996222,35.13208444100258],[31.832241068996254,35.13293916900257],[31.830979999996234,35.13435000000256],[31.8307699709962,35.134444513002585],[31.829979999996187,35.13480000000256],[31.82927999999619,35.13473000000257],[31.82864424199623,35.136103997002614],[31.828458643996218,35.136225349002565],[31.8279946489962,35.136103997002614],[31.827759075996223,35.135904113002574],[31.827759075996223,35.135904113002574]]]}