{"segmentId":"5000466","streetsFileVersion":188,"polygonPointList":[[[31.77754999999602,35.16263000000279],[31.777529999995995,35.16225000000278],[31.777545540995987,35.162180068002804],[31.77739017299601,35.16095187300278],[31.777369999996008,35.16090000000276],[31.77725999999598,35.160620000002794],[31.777259999996005,35.160490000002774],[31.777289999996,35.16016000000281],[31.778289999995994,35.15992000000279],[31.77840221099601,35.15961416900279],[31.778419999995986,35.159460000002746],[31.77849999999601,35.15920000000278],[31.778799999996,35.158530000002756],[31.77929493499602,35.15806102300279],[31.781659999996037,35.15582000000276],[31.782163889996013,35.15563588600272],[31.78230455999605,35.15553697700275],[31.78243200099608,35.155543125002765],[31.782729999996057,35.15545000000272],[31.78330999999601,35.15552000000271],[31.783489999996025,35.155590000002775],[31.78350007699604,35.15559465100275],[31.783610556996006,35.15559998100278],[31.783694480996058,35.15568724100277],[31.783699999996053,35.15569000000275],[31.783929999996058,35.15582000000276],[31.784419999996057,35.156220000002776],[31.78471147399604,35.15674465300274],[31.785080310996026,35.15712814900278],[31.785822626996016,35.1597316510028],[31.78703480199597,35.16276648600282],[31.78692185099595,35.16406227300282],[31.785826210995914,35.16508847500284],[31.785378697995917,35.1655076250028],[31.78518834099589,35.16756348000286],[31.784949770995933,35.168729907002856],[31.78468999999589,35.17000000000289],[31.78458999999589,35.169960000002874],[31.784568605995897,35.169936467002884],[31.784350659995876,35.16982240100284],[31.783802127995905,35.16953531900285],[31.783759999995894,35.16952000000284],[31.783679999995922,35.169480000002885],[31.783619999995885,35.169440000002865],[31.783033972995902,35.16713373800286],[31.77915093299591,35.16654118300284],[31.77876115199594,35.16648170200284],[31.778749999995956,35.16648000000283],[31.778699494995948,35.16627798000286],[31.77863408399592,35.16606459600285],[31.778634073995914,35.16606456400285],[31.77828094099592,35.164912591002846],[31.778177980995963,35.1645767230028],[31.77817797099597,35.16457669000281],[31.77817753299598,35.16457526100281],[31.778129999995947,35.1645000000028],[31.778039999995933,35.16431000000283],[31.77796999999595,35.16410000000284],[31.777849999995983,35.163780000002795],[31.777749999995933,35.163340000002826],[31.77768999999599,35.16325000000281],[31.77760999999594,35.163020000002824],[31.77754999999602,35.16263000000279],[31.77754999999602,35.16263000000279]]]}