{"segmentId":"5000857","streetsFileVersion":236,"polygonPointList":[[[32.20712007899775,34.89920611700123],[32.207131892997744,34.89891822800123],[32.20674913799778,34.8989396670012],[32.20524266999779,34.89902404800122],[32.205492058997756,34.89719891700118],[32.206281766997755,34.89722943200123],[32.20660741999778,34.892020728001164],[32.20745343199779,34.891817741001205],[32.21249796199776,34.890607385001196],[32.21264743999779,34.891026558001215],[32.21456588599776,34.89640636300119],[32.212820977997715,34.89696990900121],[32.21270595899776,34.899322257001224],[32.21268931799773,34.89966260000122],[32.212404170997736,34.90059423700123],[32.211458097997685,34.9036852550012],[32.21064654399768,34.90633677600124],[32.20866140599768,34.90649965100124],[32.20867248599771,34.908526362001226],[32.20938632399764,34.91238108900128],[32.20845833399767,34.913451847001255],[32.20519180399765,34.91334440300127],[32.20519869599762,34.91633841000127],[32.20426821399761,34.91640768000131],[32.202544466997644,34.91488737900128],[32.20170508599764,34.91780880000129],[32.20137807399764,34.91749527400127],[32.198094854997706,34.91434745000125],[32.197958757997654,34.91421696500126],[32.1979159999977,34.9141670000013],[32.19791594999763,34.914166944001266],[32.1981120879977,34.913209828001264],[32.198506384997636,34.911285740001254],[32.20159685099765,34.912025558001254],[32.2010136389977,34.90968688500125],[32.200979017997675,34.909548055001274],[32.20148436599772,34.90530412000123],[32.202543050997726,34.90579816300123],[32.20296778399776,34.90294549400123],[32.205137896997705,34.9032278860012],[32.20546021299771,34.901459363001244],[32.20704065699772,34.90114147600124],[32.20712007899775,34.89920611700123],[32.20712007899775,34.89920611700123]]]}