{"segmentId":"5000269","streetsFileVersion":236,"polygonPointList":[[[31.565423276998477,34.771109564000795],[31.56727227899848,34.77266352900083],[31.566990817998473,34.77354812100081],[31.56550706799847,34.77352751400086],[31.564443163998476,34.77291639200086],[31.5638974499985,34.77260292600082],[31.563080842998502,34.77184490700083],[31.56215952899846,34.77292502300081],[31.561795334998468,34.77260703800082],[31.562778830998496,34.77120620500083],[31.561568948998463,34.770118246000806],[31.5612981619985,34.76987474700085],[31.560224075998494,34.76841399000082],[31.559814327998506,34.767062931000815],[31.559429251998484,34.765793220000795],[31.559772959998483,34.7641176460008],[31.5598568459985,34.763983827000814],[31.560675191998516,34.762678371000796],[31.561405570998513,34.76227021800077],[31.562443737998528,34.762066026000824],[31.563596705998528,34.76282874300081],[31.565035980998513,34.76385986500078],[31.565526689998517,34.764309681000796],[31.566153030998525,34.76437542700081],[31.56703381899855,34.76392277000083],[31.56722050599852,34.763826827000806],[31.567446554998494,34.76433841100079],[31.5666754179985,34.764829787000814],[31.566410810998466,34.76499839700082],[31.566521370998515,34.765233937000815],[31.566904890998497,34.766051001000804],[31.568000037998456,34.7666796960008],[31.568842446998513,34.766509573000825],[31.56986631799847,34.76630280500082],[31.569917625998528,34.766801153000834],[31.56883524899851,34.767030695000834],[31.567729710998467,34.7672651480008],[31.567745983998492,34.76734043200079],[31.567749290998478,34.76735573000084],[31.567859598998457,34.7678660480008],[31.567999779998477,34.76795519200081],[31.56797020499849,34.768173373000785],[31.568808619998464,34.76895867000083],[31.569396769998434,34.7695095580008],[31.569848896998487,34.77027469600083],[31.569955294998465,34.770454754000845],[31.56946121599845,34.77131402200085],[31.568774755998465,34.77140356100083],[31.567978976998475,34.77150735800083],[31.567424917998476,34.77074069100084],[31.566904890998455,34.77054068000085],[31.565614369998475,34.770816494000805],[31.565423276998477,34.771109564000795],[31.565423276998477,34.771109564000795]]]}