{"segmentId":"5000024","streetsFileVersion":188,"polygonPointList":[[[29.984821197997363,35.09243449400246],[29.983679280997297,35.0922844400025],[29.983766375997362,35.0914267790025],[29.98196573999733,35.0912774710025],[29.981972266997364,35.09084926700249],[29.98196999999732,35.090830000002455],[29.982019999997334,35.08754000000245],[29.982023204997375,35.08750731400245],[29.98204877999741,35.08582937000244],[29.98417243899737,35.085826848002455],[29.985412260997393,35.08582537600244],[29.985744013997362,35.085824982002464],[29.986043349997377,35.083958115002396],[29.986268774997367,35.08395373200242],[29.9863299999974,35.083910000002426],[29.986459999997418,35.083900000002394],[29.987359999997352,35.08393000000244],[29.987366815997405,35.08393238500239],[29.987708516997383,35.08392574200244],[29.987719999997363,35.0839200000024],[29.987769999997393,35.0839200000024],[29.987896230997357,35.083922092002446],[29.991576535997357,35.083850542002416],[29.991555064997364,35.08730683200242],[29.991548467997394,35.087320940002435],[29.991479999997345,35.08781000000245],[29.991439999997375,35.08796000000247],[29.99129999999733,35.08814000000247],[29.991169999997382,35.08826000000245],[29.991073150997327,35.08833748000246],[29.99104058999738,35.08840711600244],[29.989501369997342,35.08977925500246],[29.989209999997364,35.090110000002454],[29.98835999999735,35.09097000000245],[29.98798999999731,35.09134000000249],[29.987509999997307,35.09177000000247],[29.987399999997308,35.09175000000247],[29.98733999999736,35.09171000000246],[29.98733722399733,35.09170848500245],[29.987148224997348,35.091876969002485],[29.985309246997314,35.09231756400247],[29.984821197997363,35.09243449400246],[29.984821197997363,35.09243449400246]]]}