{"segmentId":"5000189","streetsFileVersion":236,"polygonPointList":[[[31.372140701998884,34.62374166500051],[31.372269487998917,34.62429038100049],[31.373081561998912,34.6252015130005],[31.374402162998948,34.629633259000514],[31.374544929998947,34.63000207500051],[31.37517548799889,34.63132267600049],[31.37582889099887,34.63323920200049],[31.37547784199891,34.633305523000516],[31.3757227639989,34.634987046000525],[31.375127897998954,34.63562950100051],[31.373716645998904,34.6365544960005],[31.373649987998903,34.63667746300054],[31.373279999998932,34.63736000000053],[31.372513537998923,34.637546738000495],[31.371148249998882,34.63882392700051],[31.36915545099889,34.639299819000506],[31.367693707998882,34.63901741600054],[31.366022261998893,34.63997995600052],[31.365373857998907,34.639087658000534],[31.365770276998873,34.638243849000524],[31.365467286998886,34.63712856100053],[31.36612163799889,34.63638497900054],[31.366329840998908,34.63448141100049],[31.367279083998934,34.6337657210005],[31.367454422998904,34.633033795000536],[31.368226976998923,34.62980887600049],[31.3686099999989,34.628210000000486],[31.369409999998947,34.62802000000051],[31.368994676998927,34.62764272200053],[31.368099999998908,34.626830000000496],[31.368269999998933,34.62464000000051],[31.370569999998914,34.624540000000465],[31.370449999998964,34.62376000000051],[31.372029999998947,34.623270000000495],[31.372140701998884,34.62374166500051],[31.372140701998884,34.62374166500051]]]}