{"segmentId":"5000321","streetsFileVersion":96,"polygonPointList":[[[31.663715179998885,34.62574292000049],[31.663026608998855,34.62585198100049],[31.661972194998857,34.62567222700049],[31.66162736599888,34.626489339000486],[31.66093032499884,34.62649365300051],[31.66090859499885,34.6264802760005],[31.660105417998892,34.6259858290005],[31.65988074499887,34.62585044900048],[31.659645935998885,34.62635430000051],[31.658779999998856,34.6282200000005],[31.659094853998862,34.628480685000504],[31.659756758998885,34.62902730100051],[31.658654675998807,34.63196790100051],[31.658033539998897,34.633357118000504],[31.65789802099886,34.63327350300051],[31.657869999998873,34.633270000000486],[31.657834004998843,34.63323400500054],[31.653979348998856,34.63085568900049],[31.653551405998876,34.63056360100052],[31.653539999998902,34.630560000000514],[31.653079999998848,34.63039000100047],[31.6529599999989,34.63030000000049],[31.65285918099884,34.63019358000048],[31.65282383799889,34.630178564000516],[31.652827940998865,34.63016060400047],[31.652779999998884,34.63011000000051],[31.652709999998873,34.62999000000053],[31.65270915599888,34.629988734000506],[31.65244109199889,34.62980577000053],[31.652487899998864,34.629616033000495],[31.652399999998895,34.62945000000053],[31.652759999998853,34.6284900000005],[31.65276564799888,34.62849017700051],[31.65278337099888,34.6284183350005],[31.653086831998863,34.628014955000474],[31.6530899999989,34.62779000000051],[31.6531799999989,34.62776000000047],[31.653209999998882,34.627750000000496],[31.65325999999885,34.62778000000047],[31.653262471998882,34.627781483000476],[31.65333768699885,34.62768150200048],[31.654392866998894,34.62785988300048],[31.654559999998874,34.627270000000514],[31.654689999998894,34.626820000000514],[31.654690320998828,34.626818770000504],[31.65465396899885,34.62588056000049],[31.65308917699885,34.62602097500052],[31.65281999999889,34.62634000000048],[31.652709999998887,34.62642000000049],[31.651969999998887,34.6267800000005],[31.651887948998876,34.6264791470005],[31.65175999999883,34.62601000000051],[31.6516999999989,34.62571000000046],[31.6516999999989,34.625410001000475],[31.651739999998906,34.6252700000005],[31.651742057998835,34.6252621790005],[31.65172343399891,34.62524680000052],[31.651231788998903,34.62443496700051],[31.651198882998894,34.62418271900047],[31.65087065099888,34.62166660600051],[31.650842682998878,34.621485768000504],[31.65107640899887,34.6209319380005],[31.651458068998885,34.62087001900049],[31.651960394998877,34.62078368200046],[31.652039999998884,34.62077000000048],[31.653169999998887,34.62059000000048],[31.65345073999885,34.62075710700047],[31.65358539499888,34.62083476600046],[31.65463134099886,34.620909729000495],[31.655676159998876,34.62074021100049],[31.6557127559989,34.62042882100051],[31.65573999999886,34.62017000000046],[31.655319999998916,34.61852000000048],[31.655269999998854,34.61852000100046],[31.655229999998912,34.61825000000048],[31.655250703998856,34.61818788800052],[31.655381645998855,34.61731938800048],[31.655394876998894,34.61730375200048],[31.6553899999989,34.617300000000476],[31.656209999998897,34.61634000000046],[31.656212718998887,34.616337280000465],[31.656213596998867,34.61633624300046],[31.657115621998898,34.61543413600047],[31.6590436379989,34.6157095450005],[31.659649179998876,34.61378340700045],[31.659757450998935,34.613439015000466],[31.66107074099891,34.613716131000466],[31.661544884998918,34.61381618000049],[31.662351063998916,34.61398629100048],[31.663326642998896,34.6153425840005],[31.663873918998856,34.6168178500005],[31.663778739998875,34.61881659700047],[31.66369674599887,34.62271130900051],[31.663771543998845,34.62280859200051],[31.66377158299886,34.62281716300048],[31.6639199999989,34.623020000000494],[31.663934786998894,34.623032323000515],[31.66392030399886,34.6244040720005],[31.66390999999886,34.6253800000005],[31.663809999998882,34.625210000000486],[31.66374999999886,34.62513000000051],[31.66373373099885,34.625117485000466],[31.663715179998885,34.62574292000049],[31.663715179998885,34.62574292000049]]]}