{"segmentId":"5000270","streetsFileVersion":236,"polygonPointList":[[[31.572639443998202,34.84139533000106],[31.573026272998206,34.84150673700102],[31.574870188998165,34.842037785001054],[31.574791723998207,34.84252165000103],[31.57454896099819,34.84401868600103],[31.574546436998155,34.84401804100103],[31.57419811599819,34.84392898600103],[31.573509600998214,34.84342261400108],[31.573198240998195,34.84319362200105],[31.57242683499818,34.84313107600107],[31.56996956999822,34.842346044001054],[31.569910453998173,34.84237045300105],[31.56910970299819,34.842701080001035],[31.5690315859982,34.84268797200107],[31.56823436599822,34.84243982100102],[31.56777233899819,34.842296006001014],[31.56759454299821,34.842240663001036],[31.56736655799822,34.84291640100103],[31.56775822299818,34.843277070001044],[31.5678626759982,34.84337325700105],[31.56775415799821,34.843559546001046],[31.567648524998177,34.84374088400105],[31.566813333998216,34.84375873000105],[31.56670982699822,34.84350174800105],[31.566173717998215,34.84379511000103],[31.565749714998187,34.84389079000105],[31.5633119569982,34.84293067700103],[31.562940760998167,34.843651654001036],[31.5630159349982,34.84389028800107],[31.563539990998166,34.845553874001084],[31.56333461999817,34.846507105001066],[31.5634861569982,34.84670797200106],[31.563743828998145,34.847049524001065],[31.563483277998163,34.84748139700104],[31.562853465998185,34.84755305200109],[31.562837747998188,34.847554840001045],[31.562291167998165,34.84761702600109],[31.56027814399819,34.847559919001064],[31.559749439998196,34.84759972400109],[31.559459225998186,34.84762157400108],[31.55942494599815,34.84762415500107],[31.559381807998193,34.847591762001045],[31.55868313199819,34.84706711300105],[31.557692113998197,34.84632293900107],[31.5576644819982,34.84630579000104],[31.55737582799816,34.845990038001034],[31.55716410399819,34.84610404800104],[31.55678474299816,34.84630832800109],[31.55673393699818,34.846335686001034],[31.55620569699818,34.84680681900106],[31.55597012999819,34.84666762100107],[31.55495456699815,34.84472304900105],[31.555134938998176,34.84455109000104],[31.555722357998146,34.84460173000108],[31.555936980998194,34.84462023200107],[31.555962991998182,34.84462247400107],[31.556277079998182,34.84439761500104],[31.55632767499818,34.843758680001066],[31.55640200199816,34.84282003300107],[31.55629931899819,34.84268290700104],[31.55622180299818,34.84226553000107],[31.556384155998177,34.84103186800106],[31.556823166998207,34.839900434001066],[31.556638786998217,34.83930043200106],[31.55579880899825,34.83859767900102],[31.555620885998206,34.83798064600104],[31.555649426998237,34.83703591200101],[31.555987975998207,34.836777391001036],[31.556155727998263,34.83637764200103],[31.5555061349982,34.835685219001],[31.55570600999823,34.83458590800103],[31.555653467998237,34.83412196500103],[31.55564210599825,34.834084923001],[31.555527549998278,34.833711456001026],[31.555548964998266,34.83342949000104],[31.555645480998262,34.83321121600102],[31.555780962998274,34.83290481900104],[31.55631991099826,34.832615714001],[31.55663147299826,34.83251344000103],[31.55700519499824,34.83213387300099],[31.557251469998242,34.83179836900103],[31.557340698998274,34.831734124000995],[31.558047398998216,34.83219098000102],[31.55825084299824,34.832608576001],[31.55830438099822,34.83290481900104],[31.55815581399821,34.83326031700102],[31.558104505998255,34.83338309000101],[31.557983153998244,34.83436104900102],[31.557940323998253,34.835046333001],[31.557918907998204,34.835649527001024],[31.557719033998247,34.836584655001],[31.557581480998223,34.83683147900104],[31.557571356998203,34.836849646001056],[31.557572358998215,34.83686350300105],[31.557454913998217,34.83702009600104],[31.55754414299823,34.83801233200104],[31.55755854099824,34.83852018700101],[31.557730821998227,34.83895445500106],[31.558279396998184,34.84010030900102],[31.55877671399821,34.84058047600106],[31.558796929998202,34.840599995001035],[31.559107448998205,34.840146708001065],[31.55896111199822,34.83974695900101],[31.558939696998202,34.83915804200105],[31.558997807998235,34.838803523001005],[31.558998246998176,34.83880189300102],[31.559335876998194,34.837548337001024],[31.55970021899818,34.83757541600103],[31.55999922099823,34.83759763900106],[31.560392357998232,34.837626859001055],[31.56052697799821,34.83609965600102],[31.561252532998243,34.836117091001036],[31.561926143998203,34.836356559001],[31.56137712599819,34.837596931001045],[31.561923289998198,34.83841968200103],[31.563598863998173,34.83906413300106],[31.56507870699822,34.83946142300103],[31.565296426998227,34.83939717800106],[31.56545619199821,34.839636238001006],[31.566387049998216,34.83992371200102],[31.56708566799823,34.837827858001006],[31.567730118998206,34.83827897400103],[31.570245607998203,34.837986166001045],[31.57028377799819,34.83780829300106],[31.573434539998225,34.837801710001045],[31.5750671509982,34.83842468000103],[31.574995114998185,34.838545399001035],[31.574721471998245,34.83900397200104],[31.57158058399821,34.83870653900102],[31.571006739998186,34.84022382200103],[31.570878642998217,34.84056251900105],[31.57040275099824,34.84071123500106],[31.5703492129982,34.84183553100107],[31.570821520998173,34.84222946700103],[31.572482609998215,34.84257594200104],[31.572639443998202,34.84139533000106],[31.572639443998202,34.84139533000106]]]}