{"segmentId":"5000342","streetsFileVersion":188,"polygonPointList":[[[31.646969348995068,35.254477266003654],[31.64694682999508,35.25288970800366],[31.64694079499508,35.25246424200363],[31.648899514995062,35.252010851003675],[31.65023624899509,35.251701433003646],[31.651421637995096,35.25080882300364],[31.65587805099512,35.24745309700361],[31.656891700995153,35.24816693500358],[31.65426477599503,35.25551946900367],[31.651338960995098,35.25549328100367],[31.651056821995024,35.25549075600366],[31.646969348995068,35.254477266003654],[31.646969348995068,35.254477266003654]]]}