{"segmentId":"5000201","streetsFileVersion":236,"polygonPointList":[[[31.397709999998966,34.612010000000474],[31.397351714998983,34.611508401000464],[31.39705999999899,34.611100000000505],[31.396550192998962,34.61100146600049],[31.396472946998973,34.6110684380005],[31.396280600998963,34.61123520100048],[31.396131708998933,34.611050092000454],[31.39608189499897,34.61098816100051],[31.395985720998944,34.6110443420005],[31.395810687998967,34.61114658900047],[31.395691798998964,34.61103281600047],[31.395486155998963,34.610836020000505],[31.395376088998937,34.61092880300047],[31.39508746099897,34.6111721070005],[31.39481382299896,34.610827085000466],[31.39467999999896,34.61064000000047],[31.393685252998964,34.609215703000494],[31.391584255998964,34.60620745700046],[31.391159999998983,34.60560000000045],[31.39054391599899,34.60584535600044],[31.390235116998937,34.605968336000466],[31.38870703399896,34.6065768980005],[31.388150239999,34.60539192600045],[31.38963414099895,34.604566285000445],[31.390566407998953,34.60404757300048],[31.391047470998952,34.60377991000048],[31.39170720699896,34.60341283400045],[31.391909999998987,34.603300000000466],[31.39201502399896,34.60333639400047],[31.392919999998984,34.603650000000485],[31.392759999998987,34.60458000000047],[31.39289851999899,34.60462775900045],[31.392899948998927,34.60462665000047],[31.39303993499896,34.60451794400048],[31.393273121998977,34.60459884500047],[31.393389696998952,34.60479710700044],[31.394026202999,34.6050165610005],[31.39505014499893,34.604369082000474],[31.395471398998954,34.60162155300044],[31.395749999999,34.60157000000044],[31.39621808699898,34.60237664000046],[31.396276513998984,34.60247732600046],[31.396539663998983,34.60293080400045],[31.396667748999008,34.60315152900047],[31.397742556998985,34.605003715000485],[31.398179313998973,34.60575636600044],[31.398237417998974,34.60585649500048],[31.398929999998966,34.6070500000005],[31.399551578998974,34.60691391500049],[31.400286489998955,34.60675301700049],[31.400619999998973,34.60668000000046],[31.400624934998948,34.607440059000474],[31.400632208998942,34.60856023100049],[31.40063723599902,34.60933432300047],[31.400639999998962,34.60976000000047],[31.402419999998965,34.60985000000048],[31.402381845998914,34.61187215900046],[31.402369999998957,34.612500000000495],[31.40096183599898,34.61235193100046],[31.400928936998966,34.61234847200049],[31.39840408399896,34.612769328000496],[31.398266507998965,34.612068517000495],[31.397709999998966,34.612010000000474],[31.397709999998966,34.612010000000474]]]}