{"segmentId":"5000734","streetsFileVersion":236,"polygonPointList":[[[32.05024267199759,34.92992082600135],[32.04872982699763,34.930592929001364],[32.04824274199764,34.93111973100133],[32.0461220459976,34.93081879500135],[32.04609818799757,34.93179400900136],[32.04530438199759,34.93290817000139],[32.04535083899761,34.932945451001395],[32.045686221997585,34.933214585001345],[32.04534357999762,34.933757102001394],[32.04493937799758,34.93342047800139],[32.04446474899757,34.9340866520014],[32.04319723099761,34.935865700001415],[32.0414821809976,34.9358531980014],[32.041973804997596,34.93387876700138],[32.04196422399756,34.933858281001356],[32.04127719999758,34.93238938800136],[32.041271182997605,34.93208255600139],[32.04144700599761,34.92937004500134],[32.04020018899762,34.928916705001356],[32.0404381949976,34.927522813001346],[32.04053334999762,34.92696553100136],[32.03987905499764,34.924499327001314],[32.03984864199766,34.922488309001345],[32.040792101997695,34.92229480900133],[32.04076560699765,34.9221102640013],[32.04121422099767,34.92211383000132],[32.04148362099767,34.922429678001336],[32.04212970899765,34.9224210930013],[32.04213383399764,34.92241806500131],[32.04214746199767,34.92240805900135],[32.042153208997675,34.922407883001334],[32.0422251359977,34.922414584001345],[32.042247006997684,34.9224166210013],[32.042301160997695,34.92242166600132],[32.04444243699766,34.922428818001336],[32.04447822699767,34.92225099000133],[32.04464488299767,34.922246270001345],[32.0448971529977,34.922239126001344],[32.045776426997676,34.92244707200135],[32.04592047799764,34.922955755001304],[32.04599395199767,34.92321521400131],[32.04632020799766,34.924367317001355],[32.04650933599764,34.92503518200133],[32.047521020997664,34.92546119000136],[32.048463832997605,34.925253773001344],[32.04861786699766,34.925384681001304],[32.04962711399762,34.926242404001336],[32.049512865997634,34.92771307100132],[32.049505636997615,34.92780612300133],[32.04950124699759,34.92786263900136],[32.05030316299761,34.92789643200136],[32.050298594997656,34.927946609001346],[32.05029517899764,34.928067210001345],[32.05024267199759,34.92992082600135],[32.05024267199759,34.92992082600135]]]}