{"segmentId":"5000828","streetsFileVersion":188,"polygonPointList":[[[32.158077742997385,34.96034371200149],[32.15337372099737,34.961544218001464],[32.15227518199738,34.961539880001475],[32.149440298997376,34.96152868400147],[32.14946981899741,34.96111424200149],[32.1481224849974,34.961096120001464],[32.14806815699742,34.96158917400148],[32.14803480499742,34.96189186000147],[32.14815999999742,34.962050001001515],[32.1479699999974,34.96248000000146],[32.14508019099738,34.96152516900147],[32.144439496997414,34.9613134740015],[32.14421999899738,34.959220000001494],[32.145456876997414,34.95695438600148],[32.144529999997424,34.95634000000148],[32.14520247899742,34.95155552300141],[32.14559957999749,34.95093519000144],[32.145945999997465,34.950394028001455],[32.145979999997486,34.95034000000143],[32.14598051599747,34.95034010900141],[32.145982127997506,34.95033759100144],[32.14670986799748,34.94990144600145],[32.14721431399746,34.95020601800146],[32.14710225199744,34.950967205001426],[32.14695872599745,34.95194210900147],[32.148545731997466,34.95266341400142],[32.148553271997464,34.952730040001455],[32.14869983199743,34.952773872001465],[32.148734433997454,34.95284802100147],[32.149880024997486,34.95326258600145],[32.1501603729975,34.95103236000144],[32.1505437919975,34.94798219000144],[32.14810469299748,34.947024031001426],[32.14518658999751,34.94032530600136],[32.143637398997576,34.93676902100135],[32.142727110997576,34.934679387001395],[32.14366735899758,34.93480997700136],[32.148894673997575,34.935535993001345],[32.15074094499752,34.9404430010014],[32.15139786699754,34.94218896600141],[32.152549357997486,34.94377116800142],[32.153891541997474,34.945615390001414],[32.154284494997505,34.94766132200141],[32.154559999997495,34.947650000001445],[32.156232931997486,34.94776642300145],[32.15650245299743,34.95002414200146],[32.15654702099747,34.95018395500145],[32.15657427699747,34.95062578600143],[32.15663929599743,34.95117043600143],[32.15705173899745,34.95462536500143],[32.15740362699745,34.956265858001466],[32.157784340997395,34.958397855001465],[32.1576416789974,34.95843112200145],[32.158077742997385,34.96034371200149],[32.158077742997385,34.96034371200149]]]}