{"segmentId":"5000706","streetsFileVersion":188,"polygonPointList":[[[32.00525999999575,35.174460000002874],[32.005222240995735,35.17462495000288],[32.00507392699574,35.17529290400288],[32.004805792995725,35.175453692002904],[32.004607150995746,35.17563473200288],[32.004468195995756,35.17589277200288],[32.004462883995764,35.175902637002864],[32.00410902399574,35.176088723002906],[32.00405588799569,35.17613715000288],[32.00370872499567,35.17632779400286],[32.00365999999569,35.17638000000288],[32.003319999995696,35.176740000002894],[32.00328999999573,35.1767800000029],[32.00303999999573,35.17704000000287],[31.999177974995686,35.179223684002935],[31.999029755995643,35.1802615110029],[31.99909032699565,35.180670643002905],[31.999116385995652,35.180846657002945],[31.99892999999565,35.180960000002905],[31.998479999995663,35.18111000000292],[31.99806506199564,35.18112844200292],[31.9970645969957,35.183084571002944],[31.995969028995653,35.183374574002926],[31.995820831995644,35.18311904300292],[31.99573755099569,35.18122737100291],[31.995728450995667,35.18059103600293],[31.995719999995707,35.18000000000293],[31.995720030995706,35.1799977560029],[31.995719620995683,35.17999768500292],[31.99572153599571,35.179886367002915],[31.99572999999568,35.17926000000291],[31.995732575995703,35.179244543002895],[31.99573550699572,35.179074183002925],[31.995785362995683,35.17892782500293],[31.995869999995673,35.17842000000293],[31.99606699299571,35.178101059002884],[31.99621705699568,35.17766052500293],[31.99674692199573,35.1769630260029],[31.996749658995718,35.17696049100288],[31.996749999995746,35.1769600000029],[31.996750703995733,35.176959524002875],[31.999815575995743,35.17412066000284],[32.00004757699571,35.173790630002856],[32.00027959999576,35.173456281002835],[32.00108254599579,35.17294711700284],[32.002640443995766,35.17273925400287],[32.00343351099572,35.172722935002824],[32.003569999995726,35.172720000002826],[32.00357039199574,35.172720119002875],[32.00357198899579,35.17272008600283],[32.00432692299576,35.17294601000283],[32.00433144999576,35.17295145000284],[32.00440999999578,35.173030000002846],[32.00451523699577,35.173150827002836],[32.00467999999574,35.17334000000286],[32.00485999999574,35.173580000002886],[32.004909999995746,35.17369000000289],[32.00518999999572,35.174300000002894],[32.00522729299576,35.17438524100285],[32.005259825995736,35.17445567800289],[32.00525924799575,35.17445828100287],[32.00525999999575,35.174460000002874],[32.00525999999575,35.174460000002874]]]}