{"segmentId":"5000572","streetsFileVersion":188,"polygonPointList":[[[31.88183782099827,34.79866564900088],[31.88133983899832,34.79861880900089],[31.88134061699828,34.79862622400087],[31.881234334998293,34.79861717500089],[31.881220918998277,34.79864167300091],[31.8813338149983,34.79938159700088],[31.88134190199826,34.79944151100089],[31.881366455998272,34.79961033500091],[31.881448483998252,34.80017433900092],[31.8814484979983,34.80017444000087],[31.88146694399828,34.80030547700089],[31.881467670998276,34.80030920900087],[31.88147036099825,34.80032305000088],[31.8814784149983,34.80036472000091],[31.881478423998303,34.80036478400091],[31.881488471998292,34.80043223800088],[31.88149852899827,34.80049975400089],[31.88158091999828,34.80105324100087],[31.881583960998288,34.80107727300087],[31.881586115998267,34.80109433600091],[31.8816143139983,34.80129623800092],[31.88163516399827,34.80144552800089],[31.88166782999825,34.80167814000088],[31.881684716998276,34.80180260500088],[31.881685333998277,34.801807149000915],[31.88168534299832,34.80180721300092],[31.881690004998287,34.80184001100087],[31.881692549998245,34.80185784700091],[31.881692685998278,34.80185879200092],[31.881695586998244,34.80187899000088],[31.88170979699827,34.80197793000092],[31.881715526998246,34.80201791800089],[31.881749290998307,34.80224380500089],[31.881779601998282,34.802470410000915],[31.881779887998274,34.80247241200089],[31.881780491998278,34.80247693800089],[31.881796364998284,34.802592329000895],[31.881805249998305,34.802656922000885],[31.881664497998276,34.80264580100089],[31.881653644998256,34.80263426000089],[31.881638196998257,34.80261783400089],[31.881619998998286,34.80259841600087],[31.881596249998253,34.802573224000916],[31.88157836599825,34.80255420100092],[31.881572232998284,34.80255380300087],[31.881132774998253,34.802526088000874],[31.88097443799829,34.80251610200087],[31.88073103199828,34.802500754000896],[31.88072904999829,34.80251115700087],[31.88072241899829,34.80254595700091],[31.880716076998272,34.80257924300087],[31.88070921599832,34.802683481000884],[31.880622675998254,34.8026805820009],[31.880618474998276,34.80270835000089],[31.880511447998288,34.80262819200089],[31.87913580899827,34.801816172000876],[31.879024833998276,34.80175617400089],[31.8790078319983,34.80174062900089],[31.878707561998276,34.80156338400093],[31.878010366998286,34.800828643000884],[31.877648659998265,34.80049793200088],[31.877561366998304,34.8004187450009],[31.875521552998297,34.798891037000864],[31.875078200998303,34.79885930900091],[31.874626785998327,34.79882700400088],[31.874790040998267,34.79722268200087],[31.874829999998283,34.79683000000089],[31.875114575998307,34.79446069300089],[31.87514031999831,34.79446261600085],[31.875469883998303,34.794487236000876],[31.880781711998324,34.79479871100087],[31.881737140998286,34.79610321900087],[31.881117536998314,34.796439316000864],[31.88111999999831,34.796440000000906],[31.881289999998273,34.796480000000855],[31.881589999998326,34.79664000000085],[31.881679999998337,34.79676000000089],[31.88167055199832,34.79694894800091],[31.881903305998286,34.79716344200089],[31.882015524998273,34.797059834000876],[31.882185444998306,34.79736631400088],[31.882250213998322,34.79748313600088],[31.88183782099827,34.79866564900088],[31.88183782099827,34.79866564900088]]]}