{"segmentId":"5000028","streetsFileVersion":96,"polygonPointList":[[[30.089660597997018,35.128602381002764],[30.089327367997033,35.12935780700278],[30.089329999997044,35.12936000000277],[30.088879999997037,35.13038000000277],[30.088559999996978,35.13111000000275],[30.08848999999698,35.13128000000278],[30.088486344996998,35.13127878200276],[30.088374635996992,35.13155553000279],[30.08849999999702,35.13166000000279],[30.08853999999697,35.13172000000275],[30.088529999996986,35.13179000000275],[30.08848999999698,35.131860000002796],[30.088419999997022,35.131890000002784],[30.08835999999699,35.131880000002745],[30.088279995996995,35.131789998002766],[30.088278710997017,35.131793173002784],[30.087893172997,35.13274829800275],[30.086478195996964,35.134440323002785],[30.086419999996963,35.134510000002784],[30.086419850997007,35.13451009200278],[30.086416205996983,35.13451445000279],[30.085053263996986,35.135386388002786],[30.083861284997024,35.13488590100282],[30.082442066996986,35.13429000000282],[30.082425958996975,35.13429000000283],[30.081785365997035,35.13401426600281],[30.08098926799699,35.13368000000277],[30.080939999997014,35.13368000000277],[30.080489047997027,35.13346996800277],[30.079462581997024,35.13303897600281],[30.079483462996986,35.13300161300277],[30.079479999997012,35.133000000002774],[30.079839999997013,35.13233000000275],[30.07887999999697,35.13190000000276],[30.077809999997015,35.1314300000028],[30.074917341997033,35.13011495200275],[30.07288907899704,35.12919287200274],[30.074042018997023,35.126840461002715],[30.0750021039971,35.12488154300274],[30.077134036997105,35.12053163400267],[30.084038790997077,35.1239342080027],[30.08406439099706,35.12391782800272],[30.086030244997094,35.1246407070027],[30.08864223999706,35.127152991002745],[30.089784055997043,35.12825121800276],[30.089773772997017,35.12829644400276],[30.089660597997018,35.128602381002764],[30.089660597997018,35.128602381002764]]]}