{"segmentId":"5000873","streetsFileVersion":188,"polygonPointList":[[[32.230417383997924,34.86549094400108],[32.23039218699793,34.86555671300108],[32.23039844399793,34.86556686700107],[32.230381976997876,34.86558336400107],[32.230291864997874,34.86581857200112],[32.22949687299789,34.86662320800111],[32.22949237999789,34.866680595001085],[32.22862333299786,34.86742909500107],[32.225854891997884,34.867439414001076],[32.225310074997886,34.86744144500109],[32.225308222997924,34.866514327001106],[32.2253012169979,34.866491205001076],[32.22520646199794,34.86497162300106],[32.22519556099795,34.86361158500108],[32.22530127299794,34.86303426500109],[32.22530025999792,34.86252694300106],[32.22593839799791,34.86177408500105],[32.225960901997915,34.861747535001086],[32.22782841099794,34.861634244001095],[32.22794278699795,34.861804625001064],[32.22799161999794,34.86178546400106],[32.2290141179979,34.86332049600105],[32.22961577599793,34.864296817001055],[32.230417383997924,34.86549094400108],[32.230417383997924,34.86549094400108]]]}