{"segmentId":"5000172","streetsFileVersion":188,"polygonPointList":[[[31.34698999999901,34.59978000000048],[31.34639392799897,34.600446893000424],[31.346329999998957,34.60053000000046],[31.34629254599897,34.60056032000047],[31.34597999999899,34.60091000000047],[31.346079999998953,34.60108000000044],[31.346139999998982,34.601230000000456],[31.34621999999902,34.60137000000044],[31.346319999998983,34.60146000000045],[31.346359999999,34.60158000000048],[31.346359999999,34.60169000000049],[31.346329999998957,34.60176999900048],[31.34547715199899,34.60275703600049],[31.34536357299898,34.60288848600045],[31.345439999998963,34.60307000000048],[31.345299999998996,34.60316000100046],[31.345247850999012,34.603220841000464],[31.34511999999901,34.603370000000446],[31.344689999998973,34.60371000000045],[31.344630296998957,34.60373713700047],[31.34346999999896,34.60508000000046],[31.34334999999897,34.60517000000046],[31.343279999998973,34.605140000000475],[31.34326999999902,34.605110000000444],[31.343230080998993,34.605051211000465],[31.342472547998963,34.60496031100049],[31.342388036998972,34.605029440000486],[31.342325082998986,34.60494261600049],[31.339880529999,34.60812955900049],[31.339849999998982,34.60826999900049],[31.33983494199895,34.60829823200046],[31.339769999998975,34.60842000000044],[31.339649999998983,34.60851000000045],[31.33958540899896,34.60851430600051],[31.339508829998962,34.608614142000505],[31.33750999999898,34.61122000000049],[31.33635999999899,34.61055000000047],[31.336358489998975,34.61055072600047],[31.335839999998992,34.61080000000047],[31.33583139599898,34.61078913100047],[31.335099999999006,34.61112000000046],[31.334889999998968,34.610860000000486],[31.33492779999898,34.6108330000005],[31.334883332998967,34.610758888000504],[31.334689999998922,34.6106300000005],[31.33440032199899,34.6104202330005],[31.334399999998997,34.61042000000046],[31.334399134999,34.61041740400046],[31.334369999998934,34.61033000000047],[31.334299999998972,34.610170001000455],[31.33411999999895,34.60962000000049],[31.33393999999896,34.60930000000051],[31.333756629998945,34.608885006000456],[31.33374999999897,34.60887000000045],[31.333669999998964,34.60863000000048],[31.33342999999898,34.60827000000049],[31.333358988998942,34.608188064000466],[31.33329999999899,34.60812000000047],[31.33310999999894,34.6077900000005],[31.33296999999897,34.60766000000049],[31.332939999998977,34.60760000000047],[31.33283999999895,34.60749000000046],[31.33275999999899,34.60745000000045],[31.33250999999898,34.60678000000049],[31.331889999998975,34.60569000000046],[31.331889999998975,34.60559000000049],[31.331839999998977,34.60544000000046],[31.331829999998952,34.60513000000045],[31.331819999998977,34.60505000000048],[31.33175999999894,34.60490000000046],[31.33160999999901,34.604810000000455],[31.331479999998994,34.604610001000445],[31.331309999998947,34.604130000000474],[31.33126999999899,34.60388000000047],[31.33123999999897,34.60381000000048],[31.331169999998988,34.60369000000044],[31.330806165999004,34.60310754500048],[31.33024926899898,34.60221602400044],[31.330129999999,34.602150000000464],[31.329999999998954,34.602000000000444],[31.329919999999007,34.60170000000046],[31.329719999998993,34.60138000000048],[31.329679999998998,34.60134000000046],[31.329499999999,34.60117000000044],[31.329249999999004,34.600750000000474],[31.32906999999899,34.60041000000047],[31.328889999999003,34.60004000000045],[31.330859829999007,34.59785165200044],[31.330863485999,34.59783994700049],[31.330739999998993,34.597690000000455],[31.330624172998963,34.59763208600044],[31.330539999998976,34.59759000000043],[31.330689999998985,34.59745000000044],[31.33084999999902,34.597310000000455],[31.330899999998977,34.59734000000043],[31.33100634099895,34.59738253700045],[31.33117793599902,34.59683310400044],[31.331539034998993,34.597043624000435],[31.33167999999901,34.59690000000046],[31.33245999999896,34.59600000000046],[31.333259999999008,34.59507000000048],[31.33353999999897,34.59487000000047],[31.333709999998995,34.59466000000043],[31.333919999998983,34.59441000000044],[31.334298695999017,34.59403130300047],[31.335109999998984,34.593130000000436],[31.335969999998973,34.59427000000045],[31.33653999999901,34.593550000000455],[31.336571109999028,34.59351769400047],[31.336758930999014,34.59332264700043],[31.338376738999017,34.591379979000465],[31.33845999999901,34.59128000000043],[31.338645787998992,34.591503108000445],[31.339743127999004,34.59282087500043],[31.33987999999899,34.59283000000045],[31.339889999998977,34.592670000000446],[31.340019999998994,34.59287000000046],[31.340319999999025,34.593220000000436],[31.340639999999027,34.59363000000047],[31.34070999999899,34.593750000000455],[31.34074999999902,34.59403000100048],[31.34195302099901,34.59332129000045],[31.341989999999026,34.59329000000042],[31.34222956499898,34.59314332800045],[31.342479999999004,34.59299000000044],[31.342669999999003,34.59285000000045],[31.342769999998982,34.59284000000042],[31.343713279998997,34.59372091400048],[31.343739999998984,34.59374000000043],[31.34382874699896,34.59382874700044],[31.343926526999017,34.59392006200045],[31.343979999998965,34.593970000000475],[31.343989999999017,34.594050000000436],[31.343959999999,34.59418000000044],[31.343922650999005,34.59425469800045],[31.343896930999012,34.59438238100047],[31.34389999999903,34.59441000000044],[31.34393999999896,34.594640000000425],[31.343929999999,34.59504000000045],[31.343869999999004,34.59512000000047],[31.343759999998973,34.59520000000043],[31.343720204999013,34.595259692000475],[31.34369999899896,34.595359999000436],[31.34441856599898,34.59612687300046],[31.344889999999005,34.59663000000047],[31.344516289999,34.596962835000454],[31.344249999999,34.59720000000045],[31.344588363999023,34.59757937800044],[31.344849810999012,34.597872515000475],[31.34490999999897,34.597940000000456],[31.34497627899897,34.597874654000485],[31.34554511999901,34.59731382600046],[31.345619999998988,34.59724000000046],[31.345879999999024,34.597310000000455],[31.345939999998993,34.59738000000045],[31.346019999998994,34.59739000000049],[31.346225270998964,34.59789577200048],[31.346585407999005,34.59878311800043],[31.346779999998972,34.59913000000047],[31.346741725998996,34.59916827300044],[31.34698999999901,34.59978000000048],[31.34698999999901,34.59978000000048]]]}