{"segmentId":"5000871","streetsFileVersion":96,"polygonPointList":[[[32.23319299999569,35.16482500000278],[32.23304833199573,35.16502154900278],[32.23304799999571,35.165022000002786],[32.232987999995714,35.16510400000275],[32.232979999995734,35.16515000000275],[32.232881999995755,35.165248000002784],[32.2324999999957,35.165768000002785],[32.23248999999569,35.16579000000278],[32.23247499999575,35.165798000002766],[32.232023999995654,35.166253000002754],[32.23138799999569,35.16641600000275],[32.23137999999572,35.16642000000279],[32.23135799999571,35.16642200000279],[32.23069099999568,35.16655900000278],[32.230609999995714,35.16658000000278],[32.23029999999571,35.166510000002795],[32.23019499999568,35.16648400000275],[32.23009949699567,35.16650787600274],[32.23009899999571,35.16650800000279],[32.22853699999572,35.16689800000279],[32.22845999999567,35.16688000000276],[32.22844999999571,35.16690000000278],[32.227849999995705,35.167250000002745],[32.22784799999568,35.16724900000275],[32.227844999995696,35.16725100000279],[32.22747799999572,35.16707500000279],[32.2270399999957,35.166870000002795],[32.2269499999957,35.16683000000278],[32.22573899999566,35.166414000002746],[32.225286999995696,35.16626200000279],[32.225281999995715,35.16626000000279],[32.224679999995686,35.16626000000279],[32.22455999999572,35.16614000000276],[32.22399499999573,35.16562700000275],[32.22353599999569,35.16554100000279],[32.22269299999574,35.16551900000278],[32.22218899999572,35.16560200000275],[32.22148999999575,35.165870000002755],[32.221485999995664,35.16586800000276],[32.2214839999957,35.16586800000276],[32.22109540999569,35.16565722200276],[32.22109499999572,35.165657000002774],[32.221046999995714,35.16563100000279],[32.22089799999568,35.16547400000278],[32.2207099999957,35.16528000000276],[32.22065599999574,35.16512100000277],[32.22051712399569,35.16472435400275],[32.220516999995674,35.164724000002735],[32.22047399999568,35.164602000002766],[32.21993999999575,35.16417000000277],[32.2192999999957,35.164290000002744],[32.2188299999957,35.164640000002784],[32.218828999995694,35.164640000002784],[32.21882499999572,35.16464200000278],[32.21832099999572,35.164563000002744],[32.218017999995695,35.16408800000275],[32.21795299999577,35.16318100000276],[32.2179499999957,35.16314000000275],[32.21793699999577,35.16310300000273],[32.21781499999572,35.16278200000274],[32.217848999995766,35.16191100000271],[32.21774899999573,35.161207000002726],[32.21770999999576,35.16096000000272],[32.2172339999958,35.16057400000273],[32.21633799999581,35.15985200000273],[32.21613299999581,35.15993200000269],[32.21573299999578,35.15993200000269],[32.21503499999576,35.16029800000273],[32.214090999995776,35.16127900000272],[32.21405199999574,35.162475000002715],[32.21389199999574,35.16294600000273],[32.21389099999575,35.162947000002724],[32.213889999995715,35.162950000002716],[32.2131299999957,35.16342000000272],[32.21241199999572,35.163613000002755],[32.21211032399572,35.163694912002725],[32.21210999999575,35.163695000002775],[32.21209199999572,35.16370000000276],[32.212089999995726,35.16370000000276],[32.21195299999573,35.16364900000278],[32.211210999995735,35.16337100000274],[32.21117199999572,35.16333100000272],[32.21052999999577,35.162670000002734],[32.209689999995724,35.16154000000274],[32.20916999999573,35.161260000002706],[32.208909999995775,35.16062000000273],[32.208619999995776,35.160510000002716],[32.208399999995756,35.160420000002716],[32.20798999999579,35.160420000002716],[32.20794999999577,35.160430000002755],[32.20765199999579,35.16084700000272],[32.20765199999575,35.16258900000272],[32.20767299999573,35.16327900000274],[32.20768999999576,35.163740000002775],[32.20753407899572,35.16441665700277],[32.20753399999575,35.16441700000278],[32.207389999995705,35.16504000000274],[32.206912999995716,35.16583500000279],[32.20690999999573,35.165840000002774],[32.20603999999568,35.16675000000276],[32.20568699999571,35.16708400000277],[32.2056689999957,35.16710100000279],[32.20547999999571,35.16733000000278],[32.20533999999571,35.16778000000278],[32.20520999999575,35.167820000002784],[32.20513999999567,35.167770000002804],[32.205009999995724,35.16728000000278],[32.204961999995675,35.166725000002764],[32.2048609999957,35.166627000002784],[32.204456999995706,35.16623200000276],[32.204523999995736,35.16571700000275],[32.20509599999569,35.16445000000275],[32.20510099999575,35.16435900500276],[32.20511799999573,35.16404400000275],[32.20511999999577,35.16401000000277],[32.205149999995754,35.16329000000277],[32.20515999999573,35.16326000000273],[32.20515999999574,35.16227000000272],[32.205320999995756,35.16178700000275],[32.205497999995764,35.161244000002746],[32.20537899999578,35.159880000002715],[32.2053569999958,35.15987300000273],[32.205261999995805,35.15976200000272],[32.205169999995825,35.159660000002695],[32.20491999999581,35.159000000002706],[32.20491999999581,35.15845000000274],[32.2052599999958,35.1578300000027],[32.2054539999958,35.15772400000268],[32.20578999999581,35.15753800000269],[32.20693699999577,35.15731800000268],[32.20697999999579,35.1573320000027],[32.20758999999578,35.157520000002684],[32.20788099999579,35.15760000000271],[32.20800499999583,35.15753700000269],[32.20807889999576,35.15769800000269],[32.20814309999575,35.157584000002686],[32.2082594999958,35.15722320000268],[32.20827049999579,35.15670110000272],[32.20819959999582,35.156088300002715],[32.2081643999958,35.155495000002674],[32.20829879999588,35.15483080000269],[32.208416099995844,35.15448060000268],[32.20850989999582,35.15383195800269],[32.20851979999583,35.153763500002654],[32.20895929999588,35.152992900002694],[32.209685099995845,35.15303170000266],[32.21038359999585,35.15314560000269],[32.21087289999581,35.15301940000267],[32.210962099995854,35.152920400002635],[32.211016599995844,35.15293450000268],[32.21025499999586,35.15197010000263],[32.210542799995835,35.15118910000267],[32.212127999995865,35.153060000002654],[32.212129999995845,35.153060000002654],[32.21229255999583,35.15302509500263],[32.21229299999584,35.153025000002685],[32.212567999995834,35.15296600000266],[32.21280799999587,35.15235400000267],[32.212887999995864,35.151506000002634],[32.21308799999584,35.151224000002664],[32.21364799999584,35.15103500000263],[32.21387499999584,35.15103500000263],[32.21391999999584,35.15102000000267],[32.21404999999586,35.15103000000264],[32.21448899999587,35.15151600000267],[32.21460899999586,35.15164700000262],[32.215101999995866,35.152599000002674],[32.21516999999583,35.152730000002684],[32.2156099999958,35.15367000000265],[32.21560999999581,35.153671000002646],[32.215530999995835,35.153847000002656],[32.2154650119958,35.1539959720027],[32.215464999995845,35.153996000002685],[32.215210999995854,35.154567000002665],[32.21553499999584,35.155238000002676],[32.215707999995836,35.15514100000269],[32.21589099999582,35.15503600000268],[32.216570999995824,35.15465900000265],[32.21725199999581,35.15465800000266],[32.21813199999579,35.154846000002706],[32.21865299999584,35.154940000002696],[32.2188529999958,35.155223000002664],[32.218802999995795,35.15541200000269],[32.2188529999958,35.15546300000268],[32.218798999995805,35.1557300000027],[32.2186949999958,35.155825000002686],[32.218692999995795,35.15583500000266],[32.21869099999579,35.15583700000271],[32.21868999999578,35.155840000002705],[32.217969999995795,35.15650000000269],[32.21783099999579,35.15666100000268],[32.2175329999958,35.15701200000271],[32.21701299999579,35.1575780000027],[32.21741299999582,35.15884900000269],[32.21734399999574,35.159095000002694],[32.21777999999577,35.159497000002716],[32.21841999999576,35.159338000002705],[32.219474999995775,35.15897500000271],[32.22003699999576,35.1587810000027],[32.22039199999579,35.15844200000269],[32.22056999999579,35.15827000000272],[32.22103999999581,35.15788000000268],[32.22120999999577,35.15775000000273],[32.221230611995814,35.15775098200269],[32.221230999995775,35.157751000002726],[32.22184999999578,35.157790000002684],