{"segmentId":"5000979","streetsFileVersion":236,"polygonPointList":[[[32.40095999999761,34.91460000000127],[32.40119573999758,34.91458974200124],[32.40123619099761,34.91262906600128],[32.40044382999758,34.91152975500126],[32.3996280569976,34.910605348001226],[32.3997883829976,34.90993325800121],[32.3999799999976,34.90913000000124],[32.39992281299763,34.909120585001226],[32.39884991599766,34.908943950001216],[32.39833999999766,34.90886000000125],[32.398324687997636,34.90861699700121],[32.39826273899765,34.907633831001235],[32.398082232997595,34.907581746001235],[32.39735554899761,34.907372061001226],[32.397477214997615,34.90711986700124],[32.39544759699763,34.90605431800121],[32.395790238997655,34.90504066700121],[32.39571885499763,34.90421261500123],[32.398177599997645,34.90414062300121],[32.39812528899766,34.90337961400124],[32.39894380199765,34.90333777900119],[32.39924778399765,34.90583486700124],[32.399571335997656,34.90576384500119],[32.40091590699766,34.90546870300122],[32.40096116399767,34.905458769001235],[32.40144279999764,34.90535304700124],[32.40220537599762,34.90648513200124],[32.40309571299761,34.90780688500126],[32.40414085099765,34.90802649400125],[32.40380945999761,34.91073178900125],[32.40357757199764,34.91081933000123],[32.40316093799759,34.91097661600123],[32.402408343997585,34.91126073200127],[32.402325682997635,34.91289106100125],[32.40231103299758,34.913180000001276],[32.402273830997615,34.913913757001254],[32.402271373997614,34.91396221500123],[32.40315716299757,34.91423680300126],[32.40347958899757,34.91534478900128],[32.405514688997535,34.91579326000126],[32.40594392099759,34.91588784900127],[32.40602773999757,34.91590632000125],[32.40662209899759,34.91673266300127],[32.40584999999754,34.91983000000128],[32.40545585699757,34.9196549270013],[32.404810523997526,34.919368278001265],[32.40484114799757,34.91867401700129],[32.4034877919976,34.91812084900127],[32.40285433099758,34.91844846400127],[32.40224379299752,34.92122845400131],[32.40200108799756,34.922584747001274],[32.401487751997514,34.9249405540013],[32.40116883499757,34.92494291200131],[32.40020999999753,34.924950000001274],[32.39967999999752,34.9263600000013],[32.398929999997534,34.92614000000129],[32.39881047399754,34.9254121400013],[32.39872554499751,34.924894960001325],[32.39865544899754,34.9244681070013],[32.39856429499752,34.92391302200133],[32.39852856799754,34.9236954580013],[32.39834407599754,34.92257198300131],[32.39825999999753,34.92206000000129],[32.39868148899757,34.9213683080013],[32.39871291299755,34.921316740001295],[32.3994182149975,34.92015929400126],[32.399958034997574,34.91606135300125],[32.40013999999762,34.91468000000125],[32.400148412997616,34.91467917900129],[32.40085939199756,34.91460981500127],[32.40095999999761,34.91460000000127],[32.40095999999761,34.91460000000127]]]}