{"segmentId":"5000456","streetsFileVersion":188,"polygonPointList":[[[31.786659560998466,34.763250147000804],[31.78642136499841,34.76332615200079],[31.786102980998468,34.76382356300081],[31.786016956998438,34.76395795900078],[31.78601514599844,34.76395750300077],[31.78588274799846,34.763971245000796],[31.785368010998475,34.763810128000785],[31.785366224998473,34.76380956900079],[31.784765643998437,34.76362158200078],[31.78474502499845,34.76369179200077],[31.784552552998417,34.763632226000766],[31.78439068899849,34.763582127000795],[31.78436164899847,34.76366850800082],[31.78434493999843,34.76371827500077],[31.784314963998444,34.7637896100008],[31.78428903099846,34.76385132300078],[31.78409712599845,34.76378547400078],[31.78395161799846,34.763735546000824],[31.783858633998484,34.76370363900077],[31.78383759099847,34.763696422000805],[31.78379035799842,34.7637796500008],[31.783764757998473,34.763824759000784],[31.783680151998443,34.76377755800081],[31.78362525699845,34.76374693200081],[31.782899615998467,34.763350967000804],[31.782644355998436,34.7632114640008],[31.782211954998438,34.7628587190008],[31.782431529998473,34.76258153000077],[31.782429999998435,34.76258000000081],[31.782629557998455,34.762320575000786],[31.782629999998434,34.762320000000784],[31.78256999999848,34.7622699990008],[31.782960566998455,34.761799179000775],[31.78306999999847,34.7614800000008],[31.783299999998437,34.76139000000079],[31.783379496998435,34.761387350000795],[31.78338370899849,34.76138213400077],[31.783395656998415,34.76138681500077],[31.78359999999844,34.76138000000076],[31.78367719399847,34.761401053000775],[31.78370955499844,34.76139792000077],[31.783745566998444,34.761418891000794],[31.78384984599846,34.761444961000784],[31.784837016998424,34.76154363600079],[31.784715275998447,34.76128392100076],[31.78457403099844,34.76103290100081],[31.784587297998485,34.761010901000816],[31.784570599998457,34.76097527800078],[31.784494063998466,34.76089102400078],[31.784564905998458,34.760775507000794],[31.78458999999845,34.760640000000755],[31.78464999999847,34.760380000000794],[31.78489015299848,34.76015785800081],[31.78510030599849,34.7597336750008],[31.785099999998472,34.75973000000078],[31.785099999998472,34.75964000000078],[31.78519434599842,34.75945829700077],[31.785280196998475,34.75895727600077],[31.785273548998486,34.75895186200078],[31.785288650998442,34.75890794000075],[31.785435275998456,34.75894059100078],[31.787280799998484,34.75935155500081],[31.787610254998462,34.75942491800077],[31.788062025998457,34.75680645900079],[31.788154163998467,34.75643680100078],[31.788222690998442,34.75606032700078],[31.788575373998494,34.75412276100079],[31.792329999998472,34.75527000000077],[31.792319629998502,34.755323565000744],[31.792326094998494,34.75532561200076],[31.792348727998466,34.755332778000735],[31.79229639499851,34.75544357700077],[31.791682059998433,34.75861675600077],[31.79145809299847,34.759773593000766],[31.791689999998482,34.75959000000079],[31.791879999998457,34.75980000000077],[31.791936895998465,34.759852155000765],[31.79401221299842,34.76019267000078],[31.794437217998432,34.76026240500078],[31.795907424998457,34.7605036350008],[31.795969999998476,34.76044999900079],[31.79605999999846,34.76043999900076],[31.796099999998415,34.76045000000078],[31.796139999998434,34.76047000000079],[31.796189999998415,34.76055000000081],[31.796199999998468,34.760620000000806],[31.796179999998454,34.76068000000077],[31.796119999998446,34.76074000000079],[31.796118461998432,34.76074076900078],[31.79587697199844,34.76138474200081],[31.79553545499842,34.7622954560008],[31.795089999998478,34.763810000000774],[31.795013823998474,34.76399282100079],[31.79498999999843,34.7640500000008],[31.79487999999843,34.76428000000078],[31.79468999999844,34.76455000000078],[31.79437989199845,34.764408698000814],[31.79339990999846,34.76396216100079],[31.792978194998422,34.76377000400078],[31.790709286998418,34.76273616000077],[31.79001496799841,34.76389786600078],[31.789539299998456,34.76469373700082],[31.78812114199849,34.76463663000078],[31.78813664999846,34.763862190000786],[31.788145897998433,34.76340036200076],[31.786659560998466,34.763250147000804],[31.786659560998466,34.763250147000804]]]}