{"segmentId":"5000350","streetsFileVersion":236,"polygonPointList":[[[31.662623582997192,35.018117857001826],[31.66210802199718,35.020051212001846],[31.66245172899719,35.02159789500187],[31.663396924997166,35.02426162900189],[31.660759667997134,35.025094447001884],[31.66013170299716,35.025292751001864],[31.660029527997157,35.025078604001855],[31.65699537199721,35.01871934500186],[31.656136102997216,35.015024489001796],[31.656692294997214,35.014461257001805],[31.65953021499728,35.01158741400181],[31.664451278997234,35.010721944001794],[31.665534675997268,35.010531406001775],[31.66825179399728,35.010298511001764],[31.669540696997252,35.01274742700182],[31.669325879997235,35.01352076900177],[31.66889624499724,35.0137355860018],[31.668681427997257,35.01433707400179],[31.6679299719972,35.0147038560018],[31.66507249899723,35.01609857500182],[31.66435712299722,35.016688447001805],[31.662623582997192,35.018117857001826],[31.662623582997192,35.018117857001826]]]}