{"segmentId":"5000961","streetsFileVersion":236,"polygonPointList":[[[32.37776192699762,34.912314689001235],[32.37696242799765,34.911972046001274],[32.377211992997616,34.910815079001225],[32.37531999999761,34.90992999900123],[32.375366850997615,34.908686538001234],[32.3757315909976,34.908611882001246],[32.37857513999764,34.90802985600123],[32.38097306799763,34.90753904100124],[32.380986055997624,34.90753638200123],[32.386285756997616,34.909592483001234],[32.386073431997595,34.91004659400124],[32.38606793599763,34.91005834800126],[32.385538283997626,34.91119114200126],[32.38545708099758,34.91136481500127],[32.384798637997626,34.91177818700123],[32.38394351099759,34.912315038001225],[32.38240487999761,34.91182336900124],[32.38232989599762,34.91179940800123],[32.37907706599759,34.91075996600125],[32.3785239069976,34.91141389600125],[32.37776192699762,34.912314689001235],[32.37776192699762,34.912314689001235]]]}