{"segmentId":"5000098","streetsFileVersion":96,"polygonPointList":[[[31.16960135999727,35.03554737600199],[31.169565021997244,35.03646377800197],[31.170063894997263,35.038067058001964],[31.170080554997195,35.04321656500205],[31.169295131997224,35.043407153002],[31.169312492997246,35.04423432500203],[31.169425948997215,35.046034035002045],[31.16943979799718,35.046253711002066],[31.167781378997237,35.04658330200204],[31.160011183997174,35.048127536002035],[31.158742017997216,35.04777875800206],[31.15221844899719,35.04598602200208],[31.151785304997198,35.04565486200204],[31.149779842997216,35.044121585001996],[31.14097549599731,35.03739021900197],[31.14089475899731,35.03558641800197],[31.14086551499727,35.034933044002],[31.140505473997386,35.026889085001926],[31.140527521997388,35.02443856800191],[31.140621860997435,35.013953273001825],[31.140716200997485,35.00346792600178],[31.14071881899746,35.00317697900179],[31.141411893997475,35.002608821001765],[31.14341676699755,35.000965298001766],[31.149301812997567,34.99860887200175],[31.150459225997547,35.00087605100177],[31.15091516499752,35.001769159001775],[31.158380870997537,34.99789921900174],[31.159505603997523,34.999204976001764],[31.16359223299745,35.00394934400178],[31.163833637997463,35.0042296030018],[31.164469265997457,35.0039678110018],[31.168477695997478,35.00231688900176],[31.168633307997496,35.002252798001756],[31.171757470997502,35.003045979001776],[31.171752710997502,35.00412120800181],[31.171726001997467,35.0101547930018],[31.17076553899741,35.01459106800187],[31.170357625997415,35.01647517200188],[31.170016984997385,35.0250657590019],[31.16960135999727,35.03554737600199],[31.16960135999727,35.03554737600199]]]}