{"segmentId":"5000888","streetsFileVersion":188,"polygonPointList":[[[32.265138978998024,34.83053309800095],[32.264801223998035,34.83293114300098],[32.264958740998026,34.834506308001],[32.26434116099803,34.83670643600098],[32.26419731299803,34.837218893000994],[32.26284047899801,34.838661957000994],[32.26235649499802,34.83853661000099],[32.26172267399803,34.83837245600099],[32.26022480499803,34.83770559600097],[32.257092737998015,34.836560429000954],[32.25509825399805,34.83583119200098],[32.255512280998055,34.834275024000995],[32.257439643998026,34.83294728400098],[32.25891649899807,34.828429934000944],[32.258940129998045,34.82835765200098],[32.260229707998064,34.828753129000965],[32.260826243998046,34.82896941700096],[32.26094334099803,34.82901187300098],[32.26226707299804,34.82949182300098],[32.26248666799807,34.82957144200093],[32.26265878599803,34.829633847000935],[32.263802067998064,34.83004837000095],[32.265138978998024,34.83053309800095],[32.265138978998024,34.83053309800095]]]}