{"segmentId":"5000429","streetsFileVersion":96,"polygonPointList":[[[31.759192021996025,35.15761151100274],[31.75882855299605,35.15797646100275],[31.758726081996016,35.158107661002745],[31.75860437899604,35.15821498600279],[31.758412153996023,35.158429177002795],[31.758023602996026,35.158569296002774],[31.75800683299599,35.158577191002784],[31.75794942199601,35.158644440002774],[31.75771026399599,35.158924580002804],[31.75759539699601,35.15905913000278],[31.757439372996036,35.15933129900276],[31.757392729996027,35.15941266400279],[31.757266313996013,35.15963318300277],[31.75688602499599,35.15982785500279],[31.756883711995997,35.15982903900277],[31.75685315499602,35.159844681002774],[31.756762910996027,35.15988379500278],[31.756750998996036,35.1598889580028],[31.75673566099599,35.1599005090028],[31.756650806995975,35.1599644080028],[31.756631447996035,35.1599925570028],[31.756527192996014,35.16014415400281],[31.756443318995984,35.16026611300277],[31.756436519996036,35.160265180002796],[31.756360422995993,35.16025473400276],[31.756221045996014,35.160235601002796],[31.756087304996015,35.16021724100279],[31.75570818599601,35.15996757600278],[31.75527675999604,35.15964655400279],[31.75501535299598,35.15963138300276],[31.754823645995984,35.15959578400276],[31.754139627996043,35.15955022400277],[31.753825920996,35.15947899200279],[31.75359935399606,35.15942811400277],[31.753402044996022,35.15944086200278],[31.753373645996035,35.15934571300278],[31.753368363995992,35.159324645002755],[31.753414855996024,35.1590178480028],[31.753280409996034,35.1584740480028],[31.75315628099601,35.15790607300277],[31.753042479996022,35.157350180002744],[31.75286681399607,35.15706020700274],[31.752658441996033,35.15687392400273],[31.752391536996036,35.15643198800277],[31.75231910599606,35.156057366002734],[31.752319050996025,35.155912337002775],[31.75227540799606,35.15580180200274],[31.752257028996063,35.15575525400274],[31.752081391996043,35.15554988800275],[31.751854058996035,35.15518743600276],[31.75172989999605,35.15458321600274],[31.751760828996055,35.15445025700276],[31.751667633996068,35.15380976500275],[31.751669074996073,35.15373751100272],[31.751677757996053,35.15330216100273],[31.751491823996048,35.15318140600272],[31.751099431996057,35.153266222002756],[31.750758723996064,35.153471863002736],[31.75049457299604,35.15356143700276],[31.750165317996053,35.15364120300275],[31.749868154996076,35.15341936400274],[31.749443299996084,35.15311538800274],[31.74944327499607,35.15311538100276],[31.748969381996098,35.15260517900271],[31.748676116996098,35.1519748890027],[31.748373130996082,35.15169521300271],[31.74868262399608,35.1504159750027],[31.745827269996127,35.14868372800269],[31.745970467996134,35.14798879600269],[31.74670296599613,35.14805630800268],[31.748720355996102,35.1478702320027],[31.748674463996107,35.1476558790027],[31.74855239099613,35.147465611002666],[31.74838384999614,35.14728216900269],[31.748297880996123,35.14719507100269],[31.74852968899615,35.1465485890027],[31.748955921996135,35.146129573002675],[31.74946042299618,35.146171854002674],[31.750282973996164,35.146478658002664],[31.750424358996188,35.146584424002654],[31.750450349996118,35.1465966910027],[31.750741020996138,35.14678834600267],[31.75074522599615,35.14682445400269],[31.75082283399617,35.14684229000269],[31.750957268996117,35.146873186002686],[31.752023739996115,35.14711828500267],[31.75241879499612,35.147017858002656],[31.752423780996125,35.1470165910027],[31.752453194996118,35.14700911300266],[31.75271020699616,35.146926051002666],[31.752808544996128,35.14691847700267],[31.753287861996107,35.146876641002684],[31.75374939099612,35.14675170000267],[31.754193141996154,35.14660598200267],[31.754359756996116,35.146492962002654],[31.755172338996164,35.146350804002694],[31.755299721996163,35.14669990300269],[31.754762255996138,35.14700153400265],[31.753894918996135,35.147292132002704],[31.753251673996164,35.14764005800267],[31.75329263799613,35.1477836230027],[31.75375763499613,35.14821074900268],[31.754253604996112,35.148838924002725],[31.754033485996086,35.14954832400273],[31.75407787999612,35.149953681002714],[31.75410038399609,35.150287354002714],[31.754147672996105,35.15040387400273],[31.75400837399613,35.15067589000272],[31.753688950996118,35.15083923500269],[31.7539563329961,35.15124698300274],[31.754246985996094,35.151743101002744],[31.754281995996084,35.15212379000275],[31.75439370599607,35.15259357900271],[31.754554317996057,35.15281516400274],[31.754840065996067,35.15332215600274],[31.754910218996084,35.153434757002756],[31.755267188996076,35.15322618700271],[31.755332881996065,35.153273417002715],[31.755806730996095,35.15344965000271],[31.7563438179961,35.15365885200272],[31.756318161996088,35.15384521000273],[31.756314932996087,35.15386866600274],[31.756380485996083,35.15384665400274],[31.756662964996057,35.15375179900276],[31.756850599996092,35.153621647002765],[31.758762243996074,35.15229565200275],[31.759174819996094,35.15245340100273],[31.759340452996053,35.153385085002704],[31.75936897299607,35.15354551200272],[31.759146890996064,35.15391074300272],[31.758969165996064,35.15420302500276],[31.75883534099608,35.15442310800275],[31.759440175996037,35.15464279600277],[31.76005889499605,35.15481583500277],[31.76017758999607,35.154935412002736],[31.76034218999608,35.15510123500276],[31.76045561699606,35.15549890800273],[31.760386257996018,35.15655685400273],[31.760089345996008,35.15698848700275],[31.759929251996056,35.15711251200274],[31.759867498996034,35.15716035300276],[31.75961844199601,35.15732789700279],[31.759312861996055,35.15753346400276],[31.759192021996025,35.15761151100274],[31.759192021996025,35.15761151100274]]]}