{"segmentId":"5000892","streetsFileVersion":236,"polygonPointList":[[[32.25881316899776,34.893690725001186],[32.25865916299776,34.892198196001175],[32.26155581299772,34.89273110600117],[32.26407834299774,34.8931951870012],[32.26544577399776,34.893446759001165],[32.26544316299771,34.893486857001164],[32.265443154997776,34.8934869770012],[32.265218568997746,34.89693585400119],[32.26509013699774,34.9004129020012],[32.26502383699771,34.90220782700121],[32.26402697099774,34.90262562800124],[32.26359260699771,34.905323482001215],[32.261906148997674,34.905399263001236],[32.261364913997696,34.90542358400125],[32.26003000399766,34.905483568001266],[32.259494755997714,34.90029626800119],[32.25919950899771,34.89743490500122],[32.25881316899776,34.893690725001186],[32.25881316899776,34.893690725001186]]]}