{"segmentId":"5000360","streetsFileVersion":188,"polygonPointList":[[[31.677652128996534,35.10237119600235],[31.677568846996575,35.100574703002366],[31.677759203996587,35.09944445900232],[31.67786422199656,35.09929619800233],[31.67796145799657,35.09915892300235],[31.678612786996624,35.09892186900232],[31.678975653996588,35.09907058600233],[31.679185757996596,35.099325944002324],[31.679362316996542,35.09954053000235],[31.679375439996583,35.09960209700234],[31.67944862199658,35.09967050700234],[31.67976984899656,35.10001552900237],[31.68024537399657,35.09934979500236],[31.680483686996585,35.09901615600236],[31.680864400996608,35.098920977002315],[31.681066498996607,35.099114289002344],[31.681138038996615,35.09918271800235],[31.681197779996573,35.099371233002344],[31.6816734179966,35.10087213500233],[31.681423573996604,35.10122905400235],[31.681022832996568,35.101761289002326],[31.680662146996582,35.10224032500233],[31.68003158999657,35.10302554700238],[31.679603286996585,35.10325159600238],[31.67910587699654,35.10326343900236],[31.677901971996526,35.10357282300235],[31.677747306996565,35.103156418002335],[31.677652128996534,35.10237119600235],[31.677652128996534,35.10237119600235]]]}