{"segmentId":"5000916","streetsFileVersion":188,"polygonPointList":[[[32.313447314997646,34.91323021800123],[32.31331169599761,34.913762897001234],[32.31330587299761,34.91378577100126],[32.3133404199976,34.91388322900129],[32.313129122997616,34.91447999800126],[32.3130001549976,34.91448504600125],[32.30841516099761,34.91466449800125],[32.308281986997585,34.91677942700127],[32.308106090997605,34.91672543900129],[32.30766230399764,34.91658922900129],[32.30629842799758,34.916170618001246],[32.304405522997655,34.915589633001254],[32.30320249999761,34.9180787060013],[32.30289967599759,34.918015626001285],[32.30288777199763,34.91799794900127],[32.302707366997595,34.918023368001265],[32.302525288997614,34.91797982500126],[32.30225728899762,34.91781051500127],[32.30199469599763,34.91766639900127],[32.3017316729976,34.91653298300125],[32.30167795899766,34.9158532590013],[32.30173358499764,34.91492375800126],[32.301822577997626,34.91364251800129],[32.30200332899764,34.912288816001265],[32.302103131997676,34.911804681001236],[32.30221546599764,34.91125975600126],[32.302321593997625,34.91077228900128],[32.302656933997625,34.91001345200124],[32.30279340899766,34.909399589001225],[32.30292996499764,34.90882180700123],[32.302917627997644,34.908773228001216],[32.30293909499767,34.90867819800126],[32.30301700799765,34.90833710500124],[32.30306846799766,34.908111920001254],[32.303154656997656,34.907734155001265],[32.303210784997624,34.90748825600127],[32.303255988997634,34.90729336000121],[32.303386982997665,34.90672858400125],[32.3034548629977,34.906416102001224],[32.303496813997626,34.90623273000123],[32.30390709099768,34.9028810870012],[32.30259573399769,34.90195247700123],[32.302643296997665,34.9011965150012],[32.30264642499767,34.90114680200119],[32.302750481997755,34.900650856001185],[32.3033019599977,34.90071764400121],[32.30350908699772,34.90074285200122],[32.30439567999768,34.90091104300123],[32.30440561999771,34.900912976001194],[32.304567276997695,34.9009422740012],[32.305224228997695,34.90106466400121],[32.305619692997695,34.901140065001215],[32.30612568099766,34.901236732001195],[32.30632650799769,34.90127344100122],[32.30652333199769,34.901309419001194],[32.306864986997674,34.901371870001206],[32.30838614399769,34.901633129001226],[32.30842860299769,34.901834099001206],[32.3084367229977,34.90183579200121],[32.308434510997664,34.90182745200124],[32.30869116999766,34.90188015900119],[32.310030945997674,34.90210652300121],[32.3100362399977,34.902156379001234],[32.310045303997654,34.902158239001245],[32.310045779997665,34.90216474400123],[32.310972585997675,34.9023486650012],[32.310928428997684,34.90272011100122],[32.31096434699767,34.9027299350012],[32.310965411997664,34.902734890001206],[32.31086908399767,34.90421336800123],[32.31137621399769,34.90563115700125],[32.31270773899769,34.90569034600121],[32.31293326399766,34.90556156500121],[32.31323682899768,34.905547998001204],[32.31323559699768,34.905635869001216],[32.31323544899767,34.90564642400123],[32.313343750997646,34.90563601700124],[32.313378014997674,34.90564386900124],[32.31344654399764,34.90570026200122],[32.31349722599766,34.905812335001244],[32.31361358199771,34.90626276700123],[32.31367996899769,34.906533312001265],[32.31370780799768,34.906805284001216],[32.313661408997675,34.90718576000124],[32.31358026899765,34.907632861001204],[32.31361358199768,34.90814016200125],[32.31372113299767,34.90853420100125],[32.31378109599768,34.908711232001224],[32.31379061399762,34.90880831400124],[32.31374968699764,34.908872084001246],[32.313627858997684,34.908890168001214],[32.31340514099763,34.90885209600122],[32.31337658699767,34.90936415700123],[32.313318528997684,34.910021840001264],[32.31342212999763,34.910088883001265],[32.313961774997644,34.91043810300125],[32.31413040099762,34.91054722500127],[32.314118407997675,34.910594332001274],[32.313747969997635,34.912049317001234],[32.31349917899767,34.913026507001256],[32.31348256399762,34.913091766001244],[32.31347937999763,34.91317986000128],[32.313452741997615,34.91320890100128],[32.313447314997646,34.91323021800123],[32.313447314997646,34.91323021800123]]]}