{"segmentId":"5000170","streetsFileVersion":188,"polygonPointList":[[[31.314024215993857,35.36461491300503],[31.31301962299385,35.36459463300503],[31.31302612099383,35.36473963300506],[31.313092008993845,35.36485737700509],[31.313032966993827,35.36489243500506],[31.313045155993834,35.36516442000506],[31.3134407939938,35.36571905800504],[31.313344704993828,35.36604393200505],[31.3132565129938,35.36643381900509],[31.313104940993814,35.36649856500505],[31.311012064993854,35.364610807005086],[31.310908222993895,35.36453569000502],[31.310795508993863,35.364415475005046],[31.310321710993822,35.36441429300504],[31.30983850699386,35.364468526005055],[31.309487765993854,35.36441221200506],[31.309454628993862,35.36421777100503],[31.309432358993803,35.364087093005075],[31.309576423993853,35.36364159400505],[31.309648481993857,35.363400258005065],[31.309790415993863,35.36323542100505],[31.309843154993874,35.363030355005016],[31.309662706993848,35.36244389800501],[31.31019972399387,35.36164391300505],[31.3104680059939,35.36155200100502],[31.311590610993882,35.36207318900503],[31.312010614993895,35.36175558500499],[31.312377995993884,35.361203898004995],[31.312569293993903,35.36124135900503],[31.31264941599391,35.360925726005014],[31.313143779993897,35.360898694005016],[31.313262846993883,35.36133537400503],[31.31326705099386,35.36141900700502],[31.31358571199391,35.362764039005036],[31.313914810993907,35.36282236100502],[31.314006920993815,35.364331539005036],[31.314024215993857,35.36461491300503],[31.314024215993857,35.36461491300503]]]}