{"segmentId":"5000039","streetsFileVersion":188,"polygonPointList":[[[30.621789999996228,35.194490000003235],[30.621647032996247,35.19445360800325],[30.62161109499626,35.19455053200325],[30.62106771399623,35.196015954003286],[30.62106674299622,35.19601857500325],[30.621069999996205,35.196020000003244],[30.62104999999622,35.19610000000327],[30.62101999999621,35.19622000000325],[30.620995778996217,35.19620995700327],[30.62021694999622,35.19831035100327],[30.62021999999623,35.1983500000033],[30.620179999996196,35.198410000003264],[30.620059999996183,35.19840000000329],[30.61997883499619,35.19837048600328],[30.618979556996216,35.19817419900329],[30.61872440099624,35.19811570000331],[30.618609999996202,35.19813000000328],[30.6184999999962,35.198080000003294],[30.618499999996235,35.1980642510033],[30.61842584799623,35.19804725000329],[30.618482993996206,35.197296139003285],[30.617476069996272,35.195515624003264],[30.61747309199627,35.19551035600326],[30.616829999996234,35.19538000000326],[30.615949999996253,35.195300000003236],[30.615589999996217,35.195300000003236],[30.615559999996265,35.19544000000329],[30.615549999996215,35.19553000000329],[30.615389999996243,35.195240000003274],[30.615159999996248,35.19514000000324],[30.61509953799622,35.19512805700324],[30.61434999999625,35.194980000003255],[30.612899999996216,35.194830000003236],[30.61256999999626,35.19477000000326],[30.61167999999624,35.19472000000327],[30.611099999996288,35.19459000000326],[30.61064999999628,35.19453000000324],[30.608349999996243,35.19418000000328],[30.606169999996286,35.19391000000327],[30.60618999999625,35.193670000003245],[30.60610380599631,35.19365783100325],[30.602789999996244,35.193189999003216],[30.599179999996267,35.19270000000324],[30.597529999996283,35.192470000003254],[30.597179999996243,35.19242000000322],[30.59710432099628,35.19240850400325],[30.59638999999629,35.19230000000323],[30.595829999996287,35.19222000000325],[30.59518999999628,35.192140000003235],[30.594689999996298,35.19204999900324],[30.59420999999626,35.191960000003235],[30.593799999996268,35.19189000000324],[30.593529999996267,35.19185000000322],[30.593329999996268,35.19182000000325],[30.593349999996267,35.19158000000323],[30.593359999996306,35.19145999900325],[30.593459999996295,35.19044000000319],[30.59346721399628,35.19037131900323],[30.5925323399963,35.19026365600324],[30.592535693996325,35.1902171380032],[30.59292064899637,35.18487809400317],[30.594020098996328,35.18493306700315],[30.59407999999637,35.18481000000315],[30.595609999996388,35.18422000000315],[30.59723839399634,35.18443829900318],[30.598369999996347,35.18459000000319],[30.59884999999632,35.184650000003145],[30.598869999996314,35.18460000000316],[30.599729999996395,35.182700000003166],[30.600459999996367,35.18113000000313],[30.600609999996372,35.180880000003135],[30.600679999996398,35.18083000000315],[30.60077999999637,35.18083000000315],[30.601169999996362,35.18090000000314],[30.601289999996393,35.18089000000311],[30.6013599999964,35.180840000003116],[30.601539999996387,35.18064000000311],[30.602299999996404,35.18082000000312],[30.603089999996385,35.180840000003116],[30.60632547799638,35.18048213600316],[30.60920688399639,35.18016343500313],[30.609689999996412,35.18011000000315],[30.610649999996404,35.179790000003095],[30.61069999999637,35.17987000000312],[30.610999999996373,35.180060000003095],[30.611319999996354,35.1801700000031],[30.61157592299637,35.18021653100312],[30.611649999996374,35.180230000003114],[30.612109999996363,35.18027000100312],[30.613019999996396,35.180480000003115],[30.613449999996394,35.18064000000311],[30.614319999996397,35.180660000003115],[30.614639999996392,35.18058000000316],[30.614859999996387,35.1803700000031],[30.614899999996354,35.180330000003096],[30.614943460996358,35.181126779003144],[30.615334537996386,35.18116905800316],[30.61586312599641,35.18122620200314],[30.616824563996367,35.183228107003146],[30.61683397499638,35.183242362003135],[30.616896939996355,35.18337880800314],[30.616608277996317,35.18570870600318],[30.616388765996323,35.18748046800319],[30.61661999999632,35.18759000000319],[30.61639999999633,35.18808000000321],[30.616369999996337,35.18830000000317],[30.616439999996334,35.188500000003174],[30.616569999996276,35.188700000003195],[30.61670999999633,35.18877000000318],[30.616789999996282,35.188900000003194],[30.6169399999963,35.189060000003195],[30.617029999996312,35.189260001003184],[30.61705999999628,35.18946000000321],[30.61705999999628,35.18968000000323],[30.6171199999963,35.1901200000032],[30.617149999996293,35.190230000003204],[30.617369999996296,35.19043000000321],[30.617389999996288,35.190540000003224],[30.618169999996294,35.19078000000324],[30.618167239996293,35.19079419600324],[30.618099999996247,35.191140000003244],[30.61815999999625,35.19112000000324],[30.618229999996274,35.191080000003225],[30.618319999996274,35.19109000000321],[30.61848999999628,35.19112000000324],[30.618639999996255,35.19122000000321],[30.618928698996253,35.19154129400322],[30.619259999996277,35.19191000100323],[30.619539999996242,35.19213000000325],[30.61975999999626,35.192380001003244],[30.61990999999625,35.19281000000325],[30.619957590996282,35.19290858300327],[30.621750896996243,35.19417350400325],[30.62168010899628,35.194364410003246],[30.621789999996228,35.194490000003235],[30.621789999996228,35.194490000003235]]]}