{"segmentId":"5000788","streetsFileVersion":96,"polygonPointList":[[[32.111399999996316,35.11053000100234],[32.111089999996274,35.112340000002405],[32.111443757996284,35.112315434002355],[32.11180514899632,35.11228676300236],[32.11183852399631,35.11227328100238],[32.111853777996295,35.11226007000237],[32.1118702679963,35.11226045700237],[32.112891592996256,35.111847876002386],[32.113233622996276,35.11250422600238],[32.11333302799628,35.112774074002395],[32.11347583599629,35.11295614900239],[32.11348608499626,35.11318716100237],[32.11374539599626,35.113882980002366],[32.11382999999628,35.11411000000238],[32.11391999999628,35.115280000002386],[32.11371445599623,35.115735134002385],[32.11363999999624,35.11590000000242],[32.11233999999625,35.11760999900239],[32.1122699999962,35.1178500000024],[32.11211999999622,35.11846000000239],[32.11207889799624,35.118480552002424],[32.11205910299618,35.11854717000242],[32.11204999999622,35.11862000000245],[32.111700704996196,35.119764910002445],[32.11168999999622,35.11980000000243],[32.111686851996204,35.11980000000243],[32.11168619799617,35.119802203002436],[32.11128254499623,35.119802575002424],[32.11106344999623,35.12027909400244],[32.11077999999619,35.120910000002425],[32.11014464799622,35.12189525600247],[32.110092211996175,35.12197753200247],[32.10918136999616,35.12365244000246],[32.108765669996146,35.12404987500244],[32.108576573996146,35.12497887100246],[32.10856026499617,35.124998090002485],[32.10873020799617,35.125842323002445],[32.108771486996176,35.12604313200249],[32.10877162199617,35.126262018002464],[32.10837308599612,35.12643491100248],[32.108179999996175,35.12652000000245],[32.10759328999615,35.12650152100251],[32.10690873499616,35.1264824880025],[32.10608494499618,35.12613377200248],[32.10578999999619,35.12601000000249],[32.105538164996155,35.125796322002465],[32.10479650999613,35.12517101200248],[32.1047115919962,35.12447633700245],[32.104669999996176,35.12415000000245],[32.104959999996176,35.12306000000247],[32.104906130996206,35.12301722100245],[32.10457765599618,35.12277506000244],[32.10401846299618,35.12236280800245],[32.103210847996195,35.12188929500247],[32.10274490499621,35.12159789300245],[32.10224918299619,35.12094799200241],[32.09852393199618,35.123273916002475],[32.098397754996185,35.12353984400246],[32.09830607099616,35.12360492800248],[32.09831999999618,35.12363000000245],[32.09839999999615,35.123740000002456],[32.09856999999618,35.123950000002445],[32.09867999999619,35.12405000000248],[32.098819999996174,35.12416000000248],[32.09901999999615,35.12427000000244],[32.098369999996166,35.12525000000247],[32.09663999999611,35.12916000000252],[32.09605167599613,35.12999816000252],[32.09590999999612,35.13020000000252],[32.09543034599614,35.13042172700251],[32.09484999999612,35.13069000000253],[32.09351999999615,35.130780000002524],[32.09238999999614,35.130160000002505],[32.09200639799611,35.12990426600249],[32.09121999999615,35.129380001002524],[32.09025999999616,35.12869000000251],[32.089629999996184,35.12769000000247],[32.08959600999614,35.1274214850025],[32.08787078799619,35.12122701000243],[32.08764235999627,35.11928537000243],[32.08770968399624,35.119210624002434],[32.09005989199626,35.116601338002425],[32.09472999999624,35.1159300000024],[32.095158948996264,35.1162036400024],[32.09569388299623,35.11469537400241],[32.09659265299631,35.1121612630024],[32.09608701799629,35.11079307300234],[32.09647834799635,35.10927464200236],[32.096464711996326,35.10881786000234],[32.0964599999963,35.10866000100233],[32.09673999999636,35.108140000002344],[32.09692607299633,35.10821070800235],[32.09723961999633,35.10832545800232],[32.09832068599634,35.108571224002354],[32.09835999999632,35.10858000000237],[32.098637852996326,35.108684645002334],[32.09913410499633,35.108870631002354],[32.09914828699631,35.108879552002385],[32.0996137239963,35.10917232700237],[32.10040999999633,35.10967000000235],[32.10086355399631,35.11058617900236],[32.10092112999632,35.110643096002356],[32.10198604199629,35.11256893400235],[32.10229599899626,35.1131484150024],[32.10245616199628,35.11341205400237],[32.103190823996215,35.11461822200239],[32.10349513499627,35.11519975700237],[32.10368999999625,35.1155700000024],[32.104699999996235,35.11499000000237],[32.10470797099623,35.114988061002414],[32.10543999999624,35.11481000000238],[32.10544041099629,35.11481054300238],[32.10544165399628,35.11481023800242],[32.10585817799627,35.1153618230024],[32.10640999999622,35.116090000002394],[32.10677999999625,35.11722000000239],[32.10685809199623,35.11754292300239],[32.106914754996254,35.11777522200239],[32.10782387799618,35.11903322400244],[32.10783675699619,35.11903863700245],[32.10848715699622,35.118528316002404],[32.10857901399623,35.116631229002415],[32.10803471599628,35.11367600300242],[32.10801714299626,35.112293136002386],[32.10752006199629,35.112072179002375],[32.107178378996295,35.11189011500237],[32.10702292699628,35.111707795002346],[32.10667999999626,35.11131000000238],[32.106658598996304,35.11102108200235],[32.106405071996264,35.11058731000234],[32.10652532999632,35.11033905900238],[32.106593578996275,35.11033008100234],[32.10657196199631,35.110178516002385],[32.10648999999633,35.10963000000234],[32.105971348996334,35.10942127500235],[32.1056445629963,35.10929125900233],[32.10557410999633,35.109359599002374],[32.105346029996355,35.109172485002354],[32.104944685996315,35.10901280600237],[32.10484744599631,35.108974118002344],[32.1048085059963,35.10896814000237],[32.103667396996286,35.10879295200234],[32.10319484199632,35.10750914000234],[32.10297999999635,35.106930000002315],[32.10307325099634,35.106335527002344],[32.10313733399633,35.10591168800233],[32.103135666996366,35.10379084800233],[32.10329628799632,35.10330199900231],[32.10346657399635,35.102431346002305],[32.10449199899641,35.101827559002324],[32.1049266999964,35.10185544400233],[32.107385860996374,35.102013193002314],[32.10859999999636,35.102089999002295],[32.10882999999638,35.10363000000232],[32.110539999996355,35.104030000002346],[32.112109999996335,35.103880000002334],[32.11260999999638,35.10375000000231],[32.11272999999634,35.10333000000229],[32.11362999999636,35.10334000000232],[32.113699999996335,35.103080000002294],[32.11392956399635,35.102826271002286],[32.11407999999636,35.102660000002324],[32.11438999999637,35.10257000000232],[32.11450999999636,35.10272999900233],[32.11466980099636,35.10269544800233],[32.11487982999638,35.10264585400231],[32.115266928996355,35.10262376800231],[32.11546999999639,35.10261000000228],[32.11547105999637,35.102612121002295],[32.115473839996376,35.10261196200228],[32.11587049599636,35.10340921200229],[32.116287212996376,35.10378683700229],[32.11648999999635,35.10397000000233],[32.116739275996345,35.10405828500233],[32.11697427399632,35.104139218002324],[32.11697435699635,35.104244565002304],[32.11697999999635,35.10438000000231],[32.11697999999635,35.104800000002335],[32.116561842996354,35.10556028600234],[32.11621213499634,35.10620076800234],[32.11567485699631,35.10643400500232],[32.11539188699631,35.10630136000231],[32.11539187299636,35.106300840002355],[32.115389999996324,35.10630000000231],[32.115359999996336,35.10521000000233],[32.113871851996315,35.10629843900234],[32.11308004799629,35.10687756900236],[32.112905663996294,35.10707442300232],[32.11281960399629,35.10731108900235],[32.11270383899633,35.10764443800237],[32.11196408799631,35.10830788600232],[32.111509999996336,35.108720000002364],[32.11148306599632,35.10916318300237],[32.111455150996285,35.10962250600235],[32.111399999996316,35.11053000100234],[32.111399999996316,35.11053000100234]]]}