{"segmentId":"5000539","streetsFileVersion":188,"polygonPointList":[[[31.825569999994006,35.3244670000044],[31.824807910994032,35.32407904400439],[31.82474293899403,35.32404592000442],[31.82488519999404,35.32311061000442],[31.825064635994046,35.32280624700443],[31.825133957994062,35.3224625560044],[31.82478077299406,35.322506822004385],[31.824520803994027,35.32240794700439],[31.824450834994053,35.322405742004406],[31.824119193994072,35.321972059004416],[31.823464429994075,35.321655571004406],[31.823307167994063,35.321718936004366],[31.823111050994076,35.322596305004396],[31.8221014099941,35.32209148500439],[31.821496323994076,35.322423306004424],[31.820769542994046,35.322821862004425],[31.820549585993998,35.324341563004445],[31.82053324399404,35.32445447400442],[31.819319526994054,35.32452966000443],[31.81932810399408,35.324310952004446],[31.819405453994058,35.32233852400438],[31.821005840994086,35.32106036200435],[31.82137918199409,35.32085358900436],[31.821380922994084,35.32084412500439],[31.821528255994135,35.320671942004374],[31.821714018994122,35.320454847004385],[31.8223038929941,35.31824267300434],[31.82157767899412,35.31796122800435],[31.82052015599415,35.317551384004354],[31.820484533994136,35.31757663000436],[31.820061180994102,35.31737350800435],[31.81965034399412,35.31650670000432],[31.819324004994215,35.31450123100432],[31.81932906799419,35.314343980004296],[31.8188892229942,35.31373752900428],[31.818093858994192,35.312640890004296],[31.818609419994193,35.312254219004295],[31.81963762099416,35.31375619800432],[31.81970498799419,35.313854607004295],[31.81971637399419,35.313875627004315],[31.819974676994182,35.313971039004336],[31.820522901994156,35.3146423820043],[31.820754683994195,35.315634731004316],[31.82140041399412,35.316663562004315],[31.821511709994116,35.31660578800434],[31.82160279499414,35.31658367800431],[31.822273760994182,35.316420811004335],[31.82328914299415,35.31694257300435],[31.824018388994144,35.31794733700437],[31.824018344994133,35.31799543300438],[31.826347523994084,35.3213584160044],[31.82649128199407,35.32151982100437],[31.826871674994077,35.32211521200437],[31.826807357994074,35.32300750000443],[31.82677839799404,35.32307726400441],[31.826753185994058,35.32355629000441],[31.826424735994056,35.32392923100444],[31.82629828599401,35.32423384800443],[31.826230076994026,35.32448397300441],[31.826153434994005,35.32476502300443],[31.826003111993984,35.32468838500443],[31.82557087199403,35.324467446004405],[31.825569999994006,35.3244670000044],[31.825569999994006,35.3244670000044]]]}