{"segmentId":"5000922","streetsFileVersion":236,"polygonPointList":[[[32.32470034299755,34.926169021001336],[32.32426680899753,34.929064706001355],[32.325299999997505,34.93044000000131],[32.324759469997524,34.93352488300137],[32.324194429997476,34.936749648001346],[32.32522584299749,34.93818214600135],[32.32496478599751,34.938843246001355],[32.32399678999746,34.93842511300137],[32.32390760699743,34.938386590001365],[32.32271999999749,34.93985000000136],[32.31975111099749,34.94072495500139],[32.31963832199748,34.94147284900136],[32.319252802997454,34.94402920200137],[32.31877621699742,34.94718941600143],[32.31591065399738,34.95457872400143],[32.315751905997395,34.95498808000147],[32.31531729699734,34.95456597400144],[32.3147374499974,34.95400280800143],[32.31109999999743,34.950470000001424],[32.31050040599746,34.94668888800139],[32.31011999999743,34.94429000000137],[32.309939702997454,34.943830219001406],[32.3095387429975,34.942807719001365],[32.30833470799753,34.937131932001364],[32.30825991899752,34.936779377001365],[32.308024764997484,34.93567086900134],[32.30749168299751,34.933157934001365],[32.30748999999749,34.93315000000136],[32.306869999997524,34.932980000001336],[32.3068744309975,34.93294363200134],[32.30526595499752,34.93260244000133],[32.30344336699751,34.93221583100135],[32.30437820199756,34.9266242930013],[32.30574191099759,34.91846753000128],[32.31123992299761,34.919842033001295],[32.31129257999759,34.919618999001315],[32.311299976997596,34.91958766700127],[32.31164317899757,34.91970632300131],[32.31524496399756,34.92095158000131],[32.31772678999757,34.921809629001295],[32.317993653997604,34.92026910000128],[32.3196455679976,34.920984107001274],[32.3200024879976,34.919627814001316],[32.32182999999759,34.91990000000128],[32.321779999997574,34.9223500000013],[32.32216891699759,34.922382527001275],[32.32423974299759,34.922555720001306],[32.32522892999756,34.92263845000133],[32.325747207997566,34.9229237340013],[32.32603040199757,34.92307961700129],[32.32560076799758,34.9263018750013],[32.32494253799757,34.926204756001326],[32.32470034299755,34.926169021001336],[32.32470034299755,34.926169021001336]]]}