{"segmentId":"5000240","streetsFileVersion":236,"polygonPointList":[[[31.480450101998976,34.60346030500047],[31.478409999998956,34.60502000000044],[31.47760999999895,34.60407000000044],[31.476949635998913,34.60136901800048],[31.477388455998938,34.600120856000466],[31.47754417499896,34.59967793500045],[31.478627817998976,34.59930757800044],[31.479469100998973,34.599020052000476],[31.479467652998938,34.59880882000045],[31.479459999999012,34.59769217000048],[31.47945187699893,34.597680755000454],[31.479199508998988,34.597326105000434],[31.47723691699893,34.59456809100044],[31.47677895699899,34.59460755500044],[31.47631951299899,34.594647146000455],[31.475819826999007,34.59282685900046],[31.476708625998988,34.592265092000446],[31.47689112299897,34.59214974400044],[31.478607317998986,34.59183880800043],[31.47876410999896,34.59181040100042],[31.478764271998976,34.59181037200044],[31.48093401099896,34.59141726300043],[31.481842256998977,34.59125270900045],[31.482817417998938,34.593597653000465],[31.483902578998986,34.59373121400046],[31.48487592499894,34.59569351700043],[31.487524901999006,34.595254504000415],[31.488369999998937,34.59581000000042],[31.489098239998953,34.59816201900044],[31.489109999998934,34.598200000000475],[31.487986633998933,34.60030128000046],[31.48767189799892,34.60089000100045],[31.487112638998923,34.60458925000047],[31.486729964998947,34.60712047200049],[31.48650327599897,34.60861991900045],[31.485708826998938,34.60955078100048],[31.484987618998915,34.61001956600048],[31.484757041998964,34.610169441000465],[31.484721474998953,34.61008381300049],[31.484298466998936,34.60906541200048],[31.482889999998946,34.60935000000049],[31.48245605699894,34.60636345100047],[31.48237999999894,34.60584000000047],[31.480778590998952,34.603865354000455],[31.480450101998976,34.60346030500047],[31.480450101998976,34.60346030500047]]]}