{"segmentId":"5000202","streetsFileVersion":188,"polygonPointList":[[[31.408586859998998,34.60577473600047],[31.408419999998948,34.60604000000047],[31.408581002998964,34.60624264100047],[31.40880666799899,34.6065266680005],[31.408819999998965,34.606540000000464],[31.40897999999895,34.60667999900047],[31.40899999999898,34.606770000000466],[31.408969999998973,34.606850000000485],[31.408562501998947,34.60772056200048],[31.408406430998976,34.60805398700048],[31.40830999999895,34.60826000000045],[31.408209999998945,34.60836000000048],[31.407539999998956,34.608820000000456],[31.407249999998943,34.60898000000045],[31.407139999998936,34.60909000000045],[31.406959999998936,34.60924000000048],[31.406809999998966,34.60931000000047],[31.406432995998962,34.60943325100047],[31.406289999998975,34.609480000000495],[31.405959999998956,34.609590000000445],[31.405837367998952,34.60942308500048],[31.405599999998955,34.60910000000049],[31.404621850998964,34.60940233700048],[31.404118496998965,34.60955791800048],[31.404079999998963,34.609590000000445],[31.403949999998968,34.60961000000045],[31.403736506998985,34.60938722500046],[31.40371999999899,34.60937000000049],[31.403659999998982,34.609239999000486],[31.40352999999894,34.60909000000045],[31.403709999998963,34.60904000000047],[31.403744143998942,34.609022928000485],[31.40340999999897,34.60807000000048],[31.403273575998984,34.607999144000495],[31.40311999999897,34.60795000000049],[31.402875163998992,34.60779221700047],[31.402119999998934,34.60740000000046],[31.402669999998974,34.606610000000465],[31.40230999999899,34.60597000000049],[31.402159999998958,34.60543000000048],[31.40172999999897,34.60537000000046],[31.40166426499899,34.60504602000045],[31.40042999999895,34.604090000000454],[31.40014999999896,34.60322000000049],[31.400119999998978,34.60318000000048],[31.400139999999006,34.60316000000048],[31.400159999998948,34.60312000000046],[31.40034999999897,34.6027700000005],[31.400353523998955,34.60260793200049],[31.400236257998987,34.60232982300045],[31.400248154998945,34.602225127000466],[31.400346919998963,34.60207876800048],[31.400249999998948,34.60204000000046],[31.400079999998972,34.60197000000046],[31.39978999999896,34.60181000000046],[31.39961704299894,34.60168282600047],[31.399449999998964,34.601560000000475],[31.398649217998976,34.600876289000446],[31.398907337998995,34.600563275000475],[31.39953625099896,34.59989440400046],[31.399637705999016,34.60003166900045],[31.400006636998967,34.60053082100048],[31.400229999999006,34.60037000000046],[31.400789999998945,34.59995000000044],[31.40198999999898,34.59932000000044],[31.40209999999901,34.59926000100047],[31.402207931998998,34.59884369200047],[31.40240746199897,34.59807407700044],[31.402391320998966,34.59805225700047],[31.40217254399899,34.59775649800043],[31.402410489999024,34.59749178400046],[31.402519999998965,34.59764000000047],[31.40279013699899,34.59798381100047],[31.402870961998996,34.597944860000446],[31.40299643199897,34.597884395000456],[31.40312510399897,34.59786872300044],[31.403159999999016,34.59785999900044],[31.403229999999013,34.59779000000043],[31.403234690999025,34.59784628300043],[31.403544044998984,34.59767441900044],[31.403960113998945,34.59723004200044],[31.403982860998962,34.59724856200046],[31.404079999999002,34.59703000000047],[31.404829999999002,34.59696000000042],[31.405944189998994,34.597783938000475],[31.406019999999,34.597840000000474],[31.405511006998967,34.59889970600046],[31.405409999998994,34.59911000000046],[31.405499999999005,34.599160000000445],[31.405819999998986,34.59954000000045],[31.406049999998952,34.60023000000047],[31.406289999999,34.60098000000046],[31.40640156299895,34.601391923000456],[31.406704345998957,34.60083183400047],[31.407596454998963,34.601262772000446],[31.407507138999,34.60143434900045],[31.407953715998982,34.60176089600045],[31.407892070998965,34.60190313000045],[31.408009999998967,34.60200000000044],[31.408372712998997,34.60235713300047],[31.408626511998992,34.60260702700044],[31.40865999999897,34.602640000000484],[31.40908605999897,34.60367060600045],[31.409199999998968,34.60387000000044],[31.40921365599898,34.60397924800044],[31.409399999998968,34.604430000000455],[31.40932999999897,34.60461000000045],[31.40927999999893,34.604720000000455],[31.409199999998968,34.60480000000048],[31.408586859998998,34.60577473600047],[31.408586859998998,34.60577473600047]]]}