{"segmentId":"5000549","streetsFileVersion":236,"polygonPointList":[[[31.833000539994366,35.29876112400414],[31.83289183699436,35.29926492900413],[31.832736393994352,35.30069715700415],[31.831794126994318,35.30065432700417],[31.831237332994352,35.300325961004134],[31.83031297499436,35.29941555000413],[31.829719999994385,35.3001300000041],[31.82958634199434,35.299735188004135],[31.829290431994384,35.29886110200411],[31.828709999994395,35.298520000004125],[31.827920623994423,35.29675589900411],[31.827714785994424,35.296295893004086],[31.82774555299445,35.2944524150041],[31.82777259399449,35.29283222700408],[31.82778058999444,35.29235310700405],[31.827202172994472,35.29281812000405],[31.825651873994477,35.294064470004095],[31.824526227994397,35.293685066004095],[31.82396700899446,35.2937634080041],[31.823795687994473,35.29357067100406],[31.82320320199448,35.29222151700403],[31.82317464799452,35.29111506800405],[31.823552982994535,35.287838550004004],[31.82418115999452,35.286996221003974],[31.824759368994524,35.287203234004004],[31.825311516994546,35.28818828000399],[31.825581530994548,35.28824700800399],[31.825856455994515,35.28830680400401],[31.827142114994544,35.288586434003975],[31.82909999999446,35.292710000004064],[31.830309684994464,35.29189975000402],[31.830711590994493,35.29078194300405],[31.831296938994463,35.29058206800403],[31.831940262994472,35.29080758500401],[31.832113771994496,35.29210914500404],[31.832229354994457,35.29231392800405],[31.83258913199448,35.29295135800404],[31.83260223599447,35.29297457400403],[31.832559271994445,35.29369958200405],[31.832500706994463,35.29381821500406],[31.83237543499446,35.29407197200405],[31.832507139994476,35.29505994000407],[31.833000539994366,35.29876112400414],[31.833000539994366,35.29876112400414]]]}