{"segmentId":"5000585","streetsFileVersion":236,"polygonPointList":[[[31.892288931998422,34.75823303500077],[31.89090371999843,34.75739634800076],[31.888164090998487,34.755741575000776],[31.887229363998454,34.755176987000745],[31.88718952599846,34.75515292500077],[31.884779392998425,34.753697171000766],[31.88472984099844,34.753667241000784],[31.884365055998444,34.75344690600079],[31.881681985998473,34.75182629600075],[31.880785381998486,34.75128473500077],[31.880691249998467,34.75124857700077],[31.880595241998442,34.75121170100075],[31.880580266998436,34.751205946000724],[31.880148195998462,34.75103997800075],[31.87950862199846,34.750794303000774],[31.879339206998473,34.750729227000775],[31.878993075998455,34.75059627100076],[31.878940170998472,34.75057594900075],[31.879629674998483,34.74478161600076],[31.880024734998486,34.74446925300072],[31.880602379998468,34.744012526000745],[31.884504924998463,34.740926894000715],[31.884905157998475,34.74091225000074],[31.887086630998482,34.74083243100073],[31.887730009998503,34.740808890000714],[31.88865149099851,34.7411068040007],[31.889279999998504,34.74131000000073],[31.88920585699849,34.74233190100074],[31.889096002998503,34.743845994000715],[31.8890384519985,34.74463921000075],[31.889017909998493,34.744922329000765],[31.888992242998523,34.74527609100074],[31.888968546998466,34.74560268600072],[31.890691814998444,34.746708241000775],[31.8910992269985,34.74631356000072],[31.891646611998475,34.745783283000726],[31.891649999998446,34.745780000000714],[31.892429999998452,34.74604000000073],[31.89242987899851,34.746041399000724],[31.89235137299848,34.746949129000726],[31.892290138998465,34.74765714600075],[31.892270305998487,34.74788647000072],[31.893815469998476,34.74890814900074],[31.89507094599846,34.74973828300076],[31.896273226998474,34.750533244000756],[31.895768199998464,34.75150922600075],[31.895378938998473,34.752261488000755],[31.89450201699844,34.75395617000074],[31.89380573099846,34.75530176800075],[31.893725261998444,34.75545727700077],[31.892288931998422,34.75823303500077],[31.892288931998422,34.75823303500077]]]}