{"segmentId":"5000789","streetsFileVersion":96,"polygonPointList":[[[32.088002650993616,35.341683441004555],[32.0879499999936,35.34092000000456],[32.08800999999362,35.34031000000455],[32.088085990993626,35.34015110900454],[32.08812025399362,35.34007659700457],[32.08842685899361,35.339951052004565],[32.08842733699361,35.33995111700456],[32.08842999999364,35.33995000000455],[32.0889599999936,35.34002000000454],[32.089333827993606,35.340178158004576],[32.08974425299363,35.34034899500456],[32.08982017299364,35.34040488400458],[32.09013719599361,35.34063828800455],[32.0903599999936,35.34080000000457],[32.09085960899362,35.341089629004586],[32.09104584099358,35.341196919004545],[32.09104956099357,35.34119974500456],[32.09104999999361,35.34120000000459],[32.09169932099363,35.341688665004575],[32.09182187099359,35.3417808930046],[32.09200498099361,35.34191869700456],[32.09205518799363,35.341916804004576],[32.092196736993586,35.3418637230046],[32.092373092993604,35.34179496400455],[32.09242433399358,35.3417749860046],[32.09276155099356,35.341685499004576],[32.09300674299358,35.341667860004556],[32.09300819699363,35.34167014400456],[32.09300999999358,35.341670000004605],[32.0930999999936,35.341810000004585],[32.0930999999936,35.3418135200046],[32.093099999993555,35.342670000004595],[32.093099999993555,35.34277000000457],[32.09301121999357,35.34292219400457],[32.092934045993545,35.343061907004596],[32.09292999999356,35.34307000000461],[32.09292945799358,35.34307021400462],[32.092928594993566,35.343071776004585],[32.09286905099356,35.34309405900461],[32.092549999993565,35.343220001004624],[32.092189999993586,35.34331000000457],[32.091930780993565,35.34354491700458],[32.09186889199354,35.34360166200457],[32.09176563999356,35.34375654100461],[32.09166961099355,35.3439011900046],[32.09165827299356,35.34390339200461],[32.09156222799356,35.343922044004614],[32.09122999999356,35.34399000000464],[32.090757066993525,35.3439549680046],[32.090690397993555,35.34395039100464],[32.090433251993545,35.34395000000461],[32.09004999999358,35.34395000000462],[32.08950999999356,35.34399000000464],[32.088939999993556,35.34386000000461],[32.088469999993556,35.343480000004604],[32.08846968799356,35.3434795760046],[32.088469002993556,35.34347903000457],[32.08844627099359,35.343447797004615],[32.088189999993595,35.3431000000046],[32.08816084299355,35.342808434004596],[32.08811532999357,35.342402395004605],[32.08806818199359,35.3421236390046],[32.088059999993575,35.34208000000459],[32.088009999993595,35.3417899990046],[32.088002650993616,35.341683441004555],[32.088002650993616,35.341683441004555]]]}