{"segmentId":"5000998","streetsFileVersion":236,"polygonPointList":[[[32.44233000399693,35.012409788001726],[32.441788549996986,35.01112351400174],[32.441857216996965,35.01047117600172],[32.44195987099699,35.00949596300171],[32.442659432997,35.008275299001696],[32.44297447299696,35.0081943980017],[32.44387420099698,35.00832865800168],[32.44423698799699,35.0083827940017],[32.44480335899696,35.00880634700173],[32.44718786299696,35.010589570001684],[32.44908901899692,35.01201132600171],[32.45285394799693,35.01249887400174],[32.45271431599691,35.01312447600169],[32.45269948199696,35.01314530300171],[32.451076910996846,35.01969459400175],[32.44897628999689,35.02029004600178],[32.44729951699687,35.02076535200178],[32.44697898699693,35.01632799900174],[32.44596683799692,35.01560623400175],[32.44503055599694,35.01493857000171],[32.445014382996945,35.0149330550017],[32.44340610499692,35.01438467000169],[32.442692720996966,35.01327145600172],[32.44233000399693,35.012409788001726],[32.44233000399693,35.012409788001726]]]}