{"segmentId":"5000766","streetsFileVersion":188,"polygonPointList":[[[32.053236216991486,35.467579310006435],[32.05255559199147,35.46655007200641],[32.053262645991495,35.46621967300641],[32.05485413599153,35.46547598600639],[32.05556303299149,35.466829334006405],[32.05627192899148,35.46665748000638],[32.05681939299148,35.4673733990064],[32.061437294991535,35.46558049800638],[32.06224278999145,35.466056286006356],[32.0622827379915,35.46611465800637],[32.062892203991424,35.467005195006415],[32.06328901399147,35.468135552006395],[32.063570588991425,35.46893764800644],[32.06454011899144,35.46941839900644],[32.06552335099137,35.469598939006424],[32.06645227299139,35.470366560006454],[32.067546699991325,35.47344808000648],[32.067654892991335,35.473721282006494],[32.06774732899131,35.474012979006524],[32.06733126999131,35.47608649000655],[32.0672746539913,35.47747210500658],[32.06705501199119,35.478637093006576],[32.06678281799121,35.4788198100066],[32.065812480991205,35.47947117400658],[32.06497380699122,35.480015052006614],[32.06473664099118,35.480049144006635],[32.06346789799119,35.48081139800665],[32.06332739499118,35.48113928200665],[32.062924167991184,35.48113806800664],[32.06201578699122,35.47978949900661],[32.061262255991274,35.478670818006606],[32.05692578799136,35.47223296000647],[32.056846562991424,35.47173790600647],[32.05607859399139,35.47187753800648],[32.053428885991465,35.467870665006444],[32.053236216991486,35.467579310006435],[32.053236216991486,35.467579310006435]]]}