{"segmentId":"5000390","streetsFileVersion":96,"polygonPointList":[[[31.722939999996612,35.093840000002295],[31.72277999999663,35.09376000000227],[31.72279999999663,35.09399000000232],[31.72278999999658,35.094210000002285],[31.722699999996593,35.094560000002296],[31.722785919996582,35.09462966400228],[31.72257341399663,35.09526037300228],[31.721377121996532,35.0973642470023],[31.72072058199663,35.09799806500234],[31.720651675996567,35.098086180002326],[31.72053054599661,35.09825014700232],[31.720489999996555,35.0983100000023],[31.720329999996586,35.098570000002326],[31.720159999996596,35.09891000000232],[31.720059999996582,35.09918000000231],[31.719919999996595,35.09976000000234],[31.71990999999654,35.099890000002354],[31.71987999999656,35.10014000000235],[31.719870214996597,35.10024274000234],[31.719839999996545,35.100560000002325],[31.71982999999659,35.10065000000232],[31.71979999999659,35.10088000000236],[31.719779999996586,35.10099000000232],[31.719689999996582,35.10166000000233],[31.719639999996513,35.10199000000235],[31.719569999996516,35.102390000002366],[31.719499999996533,35.10277000000239],[31.719499999996533,35.102810000002336],[31.719459999996513,35.103020000002374],[31.719369999996502,35.10353000000235],[31.719319999996532,35.10374000000238],[31.719229999996493,35.104120000002396],[31.719119999996508,35.104500000002346],[31.719099999996494,35.10434000000236],[31.71904999999652,35.104210000002396],[31.718970347996493,35.104121497002374],[31.71891899699655,35.104171411002355],[31.71852272999658,35.10395560000237],[31.718426719996497,35.10381235200234],[31.718419999996527,35.103810000002376],[31.718421590996513,35.10380469900239],[31.718046865996552,35.103245607002385],[31.71730715599656,35.10281393100237],[31.71708383099653,35.102792403002326],[31.716673369996535,35.10275283700233],[31.716330808996513,35.10364904700234],[31.71618746799652,35.103612531002376],[31.716179999996548,35.103620000002344],[31.715765010996495,35.10562282500239],[31.71313808599654,35.10556571800235],[31.71029253099655,35.10315596900237],[31.709757205996578,35.10270263100236],[31.708089156996582,35.101290049002344],[31.706799201996596,35.10019765400235],[31.706752190996603,35.09994692800235],[31.70628523799664,35.09745651500231],[31.707260354996635,35.09685613600231],[31.70767887299662,35.096598454002326],[31.708171352996615,35.096295234002284],[31.71001281099662,35.09516144800231],[31.7099858519966,35.09451281700231],[31.710117001996643,35.09349333400231],[31.71071055699662,35.093066931002305],[31.710919797996635,35.092576156002295],[31.712027554996677,35.09204926100229],[31.712746092996664,35.09169801800227],[31.713464567996656,35.09127669100231],[31.713733543996643,35.09061063800226],[31.714202576996648,35.08956368500225],[31.714660189996685,35.08854222200226],[31.714899095996678,35.08777107000223],[31.71483878099666,35.087315647002235],[31.714299193996663,35.086825785002226],[31.714358670996692,35.086370211002226],[31.714628011996687,35.08612460000225],[31.714957256996673,35.08587890400222],[31.715465976996686,35.08538771700224],[31.71642414799666,35.08507114000221],[31.716664093996712,35.08542122400226],[31.717357156996677,35.08616090600222],[31.717713447996665,35.086541163002245],[31.719631973996645,35.08829075900228],[31.720290881996657,35.08825490000224],[31.72062025899666,35.088149355002244],[31.72122021499668,35.08916480300228],[31.72162929799663,35.08973035300226],[31.72235980499666,35.09074026800227],[31.722915854996607,35.092617098002286],[31.72291999999661,35.0926200000023],[31.72298999999662,35.09268000000226],[31.722939999996612,35.092720000002274],[31.722938467996638,35.092723574002285],[31.7230813019966,35.09375298200231],[31.723012362996627,35.09395758900231],[31.722939999996612,35.093840000002295],[31.722939999996612,35.093840000002295]]]}