{"segmentId":"5000182","streetsFileVersion":96,"polygonPointList":[[[31.34223165199674,35.10231348400238],[31.341782805996687,35.1014358900024],[31.341858947996702,35.10116939000239],[31.342220625996706,35.10082674800237],[31.342591821996724,35.100626873002405],[31.34348649999672,35.10021760600239],[31.34442876599675,35.10010339100239],[31.345466210996694,35.10054121200238],[31.345789817996756,35.1012074610024],[31.346237156996736,35.10229249600242],[31.346388445996716,35.102405963002376],[31.3465797989967,35.10254947700237],[31.346151495996704,35.102720799002405],[31.345114050996713,35.103348976002415],[31.34461912299667,35.10385342200241],[31.343952873996667,35.103862940002415],[31.343429392996708,35.10338704800242],[31.342982053996717,35.1034156010024],[31.342420500996738,35.1026827270024],[31.34223165199674,35.10231348400238],[31.34223165199674,35.10231348400238]]]}