{"segmentId":"5000933","streetsFileVersion":188,"polygonPointList":[[[32.32294184099033,35.50970856500704],[32.32133607399034,35.50947826900705],[32.3205505679903,35.50982493900705],[32.31985543099036,35.50926591800703],[32.319330795990304,35.50919067600705],[32.319313248990326,35.509610787007034],[32.31900391899035,35.50984873300707],[32.31843790699032,35.50958241400707],[32.318397685990284,35.50966054100707],[32.31780693799033,35.50946720600706],[32.317957309990355,35.508264228007],[32.31801509499037,35.508200800007025],[32.3170462729904,35.506855615007005],[32.31551130099044,35.504724346006945],[32.31453572199054,35.50136930600692],[32.31503540899055,35.50086961900691],[32.31689037099054,35.50015335900685],[32.317149515990515,35.5000067330069],[32.31806284299056,35.49970063000688],[32.31887056999053,35.499666871006866],[32.32021496599048,35.50107075300692],[32.3225349399904,35.50392610600695],[32.32255873499041,35.50435440900692],[32.322264837990396,35.50509832100697],[32.32255495199043,35.50528713100696],[32.32300178299041,35.50669817600698],[32.32310452099041,35.50702261100697],[32.32312007399036,35.50707172700698],[32.32343297999038,35.50784478800702],[32.323718721990325,35.50818960400702],[32.32365328699036,35.50875472700703],[32.32354471199035,35.50890818000703],[32.32350673699034,35.50918349900706],[32.323298533990325,35.50980810700702],[32.32294184099033,35.50970856500704],[32.32294184099033,35.50970856500704]]]}