{"segmentId":"5000846","streetsFileVersion":236,"polygonPointList":[[[32.18079999999633,35.101540000002295],[32.18231956899637,35.10236490900232],[32.183683533996344,35.10269066300228],[32.18372862499634,35.1044734410023],[32.183567511996294,35.1056441940023],[32.18274904999631,35.1059629830023],[32.182533221996316,35.10604704700232],[32.181305109996295,35.10598820400229],[32.181209999996305,35.10741000000236],[32.179188114996265,35.109070065002314],[32.17918477899624,35.10907280700237],[32.17695367899627,35.10934652700236],[32.17401505099626,35.10970705000235],[32.17390337299622,35.110601187002345],[32.173721167996256,35.11205999400235],[32.17302025899626,35.111928197002364],[32.17288581399624,35.11190291600238],[32.17230775399619,35.11470130200241],[32.167829235996216,35.11566098400238],[32.1664780739962,35.115950519002425],[32.16604820399616,35.12102299200244],[32.16588320899617,35.12296992900247],[32.164455532996165,35.12404068700244],[32.16427596699613,35.124371774002455],[32.16526832999613,35.12575814200246],[32.166510407996164,35.12662902500247],[32.166139211996125,35.12741424700247],[32.16511128499609,35.127628398002486],[32.163483733996124,35.1272286490025],[32.16316964499613,35.12572958800248],[32.16319655599617,35.124415578002434],[32.163743044996146,35.12332819900245],[32.16296836999614,35.12255352400246],[32.16177863899616,35.12136379300244],[32.161672506996176,35.12092157700243],[32.16106480099623,35.1183894670024],[32.1620760719962,35.11767562900243],[32.162968368996204,35.11809203400239],[32.165407316996266,35.112262355002365],[32.1667802899963,35.11043685900236],[32.167942352996285,35.10889178700235],[32.16796610799625,35.10886020300235],[32.16794324099629,35.108838474002326],[32.16603999999632,35.10703000000235],[32.1668470359963,35.103618460002316],[32.16804698499635,35.102606188002284],[32.16872999999634,35.102030000002316],[32.16807493099633,35.10092737700231],[32.167927167996396,35.10067866000226],[32.16743410499636,35.099848728002264],[32.16670817199635,35.09862682600227],[32.166569999996355,35.09720000000225],[32.16670555099641,35.095536666002246],[32.16818627199645,35.09323706400223],[32.16783769699645,35.08925470200222],[32.167795709996476,35.0887750170022],[32.16743991399648,35.087691489002204],[32.165687299996485,35.087059939002174],[32.16258999999652,35.08699000000221],[32.16217738999656,35.08175588800214],[32.163045537996524,35.080730433002145],[32.16351999999654,35.08017000000217],[32.16547871799652,35.07985020800213],[32.165479999996556,35.079850000002175],[32.16682807699653,35.08047910300217],[32.167198606996536,35.07937983400216],[32.16744713599659,35.078642512002126],[32.16762999999654,35.07810000000215],[32.168463502996566,35.07740528500213],[32.169720428996555,35.076357652002145],[32.17176757899656,35.07674450500216],[32.171282205996604,35.07521989700213],[32.16952665399659,35.07403721000208],[32.16949247499655,35.0740614930021],[32.16870889899657,35.07461818400209],[32.16851104299657,35.07450553600212],[32.16789393399658,35.07415418900212],[32.16837720099661,35.073262841002084],[32.166761229996624,35.07217418700207],[32.1614607669966,35.07293667200208],[32.153866947996555,35.07491786100215],[32.15452927699657,35.07695165400211],[32.15376870299654,35.07748562400216],[32.15042176699658,35.07763437700212],[32.149901992996575,35.07765747800213],[32.14977310299657,35.074048549002114],[32.15048001099662,35.07407996700211],[32.15363981299659,35.07422040300209],[32.16000858499664,35.07263807300211],[32.16011066299664,35.07243834000212],[32.1608456839966,35.07100014300209],[32.1614945349966,35.06973055100211],[32.16330999999659,35.06928999900206],[32.16471220899665,35.06834672600209],[32.165243375996624,35.0679894080021],[32.16761783599664,35.06639209700207],[32.16864368099663,35.06640675200205],[32.16928345899662,35.06641589100209],[32.16953403199662,35.06808637800205],[32.169640377996636,35.068795353002066],[32.17023524299661,35.06939021800205],[32.17182948199665,35.068985709002085],[32.171260263996615,35.07236922100207],[32.17209122299657,35.074410880002134],[32.17177678099661,35.074725322002124],[32.172346620996514,35.077064383002124],[32.17268999999655,35.07770000000213],[32.1726729249965,35.07876125300213],[32.172612220996506,35.08253425400216],[32.17255999999646,35.08578000000219],[32.17374920099651,35.08687303900221],[32.17626999999646,35.08919000000219],[32.176360237996406,35.089449352002184],[32.177242094996444,35.091983873002235],[32.17761999999642,35.09307000000226],[32.177959999996396,35.09735000000227],[32.179379999996364,35.09860999900229],[32.180049999996385,35.098140000002275],[32.18079999999635,35.09940000000229],[32.18079999999635,35.1001555820023],[32.18079999999633,35.101540000002295],[32.18079999999633,35.101540000002295]]]}