{"segmentId":"5000482","streetsFileVersion":236,"polygonPointList":[[[31.803437799998477,34.74886064700077],[31.805002502998466,34.74895356200075],[31.805312788998464,34.75273885900075],[31.80562978099847,34.75337078900074],[31.805710420998512,34.75352397300074],[31.805764606998505,34.75362690400076],[31.8057631889985,34.75363453400078],[31.805740513998444,34.75375656500078],[31.80569852199848,34.75376282000079],[31.805246064998514,34.75383021600076],[31.803857656998456,34.75409822000077],[31.80291210399846,34.75477212600075],[31.802777820998486,34.75486783100078],[31.80054334899849,34.754640246000776],[31.79938333599849,34.75365208700075],[31.799354320998482,34.75351345900074],[31.799247706998496,34.75300407900076],[31.79919000099849,34.75272837300074],[31.799385790998507,34.75238574100078],[31.799397018998462,34.752366092000756],[31.799482119998466,34.75221716500076],[31.799733785998487,34.75177674800076],[31.79987741599852,34.75152539600074],[31.800833687998523,34.74967691800074],[31.80123076399848,34.74909796200077],[31.80235654299849,34.748610920000736],[31.803437799998477,34.74886064700077],[31.803437799998477,34.74886064700077]]]}