{"segmentId":"5000362","streetsFileVersion":236,"polygonPointList":[[[31.6945783669989,34.6131215870005],[31.693538224998907,34.61242009600047],[31.693560749998895,34.61237902200045],[31.695729360998932,34.60842449600047],[31.696588629998935,34.60692077600044],[31.696523116998886,34.60569240900044],[31.696145518998904,34.60420273200043],[31.695990294998946,34.604059597000465],[31.696461428998916,34.60274613500048],[31.697211668998946,34.60208862000047],[31.69718954399891,34.601061477000435],[31.69748935599892,34.599876505000445],[31.698460175998896,34.59917694300043],[31.698946743998935,34.59930827900047],[31.699168599998934,34.59892329400042],[31.699338289998945,34.59862883200042],[31.700756082998904,34.601593309000464],[31.70172773399889,34.60390292000046],[31.70173650099888,34.60396068200045],[31.7017494739989,34.60404615900047],[31.701879480998898,34.60490275100046],[31.702087949998933,34.60627632400048],[31.702216839998904,34.607522264000465],[31.70238869399888,34.608854131000456],[31.703162035998876,34.6102719240005],[31.704021304998868,34.61121712000047],[31.704966499998914,34.61203342500047],[31.70519659899886,34.61222573800049],[31.70528264899888,34.612297658000465],[31.70515863999887,34.61262981500047],[31.70443853699888,34.61455861100048],[31.703402617998876,34.61733332000048],[31.703247962998883,34.617747563000506],[31.701930253998867,34.61738265900048],[31.700455338998854,34.616974221000504],[31.6977450679989,34.61444264900049],[31.69720752099889,34.61394054500047],[31.69715116099892,34.613887901000474],[31.69654566599892,34.61332232900045],[31.695385652998926,34.61366603600046],[31.6945783669989,34.6131215870005],[31.6945783669989,34.6131215870005]]]}