{"segmentId":"5000969","streetsFileVersion":236,"polygonPointList":[[[32.384419999997476,34.93466000000136],[32.385096652997476,34.93480957600138],[32.38537159899748,34.93487102900137],[32.386455383997465,34.93511326500134],[32.38674559599741,34.935755284001345],[32.387167315997445,34.93602668800132],[32.38738999999744,34.93617000000136],[32.38779918599749,34.93700842000135],[32.38780984899747,34.937030269001355],[32.38816576599744,34.937759541001356],[32.39019513199744,34.93827042300138],[32.39037201599748,34.938314953001345],[32.39087652499743,34.94266417700137],[32.39089373799741,34.942812562001365],[32.39022630199741,34.94514044600139],[32.38834746499739,34.944440958001366],[32.38830048899744,34.94427609300138],[32.38821145099746,34.94396361100141],[32.38815016499744,34.9437485230014],[32.387053067997414,34.94344724400136],[32.38646438299742,34.94328558200138],[32.386352460997415,34.94325484700138],[32.38458327099743,34.94276900200136],[32.38401409799744,34.9445639520014],[32.38223988099741,34.943990011001375],[32.38226123199746,34.94038144800135],[32.38041692099744,34.939852634001355],[32.38152099099748,34.93665463800136],[32.38230950599749,34.93700074200137],[32.38286372599745,34.935881980001334],[32.38356840499749,34.93601259400133],[32.38433603699743,34.93479335800133],[32.384419999997476,34.93466000000136],[32.384419999997476,34.93466000000136]]]}