{"segmentId":"5000399","streetsFileVersion":96,"polygonPointList":[[[31.725674215997543,34.963188360001546],[31.72545761299754,34.96289053000152],[31.72588591599756,34.96132008600153],[31.726671137997513,34.960249328001495],[31.727956046997576,34.95924995500154],[31.728384349997583,34.958179197001506],[31.728408312997587,34.958142163001504],[31.729169571997577,34.95696567200147],[31.730311712997583,34.95610906600152],[31.731453853997575,34.95446723800151],[31.731953540997576,34.95296817800148],[31.732038922997596,34.95276895300146],[31.73281014699762,34.95096943000147],[31.73395228799764,34.94982728900146],[31.735808267997598,34.948613764001486],[31.737450095997605,34.946757784001456],[31.737602728997643,34.94674975100142],[31.740162681997653,34.946615017001456],[31.741447590997613,34.94690055200145],[31.741447590997613,34.94868514800146],[31.741518973997593,34.9508980460015],[31.74166174199762,34.95296817800148],[31.74166164099759,34.95297090500147],[31.74151897399755,34.956822904001484],[31.740662367997587,34.9588216520015],[31.738449469997548,34.959606874001494],[31.73739986099752,34.959981734001516],[31.736450721997524,34.960320712001526],[31.734808893997513,34.96167700500154],[31.733880904997523,34.96246222700154],[31.732598286997536,34.963334407001526],[31.732096308997534,34.96367575200151],[31.730383096997553,34.96496066100157],[31.728669884997522,34.963889904001526],[31.72831822299752,34.96400095500156],[31.72731359199749,34.96431820700157],[31.726028682997534,34.96367575200151],[31.725674215997543,34.963188360001546],[31.725674215997543,34.963188360001546]]]}