{"segmentId":"5000927","streetsFileVersion":236,"polygonPointList":[[[32.31719343499732,34.96071046800148],[32.31806884699734,34.95934390400145],[32.31842307099732,34.95879094200147],[32.318792586997375,34.95822967900146],[32.32398205699733,34.957989910001444],[32.32417162899733,34.957683985001474],[32.32427801599737,34.957512302001454],[32.32434338199735,34.95740681600146],[32.32469935699737,34.95750000000144],[32.32521083499737,34.95763389000147],[32.32595999999738,34.957830000001465],[32.32685999999737,34.95634000000146],[32.32698896099735,34.95637137700143],[32.327589590997356,34.95651751200146],[32.32862823999738,34.95677021900148],[32.32892044099737,34.95605659200143],[32.32990289499733,34.95657592600143],[32.329497843997345,34.95901856400148],[32.329243188997374,34.96055424600149],[32.32904787999737,34.961282916001494],[32.33102752699733,34.961645042001464],[32.33265229999735,34.96194225200145],[32.33345999999733,34.96209000000147],[32.333243877997326,34.965255206001494],[32.3326031309973,34.965105932001464],[32.33246508499726,34.96507377200148],[32.331664518997314,34.965525106001465],[32.33009529199733,34.965881865001464],[32.33009245399731,34.965879092001515],[32.329115044997295,34.96679812900148],[32.3289560259973,34.9669476510015],[32.32773595499728,34.967565335001524],[32.32656837399728,34.967696404001494],[32.32583907099733,34.966510196001494],[32.32445379299728,34.96695803500152],[32.3237897129973,34.967172722001486],[32.32355060799732,34.96725002100149],[32.32258677899729,34.967561612001504],[32.320841067997286,34.96812597400148],[32.32062333099729,34.9657207930015],[32.3176168979973,34.9658393120015],[32.3174349509973,34.96523257300147],[32.317301120997335,34.96478629200148],[32.31670430699734,34.96481380100148],[32.31608238099732,34.96481245800148],[32.31617755899732,34.96395585200146],[32.31682276199734,34.96382006900149],[32.31719343499732,34.96071046800148],[32.31719343499732,34.96071046800148]]]}