{"segmentId":"5000512","streetsFileVersion":188,"polygonPointList":[[[31.80797710499633,35.12449650900249],[31.807911913996307,35.12475488100251],[31.808011828996317,35.12537688800252],[31.807945204996315,35.12607169100251],[31.807628098996307,35.12636876400253],[31.807089219996342,35.126579603002504],[31.807015414996265,35.12657966600251],[31.806881943996302,35.126625609002495],[31.80613594199627,35.12688240100252],[31.80591665799627,35.12893211700251],[31.805923913996285,35.12903323400256],[31.80593851899626,35.129245124002566],[31.805880298996225,35.12927196000253],[31.805873116996256,35.12933908900253],[31.803933371996276,35.13002793500254],[31.803766871996253,35.13025002400257],[31.803086345996253,35.13105428200254],[31.80286999999627,35.13108999900254],[31.802731232996255,35.13085746500258],[31.802520148996262,35.13079110100255],[31.80214043699626,35.13006674900254],[31.80198045599625,35.12959936800256],[31.801889858996255,35.12769892600253],[31.80183560199629,35.12762130900254],[31.801739999996286,35.12763000000254],[31.801709999996298,35.127600000002495],[31.801619999996323,35.1274200000025],[31.801606379996322,35.1273808430025],[31.80136021499629,35.127285673002554],[31.80121990399629,35.12635075800252],[31.801259350996304,35.125579342002496],[31.801258929996333,35.12490145300252],[31.801238450996347,35.1240833220025],[31.801298095996316,35.123685887002516],[31.801556734996353,35.123430173002475],[31.80180895799632,35.12351583400249],[31.801940552996346,35.12349134000249],[31.80206367199632,35.12346106400247],[31.802335988996305,35.12338109400247],[31.803029988996304,35.123245032002494],[31.803892922996297,35.123075850002515],[31.80393446199632,35.123099287002496],[31.80406999999629,35.12305000000247],[31.804319999996363,35.123000000002484],[31.80452999999634,35.123000000002484],[31.804649775996342,35.12298705200248],[31.805009998996326,35.12291999900247],[31.80539479199636,35.12329913400247],[31.805689999996282,35.12359000000248],[31.805806621996293,35.12359322600247],[31.805969372996305,35.123518193002496],[31.8062140239963,35.12348398500251],[31.806468278996345,35.12332369400252],[31.80648999999632,35.123310000002505],[31.80657999999633,35.12330000000247],[31.806784057996335,35.12333091800252],[31.806936674996287,35.12335404200252],[31.807035871996302,35.123369072002504],[31.80714709499635,35.123353520002524],[31.80728490699634,35.12339251600247],[31.807299999996328,35.12339000000247],[31.807439999996323,35.1233800000025],[31.807619999996323,35.1233800000025],[31.807719999996337,35.12342000000251],[31.807800915996335,35.12347779800251],[31.807807196996308,35.12347807700252],[31.808142629996333,35.12365783800249],[31.80828023799635,35.123784848002515],[31.808236985996317,35.124064586002476],[31.80822451499634,35.12408896500251],[31.80822122299629,35.124115774002526],[31.808171807996317,35.124192001002484],[31.808106859996325,35.124318965002495],[31.80797710499633,35.12449650900249],[31.80797710499633,35.12449650900249]]]}