{"segmentId":"5000016","streetsFileVersion":96,"polygonPointList":[[[29.831131227997805,35.02693975000206],[29.827473827997792,35.02628055900204],[29.827615802997833,35.025865344002064],[29.828389027997815,35.021640486002],[29.828527957997846,35.01969092600203],[29.829023328997817,35.01950052800199],[29.829029999997818,35.019460000002],[29.82895999999785,35.01935000100203],[29.82927999999783,35.01935000000198],[29.829379999997858,35.01936000000202],[29.829386606997847,35.01936090000199],[29.829589656997808,35.01928285700201],[29.83306064399784,35.019926278002025],[29.833067816997787,35.019924099002],[29.833491157997862,35.01979548700203],[29.833919999997814,35.019590000002005],[29.834149999997862,35.01950000000201],[29.834279999997804,35.01950000000201],[29.834368475997838,35.019528956002],[29.83440561399783,35.01951767300201],[29.834830750997792,35.01967933700203],[29.834836754997795,35.01968238500203],[29.8349999999978,35.01974000000203],[29.835059999997846,35.01969000000199],[29.835066407997836,35.01979895000201],[29.83546855799782,35.020003069001994],[29.836036237997856,35.02081430200204],[29.836507666997818,35.02173019700204],[29.836322649997832,35.02308814400202],[29.834837804997825,35.02479656400204],[29.8329872909978,35.025179001002016],[29.83285545299778,35.02520624700201],[29.831581719997764,35.025939527002045],[29.831131227997805,35.02693975000206],[29.831131227997805,35.02693975000206]]]}