{"segmentId":"5000983","streetsFileVersion":188,"polygonPointList":[[[32.4377888319974,34.93963423300136],[32.437595235997435,34.94033548900138],[32.437628496997384,34.94490137800139],[32.43649735199742,34.945252798001405],[32.43644103499735,34.94544478300136],[32.43279007299739,34.9447264030014],[32.432677828997384,34.9464600380014],[32.43253382799733,34.94868417300141],[32.4320116309974,34.952266109001414],[32.43194487499737,34.95272401300146],[32.43183066199731,34.95350744200142],[32.43093598299732,34.95501126200141],[32.42960487099732,34.9555817390014],[32.42893723599731,34.95586786800143],[32.42794540699731,34.95585261600146],[32.42554669799733,34.95631651700145],[32.42512984999734,34.95645393800143],[32.42396098599733,34.956906344001446],[32.42291445499737,34.95731140100142],[32.41977374999731,34.958527004001475],[32.41910857999732,34.95860233500148],[32.41890205499731,34.95858908100147],[32.41798438899728,34.95865443200146],[32.41775298899733,34.95851533900142],[32.41764261999734,34.95850825600147],[32.416738521997324,34.95790555000147],[32.41635148299732,34.95767290400144],[32.41629338099734,34.95760880200143],[32.41612288799736,34.957495145001445],[32.41535261399731,34.956720445001416],[32.41459169999737,34.95595515800144],[32.41458474599735,34.95591099600144],[32.41450323799736,34.95594006200141],[32.41432394799735,34.954254733001406],[32.41429405899734,34.95406491900146],[32.41394642599736,34.95402664400144],[32.4127755409973,34.95389772800145],[32.412682949997325,34.95389253500146],[32.41286735799736,34.95212578500145],[32.41330028299739,34.95050275500142],[32.41222423899741,34.94800543200141],[32.41256647899741,34.947277557001414],[32.41260561699738,34.946820776001374],[32.4131104709974,34.94603970700141],[32.413250011997405,34.94582382000139],[32.41408102499738,34.94533424800139],[32.41449609799741,34.9450897190014],[32.41560076399739,34.94461977600136],[32.418322272997415,34.94415578000141],[32.42182460099739,34.94451745900139],[32.42294705399744,34.94482790600139],[32.42300690999739,34.94480345500139],[32.42310936899738,34.944726782001375],[32.4265551859974,34.942148169001385],[32.42833423399741,34.94054331900135],[32.43223432699745,34.937851383001366],[32.433398678997456,34.93704772000137],[32.43402122199746,34.938569431001376],[32.43689063699742,34.93744728800135],[32.4377888319974,34.93963423300136],[32.4377888319974,34.93963423300136]]]}