{"segmentId":"5000255","streetsFileVersion":236,"polygonPointList":[[[31.518301436997717,34.94037526300147],[31.51796946199775,34.94060043200145],[31.51776274399772,34.94074064300142],[31.517383623997723,34.94066461400146],[31.51679771599771,34.940547117001444],[31.515894951997744,34.94072371400144],[31.514303074997738,34.93984425100146],[31.513731936997765,34.93970795700144],[31.513065687997734,34.93951760000143],[31.51247989099773,34.940547117001444],[31.512196618997752,34.940597450001434],[31.511484639997743,34.94072395900142],[31.510771886997727,34.94030758100147],[31.510676708997735,34.93975554600146],[31.510686226997752,34.93956518900145],[31.51108357899776,34.938699689001425],[31.510764971997755,34.93762301900144],[31.51052139299774,34.93679989000141],[31.509877209997786,34.93625298000143],[31.508934942997744,34.936862122001415],[31.508097372997735,34.93600551600146],[31.508049783997755,34.93538685600141],[31.507491935997766,34.93534446200142],[31.50511808299778,34.935090436001424],[31.504381281997755,34.93487594300143],[31.503887202997745,34.9342744550014],[31.50424863899779,34.93161489200137],[31.505022484997767,34.9311948870014],[31.508549048997796,34.92991134800142],[31.508712941997764,34.9311543330014],[31.508730910997755,34.93115501500141],[31.510717209997775,34.9312304010014],[31.510892715997798,34.93172967800142],[31.510224309997806,34.932233691001436],[31.511127398997747,34.93295205700143],[31.51230790599777,34.93324743600141],[31.512337572997755,34.933254859001394],[31.512846362997777,34.93394686400143],[31.51332742799774,34.9338877950014],[31.513773522997784,34.93424977200141],[31.515668817997785,34.931479781001414],[31.51619229999777,34.93218410100143],[31.515841558997742,34.93314211800139],[31.515079178997766,34.934682607001434],[31.514305836997774,34.93573521200142],[31.514671025997732,34.9363796630014],[31.515530294997763,34.9359070650014],[31.516733270997797,34.93487594300143],[31.517893283997747,34.934661126001394],[31.518451808997778,34.93539150400142],[31.518547634997784,34.93622507300143],[31.518319679997774,34.93689830600142],[31.518162641997755,34.937775734001455],[31.518151064997717,34.93784042000142],[31.518543206997766,34.93950332300145],[31.51855921799775,34.93990266500142],[31.518301436997717,34.94037526300147],[31.518301436997717,34.94037526300147]]]}