{"segmentId":"5000210","streetsFileVersion":96,"polygonPointList":[[[31.415972903998316,34.82494487000097],[31.41586426499828,34.82596516300098],[31.41593968599832,34.82713963100103],[31.41466135999827,34.82821207200099],[31.414626688998297,34.82825063600102],[31.414074027998318,34.82886534500101],[31.412495546998304,34.829956466001015],[31.411968971998327,34.83017552700101],[31.411831436998295,34.83003142700101],[31.411779999998302,34.83004000000101],[31.41093040499828,34.830175162001005],[31.410915054998263,34.83036050900102],[31.410925075998296,34.83039058200102],[31.411071491998317,34.83082999000101],[31.410795429998316,34.831879758001044],[31.41033149399829,34.832315517001014],[31.409959028998273,34.832208496001044],[31.40957423899829,34.83206063600102],[31.40956999999827,34.832060000001036],[31.40890999999829,34.83204000000103],[31.408699999998287,34.83195000000103],[31.408599999998263,34.83181000000104],[31.40828999999833,34.831150000001],[31.40821047699832,34.83090575300099],[31.408032238998338,34.83084203000101],[31.4077524899983,34.830626174001],[31.407715071998272,34.83040588500102],[31.407766158998307,34.83032923900101],[31.4084618819983,34.82928544300102],[31.408984531998275,34.827728473000995],[31.40922723099828,34.82625856700097],[31.40902672899831,34.826269120001015],[31.408552119998287,34.826406770001014],[31.40800784199833,34.826333831001],[31.407083687998327,34.82610383000103],[31.406982555998315,34.825795410001014],[31.406966338998306,34.82515278400101],[31.407176594998333,34.82363284800098],[31.40790903999832,34.821985586000984],[31.408585390998304,34.822271164000966],[31.408671743998347,34.82204945400101],[31.408649999998346,34.82189000000099],[31.408740932998334,34.82187181400101],[31.408747632998356,34.821854612000976],[31.408729999998304,34.82174000000097],[31.408679999998338,34.82109000000096],[31.40869999999835,34.821050000001],[31.408909999998315,34.82101000000099],[31.409089999998344,34.82100000000096],[31.409149999998338,34.82105000000101],[31.409169999998365,34.82113000000097],[31.40916999999835,34.821370000001],[31.40915999999834,34.82144000000099],[31.4091595389983,34.82144506300099],[31.409275800998294,34.82136308500097],[31.40966941899834,34.82138697700097],[31.409669999998346,34.82138000000098],[31.41038999999834,34.82143000000102],[31.410460290998326,34.82143937200098],[31.410720157998316,34.821471970001],[31.410797477998322,34.82148140000097],[31.41163513199837,34.819886439001],[31.412477134998365,34.818283198001],[31.413106626998342,34.817334607000994],[31.413416581998327,34.81724986200096],[31.413749270998327,34.817428311000995],[31.413809999998364,34.81745000000099],[31.41390804899834,34.817564621000955],[31.41436127399831,34.81795550300099],[31.414781533998315,34.81736538100098],[31.414907792998356,34.81718809000098],[31.41579316599835,34.81800528200098],[31.415413593998302,34.818744190001],[31.415975355998334,34.81907578900098],[31.416584967998315,34.81944893500095],[31.41684971899829,34.819987138000975],[31.416981112998354,34.820254244001],[31.417115435998348,34.821283225001004],[31.41690420599832,34.82246664800098],[31.416418840998315,34.82374856000101],[31.415972903998316,34.82494487000097],[31.415972903998316,34.82494487000097]]]}