{"segmentId":"5000281","streetsFileVersion":236,"polygonPointList":[[[31.59458096699903,34.562670188000375],[31.594474886999006,34.56268248700042],[31.593797882998985,34.56290827500039],[31.593524442999016,34.56341609200041],[31.590635741999044,34.56453769000042],[31.58983938999902,34.564022133000385],[31.58951875399902,34.56436260200042],[31.58939603399902,34.56449291300039],[31.588790502999007,34.56513590000038],[31.58835396199901,34.565970570000395],[31.587289999999026,34.5653400000004],[31.58767399999902,34.56473400000039],[31.588569999999034,34.56332000000038],[31.58767957899902,34.562494765000395],[31.587419998999064,34.56225418900038],[31.58788763399897,34.56086483900038],[31.58665061799904,34.559832845000415],[31.585674746999015,34.55901871400039],[31.584758930999033,34.5595981070004],[31.582472037999054,34.5576477390004],[31.58296707399906,34.556793269000366],[31.58194004799902,34.55518563900039],[31.58368144499901,34.55368616300039],[31.583640059999038,34.55304277800041],[31.58359999999904,34.552420000000375],[31.584492626999026,34.5515989840004],[31.584803847999037,34.5517720720004],[31.585506560999033,34.552162891000414],[31.586022797999046,34.552450000000405],[31.586759999999,34.5528600000004],[31.58682829999901,34.55283918500037],[31.58780999999903,34.55254000000041],[31.588220808999036,34.55293759800036],[31.58840443899903,34.55311532200038],[31.589396933999,34.55214117300038],[31.590234720999057,34.552205618000414],[31.591072507998977,34.55272117900039],[31.591631031999057,34.55420341800038],[31.59125539199902,34.555509056000396],[31.591595315999026,34.555832033000385],[31.592753949999,34.557024680000374],[31.592780802999012,34.55714283000037],[31.592762765999066,34.55719807400038],[31.592729167999018,34.5573009780004],[31.59422876299902,34.55875234800038],[31.594391745999026,34.55996185600037],[31.59455208799903,34.56115175900038],[31.59459006199904,34.56143357000042],[31.59459008899903,34.56143377000041],[31.59459044099901,34.561436380000366],[31.594491124998996,34.5616208240004],[31.594386561999034,34.561815013000405],[31.59458766599902,34.56198970100042],[31.594619508999,34.561996777000395],[31.594877667999,34.56205414600038],[31.595387859999057,34.56208636900039],[31.595414711999002,34.5623172970004],[31.595216006998996,34.56259656000037],[31.59458096699903,34.562670188000375],[31.59458096699903,34.562670188000375]]]}