{"segmentId":"5000512","streetsFileVersion":236,"polygonPointList":[[[31.801889858996255,35.12769892600253],[31.80183560199629,35.12762130900254],[31.801547216996298,35.12720875700253],[31.801298095996316,35.123685887002516],[31.801556734996353,35.123430173002475],[31.80180895799632,35.12351583400249],[31.801940552996346,35.12349133900249],[31.803238213996305,35.12324979600248],[31.804649775996342,35.12298705100249],[31.805009999996294,35.122920000002516],[31.80539479299635,35.12329913400247],[31.805689999996282,35.12359000000248],[31.805806621996293,35.12359322600247],[31.80623666099633,35.12360512000248],[31.806584153996322,35.12337814100249],[31.806883965996324,35.12343524800252],[31.806935274996317,35.123437751002484],[31.8072741969963,35.1234542830025],[31.807800915996335,35.12347779800251],[31.807807196996308,35.1234780780025],[31.808142629996333,35.12365783800249],[31.808254534996344,35.123844515002475],[31.80822451499634,35.12408896500251],[31.80822122299629,35.124115774002526],[31.80817180899628,35.12419199900251],[31.807962336996322,35.12451512300249],[31.807911913996307,35.12475488100251],[31.808011829996293,35.12537688800252],[31.807945204996315,35.12607169100251],[31.807628098996307,35.12636876400253],[31.807015414996265,35.12657966500254],[31.806881943996302,35.126625609002495],[31.80613594199627,35.12688240100252],[31.8059166579963,35.12893211400254],[31.805880299996304,35.129271959002544],[31.805873117996313,35.12933908900253],[31.803933372996266,35.13002793500254],[31.803766871996253,35.13025002400257],[31.803086345996253,35.13105428200254],[31.80286999999627,35.13109000000253],[31.8027312339963,35.13085746600256],[31.80198045599625,35.12959936800256],[31.801969936996237,35.12937871900253],[31.80118682399629,35.12956804300255],[31.800032785996258,35.13022239500253],[31.799521971996246,35.13024037400253],[31.79928325599625,35.12956804300255],[31.799615957996288,35.12908399900253],[31.799640121996266,35.12891924800252],[31.800841802996267,35.12880661600256],[31.801927924996257,35.128543318002514],[31.801930027996317,35.128541535002554],[31.801889858996255,35.12769892600253],[31.801889858996255,35.12769892600253]]]}