{"segmentId":"5000271","streetsFileVersion":188,"polygonPointList":[[[31.554385798997252,35.021073514001884],[31.55415336299723,35.02156541400187],[31.55353470299719,35.02270755600187],[31.55347718999717,35.02277273800189],[31.553356243997204,35.022909810001856],[31.553247070997216,35.02285158500188],[31.553231365997217,35.022852568001895],[31.553224201997192,35.022839387001845],[31.55317778399724,35.022814631001886],[31.55316399899721,35.02276597900186],[31.553141880997195,35.02268791700186],[31.553003924997217,35.02243407800187],[31.552711619997194,35.02247883000188],[31.552392561997248,35.02238632800184],[31.552023745997225,35.021910436001846],[31.551869080997225,35.02127987900189],[31.551833388997213,35.020482760001855],[31.55173965999725,35.019682462001846],[31.551298009997222,35.01785345500186],[31.550715041997226,35.01736566600182],[31.550203457997288,35.01685408200185],[31.549406338997237,35.01621162700186],[31.549168391997288,35.01559296700181],[31.549215981997296,35.01512897200183],[31.549489619997264,35.014736361001845],[31.549787051997292,35.01442703100179],[31.55015586899726,35.01427236600182],[31.550247090997303,35.0142486480018],[31.552118923997305,35.01352283600181],[31.552428253997284,35.013189712001804],[31.552880351997292,35.01266623000179],[31.553082605997286,35.012321208001815],[31.553207680997296,35.01223365600179],[31.553677470997332,35.0119048030018],[31.554117670997275,35.01164306200183],[31.554331822997298,35.011821521001806],[31.554247732997307,35.01225598500178],[31.55423520199727,35.01232072400182],[31.555438271997268,35.019257337001854],[31.55528360699723,35.01973322900185],[31.554950482997203,35.02006635400185],[31.554385798997252,35.021073514001884],[31.554385798997252,35.021073514001884]]]}