{"segmentId":"5000352","streetsFileVersion":236,"polygonPointList":[[[31.672784187998893,34.60928652500049],[31.67316590499892,34.60943333900049],[31.673524178998864,34.60935464000046],[31.674621925998895,34.60960664900047],[31.674717542998916,34.60941541500048],[31.675834591998896,34.60978060400045],[31.67598496399892,34.61210063000046],[31.6756669729989,34.61248028400049],[31.675533206998892,34.61263998900048],[31.675297548998895,34.61388361300046],[31.67533208199889,34.61405465100049],[31.675459998998903,34.61468820600046],[31.675465185998895,34.61471389700048],[31.675455055998874,34.615022739000466],[31.67545258999892,34.615023251000444],[31.674161455998863,34.61529117800049],[31.674008645998896,34.61532288800046],[31.673971377998864,34.6152969130005],[31.673299748998932,34.61482880800045],[31.673338621998926,34.61442064700045],[31.67207122699892,34.61437343700046],[31.67185360099891,34.61436533000048],[31.67153681299889,34.61411313400047],[31.671377406998918,34.613986230000506],[31.67119454099887,34.61384064900047],[31.67112574999886,34.61371166600045],[31.670850832998877,34.613196198000445],[31.670577614998905,34.61225653300047],[31.670628178998925,34.611750898000444],[31.671280466998883,34.61119839800047],[31.67158588099891,34.61093883600047],[31.67192369299891,34.60897338700046],[31.67195766899891,34.60877570900047],[31.67203232799892,34.60834132900045],[31.672597908998878,34.60905234500047],[31.672784187998893,34.60928652500049],[31.672784187998893,34.60928652500049]]]}