{"segmentId":"5000314","streetsFileVersion":236,"polygonPointList":[[[31.6254129539984,34.79309539500091],[31.624943222998393,34.79240138600088],[31.624837599998365,34.792245332000874],[31.62485247199839,34.79124595900086],[31.623977152998414,34.791222551000864],[31.623891492998375,34.79103695300089],[31.62431979599841,34.7902517310009],[31.62519067799835,34.790280285000875],[31.626632631998408,34.79033739200084],[31.629707166998376,34.79085394300089],[31.630617310998364,34.79124655400087],[31.63153935199842,34.791710549000896],[31.631419984998374,34.792525605000876],[31.63136354499839,34.79291098600087],[31.631617641998357,34.792897636000916],[31.631708212998355,34.79289287700088],[31.63258631499836,34.7928467410009],[31.632663646998385,34.79331668500087],[31.63256251999841,34.7944945180009],[31.632294170998403,34.79541679300092],[31.63158554299834,34.795176635000914],[31.631123778998404,34.795020141000904],[31.631064292998396,34.79534731700089],[31.63097089599838,34.79547397800091],[31.630630040998398,34.79593623300092],[31.6299459459984,34.796316947000875],[31.630064918998393,34.797429345000914],[31.629541437998355,34.79803015900091],[31.62887756799838,34.79803491800089],[31.62903419699838,34.80047288600093],[31.629041750998326,34.80059045900089],[31.629358218998338,34.80057380300093],[31.629461725998347,34.80188726500092],[31.629358218998338,34.80199434100092],[31.62946191899835,34.802887977000935],[31.628591811998312,34.80301373800093],[31.627687918998333,34.803144382000895],[31.62738959999837,34.8031875000009],[31.627373449998334,34.80299023300092],[31.627206899998328,34.800955900000936],[31.628927518998356,34.800713407000906],[31.629033999998324,34.8006984000009],[31.629020616998357,34.800503505000904],[31.62885129999838,34.79803770000091],[31.628227418998364,34.79793848000087],[31.627117956998376,34.797717260000915],[31.62514419399833,34.796935607000925],[31.624715790998348,34.79630891500089],[31.623592489998412,34.79495115000087],[31.623396841998378,34.79484336300088],[31.623145445998343,34.79470486200089],[31.622877756998342,34.79423016000087],[31.622746376998396,34.793898255000876],[31.622810621998354,34.79361272000089],[31.62297769399836,34.793637674000855],[31.624770506998377,34.79408256700087],[31.625275057998394,34.7940269970009],[31.6254129539984,34.79309539500091],[31.6254129539984,34.79309539500091]]]}