{"segmentId":"5000496","streetsFileVersion":236,"polygonPointList":[[[31.770001326995004,35.252906487003656],[31.770052313995016,35.25178899100364],[31.76789434399503,35.25233469500363],[31.766963973995022,35.252748738003625],[31.76633775699498,35.25303562300366],[31.76471490099497,35.25323273800365],[31.76420325099499,35.25295741800364],[31.762349602995037,35.25317982200363],[31.76182482299498,35.25391743900367],[31.761798839994956,35.25479638500368],[31.761071029994966,35.25611893100368],[31.760176742994958,35.257041656003686],[31.759139500994934,35.258951518003705],[31.757676777994952,35.25966767200369],[31.75696754799492,35.259698341003705],[31.75331399999491,35.26014000000369],[31.75043478699492,35.26192600700374],[31.7480359999949,35.26341400000377],[31.745984999994935,35.260330000003734],[31.743081999994946,35.25971200000369],[31.74283265699498,35.25907421400371],[31.74247614699495,35.25816230800371],[31.741998789994934,35.25694129200371],[31.74152562099499,35.255730988003656],[31.741017816995022,35.25443209200366],[31.74079082399501,35.253851475003636],[31.740712072995017,35.25365004000362],[31.73998955199503,35.251801926003616],[31.739582411995045,35.251883986003634],[31.738640144995028,35.25191253900363],[31.73724102099504,35.251601835003605],[31.734137701995042,35.251602807003614],[31.73363583099507,35.25160296400361],[31.732802663995084,35.25160322500363],[31.73257959799502,35.251603295003626],[31.730471513995056,35.25160395500364],[31.730060722995017,35.25262674100362],[31.729963096995025,35.25276681300364],[31.729403990994992,35.25356900700366],[31.728709188994976,35.25416863200368],[31.728347052995016,35.25436794700366],[31.727945222994986,35.25458910900365],[31.72723199999501,35.25548300000365],[31.725803999994994,35.254817000003676],[31.72369792199499,35.25553714300365],[31.723489702994975,35.255608340003654],[31.721714298994982,35.25621541400368],[31.72168018599501,35.25632438400367],[31.721492974994973,35.256922420003654],[31.721193162995004,35.2572222320037],[31.720351029995022,35.256690052003705],[31.72034231399497,35.25668454400368],[31.720223999994968,35.256725000003705],[31.718370999994985,35.25656100000367],[31.71723799999503,35.25453100000366],[31.717618999995086,35.24853500000361],[31.718554441995078,35.247933719003605],[31.72028399999509,35.2468220000036],[31.720581082995103,35.246397340003575],[31.720592179995098,35.24638147700358],[31.72094999999513,35.245870000003535],[31.72088199999519,35.24191500000354],[31.722721999995166,35.23850300000348],[31.722752035995192,35.237483335003475],[31.722768678995223,35.236918348003506],[31.72285599999524,35.23395400000344],[31.72389369799524,35.23266946500346],[31.728419454995315,35.22706716800341],[31.728976999995318,35.2263770000034],[31.730796999995388,35.22187600000335],[31.732367999995393,35.2211480000033],[31.733106651995406,35.22158157000335],[31.740904999995333,35.22615900000337],[31.741041654995335,35.22736928700338],[31.74178999999522,35.23399700000344],[31.741907430995244,35.23406653000347],[31.745025999995228,35.23591300000345],[31.743271999995187,35.2370510000035],[31.743004402995176,35.23746897100349],[31.74299427899521,35.23797011000349],[31.74297584999519,35.2388823700035],[31.743675410995145,35.23968186900349],[31.745445729995136,35.239481995003516],[31.745788372995158,35.239624762003515],[31.74638799699518,35.240238663003524],[31.746959067995125,35.2401672790035],[31.7484438509952,35.238910924003484],[31.74852135499516,35.238675182003504],[31.748497124995172,35.2386730000035],[31.74880076999519,35.238411237003476],[31.74951460899519,35.238282746003485],[31.749797829995156,35.238790140003495],[31.750414996995175,35.24040998400352],[31.75045782699514,35.24170917000352],[31.75079157699512,35.241746253003505],[31.75084329999513,35.24175200000355],[31.751385816995125,35.24160923300355],[31.75191405699518,35.240809734003506],[31.751771288995123,35.23958193200354],[31.75158399999517,35.23895100000349],[31.752789401995223,35.2382058370035],[31.75550999999522,35.236524000003456],[31.755638999995245,35.229428000003395],[31.755747734995285,35.22942257300343],[31.75864892299532,35.22838805500338],[31.759854431995294,35.227819942003386],[31.760056809995298,35.227724569003364],[31.76030502799531,35.22760759200336],[31.76094272399533,35.22763614500341],[31.76221494199531,35.22764467200338],[31.7625480669953,35.22767322500338],[31.762790771995324,35.22782075200341],[31.76283405199531,35.22789136700337],[31.76297161099532,35.22811580500341],[31.763061621995295,35.22861013700338],[31.763076306995277,35.22905807200339],[31.763185963995294,35.22915260400338],[31.763352323995264,35.22929601800342],[31.76365962899528,35.229418279003426],[31.763794903995276,35.229472098003384],[31.764332294995253,35.2296648460034],[31.764733568995275,35.22999791900338],[31.76481799999526,35.230068000003435],[31.764854511995267,35.2300670360034],[31.765095874995236,35.230204972003385],[31.765655047995274,35.23028825300338],[31.766055094995274,35.23021686900342],[31.76642093699529,35.230077076003404],[31.76695631599528,35.2295179030034],[31.767307285995294,35.228533401003396],[31.767350768995325,35.22799964100339],[31.767407380995298,35.227304712003374],[31.769105678995327,35.22601816300337],[31.769910761995302,35.22540827100335],[31.771265999995283,35.225812000003394],[31.771359360995323,35.226644550003385],[31.77197394099532,35.22671411600336],[31.776398999995276,35.22721500000338],[31.778128763995287,35.22578848000338],[31.778982999995286,35.22508400000335],[31.779008540995292,35.22512523400339],[31.780728984995307,35.22790280100336],[31.78154599999528,35.228001000003395],[31.783635999995287,35.22710600000337],[31.784875999995293,35.227529000003386],[31.787129573995305,35.22683361700339],[31.787244999995284,35.226798000003356],[31.7934759999953,35.226536000003385],[31.795585128995288,35.22867703500337],[31.79610711499525,35.2292069170034],[31.796428577995286,35.229533243003395],[31.799755999995227,35.23291100000343],[31.80355799999522,35.234881000003426],[31.805030478995185,35.23465614500342],[31.806363239995203,35.23445262600346],[31.80649427399519,35.23443261600344],[31.8065583239952,35.23447551400344],[31.80655879999521,35.23447583300342],[31.80786399999516,35.23535000000344],[31.80804006399517,35.23780789800345],[31.808164182995107,35.2395406260035],[31.808208931995146,35.24016533200351],[31.808215999995127,35.24026400000347],[31.80668475399508,35.243293308003516],[31.8066009999951,35.243459000003504],[31.805099363995073,35.24417738500354],[31.80486088999505,35.24429147100354],[31.803198218995064,35.245086895003546],[31.80319799999508,35.24508700000357],[31.802374999995035,35.2469070000036],[31.802636378994983,35.24996802900361],[31.802960973994953,35.25376938600363],[31.803208904994946,35.25667292300366],[31.800831999994926,35.2598210000037],[31.796900531994893,35.260389108003686],[31.79555361999493,35.260583740003725],[31.79223699999487,35.2610630000037],[31.790609999994885,35.26369000000374],[31.788110169994848,35.26165267200369],[31.78653842099489,35.260371718003704],[31.786241335994884,35.26012959800371],[31.785431999994945,35.259470000003724],[31.78422993799495,35.2593744660037],[31.78364697499494,35.259643771003724],[31.782669092994894,35.26201412900376],[31.781608212994858,35.262683111003746],[31.780942135994938,35.26160759500371],[31.781012226994932,35.25989302900372],[31.779974565994955,35.25885159400372],[31.778615405994934,35.25683961100365],[31.777333241994956,35.25603579400368],[31.776096033994943,35.25517895400363],[31.77560459799496,35.25419936300364],[31.775057710995004,35.252918917003626],[31.77458906299502,35.25271454100363],[31.774016223994963,35.253161119003614],[31.77380513099502,35.25323344000361],[31.771759259994983,35.25393435400367],[31.77169076799496,35.25391880000366],[31.771207755994972,35.254535154003655],[31.770788612994977,35.254519621003645],[31.77069568199496,35.25422295000364],[31.770728593995,35.25358361500361],[31.770001326995004,35.252906487003656],