{"segmentId":"5000478","streetsFileVersion":188,"polygonPointList":[[[31.79813283599391,35.334340033004544],[31.79768999999382,35.34027000000461],[31.80003050099373,35.344947968004675],[31.801261074993732,35.347407519004726],[31.799757254993654,35.35007251500477],[31.793993318993717,35.34677203300469],[31.79078235299378,35.344933404004706],[31.788999999993738,35.34656999900471],[31.788769999993747,35.346620000004684],[31.786709999993718,35.34703000000474],[31.78670822299373,35.34702508500471],[31.786705280993704,35.347025674004726],[31.785839748993773,35.34462185200468],[31.785835730993806,35.34458942500467],[31.785830657993785,35.3445484750047],[31.785519999993834,35.342170000004664],[31.785489999993803,35.341920000004684],[31.785379999993815,35.34106000000461],[31.785369999993836,35.34083000000462],[31.785384035993815,35.34074323300465],[31.785086514993843,35.340692536004646],[31.783428571993817,35.34041002800464],[31.78014491599385,35.339220298004605],[31.776908848993866,35.3376022640046],[31.77924071999395,35.334651733004556],[31.779171564993938,35.33386336400452],[31.779002773993966,35.33193914700453],[31.781334645994004,35.3300831680045],[31.78318805899398,35.33027280900452],[31.785310204993987,35.328497215004454],[31.788157069994046,35.32611525000444],[31.793629829994057,35.32373578900444],[31.79441699799404,35.32368783100439],[31.794426994994094,35.323687222004416],[31.795567994994077,35.32361770700441],[31.79565313399409,35.32371792200445],[31.797591088994015,35.32599904600444],[31.797692996993987,35.33074330100449],[31.79909449999397,35.3295892630045],[31.80339449499407,35.32594333600448],[31.804258683994032,35.32521059800445],[31.804259999994038,35.32521000000441],[31.804260329994015,35.32521051000442],[31.804262877994002,35.325210374004435],[31.804282423994074,35.32523997600442],[31.80506696199403,35.32621079300443],[31.80523862199401,35.32614397000443],[31.805952459994025,35.32719093300446],[31.806868552994008,35.328440150004496],[31.807796542993955,35.330676843004504],[31.80821294799394,35.33278266600455],[31.80747531599393,35.334519673004536],[31.807380952993924,35.334572686004556],[31.8064164549939,35.33511453800453],[31.805357594993875,35.33475761900457],[31.80435866099389,35.33449663600454],[31.804036993993932,35.33441259700454],[31.803248237993895,35.33393283800456],[31.802882955993944,35.33371065600454],[31.802871322993965,35.33105612000449],[31.80042999999396,35.3305600000045],[31.79834048099392,35.331559474004536],[31.79813283599391,35.334340033004544],[31.79813283599391,35.334340033004544]]]}