{"segmentId":"5000889","streetsFileVersion":188,"polygonPointList":[[[32.27043999999791,34.86198000000109],[32.27004999999787,34.861990000001065],[32.26981999999788,34.86186000000105],[32.26952999999788,34.86177000000105],[32.26922999999791,34.861640000001096],[32.268869999997904,34.86142000000108],[32.26910976999792,34.86105035500104],[32.269107867997896,34.86104776000109],[32.269289942997915,34.86083208000109],[32.270269999997886,34.859460000001086],[32.27014999999791,34.85922000000106],[32.269659999997906,34.85824000000103],[32.26957353199794,34.858043481001054],[32.26943999999791,34.857740000001044],[32.26917999999795,34.85712000000107],[32.26909900199795,34.856826865001075],[32.269083215997945,34.85677172600103],[32.26723999999797,34.85659000000104],[32.265435382997985,34.85442612500103],[32.26536547499798,34.85438532000106],[32.265104666997935,34.854029571001064],[32.26496999999795,34.85301000000103],[32.26579582599794,34.85341531600104],[32.26661516899792,34.85218897100103],[32.26624627699795,34.85080802400104],[32.265859771997974,34.84987115100103],[32.265829999997955,34.84980000000105],[32.265829999997955,34.84979898400105],[32.26582901499799,34.84979659700105],[32.26582745199798,34.84924014600103],[32.26503846799796,34.84928549000103],[32.26496152499794,34.84929031800102],[32.26439887099795,34.84939443800102],[32.26369762399795,34.84905779500105],[32.263659999998,34.84904000000103],[32.263069999997974,34.848900000001045],[32.26222155999797,34.84778445900099],[32.261989999997965,34.84748000000104],[32.261809999997936,34.84793000000105],[32.26149999999799,34.84753000000103],[32.261429999997986,34.84738000000101],[32.26135872699801,34.847261212001],[32.261253462998,34.847085772001044],[32.26101461299797,34.84706328500101],[32.260494976998004,34.847065320001036],[32.26025936999795,34.84684000100099],[32.26015999999795,34.846840000001],[32.25975999999796,34.84676000000105],[32.25730863899798,34.84576879600103],[32.25792711599804,34.84435587500104],[32.25788868399804,34.844221684001],[32.25827652099795,34.84355765500099],[32.25879601899798,34.84350463700098],[32.25918604499798,34.84360501000099],[32.259271624997986,34.84324793500103],[32.25933549399796,34.84298146700103],[32.25943999999798,34.84253000100101],[32.25951999999801,34.842380000001],[32.25983816699802,34.841902750000976],[32.26006985899801,34.84129795400097],[32.260939998998026,34.84080000000101],[32.26231598399802,34.84131396100098],[32.26270439799801,34.841459043000995],[32.26307644999799,34.841194306000986],[32.26336233699803,34.84122856900101],[32.26335999999798,34.84122000000103],[32.263349999998006,34.841170000000986],[32.263339999997996,34.841050000001],[32.263848982998034,34.841268137000995],[32.26536472899801,34.84101532500101],[32.265499999998,34.84093000000102],[32.26550039499802,34.84093000000102],[32.26550069399797,34.840929811000976],[32.26588665599804,34.840928273000976],[32.26712042799801,34.840722492001],[32.26712999999803,34.84070000000097],[32.267230719998,34.84069414700102],[32.26732226699802,34.84068882700102],[32.267301973998016,34.84076690000101],[32.26728752699802,34.84082248400101],[32.26730640399804,34.84085605000102],[32.26766642999803,34.84149621200099],[32.26766991399802,34.84150240600103],[32.26772358499799,34.84159784400099],[32.26804906199799,34.84192732400099],[32.268245739998,34.842126427000984],[32.26848153099802,34.842377805001014],[32.26853095699799,34.842430499001],[32.268542435998036,34.84245998500101],[32.26856394199802,34.84251522500101],[32.268568445998014,34.84252679500097],[32.26859201199802,34.84258732400103],[32.268778486998,34.843066304001],[32.26885353499798,34.84318347900102],[32.26901933599801,34.843442348001005],[32.26927047899799,34.84421886300099],[32.26930960499801,34.84449608000101],[32.269440112997984,34.845420747001015],[32.26945292199796,34.84591860800099],[32.269559785998,34.84647815200099],[32.26976155799795,34.847431499001004],[32.26977029399798,34.847472773001016],[32.269786877997966,34.84755917100102],[32.269810412998005,34.847681777001014],[32.26987179699799,34.848001562001],[32.26999498799798,34.84852393100102],[32.270009812997976,34.84857671400103],[32.27007791299802,34.84895672000102],[32.27108807599796,34.85459352200106],[32.27113764599794,34.854825599001025],[32.27160523399791,34.85701476300104],[32.271742303997904,34.858087692001035],[32.27181192899789,34.85863268700108],[32.271920037997944,34.85923594500109],[32.27195226899793,34.85941579800105],[32.27195697599794,34.859514129001056],[32.2719742649979,34.859875393001055],[32.27197889699793,34.85997219200106],[32.27201683899794,34.86009751400109],[32.27192233299794,34.86031456900104],[32.27189510399793,34.86037710700104],[32.27189214399791,34.86037744400106],[32.27188999999791,34.86039000000106],[32.271797526997894,34.86039770700107],[32.271761922997904,34.860446442001084],[32.271729999997916,34.860629999001034],[32.2716599999979,34.86093000000106],[32.271579999997904,34.86112000000103],[32.271459999997916,34.861310000001076],[32.27130999999788,34.86150000000105],[32.2710360969979,34.86172499200108],[32.27102999999791,34.861730000001096],[32.2706999999979,34.86190000000107],[32.27043999999791,34.86198000000109],[32.27043999999791,34.86198000000109]]]}