{"segmentId":"5000282","streetsFileVersion":236,"polygonPointList":[[[31.595268999998897,34.611915000000494],[31.595208074998947,34.61227540300049],[31.595224261998894,34.61267139500048],[31.59522437399891,34.61267413100048],[31.595236981998926,34.6129825880005],[31.59504924499889,34.613348450000466],[31.595015591998898,34.6134140340005],[31.594984999998942,34.61359500000046],[31.594963230998914,34.613788153000456],[31.594960960998886,34.613808290000485],[31.594709999998948,34.616035000000494],[31.594105426998897,34.61650110600048],[31.5934219979989,34.61702800800047],[31.593368843998903,34.61706898800046],[31.593159999998925,34.6172300000005],[31.59293539499887,34.617205738000486],[31.592849586998913,34.617196469000504],[31.59216502699893,34.61738384300047],[31.592039012998892,34.61741833500046],[31.591983612998877,34.61740555100048],[31.59148048799891,34.61728944500047],[31.590913449998926,34.61698732500046],[31.58886628899893,34.61676618800047],[31.5888089999989,34.61676000000048],[31.5888684509989,34.61659546600047],[31.589221999998916,34.615617000000476],[31.590102670998927,34.615675233000474],[31.590115195998926,34.6143053810005],[31.590115231998926,34.614301486000464],[31.589199866998896,34.61328522700048],[31.58891212799895,34.61314669800046],[31.588882869998915,34.61313261200049],[31.588720048998923,34.61275252300046],[31.588543284998945,34.61255627500046],[31.588370999998922,34.61236500000049],[31.588517108998953,34.610958555000444],[31.588707219998927,34.609128538000455],[31.58886758499892,34.607584859000454],[31.588982920998895,34.607523896000444],[31.59130230299894,34.60629793700049],[31.59169197899897,34.60685785800048],[31.591869312998938,34.607040407000476],[31.591872877998917,34.60704955700045],[31.59459732699891,34.607756180000436],[31.594557269998926,34.60791172600047],[31.594582524998955,34.60806882600049],[31.59419585399896,34.60947050800049],[31.594260298998904,34.60956180600046],[31.594278581998957,34.609808622000486],[31.59428178099893,34.609851809000496],[31.594337119998897,34.61005871300048],[31.5943881459989,34.61024949500049],[31.59435863999891,34.610538131000474],[31.59431296399892,34.61098494200049],[31.59507312199889,34.61155226200045],[31.59507978599889,34.611557236000486],[31.595268999998897,34.611915000000494],[31.595268999998897,34.611915000000494]]]}