{"segmentId":"5000537","streetsFileVersion":236,"polygonPointList":[[[31.83412308999752,34.958518103001516],[31.833745212997524,34.95897838500153],[31.83337207399753,34.95957284500148],[31.83302943099752,34.959947610001485],[31.831794490997506,34.96016533000151],[31.830755855997516,34.96038305100153],[31.8301997759975,34.96044015800149],[31.830085561997546,34.96033665200148],[31.830116286997523,34.9601502540015],[31.83009050699757,34.96015419000148],[31.83014750699752,34.95907117500153],[31.82957643699756,34.95702483900149],[31.82926710699757,34.95633479500147],[31.82804709599752,34.954788210001496],[31.827894701997547,34.95436155900149],[31.82773280799757,34.95291122000146],[31.827709408997595,34.952701603001465],[31.827258039997616,34.94865799300145],[31.82777466799761,34.94844347800146],[31.828563199997625,34.94811606300144],[31.829377313997583,34.94857799600145],[31.830543533997574,34.95080976700148],[31.830882881997553,34.95145916900145],[31.831421092997587,34.95117063100143],[31.831818699997562,34.95045692200147],[31.832065738997546,34.94952246800147],[31.832474619997562,34.949665959001486],[31.832484632997545,34.94998432500147],[31.83237722399754,34.95022062300147],[31.831751263997575,34.951207850001474],[31.831090428997555,34.951856349001446],[31.83161871499755,34.952867317001456],[31.832979197997535,34.95325815900145],[31.833667655997534,34.95409810700148],[31.834472129997533,34.954508310001486],[31.83468229499755,34.954615474001464],[31.83483679599754,34.95493138400151],[31.83556031599754,34.956410777001466],[31.83412308999752,34.958518103001516],[31.83412308999752,34.958518103001516]]]}