{"segmentId":"5000271","streetsFileVersion":236,"polygonPointList":[[[31.550247092997285,35.0142486480018],[31.552118923997305,35.01352283600181],[31.55246912299728,35.01319348300182],[31.552631691997266,35.01261350600179],[31.55345022699727,35.01191870400179],[31.554021296997316,35.01145232900181],[31.554354421997317,35.01181400800179],[31.55437535299729,35.01312879200179],[31.55479006699727,35.01551993900183],[31.55678891399725,35.014465287001826],[31.556643912997295,35.014239729001815],[31.55758910899727,35.01350398000181],[31.558067076997233,35.0140571340018],[31.557046694997272,35.01495399600179],[31.556815766997232,35.01453510200179],[31.55483575699725,35.015783374001856],[31.555438271997268,35.019257337001854],[31.554950482997203,35.02006635400185],[31.5543858009972,35.02107351100185],[31.5535449729972,35.02257319700186],[31.554505585997237,35.02360456500185],[31.555320208997212,35.02519945600188],[31.555338001997182,35.025570143001865],[31.554709661997183,35.026569043001885],[31.553576500997224,35.02677311900189],[31.552781676997196,35.02456050200186],[31.55312889799721,35.02266402800188],[31.553003925997185,35.02243407800186],[31.552711619997194,35.02247883000188],[31.552392561997248,35.02238632800184],[31.55173966099724,35.01968246500187],[31.551309874997266,35.01790259000185],[31.55054728399726,35.01736291100186],[31.54915767899729,35.0159257160018],[31.549172931997244,35.01559778500184],[31.549173612997258,35.01558312700184],[31.549195749997256,35.015107182001834],[31.54934803599725,35.0145646640018],[31.550139634997272,35.01429031600179],[31.550247092997285,35.0142486480018],[31.550247092997285,35.0142486480018]]]}