{"segmentId":"5000284","streetsFileVersion":236,"polygonPointList":[[[31.591541808998425,34.778577388000826],[31.593999524998456,34.77673676800082],[31.595769569998446,34.77618877600081],[31.595545185998443,34.77525849100082],[31.598530044998483,34.775916591000836],[31.60316287599844,34.77827450400082],[31.60475354199841,34.778808755000846],[31.61228999999837,34.78134000000086],[31.612074651998405,34.78161414300087],[31.6092499999984,34.78521000000087],[31.60612320299836,34.792040642000906],[31.604589999998357,34.79539000000089],[31.604521770998392,34.79537008300092],[31.60200716099841,34.794636030000895],[31.599877891998382,34.79767991900092],[31.599699403998343,34.79862335500093],[31.598627777998367,34.7992494070009],[31.597705736998375,34.79963606900088],[31.595961387998347,34.80040623100093],[31.592630345998383,34.80101615700091],[31.590488830998382,34.80214640100093],[31.58721707299833,34.801551535000904],[31.584421205998353,34.801848968000925],[31.582696096998347,34.80143256200092],[31.58222020399838,34.79899361500088],[31.584064286998352,34.795900316000875],[31.584718637998364,34.7925690700009],[31.5865258339984,34.79218393800088],[31.58645141899842,34.79166392900088],[31.58635712299838,34.79100499100091],[31.585757498998404,34.79065283100088],[31.584405964998364,34.78980574200088],[31.585546190998418,34.787450873000886],[31.583393281998415,34.785817928000846],[31.583340606998412,34.78399540600084],[31.580456957998443,34.78351283800084],[31.58043999999844,34.783510000000845],[31.577635364998415,34.782893895000846],[31.576528331998457,34.782650709000855],[31.57653470799841,34.78122064700086],[31.577818201998472,34.77734052000084],[31.579190186998446,34.778241562000865],[31.581055683998432,34.77890781100086],[31.581959878998468,34.77850806200087],[31.58431078699845,34.779174311000865],[31.584343787998456,34.77957715500082],[31.584373599998408,34.77994107600085],[31.58473576999846,34.78017856700086],[31.586695478998447,34.78004936000087],[31.587241394998415,34.780013367000834],[31.588953962998435,34.77812383300084],[31.59020924899846,34.779575361000866],[31.591541808998425,34.778577388000826],[31.591541808998425,34.778577388000826]]]}