{"segmentId":"5000800","streetsFileVersion":188,"polygonPointList":[[[32.12163076799677,35.05028126300196],[32.1211511129968,35.05009363300199],[32.12101232499677,35.04996570000194],[32.118730607996824,35.05134892000199],[32.11844851299676,35.05104076100195],[32.11841508399679,35.05102337100197],[32.11833999999677,35.050990001001985],[32.118170861996795,35.05078786000198],[32.11814536099683,35.05078224400197],[32.118149903996816,35.050762813001974],[32.11799011899681,35.050571849001955],[32.1179318389968,35.050503564001964],[32.11793094899678,35.05050113400197],[32.117929999996804,35.050500000001975],[32.117889999996784,35.05045000000198],[32.117849999996764,35.050290000001986],[32.1182899999968,35.048450000001964],[32.11720339099679,35.04815593700195],[32.1148331919968,35.04771233000192],[32.11439083199678,35.04762953800193],[32.11219923999681,35.04680168900196],[32.11189243299682,35.04568085400196],[32.111904214996834,35.04559174100196],[32.11197728699685,35.045039083001946],[32.11169460899686,35.04355740300196],[32.11178095299685,35.043148132001924],[32.11205598599685,35.041844474001934],[32.11304108299688,35.04161604600192],[32.11417608599685,35.04163746100191],[32.11479712499686,35.042215670001944],[32.114919654996825,35.04235898200192],[32.115440128996816,35.04296773200195],[32.11576870799687,35.042983115001896],[32.118102785996854,35.04309239300192],[32.118665025996826,35.04269250800194],[32.11890244799681,35.042623871001915],[32.11893066199683,35.04260734200192],[32.118939999996854,35.042590000001944],[32.119022675996845,35.04244302000194],[32.11902750399682,35.042434166001954],[32.11902775699683,35.0424339870019],[32.119029999996876,35.042430000001886],[32.119539999996846,35.04207000000189],[32.119873026996835,35.04204224800189],[32.119898939996844,35.04204002800189],[32.12020964799688,35.041857984001915],[32.12044838599688,35.04151317800193],[32.120770609996896,35.041094284001915],[32.12112505899687,35.04090094800192],[32.12141506299683,35.04126613800188],[32.12162987899686,35.04176021600192],[32.12159765799683,35.04227577900194],[32.121823215996855,35.04305986200194],[32.12181270799687,35.04310494400192],[32.121797401996815,35.043170612001916],[32.12149024899685,35.04448839600196],[32.12150096299685,35.044710541001905],[32.12181963499685,35.04564139900192],[32.1218272499968,35.045813157001945],[32.121840680996804,35.046116131001966],[32.123279201996816,35.04817028600198],[32.12320668299677,35.04855076200195],[32.12316842499682,35.04905923600197],[32.1230508699968,35.049161122001955],[32.12277697999677,35.049413533001974],[32.12271947199677,35.04944535300197],[32.122715293996784,35.04944975000198],[32.12263912999679,35.04950449900199],[32.12228820899677,35.05023598800196],[32.12227999099679,35.05054393700196],[32.122222892996824,35.050606301001984],[32.12221901999679,35.050686789001965],[32.12214379099679,35.050692697001956],[32.121986902996774,35.050864052001984],[32.12163076799677,35.05028126300196],[32.12163076799677,35.05028126300196]]]}