{"segmentId":"5000465","streetsFileVersion":236,"polygonPointList":[[[31.776355481996035,35.15678248200275],[31.775807466996042,35.154296925002726],[31.775747868996035,35.15402661700274],[31.775807195996105,35.15326904600272],[31.77600501099607,35.15285507900274],[31.776070468996085,35.15238869600273],[31.77645560199609,35.151882204002725],[31.777534009996064,35.151813243002714],[31.777442966996084,35.15145897700272],[31.77625703299607,35.15102438100273],[31.775314691996087,35.15042816500271],[31.775304101996106,35.1509007630027],[31.774679316996103,35.15087928100273],[31.77445816099608,35.15078167600272],[31.774672311996138,35.148368903002705],[31.77528621299613,35.14842601000268],[31.775339923996096,35.14862209400272],[31.775391537996143,35.14909462800271],[31.77635696999609,35.14956815100268],[31.7776133259961,35.15011066800268],[31.778117944996108,35.150965863002725],[31.7784639869961,35.15175377400271],[31.779402734996083,35.15169374400272],[31.78076223899611,35.15160680900271],[31.781369185996077,35.1513916510027],[31.781645203996067,35.15141068700272],[31.78180700699608,35.15176284700271],[31.781834712996073,35.1524220080027],[31.78163840799608,35.15265519500275],[31.779715802996066,35.154368407002735],[31.779686179996066,35.15438686800276],[31.779377479996057,35.154579246002704],[31.779353753996038,35.15459403200273],[31.77905907199604,35.154777675002734],[31.778676834996034,35.15462915600274],[31.777986048996034,35.15512867600274],[31.77803437099605,35.155829346002776],[31.777891603996014,35.15639089900274],[31.777301496996042,35.15688582700276],[31.776616212996057,35.15682872000278],[31.776355481996035,35.15678248200275],[31.776355481996035,35.15678248200275]]]}