{"segmentId":"5000572","streetsFileVersion":236,"polygonPointList":[[[31.880055488998263,34.802359046000895],[31.879135811998285,34.80181617400091],[31.8790078319983,34.80174062900089],[31.878707561998276,34.80156338400093],[31.87801036799829,34.800828643000884],[31.87776891399828,34.8005741860009],[31.877561366998304,34.8004187450009],[31.875521552998297,34.798891037000864],[31.875078200998303,34.79885930900091],[31.874626785998327,34.79882700400088],[31.874271486998307,34.798576912000875],[31.87439324099831,34.797846391000895],[31.874727964998286,34.7978327110009],[31.874790040998267,34.79722268200087],[31.874829999998283,34.79683000000089],[31.875114575998307,34.79446069300089],[31.87514031999831,34.79446261600085],[31.87546988499828,34.794487236000876],[31.880781711998324,34.79479871100087],[31.881737140998286,34.79610321900087],[31.882205247998286,34.79675061000089],[31.882250213998322,34.79748313600088],[31.88183782099827,34.79866564900088],[31.88133983899832,34.79861880900089],[31.88134061699828,34.79862622400087],[31.88143076699826,34.799408275000914],[31.881335245998276,34.79943096000088],[31.8814922139983,34.800590275000886],[31.881475481998287,34.80068092700087],[31.88154852399828,34.80168375100089],[31.881644575998276,34.80187585700087],[31.88173308099828,34.80258775700087],[31.881073504998277,34.80256590000089],[31.880607983998278,34.8024713090009],[31.880610410998298,34.80252614200088],[31.880333512998252,34.80252315900088],[31.880055488998263,34.802359046000895],[31.880055488998263,34.802359046000895]]]}