{"segmentId":"5000761","streetsFileVersion":188,"polygonPointList":[[[32.08302945499767,34.92084936600129],[32.081459043997626,34.925439174001355],[32.08074762699762,34.92836858400135],[32.0806220019976,34.928885875001335],[32.0798964309976,34.931873570001365],[32.07975643099762,34.93186357000138],[32.0796864309976,34.931873570001365],[32.079336430997614,34.93179357000133],[32.0789764309976,34.931743570001345],[32.078896430997574,34.93172357000134],[32.07869643099756,34.931613570001325],[32.078597383997575,34.93157569900137],[32.07675643099759,34.93115357000136],[32.0739464309976,34.93168357000138],[32.07385643099756,34.93124357000135],[32.07384643099759,34.93101357000136],[32.0737864309976,34.93047357000137],[32.073636430997645,34.93053357000137],[32.07338643099763,34.930613570001356],[32.07263643099759,34.93075357000134],[32.07255343099762,34.93076279200136],[32.0725376799976,34.930766487001335],[32.07227643099758,34.930853570001375],[32.0722264309976,34.930853570001375],[32.072166430997584,34.930853570001375],[32.07169504799762,34.92888852500135],[32.07160227099764,34.92890317400133],[32.0715987479976,34.92890373000135],[32.0715364309976,34.92891357000137],[32.07131643099764,34.92879357000134],[32.07131643099764,34.92844357000136],[32.07131643099764,34.92817419100133],[32.07131643099764,34.92817054600134],[32.07131643099764,34.927883570001356],[32.07131643099764,34.92778357000133],[32.07133643099764,34.927393571001325],[32.0704564309976,34.92753357000133],[32.0701864309976,34.92657357000136],[32.07035643099761,34.926523570001315],[32.07026643099763,34.92601357000134],[32.0706298949976,34.92589879200134],[32.07078643099762,34.92442357000132],[32.07167069299764,34.924168003001306],[32.07167422299765,34.92416698300135],[32.07251643099766,34.92392357000133],[32.07290643099763,34.92381357000132],[32.072434910997686,34.9194728110013],[32.0725588699977,34.917603887001285],[32.07262050899769,34.916674565001294],[32.07354639599766,34.9165613440013],[32.07425071699767,34.914962347001264],[32.074764679997706,34.914867168001294],[32.0757735719977,34.91511463200128],[32.07725115199766,34.91542929300128],[32.07683881299769,34.916348591001274],[32.076292856997696,34.91768186500133],[32.07600780399766,34.91837798900133],[32.07601306999767,34.91839603300132],[32.076087798997676,34.91865207500131],[32.07784842199764,34.918906865001304],[32.078338481997676,34.91941810800131],[32.07929999999768,34.919590000001286],[32.079579999997705,34.919670000001304],[32.080756894997656,34.920004266001285],[32.081990854997684,34.920354740001315],[32.082959999997684,34.92063000000134],[32.082951155997634,34.92065604200134],[32.082900051997676,34.92080651300131],[32.082909398997685,34.920807546001306],[32.08303886899767,34.92082185200133],[32.08302945499767,34.92084936600129],[32.08302945499767,34.92084936600129]]]}