{"segmentId":"5000728","streetsFileVersion":188,"polygonPointList":[[[32.03617999999678,35.054810000001986],[32.035905100996764,35.054487705002],[32.03588999999678,35.054470000001984],[32.035859999996816,35.054200000001984],[32.03599287599684,35.054097496002],[32.035706879996845,35.05300852300201],[32.03439999999683,35.052930000002],[32.03370971899682,35.054438657001995],[32.03354600999681,35.05479645200201],[32.03342999999681,35.055050000002005],[32.033521360996794,35.056313303001986],[32.03362707399674,35.05777506400203],[32.03374999999678,35.058140000002005],[32.03371999999678,35.05906000000202],[32.03351999999676,35.06072000000205],[32.03351927399679,35.06072167200204],[32.033519082996726,35.060723258002035],[32.033473963996755,35.060825991002055],[32.033447021996764,35.06088802000204],[32.03308999999679,35.06171000000206],[32.032539999996715,35.06222000000202],[32.032121768996745,35.06226402400206],[32.03158261599674,35.062322400002024],[32.03109956499671,35.062292499002076],[32.03051999999672,35.062260000002034],[32.03044270999672,35.06222908400208],[32.03016485199672,35.06212083600207],[32.03001759899677,35.061518861002014],[32.02998999999674,35.06141000000201],[32.02997461799675,35.061339324002056],[32.029903399996726,35.061119166002015],[32.02987108199675,35.060863623002035],[32.029787211996734,35.06047827100207],[32.02965168399673,35.05997681400202],[32.02961825999675,35.059704781002026],[32.029589999996766,35.059620001002024],[32.02950999999678,35.05937000000204],[32.02947096899674,35.059217423002046],[32.02937062599678,35.05902217400204],[32.029319579996766,35.05877454200201],[32.02931091399676,35.05875636100205],[32.02903608499675,35.05805679900202],[32.02907177799681,35.056793305001996],[32.029200304996806,35.05650434100202],[32.02928004399681,35.05619638600203],[32.029069999996786,35.05479000000197],[32.02915931699682,35.054337037001986],[32.02920999999679,35.05408000000201],[32.02937999999681,35.053210000001975],[32.02937999999681,35.05295000000201],[32.02965999999682,35.05182000000201],[32.02987999999681,35.051250000001964],[32.03000999999685,35.05098000000197],[32.0303299999968,35.05050000000198],[32.03056752099681,35.050138968001974],[32.03061358099685,35.05003044500198],[32.03287662599688,35.04829349700195],[32.03288999999687,35.04824000000198],[32.03293999999685,35.048190000001945],[32.03299999999685,35.04817000000194],[32.03302408199684,35.048180321001986],[32.033605207996835,35.047734291001944],[32.03366097399683,35.047687044001954],[32.03463086499686,35.046865315001945],[32.03478091699684,35.04672704100195],[32.03532999999684,35.04617000000198],[32.03595999999686,35.045640000001946],[32.03606892299688,35.04556481400194],[32.03708736199691,35.04485733700194],[32.03806996499686,35.04407450000196],[32.03830575399693,35.04395290300193],[32.03899509699687,35.043597406001936],[32.039457964996885,35.043596597001915],[32.03966238499686,35.04369499700193],[32.03994999999687,35.04383000100194],[32.040016261996904,35.04399092100193],[32.04015999999689,35.04434000000192],[32.04022675199682,35.04447930900195],[32.040935116996884,35.044986519001974],[32.04162924599688,35.04484946100196],[32.041918534996874,35.044848959001925],[32.04235525199688,35.04492913700195],[32.04238444499684,35.044934445001914],[32.04272490499686,35.04492221300195],[32.04391470099688,35.044879464001966],[32.04406231499691,35.04408086400196],[32.044083398996875,35.043966798001925],[32.044427421996886,35.04367667300193],[32.04491615599687,35.04350609700192],[32.04548594999687,35.043555019001936],[32.045606906996866,35.04411521000192],[32.045844598996915,35.045216038001925],[32.04587791099685,35.046429563001965],[32.04580652699683,35.04679600000193],[32.04540069699685,35.04709152300197],[32.04513999999684,35.04821000000195],[32.04503576199685,35.04848262400194],[32.044973715996846,35.048742399001966],[32.044564448996844,35.04946099700196],[32.044200397996796,35.049699030001975],[32.04401930999686,35.04986164000199],[32.04400767799685,35.049872115001946],[32.04397188499685,35.04989320100194],[32.04354999999683,35.05015000000195],[32.04282999999683,35.050250000001974],[32.04263803099681,35.050294682002],[32.041669999996834,35.05052000000199],[32.04086860899679,35.051671558002006],[32.04004999999682,35.05313000000201],[32.03928999999679,35.054290000001984],[32.039112783996785,35.05455936900201],[32.03903999999681,35.054670000002],[32.03825999999676,35.05542000000198],[32.03727999999682,35.05525000000201],[32.03617999999678,35.054810000001986],[32.03617999999678,35.054810000001986]]]}