{"segmentId":"5000289","streetsFileVersion":188,"polygonPointList":[[[31.58638488899569,35.20041958500319],[31.58432264399571,35.19947438800315],[31.584824117995705,35.19782225900317],[31.58533568899572,35.196443029003156],[31.58550068899576,35.19585918200312],[31.58713281499578,35.194448938003106],[31.588155983995748,35.193735099003085],[31.589288003995744,35.19329290400307],[31.589678838995752,35.19314023400309],[31.59145774299576,35.19282408200311],[31.591739171995783,35.19386537100313],[31.59116810099575,35.195471507003106],[31.58927642999571,35.198755163003135],[31.589194257995747,35.19874162900314],[31.587101780995702,35.19839698400314],[31.58638488899569,35.20041958500319],[31.58638488899569,35.20041958500319]]]}