{"segmentId":"5000907","streetsFileVersion":236,"polygonPointList":[[[32.304517820997226,34.97977560100155],[32.30438149299718,34.98220768300158],[32.3048948769972,34.9822999990016],[32.30519678599721,34.98235428800159],[32.305275823997185,34.982368501001574],[32.30543672399722,34.982397434001584],[32.30525966599718,34.983397769001606],[32.30476401699716,34.98619806900161],[32.30475648799719,34.98624060300159],[32.30450748699717,34.98619247200157],[32.30351685599718,34.9860009880016],[32.303485510997206,34.98617017500158],[32.30212480399714,34.993514615001615],[32.2962179929971,34.99313342200161],[32.29608735899717,34.993124992001626],[32.29600999999711,34.99312000000161],[32.29560509899716,34.99299409700164],[32.295298038997146,34.99289861700162],[32.292720737997165,34.992097211001614],[32.291850557997186,34.99104036500162],[32.2871059919972,34.99141658700163],[32.28709531599712,34.99141386800162],[32.28538784099716,34.99097907800163],[32.28370510599717,34.99222579800163],[32.28264891599711,34.99534799000162],[32.27802711399715,34.994530390001664],[32.27331876899718,34.99369748100161],[32.27288360799713,34.99362050100165],[32.27262987699719,34.9854973880016],[32.27239700799724,34.978042170001544],[32.272899645997235,34.97797128500154],[32.274716981997216,34.97771499400156],[32.27547190899725,34.97494317400152],[32.276709780997315,34.9703981510015],[32.27840865199732,34.97023038700155],[32.2786349959973,34.970208036001495],[32.27909828499728,34.970162286001525],[32.279048040997324,34.96969886300155],[32.27883999999731,34.96778000000152],[32.28120187799732,34.9674962460015],[32.28142266199731,34.96746972100149],[32.281421813997326,34.967210073001496],[32.28142082399734,34.96690714300152],[32.282753321997326,34.96687145100148],[32.2830560969973,34.96776270700153],[32.28329732299732,34.96808448500154],[32.28353625199728,34.966572151001486],[32.28386237299732,34.964507923001484],[32.284467249997356,34.960679277001475],[32.28512638999742,34.95650716000145],[32.28763564499742,34.95686808000145],[32.29139905299738,34.95740939200145],[32.29513687199735,34.96024497900146],[32.2965622969973,34.96282403300149],[32.2966886389973,34.96305262700145],[32.30053223299734,34.96413826700151],[32.301257488997365,34.96466572600151],[32.30156571699736,34.96488989200147],[32.3036731209973,34.96642254900152],[32.30551475299733,34.967103152001506],[32.308926970997305,34.96836418900151],[32.30961225599725,34.9720761490015],[32.30653946999729,34.97561705400154],[32.30536048399727,34.976975651001524],[32.304517820997226,34.97977560100155],[32.304517820997226,34.97977560100155]]]}