{"segmentId":"5000491","streetsFileVersion":236,"polygonPointList":[[[31.79735273099685,35.06126949700209],[31.797910423996882,35.06094283000206],[31.79851326699682,35.06063180300205],[31.798598681996836,35.0605877340021],[31.798948900996866,35.06060070700207],[31.799270627996844,35.06061262500205],[31.79934449799682,35.06061536100205],[31.799760237996836,35.06069457200206],[31.799937128996874,35.06077809100205],[31.79995334999685,35.06144612100209],[31.800404785996868,35.0632030030021],[31.80094245199682,35.063728622002074],[31.80106737299679,35.063883287002106],[31.801031680996783,35.06459712600206],[31.800801163996848,35.064745615002096],[31.79902719999684,35.06556735700213],[31.79885654899679,35.06629194600209],[31.798698854996793,35.0669615220021],[31.798279999996755,35.06874000000211],[31.79813208299679,35.06880358300211],[31.797073676996785,35.06925854800211],[31.796709350996785,35.068939445002144],[31.7961201139968,35.06894793200214],[31.795806024996768,35.06881944100215],[31.7956275659968,35.06921919100213],[31.794942280996732,35.070575484002156],[31.794592846996757,35.070505478002104],[31.79434307299675,35.07045543800215],[31.793669999996798,35.07110000000214],[31.793183826996767,35.07021881200213],[31.79313434699677,35.07012913000214],[31.79206999999675,35.06820000000211],[31.792135499996785,35.06711106400213],[31.792178963996818,35.06685683600211],[31.79254155899679,35.06473599000208],[31.792386893996852,35.0627610380021],[31.793029347996843,35.06277293500209],[31.792993655996867,35.06372471900209],[31.792869689996788,35.06654290800209],[31.794649999996803,35.065733774002126],[31.79470179599679,35.06564820400212],[31.79499746899684,35.065159737002084],[31.795587322996845,35.06418526700207],[31.79568830599682,35.06401843700211],[31.795753660996812,35.06391046800211],[31.795872649996824,35.063153746002094],[31.796550796996858,35.062142475002055],[31.796776844996874,35.0616427890021],[31.797352003996846,35.06126992300207],[31.79735273099685,35.06126949700209],[31.79735273099685,35.06126949700209]]]}