{"segmentId":"5000462","streetsFileVersion":188,"polygonPointList":[[[31.77384538699727,35.00284864400172],[31.7769353729973,35.00247865900176],[31.78109999999727,35.00198000000173],[31.781289999997284,35.002120000001725],[31.781319999997265,35.00219000000172],[31.78135999999728,35.00228000000172],[31.781379999997284,35.0023500000017],[31.78144048299724,35.00260292900172],[31.781824382997286,35.003305293001716],[31.781927917997272,35.00349471300175],[31.782430566997267,35.00352823200174],[31.78281710599724,35.003542997001745],[31.783545420997243,35.003265292001714],[31.784250149997266,35.00387293900176],[31.785033317997247,35.00421484200175],[31.785951389997237,35.00521662000175],[31.78614142299727,35.00571474800175],[31.786256251997244,35.00587017500173],[31.786259999997217,35.00586000000173],[31.786329999997264,35.00597000000174],[31.786334718997214,35.00670854400175],[31.786339113997247,35.00739637200178],[31.7844060929972,35.00896738900179],[31.784433651997226,35.011694992001786],[31.784484230997254,35.0124189960018],[31.784574222997175,35.013284112001806],[31.784536154997202,35.01352033500181],[31.78453999999722,35.01352000000177],[31.784489999997213,35.01382999900179],[31.784486137997167,35.01383071200181],[31.784457053997166,35.01401118800178],[31.783362897997204,35.014668683001766],[31.78164842799718,35.0144561980018],[31.779877042997214,35.01423665900181],[31.778787269997206,35.01357964800181],[31.776661621997224,35.01006511100179],[31.77643883199721,35.00987457300177],[31.776023613997236,35.00901023100176],[31.775101840997234,35.00938320200176],[31.77366935899725,35.00643495400174],[31.772784175997277,35.004613125001725],[31.772032335997274,35.003065733001705],[31.772809959997286,35.00297262300173],[31.77384538699727,35.00284864400172],[31.77384538699727,35.00284864400172]]]}