{"segmentId":"5000351","streetsFileVersion":188,"polygonPointList":[[[31.66859999999626,35.13643000000264],[31.66858304299629,35.13646108800259],[31.66859066399632,35.13646557600259],[31.66857041899627,35.1364842320026],[31.668479999996258,35.1366500000026],[31.668339999996277,35.136890000002616],[31.668199852996263,35.13699717100264],[31.66819898099624,35.137011221002645],[31.668105311996296,35.137069467002625],[31.667829999996258,35.1372800000026],[31.667455647996253,35.13756076400263],[31.66727294499623,35.13770062400262],[31.667270292996253,35.13769978000261],[31.66726999999623,35.137700000002624],[31.667029999996288,35.13763000000263],[31.66693326499627,35.137513523002625],[31.66619216599626,35.13710327200261],[31.66559440099629,35.13761484600265],[31.664214848996274,35.13887501900265],[31.663114761996262,35.14114574800264],[31.66230054199621,35.14282640800268],[31.66116999999618,35.14516000000266],[31.66114622099618,35.14517270700266],[31.65974809999622,35.146174198002676],[31.659738679996163,35.14618107800268],[31.658409162996175,35.14663533000268],[31.657300818996216,35.146117830002666],[31.656927995996185,35.145627996002666],[31.65690999999618,35.14561000000267],[31.656897049996203,35.14558733800267],[31.65685731499616,35.14553513100267],[31.656855680996152,35.145516134002676],[31.656839999996194,35.14549000000268],[31.656839999996194,35.14533381300267],[31.65680294699619,35.14490300300265],[31.656749999996183,35.14435000000265],[31.656749999996183,35.1443100000027],[31.656751445996225,35.144304214002666],[31.6567458999962,35.14423972900267],[31.657332854996213,35.14309458500265],[31.657349999996228,35.14306000000266],[31.657409999996172,35.142940000002675],[31.65743108099622,35.142897838002675],[31.657501613996228,35.14274301800264],[31.657589999996212,35.14251000000268],[31.65765999999626,35.14236000000266],[31.658559999996257,35.14144000000265],[31.658749999996232,35.14125000000267],[31.65894854199625,35.14105016800264],[31.660289999996223,35.13970000000264],[31.660795027996222,35.139412657002616],[31.662382837996258,35.13791990200265],[31.662674679996282,35.13764553300264],[31.662906186996263,35.13396142800262],[31.66289899299632,35.13363877700258],[31.66245706399632,35.1334869410026],[31.65949160499628,35.13246808200259],[31.65999605099635,35.131497262002554],[31.662475034996323,35.1324136640026],[31.664012579996324,35.13298204600258],[31.665449774996304,35.13376250800261],[31.66553720499633,35.13382482700261],[31.66596577099629,35.13405038800259],[31.665987441996318,35.134145740002594],[31.666344452996338,35.13440020500262],[31.666344452996302,35.1351425950026],[31.667878240996263,35.13604597200259],[31.668270556996248,35.13602483800258],[31.668310316996315,35.136099114002604],[31.6683399999963,35.1361500000026],[31.668374627996258,35.13621925600262],[31.66837919699627,35.13622779200261],[31.668438045996275,35.136282769002605],[31.66859999999626,35.13643000000264],[31.66859999999626,35.13643000000264]]]}