{"segmentId":"5000411","streetsFileVersion":236,"polygonPointList":[[[31.737859452997963,34.87969875000117],[31.736763348998,34.87923686300119],[31.736652238998012,34.87898569200118],[31.735994656997978,34.87749918100119],[31.73664551299799,34.874647260001176],[31.73829129899799,34.87475695500117],[31.738441950997977,34.876523537001134],[31.73865598599798,34.87655736800119],[31.739319158998004,34.876662190001156],[31.739388661998,34.87694619600117],[31.739819439998005,34.877147595001155],[31.73984373199798,34.87715895200117],[31.741183502998002,34.87514253400118],[31.741332994997983,34.87491754200115],[31.74250414899802,34.87489608300117],[31.742933775997958,34.87558776700118],[31.742875169997994,34.875839152001134],[31.742775843998,34.87626520000114],[31.74229169799795,34.87834188600115],[31.74270160699801,34.87838276500114],[31.742764462998025,34.877944580001184],[31.74296041699799,34.877736344001136],[31.743381581997994,34.877786313001174],[31.74339942799796,34.87785412800115],[31.743281884997998,34.87844063400119],[31.743345591997972,34.87844698700118],[31.743585818997946,34.87912572400118],[31.743594176997966,34.879149338001156],[31.74364137199801,34.87912684600119],[31.74404563099799,34.878934185001164],[31.744227173998002,34.878847666001185],[31.744961164997964,34.87822187300115],[31.745403744997965,34.87812193500114],[31.745647900997987,34.87817057900114],[31.74583626399798,34.878080810001144],[31.745852413998016,34.87829616900118],[31.745997638998,34.878338836001184],[31.74611212499798,34.87837247100115],[31.746311920997943,34.87843117100116],[31.746384937997988,34.878524660001155],[31.746350673997988,34.87904576200115],[31.746240162997974,34.87908005400116],[31.746165302997984,34.87910328400117],[31.74618066799801,34.879178137001176],[31.746226465997964,34.87940125300114],[31.74631493099796,34.87951577400114],[31.746344143997966,34.87955359100117],[31.746276433997977,34.879862393001176],[31.746033108997977,34.88030431700115],[31.746006615997953,34.880352433001164],[31.74584184999796,34.88043142900116],[31.74555259599795,34.88071690000116],[31.744809258997993,34.88126008800116],[31.744128050997993,34.881358653001186],[31.743925412997985,34.8813502560012],[31.743706764998002,34.8814550860012],[31.742851077997962,34.88186534100116],[31.740909591997948,34.881949105001176],[31.740326109997998,34.88139514200116],[31.73929090999802,34.88098204800121],[31.73860508099797,34.88001295100115],[31.737859452997963,34.87969875000117],[31.737859452997963,34.87969875000117]]]}