{"segmentId":"5000535","streetsFileVersion":188,"polygonPointList":[[[31.838341382997935,34.8816641380012],[31.838246204997922,34.888564575001176],[31.83829379399789,34.89072988500119],[31.837663332997867,34.89087805800122],[31.834851232997895,34.8915389660012],[31.833130362997917,34.891943410001225],[31.83158371399789,34.89201479400119],[31.831501200997888,34.89147061300118],[31.8310418629979,34.88844121900122],[31.830714656997923,34.88794156900122],[31.83054438299792,34.88794314700119],[31.830433118997934,34.88751165500116],[31.83022501299794,34.88719387300121],[31.830038291997923,34.88598048200117],[31.830025609997946,34.88593130000118],[31.82958946699795,34.885920701001176],[31.82920434399793,34.885912426001205],[31.8287172679979,34.8859019600012],[31.826612333997925,34.885856728001215],[31.82661468199793,34.885848396001165],[31.826599185997928,34.88584802000116],[31.826781908997912,34.88519611100115],[31.82676622199794,34.88518983600118],[31.826760429997893,34.885189585001164],[31.826471827997906,34.88518317100118],[31.826109999997893,34.885200000001184],[31.82599999999797,34.8853100000012],[31.825907079997915,34.88517062000119],[31.825873450997932,34.88516987200119],[31.826012981997923,34.884888520001205],[31.825896295997953,34.88484184300119],[31.826541973997934,34.88382186700119],[31.82802332499798,34.88083488100118],[31.828815964997936,34.87923660700117],[31.829502128997937,34.87785303000114],[31.82950707299797,34.87785505200114],[31.829508074997953,34.87785299000117],[31.829525612997955,34.87786263100113],[31.829719280997974,34.87794179900115],[31.829779999997925,34.87779000000117],[31.829989999997967,34.877890000001145],[31.829989999997967,34.877940000001125],[31.830019999997962,34.877990000001176],[31.830059999997964,34.878040000001164],[31.830198268997957,34.878137602001146],[31.833023730997912,34.879292605001154],[31.83417016799797,34.88095959300117],[31.834699999997955,34.88173000000118],[31.834789999997938,34.88175000000118],[31.83779979399791,34.881677232001195],[31.838341382997935,34.8816641380012],[31.838341382997935,34.8816641380012]]]}