{"segmentId":"5000956","streetsFileVersion":236,"polygonPointList":[[[32.37512821399681,35.03267776700183],[32.375071106996806,35.03379135500185],[32.3747385419968,35.034285896001826],[32.372669578996806,35.034723561001876],[32.37285944599675,35.03872585000187],[32.371941952996735,35.04080315500188],[32.369063083996714,35.047321227001916],[32.368644382996685,35.048269211001916],[32.367371170996684,35.05115190200196],[32.36730793399667,35.05118505100195],[32.36705075999667,35.05131985900194],[32.3661909589967,35.051770562001956],[32.36477424699669,35.051268437001916],[32.36468713899671,35.051237563001926],[32.36507043699668,35.05014842100196],[32.36229999999669,35.04891000000191],[32.36184540599669,35.0472683760019],[32.36248152599672,35.04693395900192],[32.36294256299673,35.04669158500194],[32.36296247499673,35.04668111700192],[32.36265031999673,35.04536465400189],[32.36100024399672,35.0450945550019],[32.36088134699669,35.0450750930019],[32.36044399799673,35.0453048230019],[32.35948381599676,35.045809186001904],[32.35871469199672,35.04436349700191],[32.35860848099672,35.04416385700191],[32.358409148996756,35.04378918200192],[32.35811398699674,35.043234379001916],[32.356690450996815,35.04055862200188],[32.35608185499681,35.04044673500188],[32.354260176996824,35.040111830001884],[32.353491610996755,35.04038855400189],[32.35310001199676,35.04052955000186],[32.352209999996774,35.04085000000187],[32.35216600799675,35.040847199001874],[32.349551541996746,35.04068071600189],[32.349678947996814,35.04030291700191],[32.35028372099677,35.03850958000186],[32.35380020199681,35.03831483200185],[32.35454871599681,35.037296939001855],[32.3546199999968,35.03720000000186],[32.35543999999679,35.038080000001855],[32.356362859996835,35.03364895200187],[32.35647883699681,35.033092096001866],[32.356260836996825,35.03271319100182],[32.35668015399686,35.02905556000184],[32.35610808399682,35.0289148280018],[32.35613934299687,35.0284620760018],[32.35628999999687,35.02628000000179],[32.35734418099686,35.02474218100182],[32.358151582996896,35.02481374300178],[32.35806419399692,35.0240969500018],[32.3585867599969,35.021089405001774],[32.3602143119969,35.020889530001746],[32.36084973199691,35.02305834100176],[32.363961962996925,35.023495040001784],[32.36387628799685,35.024283642001784],[32.36389041799686,35.02428655800177],[32.364778880996916,35.02446991800182],[32.365069999996905,35.02452999900178],[32.36510434799689,35.02465055600178],[32.36535074599686,35.02551537400182],[32.36591780299686,35.027505650001835],[32.367691546996845,35.02746883000179],[32.369226173996864,35.02743697400182],[32.369856830996866,35.027423883001795],[32.371230656996886,35.02739536400179],[32.37137160399688,35.02733786900182],[32.37171662599691,35.02611244700181],[32.37258512899689,35.02640988000182],[32.37276358899686,35.027088026001806],[32.37229312299685,35.030810194001795],[32.372530463996874,35.03157302100182],[32.37512821399681,35.03267776700183],[32.37512821399681,35.03267776700183]]]}