{"segmentId":"5000030","streetsFileVersion":236,"polygonPointList":[[[30.175978270997767,35.01454634500194],[30.176105684997726,35.01455257200197],[30.17825779599772,35.01388724800195],[30.179069834997776,35.01377579200193],[30.179109640997726,35.01414200600194],[30.178997822997733,35.014724776001934],[30.17883126099772,35.015212565001974],[30.1781462149977,35.01671271600194],[30.178138054997703,35.01683921300194],[30.17739428999773,35.01743349100199],[30.176459999997764,35.01818000000194],[30.17593215899775,35.017541313001956],[30.175459999997713,35.016970000001976],[30.17500999999772,35.01493000000195],[30.175343235997758,35.01479796300193],[30.175978270997767,35.01454634500194],[30.175978270997767,35.01454634500194]]]}