{"segmentId":"5001660","streetsFileVersion":96,"polygonPointList":[[[33.24619368098446,35.68152805001027],[33.24596313698441,35.68240034801029],[33.245700001984396,35.682470005010266],[33.245578263984434,35.68250224001032],[33.24482515198441,35.68184986001028],[33.244429999984476,35.68158000001027],[33.243119999984465,35.680530000010236],[33.242544807984494,35.680044062010225],[33.24246301798446,35.68006792801022],[33.242023444984476,35.680065548010255],[33.24145685498446,35.68043612801026],[33.24132858298447,35.68063772701023],[33.241285638984486,35.680773457010254],[33.24140717098446,35.68098209501026],[33.24140581598446,35.68133564901028],[33.24109109298449,35.68137553901026],[33.240828075984474,35.68135583801027],[33.24044868798449,35.68132742001028],[33.24019895298449,35.68095242001024],[33.2401996129845,35.68078012701025],[33.23955999998446,35.68099000101026],[33.23927999998449,35.68113000001026],[33.239104125984454,35.68118317101026],[33.23884999998448,35.68126000001028],[33.238669999984474,35.681290000010264],[33.238479999984435,35.68119000001029],[33.23821999998448,35.68131000101026],[33.237939999984455,35.68125000001025],[33.237899999984435,35.68122000001027],[33.23766999998446,35.68061000001026],[33.23750999998449,35.680340000010254],[33.237069999984534,35.68001000001022],[33.237439999984524,35.67941000001025],[33.23718999998457,35.67862000001017],[33.23719084898455,35.67861759301022],[33.23672391698458,35.6782807770102],[33.236255077984595,35.67771779801019],[33.236005881984575,35.67719337001017],[33.23594635498464,35.676333702010176],[33.23585499798463,35.67558595001011],[33.23576401598471,35.67503168701012],[33.23575999998462,35.67503000001011],[33.2353806569847,35.67443472401009],[33.2351073749847,35.674012712010075],[33.23467020698476,35.67337521601009],[33.234045061984766,35.67262463501004],[33.233813508984774,35.672182664010045],[33.23351508398475,35.671613052010045],[33.233234190984795,35.67116320701004],[33.233267691984786,35.670602952009986],[33.233299929984824,35.67037895501],[33.23364558598486,35.670306058010006],[33.234397313984815,35.670795757010026],[33.234897855984784,35.671284127010004],[33.2353370069848,35.67139855401005],[33.23583951098478,35.67136386101001],[33.236310062984835,35.67147844701001],[33.23674767098478,35.67200386201005],[33.236918323984746,35.67227717101007],[33.23721582198476,35.67275363001005],[33.23729260898477,35.672888944010104],[33.23729999998476,35.672890000010064],[33.2375232919847,35.67329545201008],[33.23768369798474,35.67357811701007],[33.2383096829847,35.67410457401011],[33.238779517984696,35.67440598101012],[33.23924325998465,35.67472463101012],[33.23965640298466,35.67500851301015],[33.23993377598463,35.67544164201014],[33.24001742398463,35.67552003201014],[33.240658013984664,35.67583591701011],[33.241443384984606,35.67572802701013],[33.24172696098464,35.675467993010116],[33.24219820698465,35.675395774010106],[33.24335907098463,35.675626206010136],[33.24461315698463,35.67611870501017],[33.24485097098462,35.67627400501013],[33.245775272984616,35.67667963401014],[33.246244839984556,35.67728533301017],[33.246102500984556,35.67795013201017],[33.2465186779845,35.67880513201019],[33.246884493984496,35.67911909601023],[33.246828407984495,35.68007556401024],[33.24619368098446,35.68152805001027],[33.24619368098446,35.68152805001027]]]}