{"segmentId":"5001429","streetsFileVersion":236,"polygonPointList":[[[32.91118999999151,35.42278000000544],[32.91112415699151,35.42414587200547],[32.91104937799145,35.42503562000551],[32.91089233299145,35.42544964600549],[32.910492583991456,35.42544964600549],[32.910092833991506,35.4248071910055],[32.9098370089915,35.42410658200545],[32.9095560829915,35.42368831500546],[32.90917299899153,35.42311794500545],[32.909125481991516,35.42256437100547],[32.909049266991516,35.42243266000542],[32.90940142699153,35.42149039400542],[32.90970599799153,35.42114775100542],[32.91030249299156,35.42155627100542],[32.91065778199153,35.42165219700546],[32.910797075991546,35.42194737000544],[32.91118999999151,35.42278000000544],[32.91118999999151,35.42278000000544]]]}