{"segmentId":"5001217","streetsFileVersion":96,"polygonPointList":[[[32.723690270995654,35.147039615002534],[32.722749999995656,35.147340000002536],[32.72260999999561,35.14763000000255],[32.72227999999564,35.14792000000255],[32.722219999995616,35.14805000000257],[32.72180999999563,35.14850000000257],[32.72162999999563,35.148600000002546],[32.721599999995576,35.14883000000254],[32.721589999995594,35.14887999900253],[32.721499999995594,35.14900000000256],[32.72137999999562,35.14907000000257],[32.7212299999956,35.14905000100254],[32.721129999995625,35.14911000000258],[32.720579999995586,35.14955000000255],[32.72048999999559,35.14964999900259],[32.72021999999559,35.14983000000258],[32.71993999999561,35.15012000000259],[32.71984999999561,35.15025000000254],[32.7197599999956,35.15047000000256],[32.71983999999559,35.15071000000259],[32.7202799999956,35.1507700000026],[32.7200299999956,35.15124000000255],[32.71901999999559,35.1519200000026],[32.718937057995575,35.152103916002574],[32.718334374995585,35.152185398002565],[32.71734886699561,35.15161155700255],[32.71720651099559,35.15152866600258],[32.714009999995596,35.15033000000257],[32.71392999999564,35.15028000000258],[32.7138499999956,35.150230000002594],[32.71338999999561,35.15013000000256],[32.71330999999558,35.15009000000255],[32.71326999999562,35.15026000000258],[32.713249999995654,35.150320000002594],[32.71318999999561,35.15036000000255],[32.712499999995586,35.15031000000257],[32.71243999999562,35.15031000000256],[32.712419999995625,35.15006000000257],[32.71248999999564,35.14978000000259],[32.712569999995594,35.148490000002546],[32.71258999999561,35.148450000002526],[32.71264999999565,35.148420000002545],[32.71281999999565,35.14844000000255],[32.7129299999956,35.14781000000255],[32.71293999999564,35.14769000000256],[32.71293999999564,35.14737000000252],[32.71305999999566,35.145920000002526],[32.71100999999564,35.14556000000253],[32.70889002399563,35.14512890800253],[32.70890999999569,35.14466000000251],[32.70893417799567,35.14444542100254],[32.70906999999571,35.14324000000251],[32.70914999999572,35.143070000002545],[32.7092099999957,35.14298000000254],[32.70929999999567,35.142880000002506],[32.70985999999568,35.14298000000254],[32.71015999999566,35.14303000000253],[32.7109099999957,35.14315999900249],[32.710939999995674,35.143110000002494],[32.71101999999573,35.14304000000251],[32.711109999995706,35.14306000000251],[32.711159999995694,35.14312000000253],[32.7111799999957,35.143210000002526],[32.7114099999957,35.14326000000252],[32.71146999999571,35.14301000000252],[32.71154999999568,35.14257000100248],[32.713469999995695,35.1409400000025],[32.71424999999574,35.1397000000025],[32.71433999999574,35.13862000000249],[32.71425999999572,35.13802000000246],[32.714199999995735,35.1379600000025],[32.71417999999576,35.13788999900246],[32.71425999999572,35.13772000000248],[32.71439999999577,35.13756000000249],[32.714539999995765,35.13753000000245],[32.71463999999572,35.13749000000249],[32.71476999999573,35.13735000000244],[32.71487999999572,35.13708000000245],[32.71496999999576,35.136790000002485],[32.715021425995786,35.136490017002444],[32.715029999995764,35.13644000000246],[32.71498999999576,35.13638000000245],[32.71493999999577,35.136290000002454],[32.71482999999576,35.136140000002484],[32.71479999999571,35.13610000000247],[32.714699999995744,35.13600000000244],[32.71480999999575,35.13603000000247],[32.71487999999576,35.13603000000247],[32.71493999999577,35.13603000000247],[32.715349999995745,35.13592000000247],[32.715479999995786,35.13588000000245],[32.71555999999574,35.13585000000247],[32.71620999999575,35.13597000000245],[32.71635999999578,35.13636000000243],[32.71667999999574,35.13723000000247],[32.716599999995715,35.13747000000248],[32.71657999999576,35.13766000000246],[32.71656999999572,35.13790000000248],[32.71658999999575,35.137970000002476],[32.716605742995746,35.13802510200245],[32.71662999999576,35.13811000100245],[32.71651999999575,35.13819000000249],[32.716349999995714,35.138720000002465],[32.71646999999573,35.13907000000249],[32.716278962995716,35.139237157002455],[32.7175337859957,35.1408122510025],[32.7182775809957,35.141745886002475],[32.71870405199571,35.14110705300249],[32.719092928995714,35.14057220700249],[32.71980699099572,35.13936823300246],[32.72085999999573,35.14018000000248],[32.720919999995694,35.14020000000249],[32.72096999999574,35.1402400000025],[32.72116999999568,35.14063000000249],[32.721279999995694,35.140850000002494],[32.72140999999569,35.14108000000248],[32.72158463299572,35.141465219002505],[32.72234653899569,35.14296542200248],[32.722516805995646,35.1434510090025],[32.722519999995654,35.14345000000249],[32.72260999999566,35.14345000000249],[32.72261794199568,35.14345397100251],[32.72261817799569,35.1434540890025],[32.722669999995674,35.143480000002526],[32.72270999999568,35.14353000000252],[32.722749999995706,35.14361000000249],[32.72278999999566,35.14393000000254],[32.72280999999566,35.144000000002535],[32.72304999999567,35.144400000002555],[32.723079999995626,35.1445300000025],[32.72306999999567,35.144720000002536],[32.72306999999569,35.14475372200255],[32.72306999999567,35.14478386900252],[32.72306999999567,35.14483000000254],[32.72308999999567,35.144950000002524],[32.72309999999566,35.145130000002524],[32.723089766995656,35.14516411200252],[32.72311659499567,35.14535388100254],[32.723690270995654,35.147039615002534],[32.723690270995654,35.147039615002534]]]}