{"segmentId":"5001873","streetsFileVersion":236,"polygonPointList":[[[30.11246109899683,35.150171879002905],[30.11588995799684,35.148490419002904],[30.116173057996896,35.14835159100291],[30.116231659996867,35.14849781700294],[30.117422274996834,35.15146868500294],[30.114183118996838,35.15343702200295],[30.11322864299685,35.15327157900293],[30.11246109899683,35.150171879002905],[30.11246109899683,35.150171879002905]]]}