{"segmentId":"5001139","streetsFileVersion":236,"polygonPointList":[[[32.628059999993965,35.29016000000387],[32.62832328699395,35.290253714003875],[32.63035643799393,35.29050944500386],[32.63038839199394,35.290988764003906],[32.630550799993905,35.29177457500386],[32.63067115399389,35.292356908003875],[32.63067877899391,35.29239380300387],[32.6308161009939,35.293058232003915],[32.6312100029939,35.29310021900388],[32.631527748993925,35.292623701003855],[32.63156168399393,35.292572809003865],[32.631837486993916,35.29215919200387],[32.63220170999394,35.29082204600389],[32.633201083993924,35.2910647510039],[32.63327246699393,35.2914216710039],[32.63313999999389,35.2926600000039],[32.632996816993895,35.293007077003864],[32.63365793999388,35.293106329003905],[32.63371504699392,35.29366312300389],[32.63341523499388,35.29379161400389],[32.6325257349939,35.29414898900392],[32.633459999993896,35.29631000000394],[32.63316047599384,35.29712047600391],[32.633092686993834,35.297303905003915],[32.63281731699385,35.298049024003966],[32.63277999999382,35.29815000000397],[32.633388111993796,35.29831635500395],[32.63355229999384,35.30006854700394],[32.63320704599375,35.302499628004014],[32.63317223799375,35.30274472600402],[32.63185594899378,35.302465015003996],[32.62972371699375,35.30201191500397],[32.62975821999377,35.30241127300402],[32.62984635799378,35.30343142900401],[32.62938236299376,35.30344570600399],[32.62925453899378,35.302398369004],[32.629193625993814,35.30189927100396],[32.62794108499375,35.301633106004],[32.62725837999378,35.30174526000401],[32.627080816993775,35.30145029900399],[32.627298760993824,35.300360662003975],[32.62761187399379,35.29879521400395],[32.62777870599384,35.29796111700395],[32.62571545399382,35.29758670500396],[32.625748925993854,35.29730193800392],[32.62579717399386,35.29724864700395],[32.62656525499387,35.29640028000393],[32.6258759129939,35.29598547700391],[32.62596514299386,35.295241895003926],[32.62721290099389,35.295496088003915],[32.62768999999386,35.2948300000039],[32.628099999993935,35.292410000003905],[32.62799927199396,35.29207512800391],[32.627917800993906,35.29206512100389],[32.62665550099395,35.29191007900388],[32.62650009099388,35.29167127800385],[32.62636282699393,35.2914603610039],[32.62636996599391,35.29072510700388],[32.627528929993936,35.29078549800386],[32.62761266999398,35.29078986100388],[32.62754481199394,35.290564265003866],[32.628059999993965,35.29016000000387],[32.628059999993965,35.29016000000387]]]}