{"segmentId":"5001195","streetsFileVersion":236,"polygonPointList":[[[32.69790564099138,35.43846095600572],[32.696127195991394,35.44070334300578],[32.69577941599137,35.441246604005805],[32.695056058991334,35.44153214000579],[32.69441983999132,35.44142896900581],[32.69437703999136,35.44142202900582],[32.693799703991374,35.441208533005806],[32.69321057999136,35.43960229300578],[32.69256238399139,35.43951435700578],[32.69197227799141,35.43865775100575],[32.69150230699144,35.43774369400575],[32.691444180991425,35.437695902005714],[32.691132434991474,35.43520193600571],[32.691081176991496,35.43479187300569],[32.691057509991516,35.43460253400571],[32.68916711899148,35.43589143700572],[32.688938752991504,35.43526322700571],[32.687832027991554,35.432218739005656],[32.688156994991544,35.431873196005625],[32.690349563991575,35.42954180200564],[32.69046910799161,35.429397147005595],[32.69049898499158,35.42936099500558],[32.69084269299158,35.42820098200562],[32.690872024991606,35.4282074450056],[32.69253326699161,35.42857348100561],[32.69337753599165,35.42875950600561],[32.69335176399161,35.428868117005585],[32.69334314599163,35.42890443400562],[32.69328992199164,35.4291287370056],[32.69261003199156,35.431993987005654],[32.692462004991526,35.43261781700566],[32.69349699099155,35.43285366800566],[32.69370906899157,35.432023799005634],[32.69422580899157,35.430001772005596],[32.694279767991596,35.42979062900559],[32.69488125599156,35.429962483005625],[32.69443373499158,35.432043459005655],[32.69416169499151,35.43330844700568],[32.694021987991476,35.43395808300568],[32.6941482109915,35.43400198700567],[32.695010146991514,35.43430179000569],[32.69513903699152,35.43305585000568],[32.696213122991516,35.43318474100566],[32.696213122991516,35.433872156005684],[32.698275367991485,35.43438771700568],[32.69839258899147,35.4348800440057],[32.700350887991476,35.43511836900571],[32.70117006699159,35.431684991005646],[32.704786846991524,35.43204191000566],[32.70451866499146,35.43447121600571],[32.70453465399147,35.43447327900566],[32.70450506699149,35.43576254700567],[32.70545026299143,35.43593440100571],[32.70536357799146,35.43622541400569],[32.704932284991386,35.43767332700571],[32.70484877499145,35.43795368300574],[32.704724116991436,35.438045821005744],[32.703860614991406,35.43868406100575],[32.70306684899137,35.439080944005774],[32.70222800499139,35.439500366005774],[32.70221603099139,35.43921299000574],[32.70218504099141,35.43846924400573],[32.701697523991406,35.43854424700573],[32.701626516991446,35.43855517100576],[32.701575612991405,35.43889241200573],[32.70128280899141,35.44083223300577],[32.70042936499134,35.441933451005816],[32.699950941991325,35.44255077100583],[32.69891474099136,35.44282974800582],[32.69886528599132,35.44284306300582],[32.6988338929913,35.442851515005785],[32.698835357991314,35.442827584005805],[32.69884332499132,35.44269745800582],[32.699027689991375,35.439686171005775],[32.6990916739914,35.43864109800576],[32.69810351399137,35.43821146300576],[32.69790564099138,35.43846095600572],[32.69790564099138,35.43846095600572]]]}