{"segmentId":"5001581","streetsFileVersion":96,"polygonPointList":[[[33.0682919999955,35.14048700000245],[33.068179579995515,35.14061324200242],[33.06816999999553,35.140624000002454],[33.068155999995504,35.14063800000242],[33.06810199999554,35.140662000002465],[33.06807499999553,35.140677000002434],[33.06805699999552,35.14068600000247],[33.06801099999554,35.14071100000246],[33.06779299999549,35.140826000002455],[33.06769199999555,35.140879000002435],[33.06769231399551,35.140877428002455],[33.06769299999556,35.14087400000245],[33.067328999995496,35.141063000002426],[33.0669709999955,35.14109100000247],[33.06675699999551,35.141063000002426],[33.06627899999554,35.140582000002446],[33.065729999995504,35.13993000000244],[33.065300999995515,35.13944900000246],[33.06503799999556,35.13893900000243],[33.064934999995536,35.13796700000243],[33.06378499999557,35.13451700000242],[33.06235799999561,35.1333750000024],[33.06136508899561,35.13153616600237],[33.06136499999558,35.13153600000238],[33.06107299999564,35.13099600000236],[33.061405999995614,35.12956800000238],[33.06259599999566,35.12638000000232],[33.0656889999957,35.12657000000237],[33.06650319999569,35.12653980000234],[33.066869399995646,35.12546900000235],[33.06710929999565,35.12466960000234],[33.067404999995695,35.124188900002316],[33.06780169999571,35.123494800002334],[33.0682512999957,35.12205400000231],[33.06824319599567,35.120991977002326],[33.068242199995716,35.1208615000023],[33.06812979999576,35.11983620000231],[33.068181499995745,35.11773560000229],[33.069466099995765,35.11762940000228],[33.069631161995794,35.117505988002286],[33.07006729999575,35.11717990000228],[33.071032599995746,35.1168296000023],[33.07224349999578,35.11620130000228],[33.07486609999578,35.11587060000227],[33.07491182499574,35.121152058002316],[33.07496099999564,35.126832000002324],[33.07498199999564,35.12690000000232],[33.07502099999565,35.127005000002356],[33.075035999995684,35.12708100000233],[33.07504199999567,35.12711700000235],[33.075050999995646,35.127156000002365],[33.075068999995636,35.12719000000234],[33.07508999999564,35.12723700000233],[33.075145999995684,35.12736500000235],[33.075178999995664,35.12745200000236],[33.075307999995665,35.12778100000232],[33.07536899999564,35.127928000002356],[33.075399999995625,35.128013000002355],[33.075405999995645,35.128041000002355],[33.07542099999565,35.128112000002346],[33.07544099999567,35.12820900000233],[33.07545199999563,35.12827600000233],[33.07550099999565,35.12858300000235],[33.07551599999565,35.12866900000236],[33.07558499999561,35.129079000002356],[33.075625999995644,35.12935500000235],[33.07563499999562,35.129413000002366],[33.07564999999561,35.12949800000238],[33.07567899999562,35.129691000002346],[33.0756839999956,35.129718000002335],[33.07571499999562,35.12988800000237],[33.07571699999563,35.129934000002365],[33.07572399999562,35.12995700000236],[33.0757289999956,35.12999100000239],[33.075750999995606,35.130137000002364],[33.07576299999563,35.13020200000237],[33.07577499999566,35.13028900000238],[33.075787999995605,35.13035100000239],[33.075810999995596,35.13049600000237],[33.075822999995644,35.130568000002356],[33.075869999995625,35.13088000000237],[33.07590399999562,35.131104000002374],[33.07591799999561,35.13119800000236],[33.07593499999563,35.13130100000239],[33.07595299999559,35.13142300000236],[33.0759689999956,35.13151800000235],[33.075991999995594,35.13164900000237],[33.076034999995606,35.13175800000238],[33.076055999995596,35.1318130000024],[33.07608899999558,35.13189100000238],[33.07608914399556,35.13189134500237],[33.07616999999559,35.1320850000024],[33.07621999999558,35.132205000002386],[33.076229999995626,35.13222400000239],[33.0763879999956,35.13250700000236],[33.07642299999557,35.132573000002374],[33.07661699999561,35.132943000002406],[33.07676199999556,35.13322700000238],[33.07680599999556,35.133313000002374],[33.07681899999561,35.13333700000238],[33.07696799999562,35.13363300000237],[33.07755699999557,35.13442400000237],[33.07735899999557,35.136179000002386],[33.07680299999554,35.136924000002445],[33.07666799999555,35.137210000002405],[33.076484999995536,35.13760800000242],[33.076382999995566,35.137817000002414],[33.07634999999554,35.13790100000243],[33.07633499999553,35.137936000002405],[33.07631499999555,35.137994000002415],[33.07629099999551,35.1380690000024],[33.076274999995555,35.138146000002436],[33.07623399999553,35.138335000002414],[33.07622099999554,35.13839900000243],[33.07618899999554,35.13855300000243],[33.07616099999555,35.138685000002454],[33.07613199999552,35.138821000002444],[33.07607699999553,35.139114000002444],[33.0760649999955,35.13916900000242],[33.07605599999552,35.13921000000243],[33.07603699999552,35.139324000002425],[33.07597599999548,35.139634000002445],[33.07593499999552,35.13984400000243],[33.07591499999554,35.139941000002466],[33.0758579999955,35.14023800000245],[33.07585376799552,35.14026193400247],[33.075799999995525,35.14056600000242],[33.07574199999549,35.14089500000245],[33.07570099999548,35.14108500000242],[33.07566699999551,35.14123100000245],[33.075650999995496,35.14130500000244],[33.07563699999549,35.14136500000245],[33.07559199999547,35.14155600000243],[33.07557899999549,35.14161300000246],[33.075191999995525,35.14148400000246],[33.074420999995496,35.141179000002474],[33.073682999995526,35.14104300000242],[33.07354558199552,35.14098827400244],[33.0729999999955,35.140771000002424],[33.07183499999555,35.140402000002446],[33.07033499999552,35.14023600000246],[33.069651999995536,35.14031100000245],[33.06924099999549,35.14036400000243],[33.06924080099549,35.14036402500245],[33.06915299999551,35.14037500000244],[33.069130999995494,35.14037400000246],[33.069026999995536,35.140365000002426],[33.06893899999553,35.14039900000245],[33.06891999999552,35.140406000002436],[33.06832599999554,35.14048300000246],[33.0682919999955,35.14048700000245],[33.0682919999955,35.14048700000245]]]}