{"segmentId":"5001344","streetsFileVersion":236,"polygonPointList":[[[32.80203238198301,35.744503969012214],[32.801937911983,35.7445185690122],[32.80161260498302,35.74441268901222],[32.801419999983054,35.74435000001221],[32.799479999983234,35.73984999901209],[32.80077037298332,35.73551550101198],[32.79897479098339,35.73381921701194],[32.798894693983435,35.73374354901192],[32.797848466983446,35.732755179011875],[32.797602628983455,35.73252293601189],[32.80085050998361,35.726687447011734],[32.800896747983685,35.7266977980117],[32.8049064879836,35.727595403011755],[32.805326138983624,35.727234601011745],[32.80903809498373,35.72404317701164],[32.81106283698364,35.7270351530117],[32.81148448398364,35.72707299801171],[32.8126122749836,35.72795374801175],[32.812274568983575,35.72882573801178],[32.81352099898348,35.73066759701181],[32.81039416998336,35.734169050011914],[32.81021376398335,35.73437107001194],[32.81018573898338,35.734577279011944],[32.80993137598332,35.73644888901196],[32.80851124798311,35.74172392201215],[32.80717306198312,35.74229433201213],[32.80497652398308,35.74323061901215],[32.80202705298304,35.744487849012216],[32.80203238198301,35.744503969012214],[32.80203238198301,35.744503969012214]]]}