{"segmentId":"5001614","streetsFileVersion":236,"polygonPointList":[[[33.11956900798359,35.71271496401113],[33.11914949298357,35.71414625001118],[33.120629521983524,35.715109769011185],[33.12101158198347,35.71596570301123],[33.12098070898345,35.716035433011236],[33.12081494798345,35.716409820011215],[33.12032429898344,35.71723884701123],[33.118498610983345,35.720323629011354],[33.118323067983326,35.72062023701135],[33.11840323498335,35.72081610001135],[33.118829378983236,35.72185724901138],[33.11888467198325,35.722266503011426],[33.11898408798323,35.72300233801144],[33.119163137983165,35.72432759601148],[33.11922529998316,35.724787691011485],[33.119093238983176,35.72482424601144],[33.11690197498317,35.72543079001151],[33.11504722998316,35.72594418601149],[33.115036392983114,35.72594778001152],[33.114940702983155,35.725979511011495],[33.11450899098312,35.726122671011495],[33.11447738198315,35.7260278430115],[33.11436051298315,35.725677236011464],[33.113989933983206,35.72465565601145],[33.113250542983245,35.72261737001144],[33.11324046298328,35.72258958301141],[33.113184944983274,35.7225874880114],[33.11198100798327,35.72254205701141],[33.11182858798326,35.72253630501142],[33.11160057898323,35.72252770101141],[33.11114817398327,35.72251062901141],[33.11108009898329,35.72202559301141],[33.110804465983364,35.72006171301136],[33.11116358098334,35.719849927011325],[33.11205119698335,35.719326462011296],[33.112480039983375,35.719073554011295],[33.11207837998342,35.71808035701132],[33.111125857983495,35.71572503001122],[33.11011705098358,35.71323052601118],[33.109257781983565,35.71357423301115],[33.109186759983565,35.713390410011165],[33.10852740398362,35.71168384201114],[33.10853408498363,35.71167515701113],[33.10886562698367,35.71124415201112],[33.10987129498372,35.709936784011056],[33.11034343598372,35.70932300001104],[33.11067557598374,35.70889121801107],[33.11222525898367,35.71134732001113],[33.11222531598364,35.711347410011086],[33.11295263798358,35.712500147011156],[33.11508241198362,35.71143526001109],[33.11570229798362,35.71112531701109],[33.11656726998366,35.711480916011084],[33.11956900798359,35.71271496401113],[33.11956900798359,35.71271496401113]]]}