{"segmentId":"5001445","streetsFileVersion":236,"polygonPointList":[[[32.93382134498891,35.5407655600074],[32.9338772219889,35.54082735100741],[32.934056172988875,35.54142530900739],[32.93339699998888,35.54350700000742],[32.931885999988836,35.54486300000749],[32.926775999988884,35.54349400000745],[32.9264153449889,35.54350191400744],[32.926225950988865,35.543506070007425],[32.922332799988844,35.543591500007444],[32.922391856988874,35.54177809200743],[32.92279160598895,35.53922731000738],[32.92351499698899,35.53745793100734],[32.92562772398894,35.539230204007346],[32.92595628898898,35.53770683500733],[32.92741370898901,35.53785555100735],[32.93096599998902,35.53760800000732],[32.93104085998901,35.537690784007346],[32.932778084988946,35.53930345300737],[32.93382134498891,35.5407655600074],[32.93382134498891,35.5407655600074]]]}