{"segmentId":"5001181","streetsFileVersion":188,"polygonPointList":[[[32.69118905799175,35.42220067100549],[32.69116533399173,35.42274928900549],[32.69120788799175,35.42291342500551],[32.6912489999917,35.42307200000552],[32.69114899999171,35.42313100000553],[32.69114322599172,35.42326308300552],[32.691133005991674,35.4234968520055],[32.69113299999168,35.423497000005526],[32.6905169999917,35.42372999900552],[32.69081909699166,35.42489845800552],[32.69090366699165,35.42488007200556],[32.69090399999167,35.42488000000553],[32.691038999991655,35.42574900000555],[32.690509999991626,35.42921199900563],[32.68980587199162,35.4296392610056],[32.68929999999161,35.42983000000561],[32.68926424299157,35.4299679190056],[32.689104827991585,35.43006465100563],[32.689025999991586,35.43045700000562],[32.6882360909916,35.430762160005614],[32.687899999991586,35.43089200000561],[32.68733099999155,35.43114100000561],[32.68718699999159,35.43003200000561],[32.6858409999916,35.429603000005606],[32.68528019599166,35.42629151000557],[32.685125999991634,35.42538100000558],[32.68126399999166,35.426713000005584],[32.679359074991766,35.420972227005485],[32.679358999991734,35.420972000005506],[32.67826249899179,35.41766849300546],[32.67802799999183,35.416962000005455],[32.67803745999184,35.416959602005456],[32.67798399999183,35.41679800000541],[32.678901935991846,35.41573207400543],[32.67890199999187,35.41573200000541],[32.678624357991865,35.415216924005406],[32.67773503399195,35.41356706400539],[32.677734999991884,35.413567000005386],[32.6775513229919,35.41369510600536],[32.6771069999919,35.41400500000537],[32.67651214499191,35.413368156005376],[32.67651199999191,35.41336800000538],[32.67627174899195,35.41311023000535],[32.67627141999189,35.413109878005386],[32.676031999991935,35.41285300000536],[32.67653084899197,35.412397138005396],[32.67653099999195,35.41239700000537],[32.67680287399191,35.41214911500534],[32.67680299999197,35.41214900000537],[32.67749582499194,35.41289928200539],[32.67783999999192,35.41327200000539],[32.67790418899193,35.4134235440054],[32.6779216909919,35.413443801005364],[32.67791503699192,35.4134491550054],[32.677972999991894,35.4135860000054],[32.67837666299188,35.41435568700541],[32.67989799999184,35.41648900000545],[32.68057699999183,35.416317000005414],[32.68057733899183,35.416317000005414],[32.680577999991804,35.416317000005414],[32.68083564799182,35.41623529400542],[32.681091999991835,35.41615400000544],[32.68131626999183,35.41638908500542],[32.68201130799183,35.41634012100545],[32.68430167299186,35.41578098600544],[32.6843425959919,35.415759256005416],[32.68549299999187,35.41526927400538],[32.68657173499185,35.414809816005416],[32.687711188991855,35.41512189200541],[32.68778919499187,35.41518897100543],[32.68786499999187,35.415175000005384],[32.689422970991856,35.41666297300541],[32.68942299999184,35.4166630000054],[32.69031630399189,35.415291452005434],[32.692244719991905,35.41461778500541],[32.692528039991885,35.414359120005365],[32.69280199999187,35.41410900000539],[32.69317399999189,35.414121000005416],[32.69317423199188,35.414121236005364],[32.694505999991854,35.415481000005414],[32.69450637399188,35.415481381005414],[32.69498990799183,35.4159739700054],[32.695001985991865,35.4159862740054],[32.695039607991845,35.416024601005425],[32.69503999999186,35.41602500000541],[32.69576442599185,35.41502066100538],[32.69581899999183,35.414945000005396],[32.697828899991855,35.41641240000545],[32.698963035991866,35.4161766480054],[32.70028909999188,35.41590100000544],[32.700532876991815,35.417333251005445],[32.70060614499181,35.41776372200546],[32.70111443899178,35.41769615800544],[32.70117888499181,35.41838357400547],[32.7013399969918,35.41872728000545],[32.70152028399176,35.419704623005444],[32.70154854899175,35.419923667005456],[32.7011024009918,35.42056017400549],[32.700453996991754,35.42086950400548],[32.70015953799174,35.420717813005496],[32.7001103149918,35.41983245800544],[32.69622019999174,35.42035790000548],[32.69528225499176,35.42140219600547],[32.69480999999176,35.42192800000549],[32.69438849099174,35.421597385005484],[32.69438799999175,35.42159700000553],[32.69409930199172,35.42137023700552],[32.694098999991745,35.42137000000547],[32.693573999991784,35.42095800100547],[32.69284770499178,35.42133643600549],[32.69118905799175,35.42220067100549],[32.69118905799175,35.42220067100549]]]}