{"segmentId":"5001474","streetsFileVersion":236,"polygonPointList":[[[32.97018705599244,35.3682088310047],[32.97030999999242,35.3693500000047],[32.97046614299244,35.371434524004734],[32.97210484299244,35.371029532004755],[32.973717743992395,35.371101746004754],[32.97474099999241,35.370587000004726],[32.974903595992416,35.37056053300473],[32.97674500499244,35.37026078900471],[32.9783971009924,35.369991862004724],[32.978899999992414,35.36991000000472],[32.97898832999242,35.36999739000469],[32.97906191099242,35.37007018800472],[32.97983999999237,35.37084000000471],[32.97985859399243,35.37104851600471],[32.979979999992395,35.37241000000475],[32.979943591992324,35.37446637900478],[32.97992257699229,35.37565333100476],[32.97991429999232,35.37612080000476],[32.97798230699226,35.37823739800483],[32.976371826992235,35.38000176100486],[32.976283880992234,35.38009811000485],[32.97566158999226,35.380779862004864],[32.97468876499222,35.38184564100486],[32.97428589999219,35.3822870000049],[32.97467385399223,35.382627371004894],[32.97508899999215,35.38299160000486],[32.97466072099221,35.38331589200488],[32.973942160992145,35.383859984004864],[32.97096931599216,35.386111015004914],[32.96992059999217,35.38690510000492],[32.96554649199209,35.388392528004964],[32.965153399992126,35.38852620000496],[32.96003066699203,35.39389442100501],[32.957594640991985,35.39644718500507],[32.95727799999193,35.396779000005054],[32.95636443299195,35.39699742200505],[32.956269999992,35.39702000000508],[32.95623605299197,35.39689121700509],[32.95610842599201,35.39640704400507],[32.95532499999205,35.39343500000504],[32.95522973799206,35.393365275005046],[32.95450147599206,35.39283224300502],[32.953526999992064,35.392119000004996],[32.95287660999207,35.389689603004996],[32.9521411439921,35.38917020600499],[32.95101898799212,35.38755497300498],[32.95096093199215,35.38750458300496],[32.951276110992126,35.38673914800495],[32.95128687399218,35.3855817550049],[32.95135009999232,35.378782500004846],[32.952176910992335,35.3749104180048],[32.95254119999238,35.37320440000479],[32.9548663999925,35.368033900004704],[32.95378863299251,35.366987121004705],[32.95373152599255,35.36521680200468],[32.95487366699258,35.363389376004626],[32.95561605899259,35.36344648300466],[32.95687241399248,35.365787873004656],[32.959054956992446,35.36874643100469],[32.960654699992524,35.3667932000047],[32.960974912992505,35.36444952800468],[32.96119119999254,35.36286650000463],[32.961620266992576,35.362177997004636],[32.96261885899261,35.35891579500454],[32.96275081099265,35.35701611100456],[32.962874907992685,35.35588741200456],[32.963078238992686,35.35384621500449],[32.963477987992725,35.35338935800453],[32.96442025499273,35.35321803700449],[32.9652054769927,35.35363206300454],[32.96553384299271,35.354488669004496],[32.965577638992684,35.35606124500452],[32.96573813199268,35.35682867200456],[32.966118107992635,35.35832396300455],[32.966251403992615,35.35884851400457],[32.96627806999261,35.3598535470046],[32.96848794299263,35.359798464004584],[32.969390192992606,35.359172710004586],[32.97021723999265,35.3589256700046],[32.97110873099261,35.35973123500457],[32.97125910299262,35.36143903200463],[32.969895013992556,35.36284608400464],[32.96962870999256,35.363026231004625],[32.96971897399255,35.36386406300465],[32.96973979399257,35.36405731800463],[32.96980741199254,35.36468495100466],[32.97006131299247,35.36704167100466],[32.97015531299249,35.36791418700469],[32.97016915999249,35.36804271700468],[32.97018705599244,35.3682088310047],[32.97018705599244,35.3682088310047]]]}