{"segmentId":"5001254","streetsFileVersion":188,"polygonPointList":[[[32.75792999999401,35.2787800000037],[32.75763180999403,35.27967457100371],[32.75763335899404,35.279677244003686],[32.75763077299402,35.279677679003704],[32.75762999999403,35.27968000000371],[32.756259999994,35.2799100000037],[32.75618589799404,35.27992097800374],[32.755992966994015,35.2799531720037],[32.754429999993995,35.28250000000372],[32.754329999993956,35.28256000000374],[32.754324804994,35.282561039003724],[32.751999999993956,35.283910000003765],[32.751928811994,35.284184583003785],[32.751928796993965,35.284207858003775],[32.75192868399396,35.28438638200375],[32.751039367993954,35.28608352400378],[32.750912058993904,35.28632647700378],[32.75027971499389,35.2863935240038],[32.750269999993925,35.28640000000381],[32.7500999999939,35.28644000000376],[32.750029999993906,35.286420001003805],[32.7497599999939,35.28619000000378],[32.74978281899394,35.2861215450038],[32.748729809993925,35.28485010200378],[32.74427361699389,35.287846306003814],[32.74217891299388,35.28925471800383],[32.74197137199386,35.28883329100383],[32.73953768599398,35.28389152700375],[32.73945442999394,35.28372247100375],[32.74116416099397,35.28216221000372],[32.740020445994034,35.28099803000372],[32.73943418299403,35.28040127700375],[32.73912286799401,35.278552681003724],[32.73896752099407,35.277073887003674],[32.73788561599405,35.275856451003676],[32.73786999999406,35.27586000000371],[32.7377899999941,35.275820000003705],[32.73768999999407,35.27570000000366],[32.73739999999409,35.27531000100366],[32.73716068799409,35.274516989003686],[32.73684999999411,35.27430000100364],[32.736997998994084,35.273977886003685],[32.736748353994116,35.273150636003635],[32.736745761994136,35.27314205100364],[32.73687040899413,35.27291244600367],[32.736899999994094,35.27280000000368],[32.73706293899414,35.272557794003674],[32.737244094994125,35.272224095003665],[32.737079999994116,35.272059999003666],[32.73728999999412,35.271770000003656],[32.73732999999412,35.27184000000364],[32.73740946599411,35.27191946700363],[32.73756788199414,35.271627658003645],[32.73850188299411,35.27171336800366],[32.73999848699409,35.27323318800367],[32.74014120499409,35.27337812000368],[32.740390372994085,35.273243142003665],[32.74227064299412,35.27222457100363],[32.74227379199412,35.272223656003646],[32.742291956994166,35.27221838300365],[32.74236382999414,35.27217088700367],[32.74254194499408,35.272145806003614],[32.74293657699414,35.27203123600363],[32.74312995999412,35.27203123600363],[32.74335557899407,35.27203123600361],[32.74360554899414,35.27199603700365],[32.7438604529941,35.272108285003654],[32.74676086199411,35.271118019003616],[32.74818555599412,35.27344120600363],[32.748263492994084,35.273568293003635],[32.748494440994094,35.27344905500368],[32.74920319499413,35.27308312400364],[32.74923999999411,35.27305000000367],[32.74925115099411,35.27305836300368],[32.7512955629941,35.27200283100365],[32.75255999999414,35.27135000000362],[32.75373151699414,35.27173924100362],[32.75380999999411,35.271700000003655],[32.753859999994084,35.27172000000366],[32.75388994999411,35.27179188100365],[32.753966846994125,35.27181743100363],[32.75425391899411,35.27247528900366],[32.75427999999411,35.27251999900365],[32.75448905399408,35.27301412900364],[32.75474820899411,35.27360801100369],[32.7551369659941,35.27449889200366],[32.75618047399407,35.27686952600368],[32.75596275399403,35.27747528600367],[32.756037915994014,35.27768835500371],[32.75627446699402,35.27782483300371],[32.75668999999403,35.277870000003716],[32.75706999999405,35.2778500000037],[32.75723999999401,35.27800999900372],[32.75733999999406,35.27812000000371],[32.75767304099399,35.27863174600369],[32.75792999999401,35.2787800000037],[32.75792999999401,35.2787800000037]]]}