{"segmentId":"5001175","streetsFileVersion":188,"polygonPointList":[[[32.682449999995086,35.20264000000297],[32.68235999999505,35.202700000003],[32.68033496299504,35.20579750700304],[32.68005433299499,35.206226759003044],[32.67931999999501,35.207350000003075],[32.67915094199498,35.20724131900304],[32.678889766994985,35.20770563000307],[32.67869726499498,35.20804785400303],[32.67809577799499,35.20798340900306],[32.677738655994986,35.20767730400306],[32.67749428999499,35.20746784800307],[32.67695724699504,35.20701673200305],[32.676929461995,35.206985242003014],[32.676539999995,35.20659000000305],[32.67610999999502,35.205920000003026],[32.67607797299503,35.20585841000305],[32.67597695799498,35.20566906300305],[32.675931026995016,35.205553219002994],[32.67584999999498,35.20536000000301],[32.67582999999504,35.205070000003005],[32.67582999999504,35.20501000000304],[32.67583955399503,35.204752055003],[32.675839156995,35.20472942200304],[32.675562136995026,35.203993998003],[32.675513667995034,35.20386532700303],[32.67522249499505,35.203287511003],[32.67469024099507,35.202465376003026],[32.674688889995025,35.20244900200298],[32.67461099299506,35.20243891100301],[32.674610177995085,35.202230295003],[32.67460999999505,35.202230000002984],[32.67461017399507,35.20222926400299],[32.67460716199504,35.201458757003],[32.6758799999951,35.20049000000299],[32.6759199999951,35.200280000003005],[32.67622999999506,35.19948000000297],[32.67654999999514,35.19882999900297],[32.676709588995095,35.198717696002994],[32.6771999989951,35.19766999900294],[32.678594999995084,35.197515000002966],[32.67869999999512,35.19748000000294],[32.67962999999509,35.19740000000297],[32.67972999999511,35.19763000000297],[32.67958999999512,35.198190000002974],[32.679309999995084,35.19849000000297],[32.67898999999509,35.19886000000294],[32.679269999995086,35.19904000000294],[32.679549999995125,35.19931000000295],[32.68042977899507,35.20039854100295],[32.68072999999504,35.200770000002976],[32.68083999999508,35.20066000000296],[32.68096999999507,35.200620000003],[32.68111939499506,35.20075516600301],[32.681779999995086,35.20073000000301],[32.68264999999502,35.20168000000301],[32.68241662299506,35.202500844002984],[32.68249999999505,35.202479999002996],[32.68269999999506,35.202520000003],[32.68257999999504,35.202570000002986],[32.682449999995086,35.20264000000297],[32.682449999995086,35.20264000000297]]]}