{"segmentId":"5001873","streetsFileVersion":188,"polygonPointList":[[[30.11338908799684,35.15391953000296],[30.11246109899683,35.150171879002905],[30.11588995799684,35.148490419002904],[30.116173057996896,35.14835159100291],[30.116231659996867,35.14849781700294],[30.117422274996834,35.15146868500294],[30.11338908799684,35.15391953000296],[30.11338908799684,35.15391953000296]]]}