{"segmentId":"5001095","streetsFileVersion":236,"polygonPointList":[[[32.584331916995396,35.17751467100279],[32.58453228899534,35.179910053002835],[32.58659625999535,35.18235307400284],[32.587936915995286,35.1857444870029],[32.58821999999529,35.1862100000029],[32.58697999999527,35.18719000000288],[32.584799999995276,35.18721000000288],[32.58166601099528,35.186442690002856],[32.5814811769953,35.186049899002896],[32.58075660899529,35.184510123002866],[32.57799999999527,35.1857800000029],[32.5764503269953,35.18430510800286],[32.5740654989953,35.18408213200288],[32.57247141599532,35.18556474700287],[32.57235661799532,35.18567151700289],[32.57072999999527,35.1850600000029],[32.57003902299533,35.18373357400284],[32.568901305995354,35.18154957100285],[32.57097999999537,35.18170000000283],[32.57109635699535,35.181852714002844],[32.57248945199533,35.18368109700283],[32.57250457499531,35.18366121900284],[32.572617413995324,35.18351289700288],[32.57388329699537,35.18184894000285],[32.57440891699536,35.178381041002844],[32.57457331899535,35.17729636400278],[32.5761003929954,35.17622220700282],[32.57721785099542,35.175923021002816],[32.57759311899539,35.175822548002785],[32.57802758399539,35.1757062250028],[32.58058679699538,35.17674352700279],[32.58137035799542,35.177061120002826],[32.581639210995405,35.17694869600282],[32.58222252499542,35.176704777002804],[32.58308411599543,35.17634449300279],[32.584331916995396,35.17751467100279],[32.584331916995396,35.17751467100279]]]}