{"segmentId":"5001322","streetsFileVersion":188,"polygonPointList":[[[32.786245441991355,35.43666513800566],[32.78624499999138,35.436665000005696],[32.78627347999136,35.435592090005684],[32.78630136199145,35.43454169700565],[32.786301653991394,35.43453071400567],[32.78631829999143,35.433903600005664],[32.787690853991435,35.43335849800566],[32.78872335099141,35.433021797005615],[32.78940366399145,35.43338185200561],[32.78975423399142,35.433567391005646],[32.789761139991406,35.43359328000562],[32.78976193699142,35.43359626700564],[32.789841360991424,35.43389403000563],[32.789873061991365,35.43393099600568],[32.789881317991394,35.43404383200564],[32.79004130899141,35.43464364500565],[32.79008774999142,35.43481775600564],[32.790531070991385,35.434835489005685],[32.79074307199141,35.43484396900565],[32.7907798619914,35.435410552005685],[32.79079677499139,35.43567101500565],[32.79025973299137,35.43571397900569],[32.79019528799135,35.436605470005716],[32.79003486099134,35.436825822005694],[32.78978345199135,35.43727017200572],[32.78911485099134,35.438451852005734],[32.78869556999135,35.43803621700571],[32.78842516999133,35.4377677440057],[32.78802192299132,35.43736449700568],[32.78787331799134,35.43721589200569],[32.78786040499135,35.43721135900571],[32.78712399999136,35.4369400000057],[32.786787651991354,35.43683477200569],[32.786245441991355,35.43666513800566],[32.786245441991355,35.43666513800566]]]}