{"segmentId":"5001926","streetsFileVersion":236,"polygonPointList":[[[31.864374775995188,35.232381164003414],[31.863018483995198,35.23066795200338],[31.862897130995226,35.22979706900336],[31.862812302995238,35.229633362003405],[31.863302471995222,35.22850073900335],[31.8634309109952,35.22809106000338],[31.86360465599526,35.227819669003345],[31.86365640099527,35.22767936200337],[31.863647610995237,35.227671756003375],[31.863898620995233,35.22704056400336],[31.86395911799523,35.226888437003375],[31.864925968995305,35.22445718700333],[31.865860580995285,35.222107005003316],[31.866769696995316,35.21982093600332],[31.86849919299539,35.215471933003265],[31.869882770995392,35.2119927770032],[31.870932917995418,35.2093520710032],[31.871414361995452,35.20814142900322],[31.872655564995494,35.205020290003155],[31.872775259995468,35.204719305003124],[31.87688636699547,35.205741811003165],[31.877684006995434,35.20594019800318],[31.88621473199544,35.208061943003216],[31.886087303995456,35.20939993400317],[31.886057465995442,35.2097132330032],[31.885053053995293,35.22025956900331],[31.88478705599528,35.22305254700334],[31.88020360799524,35.22619700600336],[31.87729581899523,35.22819188400339],[31.873844521995213,35.23055963400338],[31.869439531995184,35.23358166200343],[31.868752984995183,35.23352330500344],[31.867682226995157,35.232857056003425],[31.866611469995206,35.231048666003396],[31.86537414999518,35.23188147700342],[31.864374775995188,35.232381164003414],[31.864374775995188,35.232381164003414]]]}