{"segmentId":"5001313","streetsFileVersion":188,"polygonPointList":[[[32.783578227990674,35.47194452700625],[32.78314582099066,35.47230022900624],[32.78232719899067,35.47232759100626],[32.78216354499069,35.4709366680062],[32.78231132599074,35.468748331006175],[32.78245235099076,35.46692005700615],[32.78188471499077,35.46644499900613],[32.78124846799077,35.46591252000618],[32.78077484999081,35.46421662600612],[32.78114014399085,35.4629298570061],[32.782263358990896,35.46106911400607],[32.782876438990904,35.46053035300603],[32.7835140039909,35.45941203700605],[32.78038505699092,35.458100543006026],[32.78045622699098,35.45669210900602],[32.78055757799098,35.45573400100598],[32.780592414991006,35.455404670006],[32.781023155991,35.45475066700596],[32.78249072599098,35.455771502005994],[32.783895814990984,35.45581391500601],[32.78414155499102,35.45582133300601],[32.78484953999099,35.45491954500597],[32.785822574991016,35.455091733006],[32.78644604099103,35.45388456400598],[32.78684809399101,35.45400939200595],[32.78779994399098,35.45523219200596],[32.78798924399099,35.455938317005995],[32.78840614399098,35.457493432006],[32.78887770499076,35.466638105006176],[32.78895147199075,35.46806863000619],[32.7889559569907,35.46815561000618],[32.789039546990715,35.46977660200618],[32.788951093990654,35.46978841300621],[32.788896505990714,35.46990270800622],[32.787558992990704,35.47004648800619],[32.78548620299069,35.46998659500624],[32.784541539990684,35.471152098006236],[32.783578227990674,35.47194452700625],[32.783578227990674,35.47194452700625]]]}