{"segmentId":"5001552","streetsFileVersion":188,"polygonPointList":[[[33.026081411987775,35.580265175008144],[33.0259181809878,35.5804526350081],[33.02597703698779,35.58064321500814],[33.02606899998776,35.58094100000813],[33.02606799998778,35.580942000008136],[33.02535635698778,35.58150939100815],[33.02480999998774,35.581945000008176],[33.024809779987756,35.581945175008144],[33.02477777698774,35.58197062600814],[33.02455599998777,35.582147000008185],[33.02409799998774,35.58254300000816],[33.02477006998768,35.58386048100818],[33.025572799987664,35.58543410000821],[33.02540469998761,35.586275256008264],[33.02536745198764,35.58644752800825],[33.02511543298763,35.58637668100823],[33.025016499987615,35.58656340000824],[33.02471798098762,35.58637292800825],[33.024715899987605,35.586371600008256],[33.0241239999876,35.58634400000824],[33.02405145598761,35.58639930700827],[33.02363999998762,35.586713000008224],[33.02364100198761,35.586718000008275],[33.02383999998758,35.58830000000829],[33.02383999998758,35.58830400000827],[33.023829999987534,35.588690000008285],[33.02381999998757,35.5889100000083],[33.023799999987546,35.58920000000831],[33.02375999998753,35.58937000000829],[33.02375999998753,35.589374759008315],[33.02375999998753,35.589375000008324],[33.02375999998752,35.58979000000831],[33.023639999987516,35.589930000008295],[33.023520319987576,35.58895546100831],[33.02334590098752,35.588996916008284],[33.022892999987604,35.587560000008274],[33.022442403987604,35.58740478400827],[33.02241399998757,35.587395000008286],[33.02244360298761,35.587120817008234],[33.02219431398761,35.58687719300828],[33.02193999998763,35.586790000008264],[33.02167599998762,35.58668200000825],[33.0216699999876,35.58668000000825],[33.02187999998765,35.58660000000823],[33.02190174198761,35.58659127100822],[33.02185666798761,35.586547222008235],[33.02178999998763,35.586550000008245],[33.0215799999876,35.58652000000826],[33.021279999987634,35.58643000000826],[33.02116999998763,35.586370000008245],[33.02104084798763,35.58577391200822],[33.021039999987615,35.5857700000082],[33.02072229998764,35.58594840000824],[33.020583499987644,35.58582560000826],[33.020509599987655,35.585491300008236],[33.02042959998766,35.58518990000822],[33.02043946498763,35.58516222800822],[33.0196678999877,35.58440820000819],[33.0196168999877,35.5840450000082],[33.01956889998767,35.58366180000821],[33.01957161998772,35.58365833200816],[33.01932861498778,35.58176571400813],[33.01895839998775,35.58140340000815],[33.019014699987785,35.58124320000816],[33.019163199987766,35.58094420000811],[33.01886659998774,35.58066820000812],[33.018884999987804,35.580502300008106],[33.01908829998782,35.5802983000081],[33.019132340987774,35.580237052008094],[33.01910985898779,35.58006195100811],[33.01873898698789,35.57717344200807],[33.01862999998786,35.576970000008075],[33.018498999987905,35.57646300000804],[33.0184989789879,35.576462919008044],[33.018469999987886,35.57635000000804],[33.0183299999879,35.575990000008034],[33.01828099998791,35.57592200000802],[33.018279999987925,35.575920000008026],[33.01828999998792,35.57589000000805],[33.01850899998795,35.57539300000805],[33.01850999998793,35.575390000008],[33.017030457988,35.573810320008],[33.01701779998798,35.57380720000797],[33.01669119998795,35.573448100008],[33.01772309998801,35.57249890000794],[33.01846839998803,35.572521500007966],[33.019033799988016,35.572318900007936],[33.01889789998803,35.57166610000797],[33.01933599998804,35.57152430000796],[33.01964999998803,35.57140710000794],[33.02000119998799,35.57143870000793],[33.02000659098799,35.57146502700794],[33.020309998988054,35.571410000007965],[33.02500769398802,35.57236650200799],[33.028457399987936,35.57306890000798],[33.02871106698797,35.573864814007976],[33.02890999998795,35.573900000007974],[33.028989999987935,35.574740000008035],[33.02891948098783,35.57887527900808],[33.02714149098782,35.57929140400811],[33.02652999998777,35.579750000008104],[33.026081411987775,35.580265175008144],[33.026081411987775,35.580265175008144]]]}