{"segmentId":"5001668","streetsFileVersion":188,"polygonPointList":[[[33.25928794498225,35.74274940701189],[33.25891788798227,35.74226728201185],[33.258891819982296,35.74112282201186],[33.25909063898237,35.7404823050118],[33.25912732598238,35.740103229011794],[33.2590553149824,35.73916745001174],[33.25927492098242,35.73857819101175],[33.26026964898244,35.738030543011725],[33.260767718982464,35.73759061901173],[33.26129506598245,35.73755690801171],[33.26169757898245,35.737706999011735],[33.26220254898243,35.73814886101176],[33.26235725798244,35.73828423801175],[33.26242028598244,35.738372169011754],[33.26369999998234,35.73955000001179],[33.26483359698231,35.74160755601186],[33.2650634549823,35.74202476501185],[33.265119999982275,35.742070000011864],[33.265159999982245,35.74220000001182],[33.2649528529822,35.74510980401192],[33.26474712098212,35.74552467201193],[33.26473384698217,35.74555144001193],[33.264298253982126,35.74588099001194],[33.264050874982146,35.74605559701198],[33.263390090982135,35.746639165011956],[33.26237376098214,35.746026421011976],[33.261803563982156,35.74534062301194],[33.2616033459822,35.744892499011925],[33.2611293659822,35.744429151011936],[33.26083999998219,35.74427000001189],[33.26082548198219,35.744132085011906],[33.26015401698224,35.74347568301188],[33.25948999998222,35.74319000001186],[33.25941180298224,35.74285233001188],[33.25928794498225,35.74274940701189],[33.25928794498225,35.74274940701189]]]}