{"segmentId":"5001218","streetsFileVersion":236,"polygonPointList":[[[32.71541255599418,35.26894894600365],[32.7152774049942,35.269073168003594],[32.71316481299413,35.27101492100366],[32.71224499999417,35.27086700000366],[32.71212799999418,35.27024000000364],[32.712379999994184,35.269680000003625],[32.71256641399416,35.26957487900363],[32.713017920994204,35.2693202700036],[32.713088962994185,35.26917810500361],[32.71318795899418,35.26898000000362],[32.714514838994226,35.2663247140036],[32.71342949999423,35.266638634003606],[32.71264427799421,35.26660294200362],[32.71146919999425,35.265689400003566],[32.71116098399426,35.264256858003584],[32.710636952994285,35.26182124400353],[32.71031780499429,35.26033789600355],[32.70997099999433,35.25872600000349],[32.70984429999438,35.25427390000346],[32.71110809999437,35.25350140000347],[32.713821999994366,35.25450300000348],[32.713843346994395,35.254438275003466],[32.71400899999437,35.253936000003485],[32.71527481699441,35.25536257000346],[32.715530368994386,35.2550568560035],[32.71719799999441,35.25306188800345],[32.71800830699442,35.25270457000345],[32.718571999994396,35.25245600000345],[32.71963999999438,35.253280000003485],[32.719546188994336,35.25393768200349],[32.71945299999436,35.25459100000349],[32.72020666099439,35.254720548003505],[32.72050250899433,35.25483751100349],[32.7225680379944,35.2544121700035],[32.72315814399433,35.256239596003496],[32.723079999994305,35.257873000003535],[32.72393813499432,35.2581037430035],[32.72449442999432,35.25804419800351],[32.724569778994294,35.25803613300353],[32.724716298994366,35.25802045000352],[32.72520405299432,35.25796824100352],[32.7262299999943,35.2587200000035],[32.725984356994324,35.259334108003536],[32.725303500994286,35.26103624600354],[32.72630571499426,35.261588466003516],[32.726576973994284,35.26183117100353],[32.72816169499427,35.26190255500356],[32.72820452499422,35.262102429003534],[32.72743357999424,35.26338733800353],[32.72729081199422,35.26402979300359],[32.72733364199425,35.26541463900355],[32.7268767859942,35.26767036800359],[32.7261799999942,35.26882000000362],[32.72521210899419,35.26760747300361],[32.724341476994226,35.266516787003596],[32.72390899999423,35.26597500000356],[32.722325813994196,35.26701150000357],[32.72131999999419,35.26767000000362],[32.72082792499416,35.26856660400362],[32.719689999994195,35.27064000000365],[32.71925999999419,35.26999000000364],[32.718302085994154,35.27074313000361],[32.71736234999415,35.27199571100363],[32.71706253799413,35.271767283003626],[32.71637725299418,35.271039167003615],[32.71627504499417,35.27005410500362],[32.71541255599418,35.26894894600365],[32.71541255599418,35.26894894600365]]]}