{"segmentId":"5001723","streetsFileVersion":188,"polygonPointList":[[[32.148305260996345,35.10746789800232],[32.14727724099627,35.10998724200235],[32.14726791499628,35.110010097002345],[32.146232455996284,35.11128611400236],[32.14583247699625,35.11306743700236],[32.14474966599624,35.11202974300237],[32.14493267199628,35.109933222002354],[32.145032170996274,35.108793355002334],[32.143818960996335,35.10821238200232],[32.1417488299963,35.10552359100234],[32.14191539199634,35.10345346000228],[32.14220092799638,35.10266823800229],[32.142629230996384,35.100907436002295],[32.14329547999639,35.1002411870023],[32.14603185999638,35.1004315440023],[32.148030606996365,35.10138332900229],[32.14788783899637,35.10321551400231],[32.1478315769963,35.10354030400229],[32.148711467996336,35.10467007000232],[32.148749793996316,35.10527270400234],[32.148305260996345,35.10746789800232],[32.148305260996345,35.10746789800232]]]}