{"segmentId":"5001408","streetsFileVersion":96,"polygonPointList":[[[32.88992699999373,35.29249200000381],[32.889597852993745,35.29267712200382],[32.8881329999937,35.293501000003836],[32.88753437499371,35.29359131500386],[32.887099056993726,35.29365699100382],[32.887098999993704,35.29365700000383],[32.8870079999937,35.293670000003864],[32.8870059999937,35.29367100000386],[32.886943999993704,35.29368000000384],[32.886436355993716,35.29379184900384],[32.8862631999937,35.293830000003865],[32.88616281699374,35.293799243003804],[32.885492299993736,35.29359380000384],[32.88532902099373,35.29342826500383],[32.88496399999371,35.293058200003856],[32.88467269999373,35.29229990000382],[32.884867499993746,35.29101340000381],[32.88528919999377,35.29024140000383],[32.886004599993754,35.2899842000038],[32.8862379379938,35.28970422200382],[32.88668376999376,35.28916927600379],[32.8866839999938,35.28916900000382],[32.886814319993775,35.28875242100376],[32.88681467499378,35.2887512880038],[32.887151999993804,35.287673000003764],[32.887152094993795,35.287672698003774],[32.887348953993815,35.28704529300378],[32.88744599999382,35.28673600000379],[32.887630999993846,35.28666800000379],[32.8878508039938,35.28672258700376],[32.887932999993794,35.286743000003774],[32.88814299999383,35.28732600000379],[32.88859764399383,35.28711315900377],[32.8888179179938,35.28701003800378],[32.88881799999383,35.28701000000378],[32.88980299999378,35.28721200000379],[32.88980300599383,35.287212333003794],[32.88980646799382,35.287415822003794],[32.88981199999379,35.28774100000376],[32.88981200099381,35.28774109400379],[32.88982099999377,35.28833000000376],[32.889764999993815,35.28868700000377],[32.88993751099374,35.29036418800382],[32.890034999993794,35.29131200000382],[32.890164488993726,35.29160689700383],[32.89032699999377,35.2919770000038],[32.890207999993706,35.292276000003845],[32.88992699999373,35.29249200000381],[32.88992699999373,35.29249200000381]]]}