{"segmentId":"5001618","streetsFileVersion":236,"polygonPointList":[[[33.12271786898586,35.64266359300943],[33.12691723998584,35.64403793300944],[33.12937791298581,35.64463158000947],[33.12970899998576,35.64552200000946],[33.128890516985706,35.64756584400951],[33.12832299998568,35.64898300000955],[33.126329999985664,35.64958100000959],[33.12359699998567,35.649651000009584],[33.12257675698565,35.64930648800955],[33.1188379999857,35.64804400000952],[33.116630743985745,35.64811069000956],[33.11646293598575,35.64719268400953],[33.11609045298578,35.64515498200949],[33.12219126198588,35.6424912490094],[33.12271786898586,35.64266359300943],[33.12271786898586,35.64266359300943]]]}