{"segmentId":"5001807","streetsFileVersion":236,"polygonPointList":[[[31.935209999998364,34.779890000000854],[31.934425054998368,34.77972083100085],[31.934213310998356,34.78032311400083],[31.931312953998376,34.779346097000804],[31.930789999998353,34.77979000000082],[31.929473886998345,34.779279375000826],[31.927566092998354,34.778539189000846],[31.925705910998403,34.77781747600082],[31.925370678998323,34.7776874130008],[31.924652942998367,34.777408946000804],[31.924090147998374,34.777190593000824],[31.92345693999836,34.777139752000814],[31.923313586998347,34.77712824200083],[31.923317715998365,34.77701424900082],[31.923392356998374,34.774953301000814],[31.923463206998377,34.772997043000785],[31.923897985998362,34.772730222000824],[31.923956238998386,34.77269447200082],[31.924650445998356,34.772268441000804],[31.924876770998406,34.772129546000784],[31.925068424998386,34.77201192900079],[31.925109232998388,34.77203598800078],[31.92519999999841,34.771990000000834],[31.925719999998382,34.772100000000826],[31.92854999999835,34.77350000000083],[31.929358064998354,34.774080645000794],[31.929544728998376,34.774214775000836],[31.930732744998377,34.77506843900081],[31.933719175998366,34.77721437800082],[31.93522999999835,34.778300000000826],[31.935209999998364,34.779890000000854],[31.935209999998364,34.779890000000854]]]}