{"segmentId":"5001338","streetsFileVersion":236,"polygonPointList":[[[32.81362318299618,35.08780404500211],[32.81293660099618,35.08763509600211],[32.812672007996156,35.08756998700211],[32.81289614199619,35.086235174002084],[32.81339297999618,35.08623453600212],[32.81506141599616,35.08623239200211],[32.815400778996235,35.0829226500021],[32.81561455399621,35.080837748002104],[32.81584854299627,35.080460231002085],[32.81587122999621,35.0804236270021],[32.81772515799622,35.08199600300206],[32.8189144359962,35.0830046680021],[32.82062025099619,35.084451425002094],[32.821145608996176,35.08350122500212],[32.82138821499621,35.08306243000207],[32.82160599099623,35.08266854500208],[32.82174772199622,35.08276782300208],[32.8217989509962,35.08280370700207],[32.82219520699619,35.083081272002104],[32.82296565599619,35.08362094800207],[32.823383845996204,35.08391387800208],[32.823911607996216,35.083121350002095],[32.82409419199624,35.08284716800209],[32.82651869499622,35.08318222400208],[32.82672314099621,35.0832104780021],[32.827333848996226,35.08329487500207],[32.82669978999623,35.08460945300208],[32.82557744599619,35.08693638100211],[32.8255108209962,35.08717432700213],[32.82588682799619,35.08745532800209],[32.82480109699612,35.09057700400215],[32.824664917996124,35.090968544002166],[32.82455683199612,35.09127931100213],[32.82371113799613,35.09370243000216],[32.822980965996095,35.09348491400214],[32.82232591599613,35.093289776002166],[32.82217241699608,35.09324404900219],[32.82081066399614,35.092838387002125],[32.820383032996084,35.092710997002136],[32.817005193996124,35.09122887300212],[32.81623185199612,35.09101405600215],[32.815619622996124,35.09046627200215],[32.815115001996105,35.09007675900214],[32.815260782996155,35.0882070140021],[32.81362318299618,35.08780404500211],[32.81362318299618,35.08780404500211]]]}