{"segmentId":"5001869","streetsFileVersion":188,"polygonPointList":[[[32.009051617998026,34.857382155001055],[32.00834268899801,34.85732361400107],[32.00793825099801,34.85862477100108],[32.00663801599802,34.859120658001075],[32.005984834997996,34.85825023100108],[32.00435993599801,34.85902009000108],[32.00514057599795,34.862188330001075],[32.00484503599802,34.862297733001085],[32.00351969099801,34.86286381500106],[32.00343682799801,34.86267086500108],[32.001565172997985,34.86320095500106],[32.00044006599798,34.8635196080011],[32.00042401399796,34.86349893900111],[32.00017068599798,34.86317274200111],[31.999563601997956,34.862391032001106],[31.999023306998,34.862422186001105],[31.998348832998037,34.860826836001095],[32.00036384699801,34.8596351240011],[31.999521910998002,34.85772902500105],[31.998733151998007,34.858277475001096],[31.99738015899803,34.856482452001096],[31.99670564999798,34.85530344600107],[31.997004388998022,34.854986351001045],[31.999092002998033,34.85353028700108],[31.99960318599805,34.85347379000107],[32.00057032999804,34.853512137001054],[32.000858443998034,34.85352356100103],[32.00192040999801,34.85262336700103],[32.00299176799803,34.85171521100106],[32.003171312998035,34.84942333000103],[32.00488496899806,34.84778436500104],[32.005768042998035,34.847122065001045],[32.007635560998004,34.85000623900103],[32.00715155499804,34.850936063001065],[32.00689575299803,34.85142749900107],[32.00739900199804,34.85273359100106],[32.00750444799806,34.85300725800105],[32.00750671199803,34.85382557400104],[32.006904214998045,34.85448251700109],[32.00791216399802,34.85544003700106],[32.00878309699802,34.85417063800104],[32.009051617998026,34.85464323500104],[32.00847161199801,34.85611473400108],[32.009156356998005,34.85674598300107],[32.009051617998026,34.857382155001055],[32.009051617998026,34.857382155001055]]]}