{"segmentId":"5001833","streetsFileVersion":236,"polygonPointList":[[[31.941788685996023,35.149286401002655],[31.942572384996048,35.14760302100267],[31.942709909996065,35.14730761800268],[31.94496549099604,35.14681353800267],[31.94371955099607,35.14457943900262],[31.945180307996072,35.141099401002634],[31.94354769699608,35.1404549490026],[31.943476858996117,35.140245890002625],[31.941511670996103,35.13895780900258],[31.94246585899614,35.13649426900255],[31.94346536899613,35.134898881002535],[31.94348716199614,35.134571992002584],[31.94451828399614,35.13427124800257],[31.945592369996138,35.13553866900254],[31.946666455996144,35.13607571200256],[31.946993719996083,35.13777969700257],[31.946160216996148,35.13866108600261],[31.94648768899607,35.14037548600259],[31.944132021996094,35.14469420800262],[31.94643332299602,35.14769287300265],[31.94648768899602,35.14776371300268],[31.946237844996016,35.149476925002666],[31.944845860995983,35.1512258280027],[31.94319451199599,35.1511714160027],[31.941529019996022,35.15023457700268],[31.941668849996002,35.149637917002686],[31.941713259996,35.14944841500267],[31.941788685996023,35.149286401002655],[31.941788685996023,35.149286401002655]]]}