{"segmentId":"5001282","streetsFileVersion":96,"polygonPointList":[[[32.77168075899571,35.13857214900245],[32.7691999999957,35.14010000000251],[32.76917999999568,35.14032000000247],[32.76886999999568,35.141060000002476],[32.768799999995686,35.1412100000025],[32.769019999995685,35.14133000000248],[32.76936999999567,35.14152000000252],[32.769499999995666,35.142420000002524],[32.769408751995655,35.14250394800252],[32.76949770199564,35.142572863002506],[32.76945337799563,35.142925369002526],[32.76933333999564,35.14291854100248],[32.76933999999566,35.14294000000252],[32.76925999999564,35.142940000002525],[32.76911027999567,35.14290585300252],[32.76878580299568,35.1428873970025],[32.768772840995645,35.14314559500254],[32.768663770995644,35.143140507002514],[32.768348814995626,35.14224264200249],[32.76831999999569,35.142180000002504],[32.76811230799569,35.14181653900249],[32.76717311199571,35.141695331002495],[32.76723789299569,35.14118886800247],[32.76735397199567,35.14059729000251],[32.767492072995665,35.14058603100249],[32.76750999999572,35.139860000002486],[32.767779999995724,35.13951000000246],[32.76775393499565,35.139468295002466],[32.76743939599566,35.139273362002456],[32.76740999999568,35.139259999002476],[32.76736999999567,35.139160000002484],[32.76737999999568,35.138930000002496],[32.76709999999567,35.13912000000247],[32.76685999999572,35.1385499990025],[32.766879999995716,35.13800000000245],[32.76672328999573,35.135755209002426],[32.767129999995745,35.13534000100243],[32.76726618199575,35.135169773002424],[32.767369999995715,35.13504000000245],[32.76817999999572,35.13378000000244],[32.76832999999576,35.133680000002414],[32.76873999999572,35.13365000000243],[32.768949999995755,35.133680000002414],[32.769199999995756,35.13380000000245],[32.76928999999576,35.13380000000245],[32.769359999995764,35.133750000002465],[32.76945999999571,35.133360000002426],[32.769399999995784,35.13291000000242],[32.769429999995744,35.132850000002456],[32.76947999999574,35.13282000000242],[32.769959999995734,35.13303000000246],[32.77031999999573,35.13327000000242],[32.770749999995786,35.13354000000243],[32.770989999995734,35.13373000000245],[32.771039999995736,35.13377000000241],[32.771179999995766,35.133860000002414],[32.771519999995775,35.13398000000245],[32.77160999999578,35.13403000000244],[32.77163999999574,35.134050000002446],[32.771756793995735,35.134118130002435],[32.7717599999957,35.13412000000244],[32.771909999995735,35.13428000000244],[32.77197999999573,35.13436000000247],[32.77224999999571,35.13458000000242],[32.772549999995725,35.134770000002455],[32.77258999999573,35.13471000000243],[32.772659999995724,35.13471000000243],[32.77270999999576,35.13475000000245],[32.772989999995744,35.13490000000247],[32.773509999995696,35.13514000000243],[32.77362999999572,35.13518000000244],[32.77373999999572,35.13522000000245],[32.7738299999957,35.13527000000244],[32.77390287799573,35.135328302002456],[32.77538140499577,35.13560455900246],[32.77490551199569,35.13658608700248],[32.77168075899571,35.13857214900245],[32.77168075899571,35.13857214900245]]]}