{"segmentId":"5001574","streetsFileVersion":96,"polygonPointList":[[[33.06061052399142,35.419552235005334],[33.06050211899142,35.41959050000533],[33.06039433699143,35.41963119100537],[33.06028721699145,35.41967422900537],[33.06025836299144,35.41968672300535],[33.058889999991464,35.420410000005376],[33.05781999999145,35.41953000000538],[33.057109999991475,35.41895000000535],[33.05684999999146,35.418710000005326],[33.056459999991475,35.41830000000533],[33.05615999999145,35.41792000000532],[33.056079999991496,35.41782000000534],[33.05565999999147,35.41725999900534],[33.05542999999153,35.416870000005346],[33.055419999991486,35.41685000000534],[33.055279999991484,35.41649000000534],[33.05525999999148,35.4164300000053],[33.05518333799153,35.4161386840053],[33.05510999999152,35.41586000000531],[33.05502999999151,35.41565000000528],[33.05492999999156,35.41551000000529],[33.05499999999152,35.41535000000529],[33.05501771699151,35.41529488100533],[33.05501695099148,35.41529401400529],[33.05501564299152,35.41529254300533],[33.05501436299152,35.41529108000528],[33.05501304399158,35.41528960900532],[33.05379416599157,35.41341607600526],[33.05371999999158,35.41336000000529],[33.05359999999159,35.41321000000526],[33.05359506199158,35.41319847800524],[33.05336144199156,35.412950896005256],[33.05332289999157,35.41296351100525],[33.053316275991534,35.41290303100526],[33.052932951991586,35.41249680000525],[33.05265333799159,35.41048008100524],[33.05227678299162,35.41003119400523],[33.0511439929916,35.41058856700523],[33.04982293599163,35.41092149300523],[33.049623444991646,35.4103657730052],[33.049383533991644,35.4099737910052],[33.04934279999161,35.4096375210052],[33.049333011991614,35.409556721005224],[33.049259588991625,35.40935218700519],[33.04926197299167,35.40789621300522],[33.04869804399169,35.40666293500517],[33.04936029099168,35.40543245900516],[33.04955091599174,35.40420089900514],[33.04851605499177,35.402518586005115],[33.048425530991814,35.40235669600509],[33.048083345991785,35.40203141700511],[33.04808587499176,35.40174926600509],[33.04795171999182,35.401509348005106],[33.04804851099183,35.39994160600506],[33.04899312999182,35.399047697005095],[33.05031328299183,35.39927459600507],[33.0506891659918,35.40017143600509],[33.050592202991794,35.401851226005135],[33.05115527699179,35.40364450600511],[33.051658973991806,35.403227522005146],[33.05209999999176,35.40286000000511],[33.05294999999177,35.404210000005136],[33.05360970899171,35.404879704005154],[33.05473861399171,35.40421261600514],[33.055419067991735,35.403944975005146],[33.05549788499175,35.40391397400512],[33.05561999999174,35.40380000000514],[33.05572999999173,35.40372000000516],[33.05621999999172,35.40497000000516],[33.056290868991724,35.40517374700515],[33.05662253399168,35.40578498300516],[33.05663494599167,35.40598154100518],[33.05665999999172,35.40604000000519],[33.05685999999168,35.406750000005175],[33.05691999999166,35.4070800000052],[33.056899999991685,35.40728000000521],[33.05685999999165,35.40747000000518],[33.05673999999166,35.40775000000522],[33.05630514299162,35.40859413300522],[33.05624033099161,35.408808323005225],[33.05630464399167,35.409827260005216],[33.056316187991605,35.41001015200521],[33.05643999999164,35.410330000005224],[33.05663999999162,35.411000000005245],[33.05665088499161,35.411177795005266],[33.05680164199157,35.411609838005255],[33.05623346999158,35.41295259200528],[33.05666164399154,35.41337803000526],[33.05679999999157,35.413510000005246],[33.05723292999156,35.41361823200526],[33.05777530299156,35.413748382005274],[33.058209999991526,35.41385000000525],[33.05836048799156,35.414013511005294],[33.059248377991516,35.41497591200529],[33.0592491279915,35.41497905200528],[33.05924999999157,35.414980000005315],[33.059249520991514,35.41498069900531],[33.05962300499149,35.416544980005284],[33.05991176299148,35.417424324005296],[33.06011999999146,35.4175200000053],[33.060169999991466,35.41757000000534],[33.060199999991504,35.41765000000532],[33.06016999999143,35.41791000000535],[33.060209999991464,35.418050000005344],[33.06018187399148,35.41824688200534],[33.06059583999145,35.41950751700536],[33.06060999999145,35.41955000000537],[33.060609812991416,35.41955007000538],[33.06061052399142,35.419552235005334],[33.06061052399142,35.419552235005334]]]}