{"segmentId":"5001024","streetsFileVersion":188,"polygonPointList":[[[32.48193027499203,35.415075721005465],[32.481899779992034,35.41513779800546],[32.48189999999206,35.41514000000548],[32.48185465199201,35.41566716600547],[32.48181999999201,35.416070000005476],[32.481749999992026,35.41623000000546],[32.48159999999203,35.416440000005515],[32.481209999992025,35.41662000000551],[32.48117164999205,35.41662000000551],[32.480893312991974,35.41718659000547],[32.48089056499202,35.4171888500055],[32.48088999999202,35.417190000005505],[32.48082613799202,35.417241830005516],[32.48044487199203,35.41755535500549],[32.47924999999196,35.41955000000555],[32.477985744991955,35.42061154900555],[32.47692869399191,35.42149911600558],[32.476857809991955,35.42196202400555],[32.476659643991916,35.423053071005555],[32.476180816991906,35.42430882100562],[32.475498607991895,35.424921638005614],[32.475464737991885,35.424952067005606],[32.474594323991894,35.425661078005646],[32.47365478399188,35.42582415600562],[32.472757729991876,35.42573927400564],[32.47254770099186,35.42558991900562],[32.47249255199189,35.424974737005634],[32.47238219399188,35.4240349900056],[32.47239645099193,35.4239027200056],[32.47361242499196,35.420960000005536],[32.47348218099198,35.420963570005526],[32.473359999991985,35.42097000100556],[32.47304504999197,35.42097555000553],[32.46967277999193,35.42106798000554],[32.46943999999198,35.421090000005556],[32.46901999999193,35.42118000000555],[32.46895718099197,35.42117607400557],[32.468859999991956,35.421170000005574],[32.46885046199195,35.42109051900558],[32.467409999991936,35.42113000000557],[32.46740473699195,35.420529998005556],[32.46740041699199,35.42011956400556],[32.46738404399195,35.420109490005565],[32.467043937992,35.41987275700555],[32.467124838991985,35.4191113290055],[32.46807003699203,35.41905535500555],[32.468795220991986,35.419025669005535],[32.468926007991975,35.419916868005515],[32.46898149899198,35.41991204400554],[32.46980999999197,35.419840000005564],[32.469893683992,35.419848369005564],[32.46991600699198,35.419840990005554],[32.46994999999197,35.41979000000551],[32.47003999999197,35.41980000000556],[32.47005999999199,35.41915000000553],[32.471676904991966,35.41909068600553],[32.472219999992,35.41883000000554],[32.47276999999199,35.41879000000553],[32.473619999991975,35.41893000000552],[32.47382761899202,35.41901179000554],[32.47441947499198,35.41899007800551],[32.47442219499195,35.418985245005516],[32.47504249399199,35.417790073005506],[32.47540866599204,35.416798668005505],[32.47594212299202,35.416353381005514],[32.476380263992056,35.41565062500548],[32.47629394099207,35.41551855000547],[32.47600708799208,35.41507966200545],[32.47580483399207,35.41377095700545],[32.476102266992115,35.41262881700542],[32.476899385992134,35.41237897300542],[32.477265261992116,35.41210058300541],[32.47738242499212,35.411830702005396],[32.47770465099212,35.41176625800542],[32.47815607299209,35.411743445005435],[32.478619999992105,35.411719999005435],[32.47886018199214,35.41196347900544],[32.479094056992125,35.4119047540054],[32.479844406992065,35.41296121600543],[32.480263080992074,35.41338563900545],[32.481587436992065,35.414099553005435],[32.48193027499203,35.415075721005465],[32.48193027499203,35.415075721005465]]]}