{"segmentId":"5001287","streetsFileVersion":96,"polygonPointList":[[[32.76826503699136,35.437644325005714],[32.767954071991355,35.43779408300569],[32.76819076399133,35.43872197900571],[32.76619855899131,35.438551337005705],[32.76376233199137,35.438342663005734],[32.76334592599143,35.43441655200568],[32.76384129799144,35.43392987100563],[32.7663361149915,35.43147882300564],[32.7667366579915,35.431085307005596],[32.77236276999142,35.43301707800562],[32.77169753799144,35.434143805005675],[32.77143345799141,35.43459108700567],[32.770954563991424,35.43634907300567],[32.768757380991374,35.4374072170057],[32.76875358399133,35.437409045005694],[32.768374705991334,35.43759150900572],[32.76826503699136,35.437644325005714],[32.76826503699136,35.437644325005714]]]}