{"segmentId":"5001933","streetsFileVersion":236,"polygonPointList":[[[32.10171240099629,35.110012211002335],[32.10296331899626,35.110443873002374],[32.10473487299625,35.11337728000239],[32.10622852799622,35.11585053100238],[32.106453640996214,35.11622328200242],[32.1080519359962,35.11886980200243],[32.10848715699622,35.118528316002404],[32.10857901399623,35.116631229002415],[32.10801714299626,35.112293136002386],[32.10667999999626,35.11131000000238],[32.106644619996274,35.11099716400234],[32.10658081699629,35.11043301500237],[32.10982520199626,35.11026667300237],[32.1099298989963,35.10989071800233],[32.11144274399629,35.109826666002355],[32.111399999996316,35.11053000100234],[32.111089999996274,35.112340000002405],[32.112891592996256,35.111847876002386],[32.11305923299629,35.111798661002396],[32.11378376799631,35.11158595700237],[32.114535148996296,35.11136537100235],[32.114557959996304,35.1137163220024],[32.11435611299626,35.11515122400238],[32.11370630299627,35.11622319600242],[32.11215827799621,35.11877692700243],[32.11197900899617,35.1197713430024],[32.11189894999621,35.12021543700245],[32.111157702996216,35.12042754500242],[32.109022109996175,35.12395056900244],[32.109243463996144,35.12460318100246],[32.10883768099618,35.126029777002465],[32.108771495996145,35.12605807600247],[32.10817640399617,35.12631252500248],[32.10597217999615,35.12608645100247],[32.105333790996184,35.12602097500249],[32.10461059399618,35.125027745002484],[32.104540082996216,35.12501358500245],[32.10236268299617,35.12457631800244],[32.101299134996175,35.12287279400244],[32.1007700219962,35.12187153200245],[32.099507879996224,35.11948313100241],[32.096209520996275,35.113241516002404],[32.09659265299631,35.1121612630024],[32.095838869996314,35.11059710000237],[32.09634008699631,35.10881499500235],[32.0966122119963,35.107847440002345],[32.09994789699632,35.107905590002325],[32.10171240099629,35.110012211002335],[32.10171240099629,35.110012211002335]]]}