{"segmentId":"5001578","streetsFileVersion":188,"polygonPointList":[[[33.0547479999869,35.61192000000875],[33.05461299998689,35.61210900000874],[33.05461372598687,35.61211190400879],[33.0546139999869,35.61211300000878],[33.054625380986856,35.61220871300875],[33.054652966986836,35.61244071900878],[33.05465299998684,35.61244100000877],[33.053234546986815,35.61317771600879],[33.05323399998681,35.6131780000088],[33.05300887998682,35.6132949080088],[33.051655262986806,35.61399786300883],[33.05165499998681,35.6139980000088],[33.051193999986836,35.6142030000088],[33.05118718898684,35.61420568000882],[33.05083979998682,35.614342400008816],[33.050392899986825,35.61447650000884],[33.050166656986804,35.61425115400881],[33.049820099986796,35.61431010000883],[33.049424299986825,35.613736300008775],[33.04890786598682,35.61304983600881],[33.04864279998685,35.61269750000876],[33.048072199986905,35.61119100000878],[33.04791519998688,35.61088620000873],[33.04779379998693,35.61054960000876],[33.047524999986955,35.610027800008744],[33.04794149998702,35.60607720000866],[33.04887789898702,35.60630200000862],[33.05007119298705,35.60572857600862],[33.05085799998709,35.605295500008644],[33.05129899998704,35.60508740000863],[33.0513784179871,35.605068849008646],[33.051506199987095,35.60503900000861],[33.05192145998707,35.605902835008635],[33.05294332798697,35.60802855300868],[33.05305199998695,35.6082450000087],[33.05315999998697,35.6084730000087],[33.05336070798698,35.60889589900871],[33.05339431798698,35.6089667160087],[33.05354203198695,35.60927399400869],[33.053543999986935,35.609278000008736],[33.05367602698696,35.609551143008694],[33.053819999986935,35.60984900000872],[33.05387139298693,35.609955148008716],[33.05392699998693,35.61007000000873],[33.05398570398695,35.610194656008716],[33.054007999986915,35.610242000008704],[33.05402899998695,35.610287000008704],[33.054030999986935,35.61029100000875],[33.05417099998693,35.61058100000871],[33.054224999986886,35.610694000008706],[33.0542679999869,35.610785000008775],[33.054301999986905,35.610858000008754],[33.054326999986905,35.61091300000873],[33.05441499998692,35.61111300000874],[33.054481999986905,35.61126800000876],[33.05457899998689,35.61148900000877],[33.05464599998687,35.61164700000877],[33.0546619999869,35.61168400000873],[33.05475599998687,35.61189900000876],[33.054758999986866,35.611905000008754],[33.0547479999869,35.61192000000875],[33.0547479999869,35.61192000000875]]]}