{"segmentId":"5001426","streetsFileVersion":188,"polygonPointList":[[[32.911385999993,35.33880300000433],[32.911367999992976,35.33918700000434],[32.91137999999303,35.33920000000436],[32.91137999999303,35.33929000000436],[32.911360999993,35.339337000004356],[32.91128399999292,35.340967000004355],[32.91117299999299,35.341743000004385],[32.91117296899299,35.34174321700437],[32.91082599999289,35.34416700000438],[32.909729999992884,35.344660000004396],[32.90960362199293,35.34471616800441],[32.90958760299289,35.3450090350044],[32.90894419799289,35.3449892010044],[32.908773999992896,35.345013000004414],[32.90844099999287,35.34506200000441],[32.90833697899292,35.344970483004424],[32.90833475799288,35.34497041300442],[32.90723647399291,35.34402364400441],[32.907019999992905,35.34398000000441],[32.90663999999293,35.34394000000439],[32.90619199999292,35.3435720000044],[32.906074999992924,35.3434810000044],[32.90558871499295,35.34308569700439],[32.905560653992936,35.34306288600438],[32.905454999992955,35.34297700000442],[32.90536799999296,35.342822000004396],[32.90514099999298,35.34243600000442],[32.90511799999296,35.342397000004404],[32.90482459999294,35.3419445000044],[32.904773414992974,35.34157466900439],[32.90472519999296,35.341226300004394],[32.90451599999301,35.34052120000438],[32.90453479999301,35.33969630000438],[32.90464310799301,35.33955344800436],[32.90497499999299,35.33911570000434],[32.90582369999299,35.33878670000437],[32.906521199993016,35.33873770000432],[32.907060299993034,35.33915470000435],[32.907259399992974,35.33941220000433],[32.907357104993,35.33971695800435],[32.907726711993,35.33944472100437],[32.907963299993014,35.33902640000437],[32.90847074699299,35.338896695004365],[32.90875718299302,35.33868571800437],[32.90881250099303,35.33864497200435],[32.90873783199301,35.338379945004334],[32.90811573399299,35.337680255004344],[32.90686399999305,35.336798000004315],[32.90636499999306,35.33595200000434],[32.90700999999312,35.333922000004264],[32.9063679999931,35.333498000004305],[32.90586999999313,35.33222800000426],[32.904942999993146,35.33104200000423],[32.904844999993166,35.330887000004275],[32.904844911993145,35.33088686100427],[32.90408809199315,35.32968808300425],[32.90365999999318,35.32901000000422],[32.90400022099315,35.32812618600424],[32.904017999993165,35.32808000000423],[32.90425109299316,35.32766597500422],[32.90459499999319,35.32688400000422],[32.904237999993256,35.32600800000421],[32.904212403993235,35.32558931700417],[32.904011937993225,35.3249109540042],[32.90426139999324,35.32450246300417],[32.904310999993235,35.3243110000042],[32.9056541539933,35.32021825600412],[32.90600899999332,35.31913700000413],[32.906595999993314,35.319265000004094],[32.90748481799331,35.32026603100416],[32.908195999993254,35.32106700000412],[32.90837387199324,35.32237913500416],[32.90841913199326,35.32235885400417],[32.90915901399329,35.32202731000417],[32.90933940399325,35.32194647700414],[32.90934483399325,35.32213653200416],[32.90938236799321,35.32345019700417],[32.909195517993254,35.32356175800415],[32.908730818993206,35.323839211004184],[32.90881999999323,35.32410500000416],[32.908997999993225,35.32550500000421],[32.90890799999322,35.32573300000421],[32.90880099999317,35.32698600000419],[32.9096651999932,35.326920000004186],[32.91038529999317,35.32754070000421],[32.91078279999316,35.32836710000421],[32.91117479999313,35.32897500000424],[32.910921599993145,35.32962830000421],[32.91080799999311,35.33066660000422],[32.91070039199311,35.33104037600423],[32.91049859999311,35.331741300004246],[32.91026999999309,35.33259500000425],[32.910262207993114,35.33296036300427],[32.91032385999311,35.333054022004276],[32.91022238599303,35.33679002200433],[32.910250299993,35.3370788000043],[32.910310599993046,35.337413000004304],[32.911385999993,35.33880300000433],[32.911385999993,35.33880300000433]]]}