{"segmentId":"5001390","streetsFileVersion":188,"polygonPointList":[[[32.87977216499443,35.24479823200335],[32.87914700499438,35.24495669900335],[32.87904051599437,35.244963293003366],[32.87801104299441,35.24612024300337],[32.876824341994414,35.24745388900336],[32.876824051994376,35.248289222003365],[32.87579683299435,35.24902949500339],[32.874591115994306,35.2494521950034],[32.873653460994355,35.24945172100341],[32.87308897799437,35.24916469800342],[32.87316316999433,35.24905457600339],[32.87318886999435,35.24900490100337],[32.873179999994335,35.249000000003356],[32.87296999999437,35.248880000003375],[32.87300999999437,35.2486900000034],[32.873021868994385,35.24854757000336],[32.87302635799436,35.24849370200341],[32.87302999999433,35.24845000000338],[32.87301999999437,35.24824000000339],[32.872979999994364,35.247900000003405],[32.87286999999434,35.247240000003366],[32.87281999999436,35.2469700010034],[32.87272999999437,35.24650000000333],[32.8727233539944,35.24647175400334],[32.87272208199438,35.24646634800338],[32.872689999994385,35.24633000000337],[32.87261999999436,35.24616000000334],[32.87236999999439,35.24566000000335],[32.872329999994356,35.24548000000335],[32.87231999999443,35.24533000000333],[32.872329999994385,35.24516000000335],[32.87236999999439,35.24500000000336],[32.8724299999944,35.24485000000334],[32.87251999999443,35.24472000000332],[32.87263999999439,35.24461000000338],[32.872738605994414,35.24455810200334],[32.87282999999443,35.244510000003345],[32.87345999999443,35.24438000000333],[32.8735699999944,35.244350000003344],[32.873629044994374,35.244497613003375],[32.87366964499442,35.24448925300333],[32.87370809899441,35.244480475003336],[32.87378999999438,35.24446000000336],[32.87393930199442,35.24438974000332],[32.87409430099445,35.244315468003315],[32.874637593994414,35.24405512200337],[32.87519857299441,35.24358065700333],[32.87522329199441,35.24349590600336],[32.87527901199445,35.24342564200332],[32.87541543999443,35.24335368000332],[32.87541999999444,35.24334000000333],[32.8755499999944,35.24319000000331],[32.87564019999444,35.24315392000334],[32.87579883999445,35.242997371003334],[32.875954307994455,35.24300827700334],[32.876299999994465,35.242870000003315],[32.87634106599444,35.24286543700331],[32.87639455499443,35.24283722300331],[32.87639999999443,35.24281000000335],[32.876299999994465,35.24258000000331],[32.87656999999447,35.24272000000335],[32.87661678999446,35.24272000000335],[32.87721760499444,35.242403087003346],[32.877926501994445,35.240985293003305],[32.87810499899449,35.24088173000333],[32.87943136399443,35.240112190003295],[32.87934900299449,35.24004012400333],[32.87937048399446,35.239760860003294],[32.87957456099446,35.23980382500327],[32.879778636994494,35.239653453003314],[32.88012234499449,35.2388478880033],[32.88059494199448,35.23840751300325],[32.8811534659945,35.2380315830033],[32.881357543994476,35.2381926950033],[32.88147237099446,35.23830148000331],[32.881832978994474,35.23831510200329],[32.882677687994494,35.23773213400328],[32.88323091299446,35.23786300400331],[32.88408156999448,35.23888617300326],[32.884152953994466,35.23954052400331],[32.88352413099445,35.24045612900331],[32.88352411799443,35.240503556003326],[32.88352374399445,35.241783609003306],[32.88325560899443,35.24252434800334],[32.8825858249944,35.24262990000333],[32.88216347799444,35.24252960000334],[32.880179847994405,35.24407410600332],[32.87980701799441,35.244736326003355],[32.87977216499443,35.24479823200335],[32.87977216499443,35.24479823200335]]]}