{"segmentId":"5001188","streetsFileVersion":96,"polygonPointList":[[[32.68549591798824,35.58070470600828],[32.684225638988174,35.580791467008275],[32.684065681988194,35.58103979600826],[32.68379481698817,35.58146030700828],[32.68360115098819,35.581687697008306],[32.683586681988196,35.581686495008285],[32.683579999988204,35.58176000000827],[32.68354999998815,35.581850000008274],[32.683509999988196,35.58196000000829],[32.68376999998816,35.58204000000832],[32.68369999998817,35.58262000000835],[32.68366425098814,35.58312049000833],[32.683659999988144,35.583179999008316],[32.68363999998814,35.58330000000834],[32.68346999998816,35.58329000000831],[32.68320999998813,35.58330000000834],[32.68277999998813,35.58331000000832],[32.68219999998819,35.58335000000833],[32.68214302398812,35.58333100800835],[32.68210999998818,35.58332000000835],[32.68197999998815,35.58335000000833],[32.68185282898813,35.583313665008326],[32.68183999998819,35.58331000000832],[32.68169999998813,35.583200000008304],[32.681609999988154,35.58307000000835],[32.681559999988146,35.58296000000834],[32.68150314698814,35.58292938700831],[32.68110938898813,35.58281726700832],[32.68075635898814,35.58284159500832],[32.68077663998817,35.58214896700834],[32.68074183298822,35.58162390700829],[32.68055068298819,35.58108450300829],[32.679923213988204,35.58092057000828],[32.67949999998825,35.58081000000827],[32.67911999998822,35.580710000008295],[32.67873999998825,35.58061000000826],[32.678459999988206,35.58053000000828],[32.677879999988264,35.580340000008256],[32.67712999998821,35.58012999900828],[32.67619999998822,35.57987999900828],[32.676209999988224,35.579670000008285],[32.67605999998828,35.57942000000823],[32.67600999998828,35.579110000008264],[32.67594999998829,35.578410000008255],[32.67595999998828,35.57836000000821],[32.67596124998826,35.57835673900825],[32.6759181949883,35.578144317008245],[32.676005194988306,35.57794229500824],[32.67591927898827,35.577218799008186],[32.67582999998834,35.577070001008195],[32.675759999988294,35.5768900000082],[32.67576189198829,35.576885508008175],[32.67563119298835,35.57676637900819],[32.67591175398833,35.575956793008174],[32.67518691198837,35.57606852000817],[32.67518806598834,35.57567844900819],[32.676699524988365,35.57559476000818],[32.6765678989884,35.57455808100818],[32.67761771998839,35.57438056500816],[32.677787974988405,35.57437803700813],[32.677799999988395,35.57436000000817],[32.677959999988374,35.57433000100818],[32.67833696498837,35.57432180600815],[32.67855087098842,35.571812039008115],[32.68051999998845,35.57210000000808],[32.680919999988475,35.57215000000813],[32.68139999998843,35.57225000000811],[32.68155909598846,35.57228768100809],[32.68177265598846,35.572338261008085],[32.68177999998844,35.572340000008104],[32.68176999998841,35.57269000000814],[32.681679999988404,35.573289999008125],[32.68157999998838,35.57401000000813],[32.68157987598838,35.57401086700811],[32.68154999998843,35.57422000000812],[32.68172755298837,35.57444194100814],[32.68193430298838,35.57466266600815],[32.682019999988384,35.574730000008145],[32.68218623798837,35.57484564400816],[32.68231670898841,35.57488577400816],[32.68368620298833,35.57530700400814],[32.683786246988326,35.57701642500822],[32.683892499988296,35.57804120100825],[32.68391825898828,35.5780946070082],[32.68394999998827,35.57812000000824],[32.68398820098824,35.578129550008185],[32.684718936988304,35.57798328400819],[32.68482763698832,35.578138636008234],[32.684802713988276,35.57825777000823],[32.684969999988304,35.5783600000082],[32.685004962988266,35.57839321600822],[32.68513743098827,35.57844080700823],[32.68547828798825,35.57884672600824],[32.68549591798824,35.58070470600828],[32.68549591798824,35.58070470600828]]]}