{"segmentId":"5001139","streetsFileVersion":188,"polygonPointList":[[[32.63317223799375,35.30274472600402],[32.63185594899378,35.302465015003996],[32.62972371699375,35.30201191500397],[32.62975821999377,35.30241127300402],[32.62984635799378,35.30343142900401],[32.62938236299376,35.30344570500401],[32.62925453799377,35.302398368004],[32.629193625993814,35.30189927100396],[32.627080816993775,35.30145029900399],[32.627298760993824,35.30036066400396],[32.627527220993805,35.29877898800394],[32.62761187399379,35.29879521400395],[32.62777870599384,35.29796111700395],[32.62571545399382,35.29758670500396],[32.62575498999385,35.29724521700395],[32.62579717399386,35.29724864700395],[32.62656525399388,35.29640028000393],[32.62768999999386,35.2948300000039],[32.62773999999392,35.29441000000387],[32.62789999999393,35.29323000000388],[32.628099999993935,35.292410000003905],[32.627929999993924,35.29216000000386],[32.627917800993906,35.29206512100389],[32.62665549999391,35.29191007900388],[32.62650008999393,35.29167127800385],[32.62636282699393,35.291460360003846],[32.62636996599391,35.29072510700388],[32.627528930993925,35.29078549700387],[32.62754481199394,35.290564265003866],[32.628059999993965,35.29016000000387],[32.628449999993954,35.29017000000386],[32.62855999999395,35.29020000000383],[32.628599999993966,35.29024000000384],[32.62867266999395,35.29037807300387],[32.63038839199394,35.290988764003906],[32.630550799993905,35.29177457500386],[32.63067115399389,35.292356908003875],[32.630679999993916,35.292370000003885],[32.630678779993914,35.29239380300387],[32.63091592699388,35.29354124000387],[32.63114545399387,35.29306284600389],[32.6312100029939,35.2931002180039],[32.631527748993925,35.2926237020039],[32.63154061599391,35.292571430003896],[32.63156168399394,35.29257280800388],[32.63197855099389,35.29194764100386],[32.632693270993926,35.29225729700388],[32.632703661993915,35.29239237800388],[32.63313999999389,35.2926600000039],[32.633069999993864,35.29364000000388],[32.63288380099387,35.2937923440039],[32.6325257349939,35.29414898900392],[32.633459999993896,35.29631000000394],[32.63344999999385,35.29693000000391],[32.633160476993844,35.29712047700396],[32.633092687993845,35.297303905003915],[32.63319999999382,35.29789000000394],[32.63299999999383,35.29796000000393],[32.632879999993854,35.298030000003926],[32.63282999999387,35.29803000000393],[32.63281731699385,35.298049024003966],[32.63277999999382,35.29815000000397],[32.633388111993796,35.29831635500395],[32.6335629679938,35.29948574900395],[32.63364292299378,35.300020469003975],[32.63355229999384,35.30006854700394],[32.63320704499378,35.302499628004014],[32.63317223799375,35.30274472600402],[32.63317223799375,35.30274472600402]]]}