{"segmentId":"5001567","streetsFileVersion":188,"polygonPointList":[[[33.05307999998996,35.49179000000646],[33.05082748098995,35.49092628200644],[33.05060062798991,35.4922542460065],[33.05059216698994,35.492269227006496],[33.0504899999899,35.49252000000651],[33.05046042798992,35.492502483006504],[33.050301011989895,35.49278474500649],[33.048359999989934,35.491720000006474],[33.044649999989886,35.493460000006486],[33.044644049989884,35.49345700000649],[33.04352800698992,35.49289428900649],[33.0426199999899,35.49356000000652],[33.04132618498994,35.49314748000651],[33.0412409499899,35.4931218850065],[33.041240319989896,35.493120102006486],[33.04123999998995,35.493120000006485],[33.04120370198994,35.49301655100649],[33.04103952898994,35.4925522890065],[33.04104034498992,35.49255098000647],[33.04103999998994,35.49255000000649],[33.04104208398989,35.492548193006506],[33.04355999899,35.48851000000645],[33.04472868499,35.489218883006416],[33.04510011198999,35.48944417900642],[33.045427422989974,35.489554933006474],[33.046223676989975,35.49012569400643],[33.04725983898997,35.489987579006446],[33.04720654198995,35.48989584600642],[33.04640478098999,35.48896322100644],[33.04627999998997,35.48884000000641],[33.046190820989985,35.488714338006446],[33.04603589598999,35.48853412600642],[33.04552778999003,35.487509741006406],[33.04540180299006,35.48678963000638],[33.045722711990074,35.48595729400639],[33.046170461990116,35.485466276006385],[33.04665263099006,35.48505638600636],[33.04703942599008,35.48452041300634],[33.047163432990104,35.484348580006376],[33.04773910999016,35.48304689300633],[33.047911048990144,35.482770768006354],[33.04793999999012,35.482700000006346],[33.04810999999015,35.482390001006316],[33.048269999990154,35.482150000006314],[33.04837915999013,35.48201900800633],[33.04889746199019,35.4811866430063],[33.04942256599017,35.48104449200627],[33.049579999990165,35.481000000006304],[33.04979099799015,35.48107978900628],[33.05077429999018,35.481448038006306],[33.05241746699015,35.482217486006284],[33.052489999990115,35.482250000006346],[33.05360999999012,35.48323000000633],[33.05353755699008,35.48470300400634],[33.05351999999007,35.48506000000634],[33.053379999990085,35.485290000006394],[33.05326999999007,35.48545000000639],[33.05324532699007,35.48547277500638],[33.05187635199006,35.487530055006395],[33.05349487498998,35.49006919900646],[33.05350359698995,35.49006900100645],[33.05372979298998,35.49000616900642],[33.05390895998999,35.489956400006434],[33.054220103989934,35.48986789500643],[33.05424459698995,35.489906896006424],[33.05433999998993,35.49005000000644],[33.05432999998997,35.49012000000644],[33.05431924598992,35.490128602006415],[33.05418478398991,35.490759988006445],[33.053708243989945,35.49108499500645],[33.05362707798994,35.49114035100648],[33.05340903698995,35.49147382500649],[33.053406165989955,35.49150126700646],[33.05338149298993,35.49151595100647],[33.05314999998996,35.49187000000649],[33.05307999998996,35.49179000000646],[33.05307999998996,35.49179000000646]]]}