{"segmentId":"5001431","streetsFileVersion":188,"polygonPointList":[[[32.91666163698857,35.55560414800767],[32.91526251398857,35.55532813100769],[32.915025883988555,35.5556557730077],[32.91501504898854,35.55567077200767],[32.91500553198857,35.555965826007665],[32.914301210988555,35.55644171800767],[32.91296871298858,35.55655593300767],[32.912797390988544,35.55577546900765],[32.912784598988594,35.555591331007705],[32.91277441298859,35.55544471200768],[32.91128614498859,35.555032562007675],[32.9107314389886,35.555046036007695],[32.90947802898862,35.55472804100764],[32.90855533798858,35.55417657900765],[32.908162689988615,35.55423707300763],[32.907930268988636,35.554272881007634],[32.9078833809886,35.55430352100767],[32.907687034988584,35.554310355007644],[32.90756467498862,35.55432920700768],[32.907484079988635,35.55431742000768],[32.90638996598863,35.55435550400765],[32.905454769988644,35.55316473700762],[32.90434583898863,35.553083869007615],[32.90393438498866,35.55336800800766],[32.90377730198861,35.55343713600766],[32.90360979298865,35.553030192007625],[32.901749114988625,35.552894502007646],[32.90157319898866,35.55268459100763],[32.90149034098866,35.55248973100761],[32.90146248898868,35.552457940007635],[32.90146258198867,35.55242445000762],[32.901271209988685,35.55197439400762],[32.901292079988714,35.55152116600759],[32.9014786979887,35.551405658007624],[32.9015548319887,35.551367827007596],[32.90230864598872,35.54975568300758],[32.90227057498876,35.54811861400752],[32.902822608988785,35.547338151007544],[32.90445665998881,35.54762069300753],[32.90669545098872,35.55037536800759],[32.90733507298875,35.5499081070076],[32.908158057988686,35.54966490400756],[32.90825610098873,35.54966055200755],[32.90863026698869,35.54964394100757],[32.90981456398871,35.54919623600755],[32.91004764698872,35.54910812300755],[32.910036080988746,35.54803401800755],[32.91006960998878,35.547363506007535],[32.910190135988785,35.54684586000754],[32.9105674379888,35.54659054100752],[32.91244844898885,35.54532223000749],[32.9129977489888,35.54608403400749],[32.91448608798883,35.54505087600749],[32.91618256098883,35.54499867700744],[32.9168060629888,35.54497949200746],[32.91680806798886,35.545016586007456],[32.9168774469888,35.54630009300751],[32.91340984198882,35.54664947500749],[32.91345049298876,35.546894603007516],[32.91369028898878,35.5474267150075],[32.91385473398874,35.54851922500755],[32.916423690988715,35.54874178300751],[32.916223815988715,35.55012187000758],[32.916433206988714,35.55084522600757],[32.91675681498867,35.5515114740076],[32.91720272998861,35.55309863200763],[32.917318367988635,35.55351022200764],[32.917185690988596,35.553933249007656],[32.91666163698857,35.55560414800767],[32.91666163698857,35.55560414800767]]]}