{"segmentId":"5001239","streetsFileVersion":188,"polygonPointList":[[[32.710702954988236,35.57861491800819],[32.71038886598827,35.57813664600824],[32.710395405988244,35.57752837100818],[32.7103960039883,35.57747277700817],[32.71076006198832,35.57650909500819],[32.71086642298825,35.57633932600816],[32.71122721998832,35.575470004008174],[32.7113499999883,35.57530000000813],[32.7114199999883,35.575170000008164],[32.711492872988345,35.574829928008135],[32.711803164988346,35.574082297008154],[32.71188792598833,35.57373226400813],[32.71190628098834,35.573696369008125],[32.71190657498838,35.573695794008124],[32.71220915398836,35.573104086008115],[32.712887299988346,35.5731112250081],[32.713843842988375,35.573132640008104],[32.71439349898835,35.57316119300809],[32.71448912798832,35.57321683200813],[32.715863328988384,35.57244924100811],[32.71637390398842,35.572067682008104],[32.7173435349884,35.57162748200808],[32.71751604598843,35.57158584200807],[32.7182480889884,35.57135851600805],[32.71824913698841,35.57136456500809],[32.71841303498836,35.572366168008074],[32.718418999988366,35.5724050000081],[32.7184190669884,35.572405721008096],[32.71762906998837,35.57291834000811],[32.71709369098837,35.573239567008095],[32.71620011198833,35.573651309008135],[32.716198932988334,35.57365185200813],[32.715735463988324,35.57386540900813],[32.71484180998835,35.57432756800813],[32.71402230298828,35.57621642000816],[32.710702954988236,35.57861491800819],[32.710702954988236,35.57861491800819]]]}