{"segmentId":"5001842","streetsFileVersion":236,"polygonPointList":[[[31.958080106997766,34.91069571600131],[31.958046596997793,34.910348767001295],[31.960460069997783,34.90734383400128],[31.9625898189978,34.908831278001266],[31.963660023997747,34.90957872300126],[31.96382575599778,34.909694472001284],[31.96382916099773,34.90969080300127],[31.96532030899777,34.90808364200128],[31.96779048899775,34.91096996500128],[31.969429937997752,34.91288560600127],[31.96819468199772,34.915430496001306],[31.966436672997677,34.91905237000129],[31.96492423599772,34.92020821700131],[31.964551182997692,34.920493311001295],[31.963523412997716,34.918637317001306],[31.96340861999771,34.918430018001295],[31.959898675997735,34.91902213300131],[31.958727509997736,34.917398648001324],[31.958518007997732,34.9152295500013],[31.95842809299774,34.914298612001275],[31.958080106997766,34.91069571600131],[31.958080106997766,34.91069571600131]]]}