{"segmentId":"5001394","streetsFileVersion":96,"polygonPointList":[[[32.8774199999909,35.45456000000596],[32.87695999999091,35.45469000000591],[32.87680878799094,35.454920798005936],[32.8763943109909,35.45555995200594],[32.876390302990906,35.455560655005954],[32.87664999999086,35.45612000000597],[32.87686999999086,35.45704000000599],[32.87720999999084,35.457810000005985],[32.87729328599083,35.458399406006],[32.877339999990845,35.45873000000601],[32.87737999999084,35.458810000005975],[32.877269999990844,35.458870000005994],[32.87713999999082,35.458940000005995],[32.8771899999908,35.45902000000602],[32.87658999999083,35.460250000006006],[32.87577999999083,35.460540000006006],[32.875769999990794,35.460660000006044],[32.875849999990805,35.46075000000606],[32.87587999999079,35.46080000000604],[32.875899999990786,35.46092000000603],[32.87596999999076,35.46109999900604],[32.87603999999076,35.461200000006066],[32.87618999999079,35.461380000006066],[32.876249999990755,35.46156000000607],[32.87624999999073,35.46176000000602],[32.87622999999078,35.462030000006024],[32.87614999999077,35.46245000000605],[32.87613999999077,35.46267000000608],[32.87617999999073,35.4632700000061],[32.87619999999072,35.46343000000609],[32.87612999999073,35.46343000000609],[32.875399999990755,35.46374000000606],[32.8751899999907,35.46388000000611],[32.87499999999073,35.46400000000609],[32.87481999999073,35.46407000000608],[32.87460999999074,35.46410000000606],[32.87442999999073,35.46415000000611],[32.87416999999071,35.46415000000611],[32.87420999999073,35.4642900000061],[32.874329999990685,35.46443000000609],[32.8749099999907,35.464860000006084],[32.87515999999069,35.46510000000612],[32.87515999999069,35.46518000000608],[32.87471999999065,35.466090000006126],[32.87464999999063,35.46611000000613],[32.87430999999067,35.46586000000614],[32.87387140199071,35.46577944100612],[32.87381999999069,35.46577000000614],[32.87345999999071,35.46554000000609],[32.8730199999907,35.46514000000612],[32.8730199999907,35.465090000006086],[32.873159999990705,35.464940000006116],[32.87276999999071,35.464940000006116],[32.872769942990686,35.464939744006095],[32.8726699999907,35.46449000000612],[32.87238999999073,35.463840000006094],[32.87309999999077,35.46350000000609],[32.87280999999077,35.46293000000605],[32.872619999990754,35.46247000000606],[32.872269999990785,35.46130000000605],[32.871959999990814,35.46018000000601],[32.871949999990804,35.459280000006],[32.87196999999083,35.458720000005975],[32.87240999999084,35.45904000000603],[32.87225999999083,35.458630000005975],[32.87219120399083,35.458258502005975],[32.87215999999086,35.45809000000597],[32.87209999999086,35.45772000000598],[32.872019999990904,35.45699000000601],[32.87209999999086,35.45644000000596],[32.87226999999091,35.45591000000598],[32.8726399999909,35.45543000000593],[32.872779999990875,35.45539000000598],[32.872859999990915,35.45539000000598],[32.87294214899089,35.45511069200595],[32.8727397339909,35.45492570000594],[32.87369176999094,35.45304382900594],[32.873774562990945,35.45286019200592],[32.87376999999095,35.45281000000592],[32.87374999999094,35.45274000000592],[32.87372999999093,35.45269999900592],[32.873659999990934,35.45258000000592],[32.873797144990945,35.45249699100589],[32.874039999990956,35.45235000000588],[32.874137367990976,35.452257501005924],[32.87423999999094,35.4521600000059],[32.87433999999098,35.45197000000592],[32.87439999999096,35.45174000000587],[32.874409999991,35.45162000000589],[32.874419999991,35.451390000005894],[32.874528013991004,35.45135020600586],[32.87467087099098,35.45071336300586],[32.874944969991006,35.45001923900584],[32.875490655991015,35.449907621005885],[32.87579637499098,35.450797346005885],[32.875823393991006,35.45081010200588],[32.87609374399101,35.45088897400589],[32.876307209991,35.45095270200588],[32.876495888991,35.4510091490059],[32.87698361599102,35.45115623700591],[32.877000505991006,35.4511626510059],[32.87703085499098,35.45120498300585],[32.877188062990996,35.45141804300588],[32.87730424199094,35.453009417005894],[32.877253132990944,35.45325670900593],[32.877279999990925,35.45340000000591],[32.87733999999094,35.45366000000594],[32.877349999990905,35.45404000000596],[32.8774199999909,35.454550000005916],[32.8774199999909,35.45456000000596],[32.8774199999909,35.45456000000596]]]}