{"segmentId":"5001926","streetsFileVersion":188,"polygonPointList":[[[31.86365640099527,35.22767936200337],[31.863647610995237,35.227671756003375],[31.866769696995316,35.21982093600332],[31.86849919299539,35.215471933003265],[31.870932917995418,35.2093520710032],[31.871414361995452,35.20814142900322],[31.872655564995494,35.205020290003155],[31.872775259995468,35.204719305003124],[31.872785665995462,35.204693139003126],[31.876872519995477,35.20571836400318],[31.877684321995478,35.20592201200314],[31.88621473199544,35.208061943003216],[31.886087303995456,35.20939993400317],[31.886057465995442,35.2097132330032],[31.885053053995293,35.22025956900331],[31.88478705599528,35.22305254700334],[31.88020360799524,35.22619700600336],[31.87729581899523,35.22819188400339],[31.873844521995213,35.23055963400338],[31.869439531995184,35.23358166200343],[31.868574837995144,35.23269915000339],[31.868204420995163,35.2323211000034],[31.866300386995192,35.23037783100339],[31.864144999995236,35.228178029003374],[31.86365640099527,35.22767936200337],[31.86365640099527,35.22767936200337]]]}