{"segmentId":"5001058","streetsFileVersion":236,"polygonPointList":[[[32.5210452779968,35.02531322700175],[32.5192299999968,35.025140000001805],[32.51928835799681,35.024906566001754],[32.519618420996835,35.023586315001765],[32.51967022899684,35.023379087001736],[32.51967569699679,35.02335721400176],[32.51967999999684,35.02334000000179],[32.52107922999684,35.02320836500178],[32.52253772999685,35.02307115400175],[32.52266358999682,35.02291430300176],[32.523076992996856,35.02239910500174],[32.52316159899683,35.02123902800173],[32.52332999999686,35.01893000000176],[32.52356477699686,35.01897255100174],[32.52367345299688,35.01899224700173],[32.52389904599688,35.01903313300174],[32.52390446999684,35.020549702001745],[32.52405364599681,35.02294546500179],[32.52418787399682,35.0251011550018],[32.524259999996794,35.02562000000179],[32.522305926996815,35.02543352800179],[32.52228045199683,35.02618677200181],[32.522032556996805,35.02619668700177],[32.52177474699682,35.026087614001796],[32.52161947399678,35.0253680210018],[32.5210452779968,35.02531322700175],[32.5210452779968,35.02531322700175]]]}