{"segmentId":"5001193","streetsFileVersion":236,"polygonPointList":[[[32.701629999995404,35.17477000000274],[32.70179998199539,35.17388829300277],[32.699107599995365,35.17270617800275],[32.6964953259954,35.16994682500274],[32.69605715199546,35.16499072700266],[32.697162298995515,35.16287543100265],[32.69793724299549,35.161730591002645],[32.699055224995526,35.15975338300265],[32.699135919995534,35.15961067000264],[32.69917800199553,35.15943983500264],[32.699281997995556,35.15901765100264],[32.699458524995556,35.158301021002636],[32.69873290499552,35.15712667400261],[32.69944717299558,35.155349061002596],[32.700535718995575,35.15626613200261],[32.702796862995555,35.155149321002625],[32.703060243995544,35.155243675002616],[32.703409869995546,35.15536892500262],[32.705569698995575,35.15614266400263],[32.707599999995544,35.1568700000026],[32.70691259299546,35.16059802300263],[32.70597049399542,35.1657073220027],[32.705969999995425,35.16571000000268],[32.706755428995415,35.16835411700269],[32.70757999999538,35.17113000000274],[32.70798485799535,35.17166903900274],[32.70896532499538,35.172974461002724],[32.70932999999539,35.173460000002734],[32.70943410399532,35.17413278000274],[32.70979522999534,35.17646658600278],[32.71003189399531,35.17799604900279],[32.70910985299523,35.1813570380028],[32.70780529399524,35.18200931800282],[32.706195012995266,35.182814458002824],[32.70438067399528,35.181773444002815],[32.70488630899532,35.180256537002805],[32.70664116199528,35.178531428002785],[32.70696926499534,35.176397939002754],[32.70548313599536,35.17673966900276],[32.70560210299533,35.176013027002796],[32.70539999999535,35.17597000000278],[32.70524675099535,35.17580478300276],[32.703960280995354,35.17568318800278],[32.703823777995375,35.174907168002775],[32.701629999995404,35.17477000000274],[32.701629999995404,35.17477000000274]]]}