{"segmentId":"5001547","streetsFileVersion":236,"polygonPointList":[[[33.03161353599328,35.31682073200406],[33.031827019993244,35.317124105004076],[33.03221099499327,35.31697547000406],[33.032877243993276,35.31690408600409],[33.03380523399326,35.31742756700405],[33.03470552499321,35.3196717700041],[33.034978096993214,35.320162804004106],[33.035655880993154,35.32193756700414],[33.03627020399315,35.32363760600412],[33.036712468993144,35.32486150100414],[33.03643054399309,35.32671686600415],[33.03641011099312,35.32685133400416],[33.03723265899306,35.32802123500419],[33.03836881899307,35.327310932004174],[33.03865345199311,35.32720352300416],[33.03910456799306,35.32799297600421],[33.039029381993046,35.32837427700422],[33.03828935399304,35.3285738440042],[33.038692669993054,35.329518193004226],[33.038134144993066,35.3299156050042],[33.03876932799304,35.3310271750042],[33.03963786599302,35.33254711600424],[33.03946302499298,35.33265927800424],[33.039068599993016,35.33291230500423],[33.038744248993,35.33236996100423],[33.03699117699307,35.329438671004205],[33.03451003799308,35.32958904300421],[33.03344669299303,35.32969645200422],[33.03264112799311,35.32817124900418],[33.0311212969931,35.325635725004155],[33.03114361099314,35.325648257004175],[33.030928793993084,35.32481047000414],[33.031342038993124,35.32445062600414],[33.03024647099316,35.32436469900415],[33.03031595599313,35.32348124000412],[33.030321656993166,35.32340876200413],[33.03096610899318,35.323344317004164],[33.03097916999311,35.322520044004115],[33.03060323899318,35.3218218890041],[33.03082879799322,35.32036113200413],[33.02995860099319,35.319949585004125],[33.02991500799321,35.3199289680041],[33.02959067399325,35.31977557800412],[33.029429682993246,35.31735177000409],[33.02922774599327,35.31668279600407],[33.03019856599323,35.31639726000404],[33.03031149599324,35.31684662500405],[33.03161353599328,35.31682073200406],[33.03161353599328,35.31682073200406]]]}