{"segmentId":"5001292","streetsFileVersion":236,"polygonPointList":[[[32.83665714199699,34.981761938001505],[32.836645698996996,34.9818561790015],[32.83662044599698,34.981967499001534],[32.83658244799701,34.982135001001545],[32.836102201997,34.98425200700155],[32.83604309299698,34.984512568001556],[32.835908380996955,34.98510639800151],[32.835832681996976,34.98544009500155],[32.83581545799698,34.98551602300155],[32.83575421299695,34.985785998001525],[32.83572233199697,34.985926535001525],[32.835712950996964,34.98596788800155],[32.83569377399696,34.985994933001514],[32.835383755996986,34.98643214400154],[32.83534673099699,34.98648435900152],[32.83481335599695,34.98723656700152],[32.83445460099699,34.98774251000153],[32.833440526996945,34.98917263700153],[32.83298929599695,34.98890524100156],[32.83237610499695,34.98854186900157],[32.83199486199693,34.988315947001546],[32.831898635996986,34.98825892400154],[32.831685271997,34.98728388700155],[32.83165953899696,34.98716629100154],[32.831420791997,34.98607525400156],[32.831499092996964,34.98575648500152],[32.83042242499697,34.985122937001506],[32.829460222997,34.98711728400157],[32.82929541699694,34.98745887600156],[32.82871656299696,34.98865866100156],[32.82830295399696,34.98875700700157],[32.828259808996926,34.988767266001524],[32.828228507996975,34.98877470800156],[32.82822811599697,34.98877480100154],[32.82822469899695,34.98877754900158],[32.825868449996925,34.99067243500159],[32.825165749996934,34.991237544001585],[32.82497435999694,34.99170884800156],[32.824694615996926,34.99119248300159],[32.82469954199697,34.990719609001566],[32.824701754996944,34.99050719800156],[32.82472587099695,34.99020181800157],[32.822393998996944,34.98890739100156],[32.82294048199694,34.98770021100156],[32.82148304899698,34.98693959800154],[32.81940698199698,34.98585612900156],[32.82028678799697,34.98332089900151],[32.820311176996995,34.983250619001524],[32.81983290499701,34.98309198900154],[32.819709171997,34.98305095000154],[32.81951405799698,34.98335769500153],[32.81938261599699,34.983574939001535],[32.81891798399699,34.98482527100152],[32.81871810999702,34.98488951600155],[32.81865745199697,34.98477347400156],[32.81927611199703,34.981775353001524],[32.81935383399699,34.981678327001525],[32.82109639999703,34.97950296800154],[32.82230347599704,34.97846370500148],[32.82402313699701,34.976983119001524],[32.824373202997045,34.97632291800149],[32.82605657199702,34.973148196001496],[32.82847272899708,34.97021355200149],[32.82855370099706,34.97018642100147],[32.829771075997094,34.969778512001476],[32.82863453199706,34.968154129001434],[32.828585867997106,34.96814439600148],[32.82649301699713,34.967725826001455],[32.825731589997105,34.96879658300144],[32.82527533599711,34.96858153600145],[32.82511966299712,34.96857803800144],[32.82504440999709,34.96857634700147],[32.8246400199971,34.96856726000144],[32.82436210599708,34.969122392001445],[32.82431756399711,34.96921136400146],[32.8239469939971,34.96932006500145],[32.8236549229971,34.968031881001465],[32.82315147999707,34.967530691001436],[32.82274597099714,34.96727592300145],[32.82272123999713,34.96726038500143],[32.822619857997104,34.96719669000144],[32.82247708999712,34.966504267001454],[32.822452416997145,34.966409113001454],[32.822241285997116,34.96559486400141],[32.82217191599712,34.96532732900144],[32.82129991499711,34.96557412200147],[32.820154132997146,34.965898400001464],[32.8195843519971,34.96707064200147],[32.81862747099712,34.969039288001454],[32.81657161599708,34.969496145001465],[32.81681673299711,34.96547536800145],[32.81684287499714,34.96504655300143],[32.81671322599713,34.96498432200147],[32.8158910909971,34.964589696001475],[32.81152718899713,34.96535887300146],[32.81059916899713,34.96552244500143],[32.810590311997125,34.96552084700145],[32.80943776399713,34.96531286800146],[32.808067422997155,34.965065588001465],[32.80721237899715,34.96526387900147],[32.80594351599714,34.96555813700147],[32.80457428299713,34.966963473001485],[32.80237207799712,34.96922374300145],[32.802189373997145,34.9694112650015],[32.801513870997134,34.96920438100147],[32.79781536699711,34.968071654001434],[32.79541826499708,34.96916858800147],[32.79416531799712,34.97073088100149],[32.793606143997145,34.97107590300146],[32.79264115199711,34.97043941900147],[32.79247478199709,34.97051555100148],[32.7916935059971,34.97087306900148],[32.78883221399709,34.97106761200149],[32.78672315699707,34.972895398001484],[32.78244012699707,34.974037539001486],[32.78033519699709,34.97279524400148],[32.77921647799707,34.972939530001504],[32.77844410399711,34.973039146001504],[32.774389927997106,34.973562029001485],[32.773860513997064,34.973630310001475],[32.7723563449971,34.973593998001505],[32.77262847699712,34.9725264520015],[32.772628593997055,34.97252599200148],[32.77275499899708,34.972030108001505],[32.77260510299709,34.97201574500151],[32.77240799999709,34.97199700000148],[32.772411356997125,34.971919788001465],[32.772411362997104,34.97191966100151],[32.77241746299711,34.971641848001475],[32.77242099899712,34.97136311600151],[32.772421280997094,34.971362988001495],[32.77259374799714,34.97135590100146],[32.77278635099707,34.97134836500147],[32.77288431599711,34.969196806001484],[32.77292000099712,34.96832600000146],[32.7729200069971,34.96832582800146],[32.772952368997124,34.96745589700144],[32.77295970899714,34.96674384800149],[32.77302645599708,34.96645095900144],[32.77302647099712,34.966450893001465],[32.77311077499718,34.96608096700144],[32.77318776699712,34.96574312600146],[32.77318797599712,34.965742208001444],[32.773371339997134,34.96493760200148],[32.77348010399713,34.96452187200143],[32.773485050997174,34.96450296600145],[32.77348529799712,34.96450202100144],[32.77348545399711,34.96450185400145],[32.77359865199712,34.964380651001456],[32.773599307997124,34.964379949001426],[32.773611133997164,34.96437800000146],[32.773690173997124,34.964365388001426],[32.77369422499714,34.96422196200146],[32.77369687999713,34.96412798200143],[32.773696880997136,34.964127943001444],[32.77369336699717,34.964127441001466],[32.773666584997166,34.96399376200143],[32.77367435699717,34.963882754001446],[32.77402204699719,34.963641674001416],[32.77405563399714,34.963618388001436],[32.77405563199715,34.96361825600147],[32.774052512997166,34.963348900001414],[32.774543317997164,34.96333544600141],[32.77833552699715,34.96323149600144],[32.77911842399713,34.963180951001405],[32.779250842997165,34.96317240200144],[32.780948903997164,34.96306277300143],[32.78188702499717,34.96302744300143],[32.7817314849972,34.96058791000144],[32.78167110799721,34.95651040000143],[32.783673519997166,34.95666676500144],[32.7845021329972,34.956731470001436],[32.7848007339972,34.9552565350014],[32.785596440997196,34.95476374300141],[32.785701800997245,34.95469849200138],[32.78573375099721,34.954678705001406],[32.785846139997204,34.954609100001385],[32.79271564799722,34.95515697500143],[32.796603066997186,34.95546701500141],[32.79668155099719,34.95547327400139],[32.796692803997196,34.95547417200139],[32.796765041997205,34.955479933001406],[32.80172289399721,34.955875345001395],[32.804463042997206,34.95609388400139],[32.8050797979972,34.95545428600143],[32.805944964997195,34.954557076001414],[32.806004933997194,34.95449488600143],[32.80605941499719,34.95455958200141],[32.80691864699715,34.9555799200014],[32.8078589249972,34.95567394800138],[32.808060787997185,34.955694134001405],[32.81075521599722,34.95499124000138],[32.81191814999719,34.95468786600138],[32.81462810099719,34.95398092300142],[32.8194250939972,34.95363828000141],[32.81979408099722,34.95368273600142],[32.82416497999717,34.954209351001374],[32.82505558099722,34.95497568200141],[32.826620583997205,34.95632231200141],[32.826108044997184,34.95805994500142],[32.82869864299715,34.96095929100142],[32.829257341997156,34.96158457600144],[32.83105621399712,34.96459697300141],[32.831394926997135,34.96579657900143],[32.83139885699715,34.965810498001446],[32.8314141619971,34.965884414001465],