{"segmentId":"5001440","streetsFileVersion":188,"polygonPointList":[[[32.933306465994434,35.237211487003236],[32.93263999999444,35.237820000003275],[32.93264611499447,35.23778534900325],[32.93248799799446,35.237922756003265],[32.93225742199447,35.23829357800326],[32.93195563899448,35.23877891800326],[32.931738208994425,35.23930878700326],[32.93140844599442,35.23937974600329],[32.93074916399448,35.2386330190033],[32.93095908399446,35.23834872900328],[32.931036871994465,35.23811653700328],[32.931229999994436,35.23753000000326],[32.931390044994465,35.237428153003265],[32.93155888699447,35.237318121003256],[32.93179889399447,35.23660727100324],[32.93173953599449,35.23573053300324],[32.931779276994476,35.23535547500325],[32.93189069999452,35.23430393400321],[32.93191959599454,35.23330147900321],[32.93165058999454,35.23141993000323],[32.93164999999454,35.23142000000323],[32.93152871999457,35.23097081500319],[32.93140648599454,35.23051809700322],[32.931271013994554,35.23036057100321],[32.93152333399458,35.23019476100322],[32.93172710499456,35.22987455000318],[32.93201036199454,35.22942691700321],[32.93242233899455,35.22907008200321],[32.93250097599454,35.2290019700032],[32.9327899999946,35.22875000000318],[32.93431999999459,35.22904000000319],[32.93386999999457,35.23032000000322],[32.93368439699453,35.23047614200319],[32.933239999994576,35.23085000000319],[32.93323999999455,35.23170000000321],[32.933450060994524,35.23202259500321],[32.93346248699452,35.23202554600321],[32.933509059994535,35.23195089700321],[32.93363238499454,35.23206589700321],[32.93434793599452,35.23223583900322],[32.93479751099452,35.2325914550032],[32.93505287599451,35.23339049000321],[32.934797256994536,35.23369343400321],[32.93458727399453,35.23433322400325],[32.934137497994485,35.23483074000326],[32.933951203994475,35.23541013600324],[32.93389750199447,35.23557715500325],[32.933387504994464,35.23714106300324],[32.933306465994434,35.237211487003236],[32.933306465994434,35.237211487003236]]]}