{"segmentId":"5001145","streetsFileVersion":188,"polygonPointList":[[[32.65032999999523,35.188289999002905],[32.649219999995225,35.18861236800289],[32.64921999999525,35.18865000000289],[32.64909042399522,35.18865000000289],[32.64920004399521,35.19051636700289],[32.64923999999523,35.1905200000029],[32.64923999999522,35.1908800000029],[32.64923999999523,35.19119665000291],[32.649369999995145,35.193410000002906],[32.649169999995145,35.19460000000292],[32.64912702799517,35.194595703002946],[32.64893703299512,35.19552287700293],[32.64891999999511,35.19597000000294],[32.648828131995145,35.19630685000294],[32.648619999995134,35.19707000000295],[32.64767999999509,35.200060000003],[32.64650826699511,35.199857317002994],[32.646502073995094,35.19983038900298],[32.6464999999951,35.199830000003004],[32.64617999999512,35.19843000000295],[32.64523999999511,35.19756000000297],[32.644499999995126,35.196690000002945],[32.64449984199517,35.19668735000295],[32.644499077995114,35.196686869002974],[32.64442377599515,35.196620856002944],[32.64392891899517,35.19618703900295],[32.643029285995155,35.19539837600296],[32.64264316799515,35.195457816002936],[32.64187710399515,35.19580955200296],[32.64151191599515,35.19550880800295],[32.64166201299515,35.19445786600293],[32.64214983699517,35.19345880700295],[32.643289958995204,35.1932012650029],[32.64328999999516,35.19320000000292],[32.64329428299516,35.19319119000292],[32.64402400899523,35.191490779002905],[32.643959999995204,35.1901100000029],[32.6439699999952,35.19004000000291],[32.64410999999523,35.18940000000288],[32.64422999999522,35.18881000000288],[32.644499999995254,35.187490000002846],[32.644519999995254,35.18744000000286],[32.64389999999525,35.18706000000285],[32.64402999999524,35.18590000000287],[32.64359856999527,35.18552008500287],[32.642689999995326,35.18472000000283],[32.64280999999528,35.184350000002844],[32.643159999995355,35.18329000000284],[32.6434599999953,35.18293000000284],[32.64371999999526,35.18263000000286],[32.64466541899529,35.18276940500283],[32.6450983449953,35.18283324100281],[32.6451099999953,35.18274000000281],[32.6450599999953,35.182580000002815],[32.645139999995294,35.18259000000285],[32.64527999999531,35.18263000000285],[32.64548999999529,35.182670000002815],[32.645909999995304,35.18274000000281],[32.64637999999532,35.182850000002816],[32.64653999999532,35.18293000000284],[32.64698999999531,35.18302000000285],[32.64744999999528,35.183180000002835],[32.6479799999953,35.18432000000287],[32.64824999999532,35.18313000000285],[32.64979999999526,35.18321000000282],[32.64990999999526,35.18322000000285],[32.650185106995245,35.18466865000285],[32.65062679899528,35.184738164002866],[32.65051787699523,35.18568847400288],[32.650465521995265,35.18614525000285],[32.65032999999523,35.188289999002905],[32.65032999999523,35.188289999002905]]]}