{"segmentId":"5001251","streetsFileVersion":236,"polygonPointList":[[[32.724175099987114,35.61845796700906],[32.72487239698713,35.61908694500907],[32.72745089798705,35.62069976300912],[32.72994933198699,35.623126813009165],[32.729919999987004,35.62364000000921],[32.72954861798696,35.62431637100922],[32.72916753798697,35.62501040500923],[32.72830814298691,35.626575561009226],[32.72812999998693,35.626900000009236],[32.72735443998691,35.62635751000924],[32.72732003998691,35.62633344800921],[32.72634810098692,35.6256535940092],[32.72526496598696,35.62489596000922],[32.72426999998697,35.62420000000917],[32.723499999987006,35.62350980400917],[32.722168463987046,35.62231627100915],[32.72197190198707,35.62214008100916],[32.72120185698706,35.62144984400911],[32.72069999998709,35.62100000000911],[32.720782743987115,35.6208127440091],[32.72078395698706,35.62081000000913],[32.72145951898712,35.61928117000911],[32.721254281987214,35.61699095600903],[32.721229999987195,35.61672000000902],[32.72219268498719,35.61666978300906],[32.724175099987114,35.61845796700906],[32.724175099987114,35.61845796700906]]]}