{"segmentId":"5001104","streetsFileVersion":188,"polygonPointList":[[[32.598143669995544,35.16510638200268],[32.59721371799548,35.1653356750027],[32.597105636995494,35.16532153500268],[32.5966630469955,35.16542898900273],[32.596511114995515,35.16526163800271],[32.5964799999955,35.1652600000027],[32.5963399999955,35.165200000002685],[32.59586999999552,35.16481000000269],[32.595739999995494,35.16470000000269],[32.5956299999955,35.1645600000027],[32.59551999999554,35.164380000002694],[32.595333398995486,35.16396438800271],[32.594879968995514,35.1644159970027],[32.59440141899557,35.16400133900268],[32.5943323889955,35.164115054002686],[32.59469162499549,35.166528677002695],[32.5946896209955,35.16652915300272],[32.59468999999551,35.16653000000274],[32.5946767959955,35.16653220100272],[32.5945523639955,35.16656176800273],[32.594010969995516,35.166638605002724],[32.593318138995556,35.1646724950027],[32.593086064995575,35.16459820700269],[32.59263950299555,35.16297600200269],[32.59250309599553,35.16248048600268],[32.59253760299555,35.16245749600269],[32.59252462899551,35.16242067700268],[32.59255592799553,35.162403854002676],[32.592765392995545,35.161873084002664],[32.59186233799559,35.15841804000267],[32.5910007329956,35.157051814002635],[32.59015322899564,35.15570794800262],[32.5901466419956,35.15557600700261],[32.590089999995634,35.1553400000026],[32.59008999999559,35.155228128002605],[32.58993729299562,35.154460171002604],[32.59002999999565,35.15447237700261],[32.59002999999565,35.15434000000261],[32.59003999999564,35.15410000000259],[32.589999999995634,35.15373000000261],[32.59000999999566,35.15357000000262],[32.59003999999564,35.1534400000026],[32.590199999995626,35.153200000002585],[32.59032999999565,35.153300000002616],[32.590649999995655,35.15340000000259],[32.59070841399565,35.153216561002644],[32.59069999999563,35.152880000002604],[32.59079096399566,35.15295732100259],[32.59100537799564,35.15228398800263],[32.59108702499563,35.15202758700262],[32.59112747099566,35.15190057200258],[32.59119361099567,35.151631942002595],[32.59121322799568,35.15163126700257],[32.591219999995694,35.151610000002606],[32.59125228199562,35.15160934800263],[32.59131999999565,35.1515900000026],[32.59147576399568,35.1516048350026],[32.59269425299567,35.15158022700261],[32.592572930995686,35.15232147800259],[32.59238606899561,35.153463189002586],[32.59273235499567,35.153346104002594],[32.59282964299567,35.15363742300265],[32.59277694899563,35.15371389000262],[32.59419584399565,35.154623938002615],[32.59453971199566,35.15236852000259],[32.59453988699564,35.15236737000259],[32.59452156499564,35.15231981300263],[32.594519999995626,35.15232000000258],[32.594415852995624,35.152045431002584],[32.594409564995615,35.1520291100026],[32.59463455599566,35.15174643900262],[32.59662968899565,35.1511865740026],[32.59746999999564,35.15191000000259],[32.59754999999565,35.15210000000262],[32.59766441899567,35.15244325600258],[32.59767999999561,35.15249000000261],[32.59773999999565,35.1527900000026],[32.597719999995626,35.153210000002616],[32.59772999999565,35.15332000000262],[32.59778999999562,35.15340000000259],[32.597909999995665,35.15348000000262],[32.59797999999563,35.15357000000262],[32.59797999999563,35.1536400000026],[32.59793999999563,35.1537800000026],[32.59786000999562,35.1541639520026],[32.59787591999562,35.15419758400259],[32.59792664699563,35.15629327200261],[32.5979599999956,35.15640000000266],[32.59798999999558,35.156560000002656],[32.59801973599558,35.15679788800261],[32.59806629499556,35.15683302900262],[32.59800999999558,35.15698232300266],[32.59800999999558,35.157030000002656],[32.59794962999563,35.15724273100265],[32.59797700499562,35.15837369500268],[32.59803204499555,35.15850629000264],[32.59810861899562,35.158561603002674],[32.59808416399556,35.15863184900267],[32.598099999995576,35.15867000000262],[32.5981436639956,35.158795533002646],[32.60000491399562,35.157871091002654],[32.601592067995625,35.15708278900266],[32.602443473995585,35.15610872800262],[32.6038892249956,35.155972658002625],[32.60472020999557,35.15788325800261],[32.604692158995555,35.159472993002666],[32.60061801699553,35.16316778100267],[32.59990269199554,35.163816500002696],[32.59872999999551,35.16488000000269],[32.59814999999549,35.16511000000268],[32.598143669995544,35.16510638200268],[32.598143669995544,35.16510638200268]]]}