{"segmentId":"5001639","streetsFileVersion":236,"polygonPointList":[[[33.19825687498218,35.74725417601205],[33.197406718982165,35.74948469301211],[33.19569163198207,35.750919429012164],[33.19397841998199,35.753536837012234],[33.193002840982,35.75394134501222],[33.191809407981886,35.75570089301227],[33.190375576981936,35.755306590012246],[33.18957556998193,35.75508658801225],[33.189557984981946,35.75502462201227],[33.18881074998206,35.75239151001219],[33.18867333698208,35.75190729301216],[33.19211041298229,35.746322046012004],[33.19260908398224,35.746026537011986],[33.192662407982276,35.745994938011975],[33.19791047698237,35.74288497101188],[33.197913690982354,35.74289657701193],[33.19793981198239,35.74299091401194],[33.19911282098229,35.74438043301196],[33.19973147998224,35.745736725011966],[33.19918420398225,35.74697404501204],[33.19825687498218,35.74725417601205],[33.19825687498218,35.74725417601205]]]}