{"segmentId":"5001802","streetsFileVersion":96,"polygonPointList":[[[31.921379999997008,35.032640000001905],[31.921104456997046,35.032569146001904],[31.921100829997012,35.03257383000188],[31.921059302996994,35.032593597001906],[31.921002806996995,35.03319829400188],[31.920727430997015,35.033436024001865],[31.920665268996984,35.03348968700188],[31.920115058997023,35.0339646740019],[31.919759113996996,35.034166750001894],[31.918101829997,35.03510747900188],[31.917723697996966,35.0353221140019],[31.917021704996966,35.035720587001926],[31.91659952199702,35.035902005001866],[31.915339825996952,35.03644331400191],[31.915339589996968,35.036443415001926],[31.914080094996947,35.03698460200193],[31.912871018996984,35.037360972001906],[31.912925058996965,35.03708523500192],[31.91255999999697,35.037230000001934],[31.91271999999695,35.03696000000194],[31.913229999996993,35.03601000000188],[31.91372999999699,35.03503000000192],[31.913819999996985,35.0348700000019],[31.913879999997008,35.03466000000188],[31.913889999996996,35.03441000000188],[31.913849999996966,35.03414000000188],[31.914079105996954,35.034117828001875],[31.914410945996977,35.03408571500191],[31.914427227997045,35.034032481001894],[31.91494168599703,35.032632941001864],[31.91494423999703,35.03263010800187],[31.914967488997007,35.03245974600186],[31.915206472997028,35.03233930200185],[31.915407266997,35.0321166300019],[31.91553336999699,35.03216582000188],[31.915758294997016,35.03066300200186],[31.915794260997014,35.03042269600189],[31.915916061997045,35.028601529001875],[31.916319487997043,35.027750719001844],[31.916341408997017,35.027752818001865],[31.91631999999704,35.02771000000187],[31.916309999997065,35.02754000000185],[31.916579999997047,35.02771000000187],[31.916729591997004,35.027772986001864],[31.916959999997086,35.027870000001876],[31.917329999997037,35.02799000100185],[31.917519999996998,35.02804000000184],[31.917699999996998,35.02808000000185],[31.91789255999703,35.02810625800185],[31.918886994997,35.02795136500184],[31.91898233299702,35.02808941600186],[31.919099999997062,35.02806000000185],[31.919389999997065,35.02796000000187],[31.919119999997076,35.02824000000185],[31.91910585799701,35.02826828300186],[31.91976515599702,35.02922295700188],[31.920352080997002,35.030564015001865],[31.92044615099703,35.03076604400189],[31.92096270899702,35.03187542500189],[31.921144476997004,35.03209966900187],[31.92110957999703,35.032146583001875],[31.921349999997044,35.03252000000187],[31.921469999997008,35.03268000000186],[31.921459999996983,35.0327500010019],[31.921379999997008,35.032640000001905],[31.921379999997008,35.032640000001905]]]}