{"segmentId":"5001243","streetsFileVersion":188,"polygonPointList":[[[32.755449999996124,35.09512000000218],[32.75523999999613,35.09527000000215],[32.754979999996124,35.0955000000022],[32.75470999999612,35.09580000000217],[32.75455999999608,35.09599000000216],[32.75439999999608,35.096200000002185],[32.754359622996105,35.096268330002175],[32.75426999999614,35.09642000000221],[32.75402999999613,35.09688000000218],[32.75396999999609,35.09691000000217],[32.75390999999614,35.096960000002156],[32.75388999999614,35.09700000000217],[32.75386999999614,35.097080000002194],[32.75386999999614,35.09713000000219],[32.75377999999611,35.09736000000217],[32.753669999996134,35.09758000000218],[32.753559999996114,35.09783000000218],[32.7534899999961,35.0981400000022],[32.75341999999611,35.098489999002176],[32.7533599999961,35.09846000000219],[32.75333999999608,35.09844000000219],[32.753299999996074,35.098380000002216],[32.7527999999961,35.09749000000219],[32.7526999999961,35.09725000000217],[32.75265999999611,35.097060000002195],[32.752609999996125,35.096930000002175],[32.7525999999961,35.09688000000218],[32.752409999996104,35.09651000000221],[32.75239999999614,35.09649000000221],[32.75229999999612,35.09652000000219],[32.75198999999611,35.096660000002174],[32.751889999996116,35.09681000000219],[32.75176999999614,35.096670000002206],[32.75172999999615,35.096670000002206],[32.75149999999615,35.09655000000217],[32.751329999996116,35.09651000000221],[32.75130999999611,35.09649000000221],[32.75098999999612,35.0963800000022],[32.75092999999611,35.09637000000217],[32.75088999999608,35.09640999900219],[32.750879999996116,35.09670000000219],[32.75074999999611,35.096670000002206],[32.75049999999611,35.09668000000218],[32.75048999999612,35.09633000000221],[32.75047999999609,35.0962900000022],[32.7504599999961,35.096270000002185],[32.750369999996096,35.096250000002186],[32.75034999999608,35.09607000000218],[32.75000999999612,35.09606000000221],[32.74924999999614,35.0960400000022],[32.74924999999614,35.09623000000217],[32.74924999999614,35.096340000002186],[32.74927999999612,35.09749000000219],[32.74929999999611,35.098040000002165],[32.748849999996104,35.09834000000221],[32.74857999999611,35.0983600010022],[32.7485199999961,35.09816000000221],[32.74823999999613,35.09779000000217],[32.74806999999611,35.09752000000217],[32.74788999999607,35.09729000000218],[32.74763999999611,35.097070001002216],[32.74710999999614,35.0969700000022],[32.747049999996136,35.09695000000218],[32.74700999999611,35.0969200000022],[32.746849999996115,35.09691000000217],[32.746679999996104,35.0969200000022],[32.74651999999608,35.096850000002206],[32.74643999999614,35.096660000002174],[32.7464299999961,35.09655000000217],[32.74628999999611,35.09635000000216],[32.746209999996154,35.096460000002175],[32.74591999999612,35.09686000000218],[32.74577999999608,35.097020001002164],[32.745559999996125,35.09720000000218],[32.745509999996074,35.097240000002195],[32.7453218229961,35.0974380810022],[32.7453199999961,35.0974400000022],[32.745209999996085,35.09759000000216],[32.74512999999613,35.0977100000022],[32.74508999999609,35.0978000000022],[32.745019999996124,35.0979100000022],[32.74492999999613,35.09806000000217],[32.74492999999613,35.09811000000222],[32.74485999999613,35.09811000000222],[32.744809999996086,35.098380000002216],[32.74413999999611,35.09900000100219],[32.744439999996096,35.0994500000022],[32.744549999996096,35.0998100000022],[32.74455999999606,35.09992000000221],[32.7445199999961,35.100040000002195],[32.74437999999607,35.1000600000022],[32.74428444699608,35.0999826480022],[32.74336999999606,35.09976000000221],[32.743239999996106,35.099530000002225],[32.743364424996095,35.099090857002224],[32.7433599999961,35.09856000000222],[32.7430199999961,35.09960000000221],[32.74328959299607,35.100088535002214],[32.74342728999608,35.10014480500222],[32.74359705399608,35.10045659700223],[32.74372999999607,35.1005600000022],[32.74388999999611,35.10072000100223],[32.74390999999604,35.10078000000219],[32.743899999996074,35.1009600000022],[32.74429999999608,35.10172000000222],[32.74439999999606,35.10207000000219],[32.74457999999606,35.10239000000224],[32.74466999999607,35.10259000000226],[32.74467193099603,35.102617035002204],[32.74467521199609,35.102662961002245],[32.74470712299608,35.10272471100224],[32.744630477996054,35.10281244500222],[32.74460480799609,35.10286114900221],[32.74458999999609,35.10295000000226],[32.74465999999608,35.103020000002246],[32.74466999999607,35.10307000000223],[32.74459999999604,35.103100000002215],[32.744489999996034,35.10314000000223],[32.74440637599603,35.103181811002244],[32.74418480299603,35.103679227002225],[32.7430016589961,35.10325597200223],[32.74274999999606,35.10318000000225],[32.74276999999608,35.103290000002254],[32.74278999999609,35.103380000002254],[32.74277999999604,35.10342000000221],[32.742339999996055,35.103110000002246],[32.74228203999607,35.102998538002254],[32.74206086399607,35.102919415002205],[32.74186547899607,35.102551100002195],[32.74152181199607,35.10190326200224],[32.74147830099605,35.10186729800223],[32.741309999996055,35.1017299990022],[32.74126999999605,35.10170000000222],[32.741179999996056,35.10167000000223],[32.74105999999608,35.10154000100221],[32.741009999996095,35.10143000000221],[32.74086999999606,35.10109000000222],[32.740629999996095,35.10023000000223],[32.74063298599607,35.100227761002195],[32.740011115996104,35.099055491002204],[32.73938999999613,35.099710000002226],[32.73812922999606,35.100380986002214],[32.73623198099608,35.10171730100224],[32.73592999999606,35.10193000000221],[32.734289999996086,35.0977600000022],[32.736320007996135,35.09645753900216],[32.74226999999616,35.092640000002184],[32.7417658029962,35.09187791000215],[32.74052999999619,35.09001000000215],[32.74006999999619,35.08924000000216],[32.740419999996206,35.08655000000211],[32.74052999999619,35.086650000002145],[32.74057999999623,35.086490000002094],[32.740699999996224,35.08654000000214],[32.74088999999618,35.08670000000213],[32.74074999999618,35.08690000000214],[32.740699999996224,35.08706000000213],[32.740649129996235,35.08734826100213],[32.74072999999619,35.08763000000212],[32.74106999999619,35.0873000000021],[32.74146999999619,35.08699000000213],[32.74204999999621,35.08673000000211],[32.742109999996174,35.08675000000212],[32.74216999999621,35.08684000000213],[32.742289999996174,35.086920000002145],[32.74242999999621,35.086890000002114],[32.74261907899623,35.08694602300212],[32.7436299999962,35.086580000002094],[32.7435912889962,35.08599451400211],[32.7435499999962,35.08585000000211],[32.74351999999622,35.08555000000213],[32.7435499999962,35.08537000000212],[32.74376999999623,35.08518000000209],[32.74388198099623,35.085138744002116],[32.7447852259962,35.08450954800208],[32.74485999999626,35.08435999900213],[32.74510999999626,35.08410000000209],[32.74527999999622,35.083980000002114],[32.745548529996256,35.08385412600211],[32.74559999999621,35.08383000000208],[32.745928714996246,35.08371300000209],[32.74634757599624,35.08342122400211],[32.746779999996235,35.083120000002104],[32.74700098599624,35.08190174700212],[32.74705595499627,35.081330072002096],[32.74707999999624,35.081080000002075],[32.74716999999625,35.080970000002075],[32.74741499299626,35.08101857600211],[32.74749999999626,35.080970000002075],[32.74781999999626,35.081090000002106],[32.747836093996234,35.08110207100206],[32.74832999999626,35.08120000000205],[32.74851326899627,35.081363978002095],[32.74851999999625,35.08137000000208],[32.748529999996265,35.081540000002114],[32.74858999999623,35.081920000002064],[32.74922999999628,35.081570000002095],[32.749339999996266,35.08151000000207],[32.75044999999623,35.08532000000208],[32.7520849909962,35.0870485760021],[32.75227999999618,35.086950000002126],[32.75395999999621,35.086120000002104],[32.754109045996216,35.08605431900209],[32.75453360099621,35.08584576700214],[32.75537999999623,35.085430000002084],[32.755439999996234,35.085590000002085],[32.755414021996174,