{"segmentId":"5001553","streetsFileVersion":236,"polygonPointList":[[[33.02453272898428,35.69655652101077],[33.024063306984274,35.697720854010825],[33.02426378798423,35.697946395010796],[33.02442449698423,35.69812719201084],[33.02449968298422,35.69859979001083],[33.023533005984206,35.69959869001088],[33.023393374984224,35.69970609901083],[33.02325374398419,35.699383873010845],[33.02337189298421,35.69920127801083],[33.0231033719842,35.69891127501084],[33.022304065984194,35.70026104001087],[33.0213505599841,35.7018711990109],[33.020963692984125,35.70163003701088],[33.020538253984135,35.70116839001093],[33.02045887298415,35.701082253010874],[33.02068279398415,35.70068864201088],[33.0218337029842,35.69866556001084],[33.022048519984224,35.69864407801082],[33.0223344439842,35.69885962101084],[33.02274667598422,35.69917038001085],[33.02348219698427,35.697922564010824],[33.02385639198427,35.69728774101077],[33.02386958998432,35.696456289010754],[33.02387066898435,35.69638830501076],[33.0239738089843,35.69639619001076],[33.0258945579843,35.69654302201079],[33.027566272984274,35.69726877201077],[33.02815321898443,35.69291688001067],[33.028276950984456,35.69236484501066],[33.02866718198443,35.69206979201065],[33.029676073984454,35.69184136401063],[33.03060882298449,35.69186991701068],[33.03137500898439,35.69236484501066],[33.03172716898445,35.69274555901069],[33.03207569798437,35.6937245410107],[33.03231199698433,35.695292707010765],[33.0319155249843,35.69614825201077],[33.03189553898428,35.69733311601079],[33.03220085898423,35.698188408010836],[33.032450107984204,35.69888663001085],[33.03369604698415,35.699960716010885],[33.033588638984156,35.700712577010876],[33.032349065984064,35.70350514201095],[33.03232426998405,35.70350947101097],[33.03195837698403,35.70357334801098],[33.03193819798399,35.70468098501097],[33.030572375984,35.70506299601098],[33.03051675298396,35.70567485401101],[33.02940830798398,35.705591325011014],[33.029494233983996,35.70503280001097],[33.02893570998399,35.70509724601098],[33.02896174698401,35.70448536101096],[33.02839447098405,35.704542554010985],[33.028304924984006,35.70404741901097],[33.02844162998404,35.70372241501098],[33.0285160349841,35.70276819301094],[33.02863496598409,35.701445353010904],[33.02784990898416,35.700828656010884],[33.02785417098424,35.698055866010826],[33.02785476998424,35.69766624601079],[33.026646417984274,35.697230437010774],[33.02655144198423,35.69801614601081],[33.026410118984195,35.69918527301086],[33.02552936898416,35.699142310010856],[33.02547562598422,35.69866533901084],[33.02539851598426,35.69798099301081],[33.02535751498426,35.69761710801078],[33.02556916998425,35.697583688010816],[33.025565196984296,35.69664809001078],[33.02453272898428,35.69655652101077],[33.02453272898428,35.69655652101077]]]}