{"segmentId":"5001238","streetsFileVersion":96,"polygonPointList":[[[32.72739899998846,35.56822900000798],[32.72509999998849,35.568709000008035],[32.72379399998849,35.569053000008026],[32.72369633298851,35.569099979008016],[32.72347799998845,35.56920500000804],[32.723441494988435,35.56922577000803],[32.72341999998842,35.56923800000801],[32.72335999998848,35.569330000008016],[32.72322999998843,35.56940000000801],[32.72317899998849,35.56937300000803],[32.72292639998845,35.56951501200805],[32.72276099998845,35.56960800000806],[32.722656780988444,35.56993897300803],[32.72259599998845,35.570132000008044],[32.72239699998843,35.570154000008046],[32.72220756598845,35.57020679300806],[32.72209199998843,35.57023900000807],[32.722015775988424,35.57017763300806],[32.72197399998843,35.57014400000802],[32.72196999998845,35.57019000000802],[32.721839999988426,35.57026000000807],[32.72171999998845,35.57020000000806],[32.72152999998841,35.570360000008044],[32.721519999988445,35.57056000000806],[32.721399999988435,35.57073000000803],[32.72099999998843,35.57106000000805],[32.72099999998843,35.57106100000805],[32.7209999839884,35.57106102200805],[32.720849999988424,35.571270000008035],[32.72057999998839,35.57141000000809],[32.72056099998837,35.57142400000806],[32.720560199988405,35.57142444100805],[32.72029000698844,35.57157335000808],[32.71974874598838,35.57187164900809],[32.7197161039884,35.5718896390081],[32.7197108769884,35.57189252000809],[32.71843659998841,35.57259480000809],[32.71843266598841,35.57255238000809],[32.7184190669884,35.572405721008096],[32.718418999988366,35.5724050000081],[32.71841303498836,35.572366168008074],[32.71833819998841,35.57187900000805],[32.71824913698841,35.57136456500809],[32.7182480889884,35.57135851600805],[32.71824800598842,35.571358034008085],[32.718247999988435,35.571358000008054],[32.71845900498841,35.57127110200804],[32.71933564798838,35.57091007300806],[32.71934132498845,35.570907735008056],[32.7200399999884,35.57062000000809],[32.72009999998843,35.57055000000803],[32.72015999998847,35.570460000008026],[32.72022999998843,35.570360000008044],[32.72037999998841,35.57012000000802],[32.720569999988456,35.569820000008036],[32.72067999998849,35.56964000000803],[32.72079999998845,35.56944000000802],[32.720849999988445,35.56937000000803],[32.72089999998843,35.569300000008035],[32.720909618988465,35.569288457008],[32.720909999988486,35.56928800000801],[32.72085689898848,35.56924607800802],[32.72085299998843,35.569243000008],[32.720305999988454,35.56896600000802],[32.72022499998843,35.56888900000803],[32.720003999988485,35.56889100000803],[32.72017199998851,35.567303000007975],[32.720243642988535,35.56688071800798],[32.720275999988544,35.566690000007966],[32.719261999988554,35.566634000008],[32.719194324988514,35.566582012007956],[32.719110999988516,35.56651800000795],[32.719110975988514,35.56651752600796],[32.71907299998851,35.56576000000798],[32.71890599998854,35.565608000007956],[32.71900999998855,35.56464100000793],[32.71871175998862,35.56454085000796],[32.71860499998855,35.564505000007934],[32.71885799998865,35.56309000000789],[32.71903899998867,35.561997000007906],[32.71900966498864,35.561935455007855],[32.71893699998864,35.56178300000787],[32.71873999998864,35.56130700000787],[32.71866717098867,35.561105474007846],[32.71866699998866,35.56110500000787],[32.718571999988676,35.56084300000784],[32.718550628988666,35.560733853007854],[32.71854399998868,35.560700000007856],[32.7185439889887,35.56069994200785],[32.718389999988716,35.55992300000782],[32.71824999998872,35.55950000000786],[32.71823091598873,35.559279771007816],[32.7181999999887,35.558923000007816],[32.71839601998873,35.558830488007835],[32.718716683988745,35.55867914900782],[32.71871699998868,35.55867900000781],[32.71940699998875,35.55835200000783],[32.7197299999887,35.558379000007825],[32.719989999988734,35.5583600000078],[32.720159999988766,35.558380000007816],[32.72029699998875,35.55842600000781],[32.72044508298877,35.558437824007825],[32.72055999998872,35.55844700000782],[32.7208300869887,35.55857443600783],[32.72112799998875,35.55871500000784],[32.72115999998872,35.55872000000782],[32.721289999988755,35.55871000000785],[32.72146999998876,35.55862000000784],[32.721529999988725,35.5585900000078],[32.72169999998872,35.558460000007784],[32.72174999998873,35.55839000000779],[32.721849999988784,35.55783000000777],[32.721869999988705,35.557770000007814],[32.72192999998874,35.5577300000078],[32.72196999998875,35.55754000000782],[32.72206999998874,35.55735000000778],[32.72233999998875,35.55762000000779],[32.72241999998875,35.55770000000782],[32.72263999998875,35.55794000000778],[32.72272999998876,35.5580200000078],[32.723139999988746,35.55835000000782],[32.72321999998871,35.5584800000078],[32.72322999998875,35.55858000000782],[32.72345999998871,35.55852000000781],[32.723450999988735,35.5586110000078],[32.72345133498871,35.5586109840078],[32.72357499998871,35.558605000007816],[32.723946999988726,35.558972000007806],[32.723964251988676,35.558977489007795],[32.72399099998873,35.558986000007835],[32.72410644898869,35.55912838700782],[32.724110749988746,35.55913369200782],[32.72411099998869,35.5591340000078],[32.72414680898869,35.55916923700782],[32.72442399998871,35.55944200000783],[32.725109999988675,35.56010600000787],[32.72547499998867,35.56089800000787],[32.7254750859887,35.56089818500785],[32.72557999998865,35.56112500000787],[32.725489999988625,35.561786000007864],[32.72551044998864,35.56189538200787],[32.725532999988616,35.56201600000786],[32.72553799998859,35.56281300000791],[32.725414999988615,35.56287800000791],[32.7254150499886,35.56287835500791],[32.72551999998861,35.563630000007905],[32.7255299999886,35.5638600000079],[32.72551999998861,35.56400000000795],[32.725479999988586,35.56406000000791],[32.725119999988586,35.56423000000794],[32.72482999998858,35.56427000000796],[32.72477199998856,35.56428800000792],[32.72521299998857,35.565241000007966],[32.72588999998858,35.56525000000794],[32.72591999998855,35.56542000000797],[32.72574999998859,35.56544000000792],[32.72528699998853,35.56553600000796],[32.72528799998854,35.565594000007934],[32.72551699998851,35.56615200000795],[32.72574770098849,35.566714666007975],[32.725819894988504,35.56689074500801],[32.72581999998851,35.566891000007985],[32.7262509999885,35.56692700000801],[32.72652524998851,35.56689156700794],[32.7266379999885,35.566877000007956],[32.72729899998853,35.56705900000796],[32.727299019988486,35.56705920100799],[32.72735499998849,35.567630000008],[32.727398990988455,35.568228872008035],[32.72739899998846,35.56822900000798],[32.72739899998846,35.56822900000798]]]}