{"segmentId":"5001637","streetsFileVersion":96,"polygonPointList":[[[33.22919291698773,35.57161925200787],[33.22766639698774,35.57238408300785],[33.228029999987726,35.57270000000788],[33.227969999987714,35.57272000000789],[33.22796999998769,35.572840000007865],[33.22801999998773,35.57291000000786],[33.228159999987724,35.573000000007866],[33.227799999987695,35.57375000000792],[33.2277976199877,35.57374904800787],[33.227757636987675,35.57399411900793],[33.22592613598773,35.57304861900791],[33.224195902987795,35.57099126900784],[33.224179845987756,35.570979278007826],[33.22408494298778,35.57100848000784],[33.22366576998773,35.57179107600788],[33.22359177898776,35.57191827900787],[33.22337540798773,35.57230647400789],[33.22337173998776,35.57232665000785],[33.22325100898771,35.572990699007896],[33.22295426298775,35.57307771600789],[33.222129999987665,35.57459000000792],[33.22233999998766,35.57477000000793],[33.22269999998766,35.57501000000795],[33.22281985498769,35.57509903500792],[33.223049999987666,35.57527000000792],[33.223107219987654,35.57531039000791],[33.22316534398766,35.57535141900795],[33.22320520198765,35.57537955500791],[33.223205420987654,35.57537970900794],[33.22330713798765,35.57545150900794],[33.22355999998768,35.57563000000793],[33.22383999998767,35.575840000007915],[33.22389963698764,35.575942236007954],[33.223976626987664,35.57599777900792],[33.2243482949876,35.57626591000797],[33.226256372987606,35.57754274900796],[33.227255746987616,35.577756901007966],[33.22591999998747,35.581560000008025],[33.225869999987474,35.58171999900803],[33.22575180898744,35.58190965400808],[33.225735803987504,35.582111094008035],[33.224349921987375,35.58547140100814],[33.22410416498734,35.58606728200814],[33.22303264498726,35.5886653650082],[33.22293999998729,35.5888900000082],[33.22247999998717,35.5933000000083],[33.2223399999871,35.59447000000832],[33.22233039298713,35.59446567600829],[33.222325963987146,35.594502163008336],[33.22173549398712,35.59419797200833],[33.22133999998715,35.594020000008314],[33.22133039998714,35.59398928100832],[33.22122356498716,35.59393424300829],[33.221269999987165,35.594250000008316],[33.221059999987155,35.594520000008316],[33.221113112987084,35.59670647500839],[33.22117999998702,35.59946000000845],[33.221349999986955,35.600060000008426],[33.22133645998698,35.600080761008456],[33.221336540986954,35.60008105200845],[33.22133806298701,35.600086482008436],[33.22088921298698,35.600780752008454],[33.21566449898712,35.59654542400837],[33.21388219298716,35.595100627008364],[33.210366300987246,35.59225052800831],[33.21038682298723,35.5922255450083],[33.210379999987225,35.59222000000828],[33.21186532898725,35.590417800008254],[33.21162876398736,35.5874191720082],[33.21065911898737,35.58721341600818],[33.21021727398738,35.58565854100813],[33.209272532987484,35.58233394700807],[33.2093638819875,35.581853122008056],[33.20593371898751,35.58137219100807],[33.205904595987526,35.58097394700807],[33.2058997639875,35.58097510400806],[33.20516361498755,35.58078784900805],[33.203060914987546,35.580252984008006],[33.200452153987584,35.579476126008004],[33.19971572798757,35.579585958008025],[33.19947415098757,35.579526585008026],[33.19933999998759,35.57954000000804],[33.19913999998758,35.57954000000804],[33.19915529698761,35.57944821800801],[33.197577461987564,35.579060427008024],[33.196193873987625,35.57853844600799],[33.195525785987634,35.578286399007986],[33.19546999998762,35.57839000000803],[33.195059999987635,35.57825000000797],[33.19481999998762,35.57812000000802],[33.19452999998763,35.57790000000799],[33.19428999998762,35.577690001008],[33.19417999998764,35.57761000000798],[33.19406147898761,35.577515183007996],[33.19378256398767,35.57734537600797],[33.192949519987685,35.57648998900795],[33.19285137598771,35.57638524900798],[33.19154525898773,35.57505234700794],[33.19155070698767,35.575004417007946],[33.19090455098776,35.574366956007935],[33.19042657498776,35.573895412007936],[33.188355830987774,35.571757178007864],[33.18809489398783,35.57118820900789],[33.18823905598783,35.570876483007865],[33.18864608198783,35.57048065800786],[33.189268726987876,35.569830186007835],[33.189739423987845,35.569471780007845],[33.189729999987854,35.56946000000782],[33.190019999987875,35.56924000000781],[33.190289999987876,35.568790000007795],[33.19030621698788,35.568776589007804],[33.19037035598791,35.5686705770078],[33.190633964987924,35.568330933007786],[33.191036220987904,35.5680399890078],[33.19138999998793,35.56777000000779],[33.191879999987904,35.56729000000781],[33.19195999998791,35.567180000007795],[33.19198192898794,35.56719781700781],[33.19207960298789,35.56710169200778],[33.191873193987924,35.56633078800779],[33.19193747998793,35.56601542000775],[33.192784919987965,35.56608014400778],[33.192826789987926,35.566059004007776],[33.19288515398796,35.56592663100773],[33.19317237398793,35.56567226200778],[33.19341112798793,35.56567324200776],[33.193792366987964,35.56593035900775],[33.19380940098796,35.565960977007734],[33.19385070498793,35.56597146100776],[33.19387736898796,35.56608315200774],[33.19407736798792,35.566442655007776],[33.19409519398793,35.56648065400775],[33.194193527987885,35.566580589007785],[33.19420734598793,35.566719726007754],[33.19429091598795,35.56689787100776],[33.19481498098788,35.56729757700777],[33.1953377809879,35.567482220007776],[33.1953599999879,35.56746000000778],[33.19546999998792,35.56733000000776],[33.19553999998793,35.567180000007795],[33.195879951987926,35.56634469000776],[33.19591081798796,35.56610510500779],[33.19593861798797,35.56588934700776],[33.19594908898795,35.565866985007766],[33.195949999987945,35.565860000007746],[33.195959999987956,35.565829999007775],[33.19606999998798,35.56560000000778],[33.196259999987966,35.565030000007724],[33.19641026598798,35.564714442007705],[33.196446174988004,35.564635023007725],[33.19589928298803,35.56386609100775],[33.19588320498799,35.56378846500774],[33.19578155398805,35.56329768400773],[33.19497090698801,35.56292522500772],[33.19511585598804,35.56232950700771],[33.19530734098804,35.56215989800769],[33.19645419698804,35.561852191007695],[33.196539708988055,35.56180330600768],[33.19724334598804,35.56140105500765],[33.19796013398805,35.561205183007644],[33.198364848988035,35.56160438700767],[33.19888853098807,35.562146062007706],[33.19922307798804,35.56203383700768],[33.199843565988026,35.56212154700769],[33.201060324988035,35.56241048000767],[33.20187269798804,35.56218659700768],[33.20299502398807,35.562105972007664],[33.20402135998806,35.56219533700768],[33.205539648988044,35.56260554000769],[33.20604909898801,35.56274318000768],[33.20750524398803,35.562805917007694],[33.21105960298795,35.56381444100769],[33.212348474988,35.56393332300773],[33.212730698988004,35.56384967500769],[33.212897899987965,35.563821955007704],[33.213145567987986,35.5642920360077],[33.213182827988,35.56436275700769],[33.213325495987945,35.56456215500771],[33.213635772988,35.564591830007714],[33.21406558598797,35.5645651870077],[33.21451425498794,35.56463668400772],[33.21461444398796,35.56465264900771],[33.21661722398793,35.56556975200773],[33.216759230987876,35.56599637400776],[33.216948066987875,35.56673563600775],[33.217138480987906,35.56693524200777],[33.21895306498792,35.56688592400779],[33.22017121298791,35.56669212000773],[33.2205926049879,35.56658494400777],[33.2207874049879,35.56648041700773],[33.221635406987936,35.565289973007744],[33.22352056798792,35.56512634200772],[33.22810186298795,35.56472868700774],[33.22820042098794,35.564720132007714],[33.22820562998795,35.56473171800774],[33.22995173098779,35.568615062007794],[33.229987051987784,35.57122409700782],[33.229220933987776,35.57116977100782],[33.22919291698773,35.57161925200787],[33.22919291698773,35.57161925200787]]]}