{"segmentId":"5001556","streetsFileVersion":188,"polygonPointList":[[[33.03315070099432,35.24525197100334],[33.03270474399432,35.243469604003295],[33.032706261994285,35.24319661000329],[33.032532953994306,35.24239513200331],[33.033154009994355,35.239733112003286],[33.0333449939944,35.23928003400326],[33.034165760994355,35.23953680600325],[33.03504254999441,35.23936668700324],[33.0353491219944,35.23860107600327],[33.03723340199432,35.239989657003235],[33.037930681994304,35.24099906900328],[33.03811120499434,35.241465317003296],[33.03812636899437,35.241504257003264],[33.038739999994334,35.24308000000332],[33.038927721994284,35.243900613003305],[33.03909280099429,35.24460721700333],[33.03915300799427,35.245224064003345],[33.03915999999427,35.245280000003305],[33.03918080699426,35.24550887300333],[33.039211682994306,35.24582521200333],[33.039259448994265,35.246166254003334],[33.0393099999943,35.24651000000334],[33.038887577994295,35.24706371500331],[33.038873765994275,35.24729023800335],[33.03885429299424,35.24767765000336],[33.038721163994246,35.247777258003346],[33.037829999994244,35.24845000000335],[33.037279999994254,35.24859000000334],[33.037270752994225,35.24858201400337],[33.03673165799427,35.24870926900337],[33.03636062999423,35.24879685300335],[33.036359999994254,35.24880000000337],[33.036339999994226,35.24887000000337],[33.03627999999424,35.24895999900338],[33.03617999999423,35.24906000000335],[33.03605999999427,35.249110000003334],[33.03572999999424,35.249090000003335],[33.035589999994244,35.24905000000337],[33.03546930999423,35.24900725600333],[33.035144787994206,35.249083860003346],[33.03500406499426,35.248813446003346],[33.034771495994285,35.24865945300338],[33.034364669994254,35.248390077003364],[33.034275427994274,35.24815938700334],[33.034268801994244,35.24815302200335],[33.03421173299426,35.24799473700335],[33.03420474799425,35.24797667800334],[33.03416999999427,35.247940000003325],[33.03399999999426,35.24769000000333],[33.033899999994276,35.24735000000333],[33.03386546799426,35.247099641003324],[33.03333693099429,35.24573337500332],[33.033169999994286,35.24531000000335],[33.033164977994296,35.24528887700333],[33.03315070099432,35.24525197100334],[33.03315070099432,35.24525197100334]]]}