{"segmentId":"5001186","streetsFileVersion":96,"polygonPointList":[[[32.72293018499309,35.34324883000444],[32.71396354199313,35.340520535004416],[32.70937051499314,35.33912300700442],[32.70860769699316,35.338012807004375],[32.70713731099321,35.33639568300435],[32.70506533099325,35.334116929004345],[32.70298593799328,35.33183002200434],[32.700063846993274,35.330028493004285],[32.696173795993346,35.32733251100428],[32.69528999999336,35.32672000000428],[32.69440161699337,35.32539919200426],[32.69226999999344,35.3222300000042],[32.688417477993546,35.31696069200416],[32.687384448993555,35.31499954200413],[32.687146255993575,35.314547345004115],[32.686856792993595,35.3139978160041],[32.68652802199359,35.3126833050041],[32.686008931993605,35.31054726100408],[32.686143295993645,35.30936388000404],[32.68626403599365,35.308583278004065],[32.68687940299365,35.30781739700405],[32.68753083699368,35.30705294400405],[32.6899035829937,35.304268546004],[32.690198380993714,35.30396208100401],[32.69179778999375,35.302299375004],[32.6925195299937,35.30236309600401],[32.69254999999372,35.30221000000398],[32.69319922699373,35.30242310500398],[32.693379614993695,35.30248231600399],[32.69509566599372,35.30304589000401],[32.69490081099369,35.30394582400398],[32.69490844999374,35.30402329000398],[32.694908976993716,35.304028700004004],[32.694908999993714,35.304029000004014],[32.694925696993685,35.30404736700401],[32.69495887599369,35.304084424003996],[32.69498784299367,35.304116776004],[32.6950249999937,35.30415900000397],[32.69495999999367,35.304535000003995],[32.69495723799365,35.30455364500401],[32.694955795993664,35.30456201100398],[32.69496986899366,35.304893323003995],[32.69497399999369,35.30499200000398],[32.69505999999369,35.30568300000401],[32.69510976299368,35.30575782400403],[32.695474608993635,35.30630740700404],[32.69550183099367,35.306338083004036],[32.695525691993666,35.306400379003996],[32.69565682599369,35.30655744400404],[32.695756999993684,35.306678000004005],[32.695916613993674,35.306888782004016],[32.69596602699368,35.306954222004045],[32.6960411629937,35.307039691004036],[32.696272999993674,35.30730400000402],[32.696513605993644,35.307608162004044],[32.69653780299368,35.307638812004036],[32.69654564699364,35.307648748004056],[32.69662899999361,35.30775500000403],[32.69692717499363,35.308085159004015],[32.697206680993645,35.30839522700405],[32.69781087499365,35.308886876004024],[32.69812899999365,35.30914600000406],[32.6984039999936,35.30953500000405],[32.698562999993605,35.30962000000405],[32.69861999999363,35.30981000000404],[32.699389999993606,35.31046000000405],[32.70004999999357,35.31081000000407],[32.70011999999358,35.31070000000407],[32.700179999993615,35.310630000004075],[32.700039999993606,35.31026000000404],[32.700019999993614,35.30992000000404],[32.699869999993595,35.30986000000408],[32.699819999993615,35.30983000000404],[32.69975999999361,35.30975000000407],[32.69974699999362,35.309717000004035],[32.699815089993635,35.30955298500404],[32.699906432993586,35.30933398000408],[32.7011057099936,35.308958441004066],[32.70135999999366,35.308970000004045],[32.70137199299366,35.30887505800407],[32.70140253799361,35.308865493004035],[32.70157516499362,35.30887836700403],[32.701724999993665,35.30889000000407],[32.701850999993596,35.30889900000405],[32.70205899999365,35.30900100000408],[32.702224999993625,35.30920000000403],[32.70226075299366,35.30928215500406],[32.70231856699365,35.30941644900403],[32.70236995599359,35.30958806900403],[32.70239071499361,35.30986800900407],[32.70240497799362,35.30989006700404],[32.70245253599364,35.30996361500408],[32.70239806999365,35.31011180800405],[32.702379999993624,35.31011000000407],[32.7023599999936,35.31014000000406],[32.70232999999361,35.31016000000406],[32.702269999993625,35.31016000000406],[32.70223999999363,35.31022000000407],[32.702099999993585,35.31050000000406],[32.7020299999936,35.31066000000406],[32.70181999999361,35.311110000004064],[32.7019598959936,35.311136231004056],[32.70193799999358,35.3111850000041],[32.70193799999358,35.311193000004074],[32.70193799999358,35.311275000004095],[32.70195799999358,35.311300000004096],[32.7019389999936,35.3114800000041],[32.703538999993555,35.312754000004084],[32.7036283309936,35.31282970500411],[32.70365675999359,35.312854018004096],[32.70371675299356,35.312931650004096],[32.703863999993565,35.31312300000412],[32.70418656399358,35.31354434900409],[32.704503587993585,35.31395926300412],[32.70462824599351,35.31412241400411],[32.704710636993546,35.31423024800411],[32.70486999999353,35.31443900000411],[32.70528999999353,35.31470500000412],[32.7053609689935,35.314690389004134],[32.70542585799355,35.31467743800411],[32.70554262099356,35.31465413400414],[32.70554268599355,35.3146540620041],[32.70554299999355,35.31465400000413],[32.70574999999353,35.31442400000409],[32.70575899999353,35.31441400000413],[32.70578599999354,35.31438400000413],[32.706034999993555,35.31408500000409],[32.70647699999357,35.31352500000408],[32.70647897899357,35.31352203200409],[32.70653999999359,35.31355000000412],[32.706639999993556,35.3135800000041],[32.70682999999351,35.31364000000413],[32.70745999999352,35.313310000004094],[32.70831999999358,35.312920000004105],[32.708376999993554,35.31266900000407],[32.708417999993564,35.31252300000409],[32.708426882993585,35.31245876900408],[32.70843127299354,35.3124285430041],[32.70843999999357,35.312390000004086],[32.70848999999357,35.31217000000407],[32.70851999999361,35.3119100000041],[32.70870999999359,35.31091000000405],[32.70868999999359,35.31064000000405],[32.70866799999358,35.31062600000408],[32.70868580199358,35.31051384600406],[32.7086983639936,35.310436549004045],[32.70880134199363,35.310027025004075],[32.708807901993616,35.30979579900403],[32.70881499999363,35.30955800000404],[32.70885999999362,35.30937000000406],[32.70890999999362,35.30915000000404],[32.70893999999362,35.30893000000403],[32.708949999993656,35.308750000004025],[32.708949999993656,35.308570000004025],[32.70892999999363,35.30836000000404],[32.708909999993644,35.308180000004036],[32.70882440099367,35.30774422500407],[32.708820868993655,35.30769703000402],[32.70881999999365,35.30768400000403],[32.708819872993644,35.30768372700402],[32.70881985899365,35.307683537004046],[32.70880704299363,35.30765585700403],[32.70879999999363,35.30762000000402],[32.70875999999362,35.30737000000403],[32.70874999999365,35.30717000000402],[32.70875999999365,35.30703000000403],[32.70878999999368,35.306870000004025],[32.70883999999367,35.30671000000404],[32.708853344993685,35.306680642004025],[32.70890118499367,35.306585787004046],[32.70892887299364,35.30653522200401],[32.708928999993674,35.306535000004025],[32.708949999993685,35.30650000000399],[32.70899999999365,35.306430000004006],[32.70908999999367,35.30635000000403],[32.70917999999368,35.30628000000404],[32.70927999999364,35.30622000000402],[32.70938999999366,35.30617000000402],[32.709499999993675,35.30614000000399],[32.709599999993685,35.306120000004036],[32.70970999999363,35.306120000004036],[32.70986999999363,35.30614000000399],[32.710009999993666,35.306180000004005],[32.71024999999363,35.30626000000403],[32.71043480099368,35.30632930100403],[32.710487925993625,35.30639897600399],[32.710487961993685,35.30639894900398],[32.71048799999365,35.30639900000402],[32.71053499999367,35.306364000003995],[32.71058999999363,35.30638000000401],[32.7106599999937,35.30640000000401],[32.71071999999362,35.306410000004],[32.71078999999364,35.306410000004],[32.71084999999366,35.30638000000401],[32.71089799999364,35.30632100000399],[32.71097999999367,35.30622000000402],[32.71113999999366,35.30637000000404],[32.71140999999366,35.30663000000401],[32.711449999993675,35.306670000004026],[32.71156999999366,35.306780000004025],[32.71174999999365,35.30696000000403],[32.711869999993645,35.307090000004045],[32.71211999999362,35.30736000000405],[32.712169999993655,35.307420000004015],[32.71217240899364,35.30742321200404],[32.712259999993655,35.30753999900401],