{"segmentId":"5001603","streetsFileVersion":236,"polygonPointList":[[[33.104269140993594,35.291288004003796],[33.104212929993615,35.29157911100375],[33.1044986579936,35.292664057003755],[33.10440585899355,35.29351352400379],[33.103163780993526,35.29336361800379],[33.10224985899355,35.2931998770038],[33.10099299899354,35.29305797300377],[33.10091799199359,35.29304950500379],[33.100740617993544,35.29319309400378],[33.10046687599354,35.29341469400377],[33.10031922699357,35.29318214600378],[33.099811042993586,35.292381757003774],[33.09960760699359,35.29206134600375],[33.09929198899359,35.29213062800377],[33.09872685699356,35.29225468200381],[33.09864572499358,35.29215396600379],[33.098103886993584,35.29148134000379],[33.0966431299936,35.291846529003784],[33.09753240799359,35.293194008003795],[33.09702980099357,35.293715439003776],[33.096535720993565,35.29403766400378],[33.09610473099353,35.29437184100379],[33.0949051859936,35.29343329600378],[33.093764578993564,35.29328580400379],[33.093742490993584,35.29301128500377],[33.09360970199357,35.29136089400375],[33.093608795993624,35.291349634003744],[33.09357176999358,35.290889457003765],[33.093488005993606,35.28984839100379],[33.09346383499364,35.28954798500377],[33.09364359699362,35.28945410900377],[33.093709362993664,35.28941976500374],[33.09533966299365,35.288568386003746],[33.095397189993626,35.28853834400376],[33.09556663799361,35.28891051600373],[33.09612746799364,35.29014231300375],[33.097437852993615,35.28885340900376],[33.09720155399367,35.28608226800369],[33.09780304199371,35.28477188300373],[33.09702985499377,35.28238359300371],[33.09683636499374,35.28178592300365],[33.09716523399375,35.28092720800365],[33.09722303499377,35.280776283003675],[33.0973643819937,35.280747332003635],[33.09856934599376,35.280500532003686],[33.09892982899375,35.280426698003645],[33.09872827199382,35.27891502400366],[33.09842370099381,35.2775254190036],[33.09857598699381,35.2766497780036],[33.09945162799382,35.27695434900362],[33.100517626993785,35.2771256700036],[33.10049859099377,35.28019041600364],[33.100316402993776,35.280690356003646],[33.10092922099374,35.28188855300366],[33.10123806499375,35.28249241100371],[33.1014295339937,35.28286677500369],[33.10175567799374,35.2835044610037],[33.10167218299372,35.28356841500368],[33.10074603799373,35.28427780300371],[33.100789101993705,35.28505830500372],[33.10244319399368,35.2860035010037],[33.10203833399365,35.28783500900372],[33.10199207799361,35.288044264003744],[33.10264407699361,35.289287136003736],[33.102663296993626,35.289323775003766],[33.102679492993616,35.28935464900377],[33.10303093499363,35.28932408900374],[33.10366765299365,35.289268722003726],[33.104199771993606,35.29105512200376],[33.104269140993594,35.291288004003796],[33.104269140993594,35.291288004003796]]]}