{"segmentId":"5001835","streetsFileVersion":188,"polygonPointList":[[[31.956814936996107,35.140683400002615],[31.95621777299611,35.13892284200259],[31.95649750399609,35.1373484050026],[31.956510365996138,35.1372760130026],[31.95660581899615,35.136645784002575],[31.953558599996192,35.133823000002565],[31.952589999996132,35.135140000002544],[31.952538719996166,35.135787756002586],[31.95260999999613,35.13616000000259],[31.952649999996176,35.136410000002584],[31.95266999999614,35.136660000002585],[31.95264999999614,35.136900000002555],[31.952599999996156,35.137110000002586],[31.952545061996144,35.1372568350026],[31.952544999996118,35.13725700000256],[31.952509999996145,35.13735000000255],[31.952399999996143,35.13754000000259],[31.952219999996142,35.13774000000261],[31.951989999996098,35.137910000002556],[31.951789999996148,35.1380100000026],[31.951699999996137,35.13806000000259],[31.95124999999615,35.138310000002576],[31.95099099399613,35.138440000002596],[31.950989999996114,35.138440000002596],[31.950482125996142,35.1386862420026],[31.95000399999608,35.13897200000256],[31.949149999996127,35.13788800000257],[31.948933052996146,35.13717317300259],[31.948932999996156,35.13717300000261],[31.94840999999613,35.135450000002564],[31.948429999996115,35.13527000000256],[31.948469999996124,35.13511000000257],[31.94851999999613,35.13496000000254],[31.948599999996166,35.134840000002555],[31.948699999996116,35.13477000000257],[31.948731999996166,35.13475900000254],[31.948714999996152,35.134628000002586],[31.948990999996134,35.13446500000254],[31.949384002996137,35.13447486600257],[31.950826999996167,35.13340800000253],[31.950599999996186,35.13308000000256],[31.95046999999617,35.13299000000256],[31.950349999996178,35.13287000000252],[31.950139999996175,35.13258000000258],[31.94993999999617,35.13226000000252],[31.949919999996208,35.132190000002524],[31.949899999996216,35.13206000000251],[31.949809999996177,35.13188000000251],[31.94953999999622,35.13118000000251],[31.94934999999621,35.13049000000254],[31.949229999996177,35.129600000002505],[31.94919999999625,35.1291300000025],[31.949229999996202,35.12912000000253],[31.94937999999622,35.129180000002535],[31.949499999996213,35.12921000000253],[31.949639999996194,35.12921000000253],[31.949739999996222,35.12923000000253],[31.9499499999962,35.12932000000252],[31.950049999996164,35.12934000000254],[31.950469999996194,35.129310000002505],[31.95053999999619,35.12935000000252],[31.950929999996184,35.129600000002505],[31.951049999996197,35.12963000000255],[31.951138999996193,35.12963000000255],[31.951139060996216,35.12963000000255],[31.951279999996206,35.12963000000255],[31.951879999996237,35.12978000000251],[31.95205999999621,35.129750000002524],[31.952129999996192,35.129750000002524],[31.952178999996182,35.129775000002525],[31.951750999996207,35.12908900000254],[31.951773999996224,35.12871100000253],[31.951827259996247,35.12863284700253],[31.95121596299619,35.12664787300248],[31.951190530996232,35.126565290002475],[31.94987304299623,35.122287207002465],[31.9496509999963,35.12188000000244],[31.949281999996266,35.12099000000247],[31.949281999996295,35.12036800000244],[31.94997199999629,35.119720000002424],[31.951312999996283,35.119231000002465],[31.951313111996285,35.119230959002444],[31.95160699999626,35.11912400000245],[31.95250499999629,35.11904200000243],[31.95275799999631,35.11952800000245],[31.952789710996278,35.11962078000244],[31.95362153799626,35.121311766002485],[31.954566596996273,35.12129410100245],[31.955601329996266,35.12076166700247],[31.955764999996266,35.11987600000244],[31.95565999999631,35.11978000000245],[31.955309999996313,35.11923000000247],[31.954819999996296,35.11848000000242],[31.955194417996363,35.1161609310024],[31.95529867399635,35.11551518900243],[31.955339999996315,35.11520000000244],[31.955709999996365,35.11251000000239],[31.956109999996308,35.110490000002365],[31.956389999996382,35.10977000000235],[31.956669999996357,35.10955000000239],[31.956999999996363,35.10950000000234],[31.957359999996363,35.10977000000235],[31.957629999996378,35.11052000000239],[31.958359999996315,35.11426000000242],[31.958413993996345,35.11623478600244],[31.958413999996306,35.11623500000244],[31.958449999996276,35.11758000000241],[31.95832999999628,35.11912000000246],[31.958197999996266,35.119554000002445],[31.958120905996257,35.12001617300247],[31.957998541996243,35.12296209800249],[31.958009999996264,35.123260000002496],[31.957999999996197,35.12358000000249],[31.95795999999624,35.1238900000025],[31.957889999996272,35.12422000000247],[31.95780999999625,35.1245000000025],[31.957749999996242,35.124670000002475],[31.95759999999626,35.125000000002494],[31.957439999996264,35.12529000000251],[31.95724999999621,35.12555000000247],[31.956879999996247,35.125970000002496],[31.956259999996213,35.12670000000247],[31.956207048996227,35.126762935002496],[31.956206999996233,35.12676300000249],[31.95569807899622,35.127367702002516],[31.95395999999619,35.13004000000254],[31.953782456996173,35.13182982800252],[31.953799999996182,35.13190000000252],[31.9538599999962,35.132200000002555],[31.953889999996193,35.13244000000252],[31.95387999999614,35.13285000000257],[31.953849999996162,35.13306000000255],[31.95375999999615,35.13340000000255],[31.953679999996194,35.13360000000256],[31.95358999999616,35.13377000000253],[31.956618648996148,35.13656107900257],[31.95679778099611,35.13537835800254],[31.958147434996153,35.13474426600254],[31.95981305799615,35.13482040900256],[31.960061782996164,35.13536760600255],[31.96043171799611,35.13618146100256],[31.96024488199609,35.13743522500257],[31.960070039996133,35.138608511002566],[31.9599958459961,35.139283071002616],[31.95967633099605,35.14218806200262],[31.95848055899608,35.14254889900265],[31.956814936996107,35.140683400002615],[31.956814936996107,35.140683400002615]]]}