{"segmentId":"5001305","streetsFileVersion":188,"polygonPointList":[[[32.78830009899587,35.11655810700232],[32.788247465995894,35.11650126300229],[32.78645999999591,35.11497000000229],[32.786445513995915,35.11454504300232],[32.78641999999596,35.11446000000231],[32.78641999999596,35.11440000000229],[32.786424021995956,35.11427532800232],[32.78642999999595,35.11409000000228],[32.788286017995965,35.11294238500229],[32.78820527999595,35.1118065360023],[32.78806141699597,35.11146931700228],[32.78772234399595,35.11126230400227],[32.78762954499599,35.11096606100227],[32.787975756995955,35.1105270510023],[32.78900725299599,35.11018083900228],[32.79001019599593,35.110227238002274],[32.790044814995944,35.1122079350023],[32.79016362799599,35.11226009200227],[32.791192236995975,35.11271163100226],[32.791329999995966,35.11273000000229],[32.79143999999596,35.112760000002275],[32.79152999999596,35.1127900000023],[32.79165999999593,35.11285000000227],[32.79192999999595,35.11300999900228],[32.792247685995946,35.11317495200231],[32.792270545995926,35.113184987002306],[32.79353424199597,35.112022669002286],[32.793988357995914,35.1140355430023],[32.79383660999591,35.114450793002305],[32.793249233995894,35.11605811200233],[32.79323138999591,35.116106339002314],[32.79321202899593,35.116158666002306],[32.793119008995916,35.116401488002325],[32.79278789899595,35.11732860200231],[32.79212562099584,35.11912985000231],[32.791860797995895,35.11889178800232],[32.79162623399586,35.11875004900231],[32.79101999999589,35.11848000000231],[32.79093999999587,35.1184600000023],[32.79084305999588,35.118453076002304],[32.7904589839959,35.118557729002305],[32.79030475399588,35.118405365002324],[32.79017999999591,35.118360000002326],[32.790089999995914,35.118330000002345],[32.790061092995906,35.11832678800232],[32.78990999999592,35.11831000000233],[32.78980999999588,35.118320000002306],[32.78970999999592,35.11835000000235],[32.789519999995875,35.11844000000234],[32.78943999999591,35.11848000000231],[32.789359999995874,35.11856000000233],[32.78931381299588,35.118513813002316],[32.78919999999589,35.11840000000234],[32.789139999995875,35.11772000000235],[32.78909999999591,35.11759000000233],[32.78901999999588,35.117420000002305],[32.78877999999588,35.117080000002304],[32.78869999999591,35.11699000000231],[32.78830009899587,35.11655810700232],[32.78830009899587,35.11655810700232]]]}