{"segmentId":"5001246","streetsFileVersion":236,"polygonPointList":[[[32.746064001994974,35.203641909003],[32.746158474995,35.20463000000303],[32.74635019199498,35.20593146300303],[32.746488474994926,35.20766000000301],[32.74584067699493,35.207645932003025],[32.74707847499489,35.208980000003045],[32.74691966899494,35.20938280200305],[32.74653339199494,35.21036256700307],[32.74338944099491,35.20985595600306],[32.741976620994926,35.20962829600306],[32.741638293994946,35.209704727003036],[32.74029728099491,35.21000767500305],[32.73880338499489,35.21125816500307],[32.73877995499487,35.21264254500307],[32.73877847499493,35.212730000003106],[32.7375584749949,35.21313000000306],[32.73698847499486,35.21284778800306],[32.73679924899489,35.21275410000307],[32.7368567689949,35.211667685003086],[32.73567773299491,35.211052791003056],[32.73446571399494,35.210420695003045],[32.73436245299495,35.21036684200305],[32.734350111994964,35.21036040600307],[32.73227847499494,35.20928000000302],[32.73216685499494,35.20901861200308],[32.731970670994954,35.208559192003044],[32.732614901994985,35.20779703300306],[32.73372188999494,35.20648741000305],[32.734433892994986,35.206311102003],[32.73474775999497,35.20623338200302],[32.735511179994944,35.20761655500306],[32.73892285099497,35.20597941300304],[32.738973230994965,35.20544557300303],[32.739143360995,35.20364281400297],[32.73944766299507,35.20041833200294],[32.74171328299501,35.19938407200295],[32.74174283999503,35.19858443900296],[32.74179626599508,35.197139018002915],[32.74180544599509,35.19689066700294],[32.742707444995105,35.19702677600291],[32.743938119995086,35.195497946002924],[32.74484123099511,35.1947097700029],[32.74523979199513,35.1940992270029],[32.74637468799513,35.19410834100292],[32.746901063995075,35.194626938002926],[32.747288474995116,35.194750001002916],[32.74737228499509,35.19598272000295],[32.74905569799512,35.1944494390029],[32.74975847499513,35.19469000000291],[32.74921645499506,35.19876809900296],[32.749119504995065,35.19949753800297],[32.74869968599503,35.201987609003005],[32.74799192299499,35.201854512002996],[32.746064001994974,35.203641909003],[32.746064001994974,35.203641909003]]]}