{"segmentId":"5001129","streetsFileVersion":188,"polygonPointList":[[[32.63296544699727,34.95781252600144],[32.63034281499728,34.95760002800144],[32.62875797299726,34.95747161700144],[32.62895171999727,34.95296512300143],[32.627704703997296,34.95278892500141],[32.6275760239973,34.95328305600139],[32.6267491619973,34.95324736500139],[32.626683725997296,34.95290234300142],[32.625827119997275,34.95289044600138],[32.62561296899725,34.953039162001396],[32.625113281997244,34.952991573001434],[32.62509413999727,34.952729006001384],[32.62505225199725,34.95272615300143],[32.62505177299727,34.95248716600138],[32.62350509599725,34.95237864900138],[32.62352088099729,34.952199463001406],[32.623443239997265,34.952186796001385],[32.62341767399729,34.950578872001394],[32.623407550997314,34.949942206001396],[32.62583424499732,34.95001967600141],[32.62538276599731,34.94307324700134],[32.62585911299734,34.94174256500133],[32.62683803199731,34.941665855001354],[32.62694038299731,34.940803964001354],[32.62619019599736,34.94068307900135],[32.62622487499737,34.93998227500133],[32.62629009799735,34.938664213001324],[32.62779036999737,34.938856716001325],[32.62797555699739,34.93777301200132],[32.62816031399739,34.936492366001325],[32.62859540399739,34.935383288001304],[32.62864875199741,34.93529753800132],[32.62904993599742,34.93363408500132],[32.63067520299741,34.93382613500133],[32.6307052449974,34.93422076600134],[32.63087315299736,34.93642643000132],[32.63173010999735,34.936676906001345],[32.63143318999738,34.93759043100133],[32.630654620997404,34.937505135001324],[32.63055806499737,34.93749455700132],[32.63045727999732,34.94007361400133],[32.63034062299736,34.94305883900137],[32.630568607997326,34.94306895200135],[32.630861457997305,34.94308194300135],[32.631306066997325,34.94324675800136],[32.63125609799732,34.943832105001384],[32.63097893899735,34.94401710000137],[32.63110684199734,34.945035208001364],[32.63289842199732,34.94529461700137],[32.63408519599732,34.945466459001366],[32.63404386099732,34.946339404001385],[32.63384732799728,34.950488778001414],[32.63382888899727,34.95080482000137],[32.63382561899729,34.95086086600137],[32.63373455299729,34.95308562100143],[32.633696155997264,34.95307979800138],[32.63342063999725,34.95780200200143],[32.63296544699727,34.95781252600144],[32.63296544699727,34.95781252600144]]]}