{"segmentId":"5001635","streetsFileVersion":188,"polygonPointList":[[[33.18490192198131,35.771275188012744],[33.18458291398126,35.77199909201275],[33.18466499898118,35.77565900001289],[33.18293812298114,35.77553817301284],[33.182120999981144,35.77548100001288],[33.18131099998116,35.77547600001284],[33.17965399998114,35.77537800001286],[33.17944272098117,35.775399925012856],[33.17944199998116,35.775400000012866],[33.178069999981155,35.775543000012846],[33.176486999981186,35.77544500001286],[33.1756969999812,35.77525900001287],[33.1756964939812,35.775258881012874],[33.17553099998115,35.775220000012865],[33.175453394981155,35.77506408001286],[33.175312065981196,35.774780132012836],[33.17531199998123,35.77478000001287],[33.175282999981235,35.7729850000128],[33.175317099981264,35.772167413012745],[33.17532499998131,35.77197800001276],[33.1753492739813,35.77182631601274],[33.175349323981294,35.771826008012766],[33.17551399998139,35.77079700001275],[33.176034999981404,35.76957500001267],[33.17637280498138,35.769094407012695],[33.17673999998143,35.76857200001267],[33.17688278498142,35.768269495012625],[33.177110999981444,35.76778600001265],[33.17741994398146,35.767821853012634],[33.177501653981444,35.76783133501263],[33.17752173198149,35.767795197012646],[33.17753803198145,35.76768768801261],[33.1776469999815,35.766969000012644],[33.177647013981506,35.76696890501262],[33.17766799998148,35.76682700001259],[33.17772364998154,35.76674255801259],[33.17772378298149,35.76674235701262],[33.17792699998155,35.76643400001261],[33.178170833981554,35.76606637401259],[33.17818699998153,35.76604200001256],[33.17827260598155,35.76606514701259],[33.17884899998155,35.76622100001257],[33.17951099998152,35.76648800001258],[33.179707499981525,35.76642900001262],[33.180034099981526,35.76611260001258],[33.18033519998154,35.76595120001261],[33.18065419998154,35.76570390001259],[33.180928299981574,35.76543520001258],[33.18123819998157,35.76488750001255],[33.18163379998156,35.764940100012545],[33.18204729998159,35.76516440001257],[33.182138899981524,35.766061600012584],[33.1826397999815,35.76659990001263],[33.18299116098149,35.767136993012635],[33.183120942981475,35.76733537701262],[33.18323059998148,35.76750300001261],[33.18448599998146,35.76767800001262],[33.18454854298138,35.77046661001268],[33.18490192198131,35.771275188012744],[33.18490192198131,35.771275188012744]]]}