{"segmentId":"5001143","streetsFileVersion":96,"polygonPointList":[[[32.65398999999731,34.9495200000014],[32.653959999997284,34.95007000000139],[32.65397999999728,34.95028000000142],[32.6539299999973,34.95054000000139],[32.65391999999725,34.95084000000137],[32.65393321599728,34.9508928660014],[32.65399531299728,34.95095609600137],[32.65397429599729,34.95124234900138],[32.65390594099727,34.952173376001426],[32.65388583099726,34.95244728900143],[32.65387492299726,34.952595866001374],[32.65380901199729,34.953493611001406],[32.65369561799723,34.95503809100142],[32.653686640997236,34.955160364001415],[32.65369446699722,34.95552012200142],[32.653701251997276,34.95583204600143],[32.653710818997226,34.95627183100141],[32.65377643299726,34.95928820300141],[32.64835754499724,34.95905123700142],[32.64760899899725,34.95901850300142],[32.64671416999721,34.95892724800145],[32.64671679699724,34.95883487700145],[32.64658999999726,34.95883000000142],[32.645899999997226,34.95880000000143],[32.64592999999727,34.95852000000144],[32.64593999999724,34.95790000000142],[32.64611587399724,34.954724494001425],[32.64530376199725,34.954603557001406],[32.64521999999726,34.95461000000142],[32.64516999999726,34.954650000001436],[32.64511999999726,34.955420000001425],[32.64451999999726,34.95540000000142],[32.64455999999726,34.95462000000139],[32.64456999999726,34.954490000001435],[32.64456999999726,34.954440001001444],[32.64461496299728,34.95356322400141],[32.64419501899728,34.95352625600139],[32.643612280997274,34.95337204800142],[32.64353529599725,34.953264077001386],[32.643260232997264,34.9532480310014],[32.64328438199726,34.9529500000014],[32.64322999999731,34.9529500000014],[32.64323999999727,34.95283000000142],[32.64333232699729,34.95101116700139],[32.64333999999726,34.95086000000137],[32.6433699999973,34.95028000000142],[32.643498099997295,34.94771000300139],[32.64367716099731,34.94134844400133],[32.643709921997306,34.940359781001334],[32.64380392299737,34.93752305100131],[32.64379999999737,34.93750000000134],[32.64376999999738,34.93722000100136],[32.64376999999739,34.93699000000132],[32.643759999997364,34.93689000000135],[32.644039999997396,34.93688999900135],[32.6449199999974,34.93688000000132],[32.645569999997385,34.936850000001336],[32.646439999997376,34.93678000000134],[32.647189999997366,34.93670000000131],[32.647899999997385,34.93660000000134],[32.64870768099738,34.93649230900135],[32.64939999999739,34.93640000000133],[32.64943999999734,34.9368600000013],[32.64944980899735,34.936958088001326],[32.649450610997384,34.936958227001334],[32.649534851997366,34.936971464001346],[32.65005416299737,34.93699986200133],[32.65005214299735,34.93705274400131],[32.65094797999736,34.937193504001335],[32.653089019997374,34.93718713600133],[32.65338970099735,34.938314562001366],[32.65359999999733,34.938470000001345],[32.65344999999738,34.938620000001364],[32.65344139699736,34.938878106001354],[32.653405198997376,34.940569246001346],[32.65331869999733,34.94461035100137],[32.65307055799726,34.947569721001365],[32.65312999999729,34.94754000000139],[32.65316999999729,34.9475800000014],[32.65385999999733,34.94771000000136],[32.65402999999728,34.9479000000014],[32.65407999999732,34.94811000000137],[32.65405999999731,34.948600000001385],[32.65398999999731,34.9495200000014],[32.65398999999731,34.9495200000014]]]}