{"segmentId":"5001880","streetsFileVersion":188,"polygonPointList":[[[31.37530520899713,35.042823779002006],[31.37340256199708,35.04680689100205],[31.370237878997152,35.045736134002],[31.372760106997173,35.04033475700197],[31.374839217997145,35.041079513001996],[31.374682746997166,35.039957409002],[31.374424430997202,35.038104932001986],[31.373728438997198,35.03678076200195],[31.374427999997188,35.036423843002],[31.374949100997178,35.03779084300196],[31.37443394899717,35.038101362002],[31.37468870199718,35.039957538002],[31.374842867997156,35.04108082100197],[31.37533022799715,35.04125539700198],[31.37594858499716,35.04147689800198],[31.37530520899713,35.042823779002006],[31.37530520899713,35.042823779002006]]]}