{"segmentId":"5001488","streetsFileVersion":188,"polygonPointList":[[[32.96132013398291,35.74025189501197],[32.95907900598284,35.741419252012044],[32.96052999998269,35.74640000001216],[32.958185634982684,35.746301424012195],[32.95730152998269,35.74626425001214],[32.95585123098272,35.74588863101218],[32.95551604398271,35.74580182201213],[32.955390121982695,35.74576921101214],[32.95538999998272,35.74577000001215],[32.95395999998272,35.74540000001217],[32.95395820498273,35.74539838001213],[32.95395584498274,35.74539776901217],[32.95387882098273,35.745326741012136],[32.95354999998272,35.74503000001212],[32.95344999998272,35.74443999901213],[32.95345179898275,35.74443958701211],[32.9533424419828,35.743812272012114],[32.95381475798287,35.742159794012025],[32.95385877898284,35.741585109012014],[32.95420120998292,35.74039090001204],[32.95445269798297,35.73859934401197],[32.954593687982985,35.737594953011914],[32.954613861983006,35.73661003001191],[32.954618557983075,35.73550649301187],[32.95502593298312,35.73451571801185],[32.95592498998308,35.734594659011826],[32.95710065498306,35.735263831011856],[32.957722215983054,35.735785483011846],[32.958409464983056,35.73610913101186],[32.959300776983056,35.7365288780119],[32.95967953198311,35.73413883701182],[32.95972784898311,35.73411907001185],[32.95974999998311,35.73406000001182],[32.95990999998311,35.73387000001179],[32.95996999998311,35.7338400000118],[32.96012999998312,35.73381000001182],[32.9604099999831,35.7338400000118],[32.961009988983086,35.73452562601183],[32.96135169598309,35.73473742101182],[32.96190649398307,35.73555009001187],[32.961774763983,35.73735194301194],[32.96164244398295,35.738821283011944],[32.96157440698293,35.73957679101197],[32.96132013398291,35.74025189501197],[32.96132013398291,35.74025189501197]]]}