{"segmentId":"5001100","streetsFileVersion":236,"polygonPointList":[[[32.59083271899719,34.96851040100149],[32.591802738997195,34.9683284490015],[32.59190912299718,34.96657392000145],[32.59253347099716,34.966542369001445],[32.59275734499719,34.967523009001475],[32.59278676799721,34.9675473500015],[32.593245434997165,34.96792679800149],[32.59341199699717,34.96864063600147],[32.5931145649972,34.96930688600146],[32.59365702699719,34.970258963001484],[32.593697636997184,34.97044300100147],[32.59379399999719,34.97087970700149],[32.59369882199717,34.97172679500151],[32.59341080199717,34.97217223100151],[32.59250244099718,34.972512921001496],[32.59203800899717,34.972699935001486],[32.59031020399716,34.97339567500151],[32.587819885997156,34.97278411700151],[32.58801140099718,34.971767493001515],[32.58877441599716,34.97149942300151],[32.58835569199718,34.970168568001526],[32.58904574899715,34.96950151200152],[32.5893193739972,34.96853863700147],[32.58981454999718,34.968664429001485],[32.59083271899719,34.96851040100149],[32.59083271899719,34.96851040100149]]]}