{"segmentId":"5001163","streetsFileVersion":236,"polygonPointList":[[[32.6781050839957,35.14132149800248],[32.679363310995704,35.142546834002495],[32.68071124499573,35.14205892400249],[32.68175820799573,35.14267758300254],[32.68140404299567,35.14415735900255],[32.68401658199565,35.14561314000257],[32.68605678399565,35.147655077002526],[32.68632370199562,35.14846228900257],[32.687021575995686,35.147836255002574],[32.68787913299562,35.14877887800254],[32.68827888299564,35.14877887800254],[32.68893561399567,35.149092967002574],[32.68919339699562,35.149537624002576],[32.69032941999565,35.14957197400254],[32.690686439995595,35.14958276900258],[32.69146620499561,35.149606347002546],[32.69126763499562,35.147348575002525],[32.69192548099565,35.14730496200258],[32.69225070799566,35.14937080800259],[32.69345135499564,35.14909765900258],[32.69345135499564,35.148425766002575],[32.69369405999563,35.148382936002584],[32.69426513099563,35.148497150002534],[32.69450731799564,35.14885742500258],[32.69449399099563,35.14953712300259],[32.694736263995594,35.15085281700257],[32.694442713995606,35.15215240500257],[32.69443791099563,35.15239737100261],[32.69443645199557,35.153308420002574],[32.694407898995586,35.15372244700261],[32.69407901499559,35.155064586002595],[32.694530025995554,35.155509339002606],[32.695055111995536,35.155602221002596],[32.69499898399556,35.15597179100263],[32.69439222099554,35.15722100800265],[32.692286397995574,35.15668562900261],[32.69164978399553,35.15867688000261],[32.69210695999551,35.15949561400263],[32.691571580995515,35.16112316500265],[32.69100050999549,35.16060920200265],[32.69097127899552,35.16050106700264],[32.68559573899556,35.15895586400265],[32.68307117899547,35.16190267300265],[32.68120876399554,35.162775403002684],[32.681085535995514,35.16270262100267],[32.68027722099551,35.16222520600269],[32.68027668899548,35.160671189002635],[32.67915175799552,35.16043394700266],[32.67872009999555,35.16164204700265],[32.6772162799955,35.161318440002674],[32.67641678199549,35.162289260002694],[32.675883781995466,35.16177529600264],[32.67661151999554,35.15989822400267],[32.67629274299549,35.15983099600263],[32.67322368599556,35.154936131002614],[32.67219476599559,35.15530496000259],[32.6710019439956,35.15573254200263],[32.670248656995554,35.157865968002646],[32.66994066199555,35.15769948700264],[32.669577541995544,35.15750320900259],[32.66946837999555,35.15744420300265],[32.668906998995574,35.155629320002625],[32.66964810399558,35.15416819400263],[32.66977551499557,35.15391699700262],[32.67053578199562,35.152418092002605],[32.671053149995615,35.15139807600262],[32.67225498199561,35.151795594002614],[32.6722819739956,35.151804522002614],[32.673100208995635,35.149576205002596],[32.67393529199566,35.14730200300255],[32.67524801499571,35.143469670002524],[32.676622844995755,35.14039778400252],[32.6781050839957,35.14132149800248],[32.6781050839957,35.14132149800248]]]}