{"segmentId":"5001664","streetsFileVersion":188,"polygonPointList":[[[33.246529015981906,35.75394844701217],[33.24542872198181,35.754987950012215],[33.24298025598197,35.75161149501215],[33.24430057198199,35.750329261012084],[33.244978732982005,35.749913523012054],[33.245186457982015,35.749956052012095],[33.24519532198199,35.74988337001209],[33.245399398982045,35.7498404070121],[33.24552825998204,35.75004005001208],[33.245946969982,35.7504094870121],[33.246295992981956,35.751286570012105],[33.24649937298195,35.751847782012106],[33.24655710298192,35.75209312301216],[33.24647678998193,35.752253674012124],[33.24653478898196,35.75232050001215],[33.24656378698195,35.75237880301215],[33.246761621981925,35.752776570012145],[33.2467657409819,35.75279013101215],[33.24681094298192,35.75283740101218],[33.24683250398189,35.75300989101215],[33.24689051098191,35.75320083301217],[33.24687977098189,35.753576764012195],[33.24683266198187,35.7536709820122],[33.24683235798189,35.75367259101218],[33.24683153798185,35.753673228012154],[33.2467801979819,35.753775909012205],[33.24673589198188,35.7537530010122],[33.246529015981906,35.75394844701217],[33.246529015981906,35.75394844701217]]]}