{"segmentId":"5001055","streetsFileVersion":96,"polygonPointList":[[[32.50720999999131,35.451820000006016],[32.507179999991344,35.452030000006],[32.5071899999913,35.452980000006],[32.50716999999129,35.45350000000606],[32.50705999999123,35.455340000006046],[32.507028696991235,35.45740597300609],[32.507025682991184,35.45890803800613],[32.50702562499118,35.45893687400614],[32.5070699999912,35.45977999900611],[32.50711999999116,35.459910000006126],[32.50714999999116,35.45992000000616],[32.50728999999121,35.45990000000615],[32.5080399999912,35.45992000000616],[32.50833999999115,35.45995000000613],[32.50839151499115,35.45994882900613],[32.508380936991145,35.46017097900615],[32.50823999999116,35.460220000006146],[32.50825999999118,35.46025000000613],[32.50827999999116,35.46030000000617],[32.50824999999114,35.46105000000616],[32.50821999999114,35.46197000000619],[32.508293789991114,35.46200106900618],[32.508277963991134,35.46233341000617],[32.508219999991105,35.4623300000062],[32.50815999999109,35.4623300000062],[32.50809999999114,35.462310000006184],[32.50777999999111,35.462200000006185],[32.5074199999911,35.46220000000618],[32.50716999999111,35.46217000000619],[32.50712999999114,35.462160000006165],[32.5070599999911,35.46220000000618],[32.50704999999108,35.463560000006176],[32.5070899999911,35.46385000000618],[32.50711999999107,35.46405000000619],[32.50698999999105,35.464110000006215],[32.50698999999105,35.4642100000062],[32.5069499999911,35.46420000000622],[32.50684999999108,35.46418000000621],[32.506589999991114,35.4642100000062],[32.5064099999911,35.464240000006235],[32.50620999999111,35.464170000006185],[32.505929999991096,35.464020000006215],[32.50562999999109,35.46392000000618],[32.50503999999111,35.46401000000619],[32.50495999999108,35.46405000000619],[32.504859999991105,35.46410000000619],[32.50481999999109,35.464110000006215],[32.504779999991065,35.464140000006196],[32.50462999999111,35.46428000000619],[32.50418029099108,35.46480625500621],[32.504159999991096,35.46483000000622],[32.50385999999105,35.46514000000625],[32.503719999991056,35.46531000000622],[32.503569999991036,35.46524000000623],[32.50326999999105,35.4651800000062],[32.50299999999105,35.46512000000624],[32.502809999991086,35.46506000000623],[32.50237999999109,35.46499000000623],[32.50248999999112,35.46394000000619],[32.50239899899107,35.463569493006226],[32.50220453999108,35.46363742100618],[32.501723642991124,35.463750920006206],[32.50114503099112,35.463651673006225],[32.50071707799109,35.463506060006196],[32.49960276499115,35.4622899870062],[32.49955984299116,35.46030549700613],[32.499721829991216,35.45870916100613],[32.499761147991215,35.4583216960061],[32.50095452699125,35.4556497390061],[32.50178846399131,35.453905097006064],[32.50094037499128,35.45361617900604],[32.500909999991336,35.45086000000598],[32.50097999999133,35.45075000000597],[32.501489999991364,35.45039000000597],[32.50169999999136,35.45029000000599],[32.50196999999135,35.450230000005966],[32.50227999999137,35.45010000000602],[32.50335894799138,35.448549266005955],[32.503843142991386,35.448179877005934],[32.5045151579914,35.447667202005945],[32.50517999999143,35.44716000000594],[32.50539999999143,35.446790000005954],[32.50557999999147,35.44617000000592],[32.50589999999146,35.44540000000592],[32.50605999999144,35.44516000000589],[32.5062299999915,35.44501000000587],[32.50640999999148,35.444930000005904],[32.50651999999145,35.44495000000592],[32.50677999999148,35.44510000000588],[32.50701999999148,35.445330000005924],[32.50711999999144,35.44542000000593],[32.507159999991444,35.44545000000591],[32.50719999999147,35.4455000000059],[32.50720999999144,35.44555000000589],[32.50718999999144,35.44562000000593],[32.50713999999145,35.44567000000592],[32.507199999991464,35.44573000000589],[32.50729999999145,35.445810000005906],[32.50838999999146,35.446640000005935],[32.50848999999145,35.44671000000593],[32.509209999991434,35.44720000000596],[32.509349999991414,35.44729000000595],[32.50940999999143,35.44717000000591],[32.50956999999143,35.44687000000592],[32.50969999999145,35.44704000000595],[32.50915999999141,35.44798000000593],[32.50895763699139,35.44831856900595],[32.50863999999143,35.44885000000596],[32.50861999999143,35.44900000000598],[32.50746999999137,35.45097000000598],[32.50736999999133,35.45116000000602],[32.50720999999131,35.451820000006016],[32.50720999999131,35.451820000006016]]]}