{"segmentId":"5001364","streetsFileVersion":236,"polygonPointList":[[[32.83650011698175,35.77768966601318],[32.838138333981604,35.781123854013266],[32.83913184998158,35.78210200901327],[32.839552541981476,35.784088451013375],[32.83923211098144,35.78563093201342],[32.83572417498131,35.78819575101349],[32.835527996981334,35.78833918601348],[32.8309534069812,35.79168388701359],[32.83094352598121,35.79169111101359],[32.829034804981326,35.78813609401348],[32.82544313798161,35.78144656801329],[32.83046776998176,35.777501695013186],[32.83128344798182,35.776861301013156],[32.83338247298182,35.77521334301313],[32.83599987998174,35.776641020013145],[32.83650011698175,35.77768966601318],[32.83650011698175,35.77768966601318]]]}