{"segmentId":"5001846","streetsFileVersion":188,"polygonPointList":[[[31.96825799999671,35.0655550000021],[31.967761999996743,35.0676150000021],[31.96714399999673,35.068571000002116],[31.966769999996703,35.069736000002095],[31.966599999996664,35.070270000002104],[31.966592999996703,35.070278000002084],[31.965651999996673,35.0722570000021],[31.96435199999671,35.07271300000215],[31.963422999996677,35.07271300000215],[31.96290799999665,35.0722800000021],[31.962442999996693,35.07182400000212],[31.96216599999668,35.07075400000214],[31.962069999996707,35.06853100000211],[31.961199999996754,35.0666190000021],[31.961199921996716,35.06661882900209],[31.960467999996744,35.065011000002045],[31.960036999996774,35.063730000002096],[31.960031999996776,35.06361400000205],[31.960009999996778,35.06352000000206],[31.960005999996774,35.063375000002075],[31.960005993996724,35.06337478400209],[31.96000483399678,35.063335162002055],[31.959804999996813,35.061284000002054],[31.958714936996753,35.06078018600204],[31.95800603999677,35.05968461900205],[31.958001599996788,35.05916140000204],[31.957812703996805,35.05805200800205],[31.958521600996786,35.05689199500202],[31.958777047996815,35.05673698900203],[31.958779999996786,35.05673000000204],[31.958779999996786,35.05672900000206],[31.95886499999682,35.056679000002006],[31.9592499999968,35.056450000002016],[31.961375538996823,35.055806445002],[31.961550523996863,35.055753463002],[31.96275349999684,35.05624754300201],[31.9631985299968,35.05691724000204],[31.963477999996815,35.05729000000205],[31.96417599999678,35.06291700000204],[31.96468049999675,35.061903300002044],[31.96642489999678,35.06027760000206],[31.96767459999679,35.06033050000208],[31.96819034699679,35.060980284002035],[31.968134794996722,35.061813573002055],[31.968192236996725,35.06355794700206],[31.96825799999671,35.0655550000021],[31.96825799999671,35.0655550000021]]]}