{"segmentId":"5001286","streetsFileVersion":188,"polygonPointList":[[[32.76766886699357,35.30998214000404],[32.767700999993544,35.30986300000405],[32.76792495799358,35.30909310900404],[32.76792685899358,35.30908657500402],[32.76792828799359,35.309081661004036],[32.768077981993606,35.30856693900404],[32.76815093099357,35.30828016500402],[32.768365694993605,35.307301206004],[32.76836704799363,35.30729569900403],[32.768436999993604,35.30697700000403],[32.76861399999365,35.30617100000401],[32.76868199999365,35.30598300000398],[32.76868206699362,35.30598281400401],[32.76870599999363,35.30591600000397],[32.76871126899361,35.30591584000401],[32.768712711993615,35.30591579600403],[32.76913999999364,35.30586500000398],[32.76932099999362,35.30584400000398],[32.76932099999362,35.30578200000402],[32.7708149999936,35.305852000004016],[32.772085999993685,35.302324000003956],[32.7726069019937,35.30213183300394],[32.772768999993666,35.30199100000395],[32.773449291993686,35.30182106600395],[32.77783388899373,35.30020353300394],[32.77937499999372,35.29963500000395],[32.779498999993706,35.29919800000392],[32.77968099999372,35.29905600000393],[32.77973999999372,35.298850000003945],[32.779909999993706,35.29867000000393],[32.78032999999371,35.29836000000392],[32.780539999993735,35.298270000003924],[32.78063999999371,35.2982800000039],[32.78065599999375,35.29829600000391],[32.7810359999937,35.29799900000392],[32.78137399999371,35.29840000000393],[32.78183699999371,35.29916300000395],[32.78353899999378,35.296374100003874],[32.785342899993736,35.296545700003875],[32.78567699999376,35.296889000003915],[32.785679999993775,35.29689000000391],[32.785684999993734,35.296892000003915],[32.78644699999378,35.29596700000391],[32.786773791993795,35.29577412300389],[32.78677399999374,35.29577400000388],[32.78693099999373,35.29568100000389],[32.78693470799375,35.295679146003884],[32.786934999993726,35.295679000003894],[32.786999999993746,35.29564000000388],[32.78797999999379,35.29476000000388],[32.78805999999375,35.29474000000387],[32.78749299999376,35.29382200000384],[32.78732729999382,35.292855000003826],[32.787432999993825,35.292294000003814],[32.78768799999383,35.29131010000381],[32.78840959999386,35.29053760000382],[32.79046999999381,35.291700000003836],[32.7895279999938,35.2949550000039],[32.78953999999377,35.2950200000039],[32.789549999993774,35.295080000003864],[32.789599999993776,35.29539000000389],[32.78957999999377,35.29549000000386],[32.78951243799372,35.29565178100389],[32.78950813599375,35.295844412003895],[32.789393999993706,35.30095500000394],[32.78825599999366,35.30193600000397],[32.78708699999363,35.30273500000395],[32.786805068993615,35.30273257800398],[32.78552739999364,35.30272160000394],[32.785615199993636,35.30332750000399],[32.78577099999367,35.303949400003994],[32.78544749999364,35.304128400003954],[32.783179999993656,35.304190000004],[32.781989999993634,35.30494000000398],[32.78128666499359,35.30630809400398],[32.7801849999936,35.30845100000403],[32.779559999993594,35.308635000004024],[32.77820999999358,35.308607000004024],[32.77820999999358,35.30861000000401],[32.777679390993576,35.308600004004],[32.77767899999356,35.30860000000405],[32.777446999993586,35.30859600000406],[32.77560999999357,35.308587000004025],[32.77517379999358,35.30898360000402],[32.77380259999358,35.309455700004044],[32.77286509999355,35.30953510000405],[32.77157199999354,35.31193900000407],[32.771348899993555,35.31211650000407],[32.77121999999349,35.31217500000403],[32.770852999993515,35.31198500000407],[32.77082099999354,35.31193900000407],[32.77054499999352,35.311884000004085],[32.76977098199356,35.31114199000407],[32.76966999999358,35.31106999900404],[32.76861541399355,35.31110958000405],[32.768515948993546,35.311113314004075],[32.767815999993545,35.31125200000403],[32.767351999993544,35.31115700000404],[32.76766886699357,35.30998214000404],[32.76766886699357,35.30998214000404]]]}