{"segmentId":"5001015","streetsFileVersion":236,"polygonPointList":[[[32.46534669799659,35.058533986001976],[32.46454425399656,35.057171697001976],[32.46433626599655,35.05681860100194],[32.4640584969966,35.056951710002],[32.46398096499663,35.05698886400198],[32.463869402996565,35.05663655300195],[32.4637668519966,35.056312696001996],[32.46362829499658,35.05587513400199],[32.46370962899661,35.05575477500194],[32.46439999999663,35.05495000000198],[32.46532651299657,35.05485267500197],[32.46645615799658,35.054734013001934],[32.4668502129966,35.05469262000194],[32.46788302299661,35.057214007001946],[32.468274377996565,35.05816941900194],[32.47007546899658,35.058055694001986],[32.47078697799658,35.05674143300198],[32.47097476799663,35.056394557001944],[32.47141190499658,35.05558709900195],[32.47034093999658,35.05365952000194],[32.46938003699666,35.05193003700192],[32.46917999999663,35.05157000000191],[32.46920868099663,35.05153067500192],[32.469147875996654,35.0507087220019],[32.46947784999662,35.05009001900191],[32.47014999999663,35.05024000000191],[32.470748635996664,35.050403838001955],[32.47296304399663,35.05100988800194],[32.473474925996626,35.05373069300193],[32.47378366799661,35.055371753001936],[32.473926185996554,35.056129280001954],[32.47408999999659,35.056999999001945],[32.4739123199966,35.05726167500198],[32.47345632899657,35.05793323000198],[32.47290133999659,35.060484229001986],[32.471045230996545,35.061474154002],[32.46932954799658,35.061957024001984],[32.46749791499651,35.063551771002004],[32.46572741199651,35.06315965800202],[32.46534669799659,35.058533986001976],[32.46534669799659,35.058533986001976]]]}