{"segmentId":"5001411","streetsFileVersion":236,"polygonPointList":[[[32.88862931098511,35.678315307010394],[32.890343012985106,35.67926655301041],[32.893516499985,35.68102810001046],[32.893816184984935,35.6832952270105],[32.89384549998495,35.683517000010525],[32.893795989984916,35.68379751901053],[32.89279799998473,35.68945200001069],[32.892676120984774,35.69022531801069],[32.88861374398477,35.688906494010645],[32.88730763798476,35.688736216010646],[32.884605999984835,35.688384000010636],[32.88256099998486,35.68635000001061],[32.8824729999849,35.68512800001059],[32.882605051984896,35.68449873301055],[32.88210149898495,35.68328181301053],[32.88231564998503,35.68121168201045],[32.88297899998508,35.679065000010404],[32.88397899998521,35.67573400001032],[32.88617992798519,35.67591087901036],[32.88862931098511,35.678315307010394],[32.88862931098511,35.678315307010394]]]}