{"segmentId":"5001417","streetsFileVersion":236,"polygonPointList":[[[32.919731637993806,35.28427473800376],[32.92032712599385,35.28470395200371],[32.92142130499379,35.28458656800375],[32.92192575099382,35.28508149600372],[32.922477897993815,35.28625417900373],[32.92371628899377,35.28714678400378],[32.924305211993776,35.28733722500375],[32.924305211993776,35.288374670003776],[32.92399061999375,35.288353642003784],[32.92412437299375,35.288841044003775],[32.92433376599373,35.29049714900379],[32.924286175993736,35.29139182600381],[32.92404908499372,35.29208864100384],[32.92449999999366,35.294030000003865],[32.92445275499368,35.29539688800382],[32.92431711499362,35.29932123500387],[32.92427146999361,35.30064182600391],[32.92207958799356,35.30213774200393],[32.92115007099354,35.30277211800395],[32.920831671993575,35.30370885600396],[32.921388016993504,35.30402422200396],[32.92030594999348,35.307127378004],[32.91318555399347,35.30810925500397],[32.91314426799348,35.30811494800396],[32.91295135899345,35.30814154900396],[32.912599999993496,35.30819000000396],[32.91253945699346,35.30814809800399],[32.91193773699351,35.30773165000399],[32.911741585993504,35.30759589400396],[32.91058484199352,35.306795313003995],[32.908777340993524,35.30554434500396],[32.90701438699353,35.30435680200393],[32.90471106899354,35.303709589003944],[32.90304902199356,35.30296473400394],[32.902355305993595,35.3018318190039],[32.90269995899364,35.29989140100388],[32.90281082099362,35.29926724400392],[32.900967957993615,35.299463127003875],[32.90082003799365,35.2987135550039],[32.900549690993635,35.297343593003866],[32.89791370699362,35.298449771003874],[32.89654148499366,35.29740008200385],[32.89871448899368,35.29410896600386],[32.89836774199375,35.29063407800379],[32.898322830993735,35.2901840010038],[32.89810311499377,35.2879821440038],[32.8981003319938,35.287954251003754],[32.89804609699382,35.287410741003754],[32.89759849199384,35.282925097003705],[32.89758999999386,35.282840000003745],[32.89767999999386,35.28186000000371],[32.89780111699385,35.28178169100371],[32.89859301099389,35.2812696850037],[32.898290308993936,35.278979624003675],[32.89854265299395,35.27727653200365],[32.89915999999401,35.273110000003605],[32.89953355199398,35.272079461003585],[32.90087199899404,35.27190100200361],[32.90356423399399,35.27219651800361],[32.90387778299401,35.27160128700363],[32.90319197399401,35.27074101400361],[32.90292428399406,35.26871847300356],[32.903039550994094,35.26765921500355],[32.903813984994095,35.266721742003575],[32.90467216199411,35.26568289700352],[32.90467216199413,35.263276945003504],[32.90475487399414,35.26325361600351],[32.90802330999414,35.26233174900352],[32.90826481499417,35.261631334003525],[32.908452944994195,35.26130062600348],[32.90999962899412,35.26164433400349],[32.91000444699415,35.2617551510035],[32.910071126994104,35.26328879500352],[32.911817519994145,35.26326355800353],[32.91248254899415,35.2637774440035],[32.913419247994106,35.26365042500351],[32.914378191994146,35.26387168100354],[32.9147930519941,35.264398048003514],[32.91560138199411,35.26466548200353],[32.91598804399414,35.26520086100353],[32.916404449994104,35.26633110500356],[32.91595830099409,35.26707468700355],[32.91601778699404,35.26781826800356],[32.91705880199407,35.26859159300357],[32.91750494999406,35.26945414800361],[32.91830438299404,35.27046572100359],[32.91904197399402,35.2709289650036],[32.920234965993984,35.274336490003634],[32.91862383699396,35.27463723400365],[32.918774208993945,35.27665651600366],[32.91739664299397,35.27644200500364],[32.917439388993905,35.27757364700366],[32.91744645699391,35.27776076200369],[32.917479172993914,35.27862687400368],[32.91829867499393,35.279320934003685],[32.918759400993885,35.27971113600369],[32.919662244993866,35.2804757810037],[32.91991346899387,35.28068855000368],[32.91868666799386,35.28352154700375],[32.919731637993806,35.28427473800376],[32.919731637993806,35.28427473800376]]]}