{"segmentId":"5001751","streetsFileVersion":236,"polygonPointList":[[[32.13984670799821,34.802988910000906],[32.13984670799821,34.803477800000884],[32.140131687998206,34.8045675930009],[32.14017927799818,34.80543371700086],[32.13984670799819,34.80741661200091],[32.137543389998214,34.8062363990009],[32.13709125899819,34.80600754100089],[32.13655564699823,34.805736427000895],[32.132768757998214,34.80381959600088],[32.13275918299823,34.803814749000864],[32.13379874099823,34.80111952300089],[32.1345357509982,34.80100919900091],[32.13661206999823,34.80178316700089],[32.1381888509982,34.80237092800091],[32.13984670799821,34.802988910000906],[32.13984670799821,34.802988910000906]]]}