{"segmentId":"5001536","streetsFileVersion":96,"polygonPointList":[[[33.00634640199285,35.34425619200438],[33.00632209999283,35.343954200004376],[33.00632219999295,35.336615600004315],[33.00687633999304,35.333568217004256],[33.00696989999302,35.33305370000425],[33.008013599993056,35.33082200000424],[33.0097050999931,35.32936290000419],[33.0117668939931,35.328379351004166],[33.01222419999309,35.32816120000421],[33.0139515999931,35.32794670000418],[33.014622115993085,35.328065549004165],[33.01463413899312,35.3280676800042],[33.01661449999309,35.32841870000419],[33.01884559999311,35.32906250000423],[33.020140999993025,35.329706200004196],[33.020749431993075,35.330241804004196],[33.021652299993015,35.33103660000423],[33.02294769999299,35.33240990000427],[33.02369683699297,35.33401155800425],[33.024422999992986,35.33556410000427],[33.02568229999289,35.3386326000043],[33.02632999999279,35.34356790000435],[33.026410014992834,35.34478746900438],[33.02665379999278,35.34850320000442],[33.02597019999268,35.35253720000445],[33.02484047199264,35.35545003200454],[33.02352339999258,35.358845900004575],[33.02039289999252,35.362579500004585],[33.02014032499252,35.36262160000462],[33.01704639999248,35.363137300004624],[33.01294399999254,35.362321900004595],[33.01114712999253,35.36135225200462],[33.01047879999253,35.36099160000457],[33.00902129999256,35.359232000004596],[33.00768969999265,35.35631380000455],[33.00745490399266,35.35498756900452],[33.00700589999267,35.352451400004504],[33.00634640199285,35.34425619200438],[33.00634640199285,35.34425619200438]]]}