{"segmentId":"5001131","streetsFileVersion":236,"polygonPointList":[[[32.63531536299643,35.069295501002024],[32.6350899999964,35.07015000000206],[32.634959999996376,35.070450000002026],[32.63418189099638,35.072070391002065],[32.63398999999638,35.072470000002056],[32.633719942996386,35.07252895600203],[32.63256999999638,35.072780000002076],[32.629052510996424,35.06793553900204],[32.62865342099641,35.06738589200202],[32.628584249996464,35.067290626002006],[32.628039713996465,35.06654066500201],[32.62778851599645,35.06539142700201],[32.62760862299647,35.06456840800201],[32.627456260996496,35.06403559600199],[32.62744014899646,35.063912076002005],[32.62740792699643,35.06367040700201],[32.62748311299646,35.063525405002],[32.627601261996446,35.063326700002],[32.627692558996436,35.06314410500198],[32.62806311899645,35.06285410200201],[32.62860016199648,35.06292391700197],[32.628637539996454,35.06292472100199],[32.62865650599647,35.062893409001965],[32.62880999999647,35.06264000000197],[32.63594247799647,35.065462478001976],[32.63618941299647,35.06556019600198],[32.63628999999643,35.065600000002014],[32.63620068099644,35.065938669001994],[32.636000986996436,35.06669584200201],[32.63797559999644,35.067426848001986],[32.637699581996415,35.06914006000203],[32.637604403996406,35.069273310002],[32.637110173996405,35.06914923500203],[32.63691779999641,35.06970010000201],[32.635797499996364,35.06939970000205],[32.63531536299643,35.069295501002024],[32.63531536299643,35.069295501002024]]]}