{"segmentId":"5001599","streetsFileVersion":188,"polygonPointList":[[[33.08296114598911,35.52548153300706],[33.08256691398909,35.52568054100704],[33.08206017298912,35.525879138007056],[33.08177945898914,35.52567767800708],[33.081781006989154,35.525076368007035],[33.08217678898916,35.52427604000705],[33.08257308798918,35.52327527400703],[33.082733273989206,35.522822492006995],[33.08233032898926,35.52050104000696],[33.0821302549892,35.52046753300696],[33.08019065998923,35.51933988500697],[33.08016451198927,35.51932468300692],[33.078376836989314,35.517531991006905],[33.07772425998931,35.51687758200691],[33.07730249598934,35.51670893300692],[33.07693424598936,35.51608535200689],[33.07653999998937,35.51569000000689],[33.076709175989365,35.51534755100687],[33.07673729298939,35.51526855800687],[33.076913609989404,35.51477010900685],[33.07702776198938,35.51410239600685],[33.0775936929894,35.512701379006856],[33.078184585989455,35.5123212210068],[33.078213402989455,35.5123026810068],[33.07866288798942,35.512504679006845],[33.07877338498938,35.51330678800686],[33.08029718698939,35.51406353000684],[33.08107667398935,35.51445063500687],[33.08219993598935,35.515122729006855],[33.08444375098932,35.51534389400688],[33.0844840589893,35.51539688000684],[33.08475999998938,35.515429999006855],[33.08483130998935,35.51585334800689],[33.08484168498935,35.51586698600688],[33.085008248989325,35.51673616700687],[33.085161826989285,35.51772542600688],[33.08534036098928,35.51887543400693],[33.086608988989276,35.51969304500694],[33.08645079898921,35.520279283006936],[33.08611966798917,35.52208538400697],[33.08509902698915,35.52528885600702],[33.08468556698909,35.52636682300706],[33.0836911489891,35.52595188500704],[33.08296114598911,35.52548153300706],[33.08296114598911,35.52548153300706]]]}