{"segmentId":"5001165","streetsFileVersion":188,"polygonPointList":[[[32.68476999999478,35.22479000000319],[32.68462999999473,35.22570912600319],[32.68462999999473,35.22606000000323],[32.68453999999474,35.22630000000319],[32.68295999999472,35.227770000003254],[32.68262999999477,35.227940000003215],[32.682049999994774,35.22785000000322],[32.67995073499473,35.227536007003195],[32.679709999994756,35.227500000003246],[32.679589999994754,35.22744000000323],[32.67683615299475,35.22898059800326],[32.676607706994744,35.22910839900322],[32.67524972399468,35.23028420800325],[32.67400463399469,35.23056464800324],[32.67343588699474,35.22889611600323],[32.67306994699472,35.227822559003236],[32.67304552599479,35.226579249003215],[32.67290999999476,35.22649000000323],[32.672879999994805,35.22648000000321],[32.67284999999476,35.22644000000319],[32.67280944799481,35.2263335510032],[32.67150607899477,35.22497707400319],[32.67148999999479,35.2249699990032],[32.6710599999948,35.22470000000318],[32.67098393299479,35.22464928900322],[32.6709099999948,35.224600000003214],[32.670809999994795,35.22455000000323],[32.6708199999948,35.224380000003194],[32.6704999999948,35.22393000000319],[32.67100261899478,35.22359523900322],[32.67238206599484,35.2226764810032],[32.67274999999485,35.22243000000316],[32.673235183994855,35.222108274003176],[32.675769999994856,35.22042000000315],[32.67691041599487,35.218884065003145],[32.676969999994846,35.21875000000315],[32.67702999999486,35.21858000000312],[32.6770899999949,35.21837000000314],[32.67710188699485,35.21832443300316],[32.67714999999484,35.218140000003146],[32.677329999994875,35.218170000003134],[32.67737999999482,35.21819000000313],[32.6774999999949,35.21809000000316],[32.67792999999486,35.218270000003166],[32.6779822709949,35.21834620200316],[32.67875999999487,35.21948000000313],[32.67937999999485,35.219370000003124],[32.679789999994824,35.219370000003124],[32.680088624994866,35.21975951300314],[32.680988051994795,35.22093267700318],[32.68108999999481,35.22100000100316],[32.681149999994844,35.22110000000315],[32.68139999999482,35.22147000000318],[32.6831599999948,35.22165000100317],[32.68393860599476,35.223168524003206],[32.684179999994775,35.223480000003185],[32.68444999999476,35.22378000000317],[32.684539999994776,35.22396000000317],[32.68459999999478,35.2241300000032],[32.68462999999476,35.22420000000319],[32.684749999994814,35.224600000003214],[32.68476999999478,35.22479000000319],[32.68476999999478,35.22479000000319]]]}