{"segmentId":"5001453","streetsFileVersion":236,"polygonPointList":[[[32.941656004992005,35.39340011400501],[32.942689999991984,35.39449000000507],[32.942701626992026,35.39604514200506],[32.94274888899185,35.40236646600515],[32.941963681991865,35.403128741005155],[32.94236010299185,35.40393820800517],[32.94245928499185,35.404140730005174],[32.942460574991834,35.40414336500516],[32.94079698499185,35.404889548005166],[32.93974792099184,35.404475812005174],[32.9383246579919,35.40184877800514],[32.938237577991885,35.40180439400516],[32.937994926991884,35.401680719005164],[32.93784615199192,35.401680719005164],[32.9356107239919,35.401680719005164],[32.93606184099194,35.397148076005095],[32.93821001299198,35.39695474100509],[32.93833041199195,35.3969760620051],[32.94016068099198,35.39730017200506],[32.940149833992,35.39650555500505],[32.94014260599198,35.39597608300507],[32.940119999992014,35.39432000000504],[32.94082405999206,35.392579406005],[32.94083850299206,35.39254370200503],[32.94083999999206,35.39254000000501],[32.941186338992054,35.392269458005],[32.94151946399207,35.39262637700502],[32.941656004992005,35.39340011400501],[32.941656004992005,35.39340011400501]]]}