{"segmentId":"5001443","streetsFileVersion":188,"polygonPointList":[[[32.942071140993484,35.305212298003966],[32.94151600799341,35.312408116004015],[32.941601934993386,35.312896826004035],[32.94142758499336,35.31337043200404],[32.94136111899337,35.31489509800409],[32.94106963499338,35.315501860004055],[32.94085623699333,35.315664767004066],[32.94076333599333,35.315953061004095],[32.94059836199333,35.3168590060041],[32.94079010499335,35.3177652210041],[32.940941517993295,35.318190923004074],[32.94128263199328,35.319164800004124],[32.94128158399325,35.320300474004156],[32.94108931799321,35.32114370700412],[32.94104120599327,35.32135471600411],[32.94084808399324,35.32181149500417],[32.940819999993224,35.32198000000414],[32.940719999993256,35.322250001004136],[32.94066999999324,35.32245000000415],[32.94064999999326,35.32259000000415],[32.94064999999324,35.32284000000415],[32.94061999999323,35.323000000004136],[32.9405499999932,35.32316000000413],[32.94047999999323,35.32325000000414],[32.94037999999325,35.323330000004155],[32.940419999993246,35.32360000000417],[32.940419999993246,35.32372000000415],[32.9402799999932,35.32378000100415],[32.94022999999321,35.32380000000417],[32.94022940399319,35.32380021700415],[32.94091322399316,35.32701732900421],[32.941074507993164,35.32746107000419],[32.941352651993135,35.32845451900422],[32.941382896993105,35.329226962004235],[32.941320722993105,35.32937398800421],[32.94131949199312,35.32937423000421],[32.94051247699308,35.33124865000428],[32.94051072699311,35.33124755500425],[32.94050999999314,35.33125000000427],[32.9399228919931,35.33088181300427],[32.93964370699311,35.33161521100424],[32.93964186199308,35.331615080004255],[32.93963999999311,35.331620000004236],[32.93956779999312,35.33161450200424],[32.93858931399311,35.33154014400423],[32.93843480299311,35.33098822600424],[32.938438672993115,35.33097451400425],[32.938399999993095,35.33083000000424],[32.9384877049931,35.33080076500425],[32.93864731599314,35.33023517900424],[32.93551219399312,35.33097626400426],[32.93383467399309,35.33086918800426],[32.93426297699316,35.3280138350042],[32.935262349993245,35.3241234160042],[32.933287995993226,35.32358634100417],[32.93327522499321,35.32394009300415],[32.932796305993215,35.32406111400419],[32.93260300099326,35.32394617900419],[32.93254999999322,35.3241100000042],[32.93247999999322,35.324160000004184],[32.931879999993185,35.32422000000414],[32.9313599999932,35.32424000000415],[32.930779999993185,35.32436000000419],[32.930685268993216,35.32437328000415],[32.929709999993214,35.32451000000415],[32.92920999999321,35.32459000000418],[32.92900999999322,35.32460000000415],[32.92882999999325,35.32442000000415],[32.9287699999932,35.32423000100417],[32.92866999999325,35.32386000000413],[32.92858999999324,35.32350000000414],[32.928519999993235,35.32319000000417],[32.92845999999323,35.32288000000416],[32.92835999999324,35.322370000004135],[32.92832947599325,35.322217382004176],[32.928111545993254,35.320804585004154],[32.928073156993264,35.32055571600414],[32.927769646993326,35.31701614400407],[32.928527765993344,35.3165912640041],[32.928352533993355,35.31560654400407],[32.92828999999337,35.3152600000041],[32.92829017099341,35.31525609000406],[32.9282899499934,35.315254850004045],[32.9283152839934,35.314680764004066],[32.9283627029934,35.31359443000408],[32.92839475499339,35.31274063200403],[32.92860086999339,35.31168647500402],[32.92925147699342,35.31075451400402],[32.92989015999345,35.31071769800404],[32.9297963789934,35.310155833004025],[32.92971263499342,35.30965410300402],[32.930249678993434,35.30903113300402],[32.93097671399345,35.308660625004016],[32.931366727993456,35.308461867004],[32.932086364993445,35.30801075200395],[32.93241933299347,35.30768852600398],[32.93179636299345,35.307269632003965],[32.931978957993486,35.30683999800396],[32.932881189993495,35.30607739700393],[32.933933793993496,35.305089238003944],[32.93494541999351,35.30625111900393],[32.935159571993445,35.307536028003994],[32.93639689099344,35.310819684004045],[32.93725349699341,35.311676290004016],[32.93882610099339,35.313400319004025],[32.93900527999338,35.31375867600407],[32.939719117993356,35.31323519500405],[32.9400760379934,35.31078435000403],[32.94120816199345,35.30914216400398],[32.94149369699348,35.30614404300399],[32.94135092799357,35.302727137003906],[32.94139375999355,35.30092112600391],[32.941315236993546,35.30023584200391],[32.941221546993624,35.299450831003895],[32.94159605199362,35.299016650003885],[32.941592247993604,35.29901676300389],[32.942143834993594,35.29889850100388],[32.942315689993606,35.298425904003885],[32.94265939699362,35.298629980003874],[32.94293865999359,35.29929591200388],[32.9428971559936,35.29980225600392],[32.94288495499359,35.29995110500389],[32.942071140993484,35.305212298003966],[32.942071140993484,35.305212298003966]]]}