{"segmentId":"5001116","streetsFileVersion":236,"polygonPointList":[[[32.60736311399579,35.13820253300246],[32.6075323389958,35.138098928002485],[32.606080657995825,35.136422338002475],[32.60700788699584,35.13433224600246],[32.60773765199581,35.133777825002454],[32.6097559249958,35.136737569002484],[32.61072799599578,35.136142432002465],[32.614975332995776,35.141674678002545],[32.61491797299573,35.14220053900251],[32.61490495199576,35.14231990700252],[32.610596047995685,35.14736776300255],[32.60972468199569,35.14698065800259],[32.609198950995676,35.14761854200255],[32.60841295799567,35.14857221000258],[32.60729396599563,35.151126037002584],[32.60569922899563,35.15122608200259],[32.60397731199567,35.14746552400255],[32.60468016899572,35.14554262600255],[32.604771613995766,35.14379195400254],[32.60531363099575,35.14229598700254],[32.60613749699578,35.14086506200251],[32.60640735899578,35.140817319002515],[32.60736311399579,35.13820253300246],[32.60736311399579,35.13820253300246]]]}