{"segmentId":"5001263","streetsFileVersion":188,"polygonPointList":[[[32.74879739999451,35.24316517200333],[32.74808060199453,35.24297635200333],[32.74716359499456,35.24214896900332],[32.74752349599453,35.24146807500335],[32.74758207099456,35.24141266200336],[32.748320228994565,35.24071436000331],[32.74816163599459,35.238169435003286],[32.74816243499458,35.23505903600328],[32.748401645994626,35.234022319003294],[32.752020021994674,35.23170446100325],[32.75222543999469,35.23157287400325],[32.75450860699461,35.234769356003305],[32.75442458299461,35.2357772720033],[32.754152061994574,35.23676033300331],[32.753732532994576,35.23918914500334],[32.753130316994536,35.24155168100332],[32.7530755469945,35.241766547003344],[32.751814801994506,35.24319234500338],[32.75131564699451,35.243756848003336],[32.750868150994506,35.243731609003376],[32.74959376499447,35.24363678700338],[32.74879739999451,35.24316517200333],[32.74879739999451,35.24316517200333]]]}