{"segmentId":"5001003","streetsFileVersion":188,"polygonPointList":[[[32.49822783299713,34.982120021001585],[32.49680147199714,34.98352451300158],[32.49697085799713,34.98457033300159],[32.4960143579971,34.98454794600159],[32.49465842399715,34.98331069900158],[32.49258222399715,34.981416231001525],[32.49246963899713,34.981313500001555],[32.48917714299717,34.97963337600154],[32.489119869997126,34.979598513001534],[32.487380846997155,34.978539938001525],[32.48792459099716,34.976818023001556],[32.486631470997196,34.974547717001535],[32.48576867599723,34.9751059840015],[32.48008023499718,34.97878666300154],[32.48050779599714,34.97940990000156],[32.480645398997105,34.979610476001554],[32.480863961997166,34.97954787300155],[32.48094698599717,34.97944956500153],[32.481625132997195,34.97947811900157],[32.48167510099718,34.98052746100156],[32.48115399899718,34.98053459900156],[32.48114699899711,34.980774953001536],[32.482016943997166,34.98185791000154],[32.48181964199713,34.98693857800156],[32.48467292099709,34.987384686001576],[32.48468928599711,34.98738716600161],[32.484672112997096,34.9875906240016],[32.48467153999715,34.987596701001564],[32.48557012799713,34.98771506800159],[32.48709313399711,34.98791568700158],[32.487086341997085,34.98798662900157],[32.486900397997076,34.98992871100161],[32.48605500899709,34.98981404800157],[32.486047417997064,34.99017202700157],[32.48601270099707,34.99180910700161],[32.48776913599708,34.99207908400162],[32.48753448699708,34.99318044300159],[32.487251330997054,34.99343645200159],[32.48711544599708,34.993629294001636],[32.48684555899706,34.993803320001604],[32.48666752399705,34.993964286001614],[32.48654259699706,34.99400353200164],[32.48654126999702,34.9940046320016],[32.486527383997064,34.994008483001636],[32.48641632299706,34.99408009600162],[32.486063770997056,34.99415395500163],[32.485465226997064,34.994341987001604],[32.48545714199705,34.99434452700163],[32.48530786199706,34.99434660000159],[32.485209058997064,34.99437399400162],[32.48510065499706,34.99435572500161],[32.4849709259971,34.99438290300159],[32.48424392499704,34.99449787400161],[32.48421052399706,34.99450570700159],[32.48237179799704,34.9951606370016],[32.48013920299706,34.99661468100162],[32.479933133997065,34.99673600500164],[32.479869680997005,34.99678446400161],[32.479867847997006,34.9967858620016],[32.479769752997015,34.99684438400162],[32.48000643799702,34.99750531500165],[32.47892572699702,34.998018377001635],[32.47914031399704,34.99904720500165],[32.47851213699702,34.99929942800162],[32.47876575199706,35.00065165300163],[32.47877033399703,35.00067608300162],[32.47878771699701,35.000741281001645],[32.479032238997,35.00201778800165],[32.47905767799703,35.00215057100168],[32.47907360999702,35.002238327001656],[32.47908738699701,35.002366543001656],[32.47631719499699,35.00248203100166],[32.47588163099699,35.00250019000165],[32.475880183997006,35.00251096500166],[32.47589755399698,35.00278304700165],[32.47581786399703,35.002784711001674],[32.47581644499702,35.00281986800169],[32.47521463799701,35.002797311001665],[32.47240504799699,35.002855994001685],[32.47237297799703,35.00338012900167],[32.470566146996994,35.003507980001665],[32.469694419997,35.00359300400166],[32.469684998996996,35.00339516500164],[32.469660949996985,35.00339529500169],[32.46965256099698,35.00331812800166],[32.469578506996996,35.00331637200165],[32.469385181997026,35.000941833001676],[32.469320774996994,35.00044268300167],[32.46929981399704,35.00028024200163],[32.469174964997016,34.99991262800166],[32.46878585199703,34.99876690500162],[32.46738650899705,34.99693524400163],[32.466241198997,34.99543609500163],[32.46506570499702,34.99409471600163],[32.465137035997046,34.993990808001605],[32.46505890199707,34.993888534001634],[32.46298877099705,34.99173988100161],[32.46191801399709,34.99096893500162],[32.46105272599711,34.9899407410016],[32.46149965299709,34.98963181800163],[32.46724211099716,34.985662540001606],[32.4675684239971,34.98543698700159],[32.46765917299716,34.98537426000159],[32.467570897997135,34.98528009300155],[32.467203281997165,34.984887937001574],[32.466711757997096,34.98483161400154],[32.466244382997154,34.98416493500154],[32.46519239699718,34.982983995001554],[32.464924290997125,34.983139859001575],[32.46483243899717,34.98304620000156],[32.46438869799713,34.98329253200158],[32.46373372799718,34.98268311400155],[32.462803877997125,34.981499864001556],[32.46177992399716,34.98003950900155],[32.461444738997166,34.98030883100155],[32.460945050997175,34.979430810001546],[32.46133444299717,34.97915039100157],[32.46125689099718,34.97898857600154],[32.46032186199717,34.977037587001526],[32.460010140997205,34.975670480001554],[32.460518817997155,34.97360206700152],[32.46060297699723,34.97337282200151],[32.46077373099723,34.97240949600153],[32.46073698299724,34.972181932001526],[32.46047247599722,34.97178259800152],[32.46033843999719,34.97173823500149],[32.46038610899722,34.97161485100148],[32.46015164599725,34.96855720400147],[32.45881599299721,34.96848192800152],[32.45860521199726,34.968470049001525],[32.45812462799723,34.968282494001485],[32.45721255499725,34.96792654300147],[32.45721066799729,34.9669234780015],[32.45697614699727,34.965556267001496],[32.45426828599727,34.964560383001476],[32.45179218399727,34.96347273600145],[32.45199184799726,34.959625334001466],[32.45649172599725,34.96226399600146],[32.45730074099728,34.96259655900149],[32.457667210997286,34.963141650001475],[32.45852035999732,34.96259769600146],[32.45863721299727,34.96252319300145],[32.458907027997284,34.96264560800146],[32.46041571899725,34.963330099001496],[32.46447480199727,34.965171698001484],[32.46462524799728,34.962982595001435],[32.46354181399727,34.96243832100145],[32.4634087459973,34.95775925500144],[32.46337584399731,34.956602302001464],[32.460745404997326,34.955697591001424],[32.46058260899732,34.9515944050014],[32.461973327997356,34.95113455500143],[32.46212556299734,34.94994860200142],[32.46011228799738,34.94840401300142],[32.46065712599737,34.947118725001395],[32.4606810459974,34.94706230000137],[32.46125990499739,34.94569675800139],[32.46304646499736,34.9471132150014],[32.463512185997374,34.94748245700138],[32.464011798997355,34.94720873700138],[32.464060146997376,34.947135034001384],[32.464285378997374,34.94679168800142],[32.46622619599737,34.946666910001376],[32.466915948997396,34.94719650400137],[32.46815129799736,34.94814500800139],[32.47093131499732,34.9502795140014],[32.47271048199732,34.94996328400139],[32.47448398299731,34.95085915300143],[32.477098079997354,34.95279356100144],[32.478723253997345,34.953996175001414],[32.47936904399733,34.95438816700142],[32.479378473997286,34.954481032001425],[32.4801583139973,34.9550581060014],[32.48015800199732,34.95812189800145],[32.48015795699732,34.95856070800145],[32.48227688499729,34.958599150001454],[32.483798769997314,34.95833898700144],[32.48383080899728,34.95862734100146],[32.48552474799729,34.95865807300144],[32.48554448899727,34.96260519900146],[32.48596475199723,34.96257635800145],[32.489125877997274,34.96235942600145],[32.48952255799722,34.964284445001454],[32.48950439599724,34.96490029700147],[32.48944991699724,34.966747606001505],[32.48862828099723,34.96704825900151],[32.48916411099723,34.96895826400148],[32.48935706699724,34.969646068001474],[32.490297440997196,34.97299809800152],[32.491248463997216,34.97301994300151],[32.492772212997174,34.973054945001515],[32.492863402997195,34.97303312200151],[32.4928804909972,34.97305743200154],[32.49400853999719,34.971765159001485],[32.494839395997175,34.971799854001496],[32.49530369999722,34.971819243001484],[32.49586314199722,34.971760386001485],[32.49812225099719,34.97193694100148],[32.49900107399715,34.97401072000149],[32.498986917997186,34.97719067200155],[32.49870621799715,34.97901348200152],[32.49866557899712,34.97980766800153],[32.49864909199714,34.980129869001544],[32.4983443979971,34.98154509200153],[32.49822783299713,34.982120021001585],[32.49822783299713,34.982120021001585]]]}