{"segmentId":"5001223","streetsFileVersion":236,"polygonPointList":[[[32.71268099998877,35.556688000007796],[32.71496117498875,35.55794516000778],[32.71539799998876,35.55818600000779],[32.71567999998871,35.56005000000784],[32.716366917988715,35.560637702007874],[32.71712699998865,35.56128800000786],[32.717320982988596,35.56369411200793],[32.7173850469886,35.564488741007935],[32.71712980498859,35.564753253007936],[32.716699178988556,35.565199519007926],[32.71597499998858,35.56595000000796],[32.715663052988525,35.56746474300801],[32.715662999988524,35.56746500000797],[32.71248481298852,35.56746162100801],[32.712346337988485,35.56746147400798],[32.710959999988525,35.56746000000798],[32.71122892398854,35.566268339007955],[32.71122899998857,35.56626800000795],[32.71000499998854,35.565966000007975],[32.71051999998867,35.56107900000789],[32.70965703498871,35.56076895800785],[32.7096290909887,35.560758919007895],[32.708771199988725,35.560450700007856],[32.70822559798873,35.56000084500785],[32.70889803098871,35.55913017900786],[32.70893129998877,35.558783800007845],[32.70951153798876,35.55913096300781],[32.70968829998873,35.55923672200782],[32.71036399998869,35.559641000007844],[32.710817428988705,35.559063108007805],[32.71127077598873,35.5584853210078],[32.71163893498876,35.557404853007775],[32.7121814519888,35.55603428300775],[32.712552647988794,35.55586296200776],[32.71292384398878,35.55610566700777],[32.71268099998877,35.556688000007796],[32.71268099998877,35.556688000007796]]]}