{"segmentId":"5001080","streetsFileVersion":236,"polygonPointList":[[[32.55343017399734,34.943243355001364],[32.55586912199735,34.9449089770014],[32.555920861997336,34.947340812001386],[32.55621678899736,34.948090322001384],[32.55616308499731,34.94914292700137],[32.5557012279973,34.949679970001384],[32.55515407699733,34.94891504900139],[32.55503713099732,34.94909777700141],[32.554976823997336,34.949192007001415],[32.553311200997314,34.94972738600141],[32.55295128799731,34.94947994500141],[32.55230962799731,34.9490388040014],[32.55140763299734,34.94841868200141],[32.55015841499735,34.94609870800141],[32.551932459997346,34.943825713001345],[32.552232159997395,34.94302786300137],[32.55247101999737,34.942753173001336],[32.55296068399734,34.94277705900135],[32.55343017399734,34.943243355001364],[32.55343017399734,34.943243355001364]]]}