{"segmentId":"5001072","streetsFileVersion":236,"polygonPointList":[[[32.55340387099759,34.905715561001244],[32.55480775299756,34.90578694400122],[32.55599748399757,34.906048685001196],[32.55704444699759,34.90695288000123],[32.55623242199756,34.9107898760012],[32.55592559999749,34.91272113200125],[32.558876473997536,34.91321594400125],[32.561454782997544,34.913648284001226],[32.56136900999757,34.914458351001265],[32.56495279099752,34.91501089900123],[32.5645286099975,34.91735236700124],[32.56447471699751,34.917649852001276],[32.56663019499752,34.91786405500126],[32.56629870999754,34.92027084700126],[32.56158118799749,34.92060520400124],[32.5607534889975,34.92066386800129],[32.560057742997515,34.920713180001286],[32.559464167997476,34.92063311300129],[32.55876478499748,34.9205387740013],[32.55675567199752,34.920267766001274],[32.54978839499754,34.91776107300127],[32.54956863499754,34.91768200800125],[32.549464126997556,34.91703193300124],[32.54918134699756,34.91527294600127],[32.54816417499761,34.90894578800122],[32.54864454599757,34.90901790000121],[32.5496945889976,34.905929415001225],[32.55340387099759,34.905715561001244],[32.55340387099759,34.905715561001244]]]}