{"segmentId":"5001883","streetsFileVersion":236,"polygonPointList":[[[31.487157217997108,35.04335424300201],[31.485246747997095,35.044593497002],[31.485300451997087,35.04476535000199],[31.48525748899709,35.04516276200203],[31.48490303999709,35.04544202500201],[31.484473405997083,35.045678324002004],[31.48402228999709,35.045678324002004],[31.48374302699709,35.04554943300203],[31.483623151997108,35.04534070700199],[31.483549691997087,35.04466868300201],[31.483700063997112,35.044346457002014],[31.484204883997116,35.044206826002004],[31.48468798999712,35.04444149500201],[31.484979443997066,35.04427708800201],[31.485208970997107,35.044560945002004],[31.486485688997117,35.04316334000198],[31.487247004997077,35.04239726600202],[31.488278848997126,35.041358973001984],[31.48836588299709,35.04127139500195],[31.489354041997114,35.041915846001984],[31.489268969997127,35.04197154800198],[31.48857470499713,35.042426126002],[31.487157217997108,35.04335424300201],[31.487157217997108,35.04335424300201]]]}