{"segmentId":"5001364","streetsFileVersion":188,"polygonPointList":[[[32.82544313798161,35.78144656801329],[32.825322048981654,35.7811322530133],[32.82963482198175,35.777771264013204],[32.83004888698174,35.777488648013154],[32.83128829298179,35.776642704013135],[32.83338247298182,35.77521334301313],[32.83599987998174,35.776641020013145],[32.83650011698175,35.77768966601318],[32.84001522098144,35.78505836301343],[32.83572417498131,35.78819575101349],[32.835527996981334,35.78833918601348],[32.8309534069812,35.79168388701359],[32.83094352598121,35.79169111101359],[32.82877193998132,35.788127875013494],[32.82671998198147,35.784760931013395],[32.82544313798161,35.78144656801329],[32.82544313798161,35.78144656801329]]]}