{"segmentId":"5001308","streetsFileVersion":236,"polygonPointList":[[[32.78804541999451,35.24056747600329],[32.788024577994484,35.241082570003336],[32.78819322299451,35.24150729900332],[32.7883455089945,35.24264944000333],[32.78824081299451,35.243287136003346],[32.78802405099446,35.24375847600334],[32.78785058099446,35.24447686600338],[32.78750225599446,35.24478915800337],[32.78668806599445,35.247395280003374],[32.78502780799441,35.249286402003406],[32.78293829199441,35.24830302600338],[32.78268491999444,35.24787302100338],[32.78261736099443,35.247938003003405],[32.78215152099442,35.2483860740034],[32.77978853199448,35.245314188003384],[32.77944482399448,35.24441195600338],[32.78107314899452,35.24249205700334],[32.781103275994525,35.24245653600337],[32.78114780299452,35.24225431800335],[32.78125006799453,35.24178988800331],[32.78438538099453,35.24004482100329],[32.78496972599452,35.238553352003294],[32.78619999999456,35.23826000000327],[32.786844055994536,35.24000942400331],[32.787943871994486,35.23996508500333],[32.78806999999455,35.239960000003315],[32.7880545869945,35.24034092400334],[32.78804541999451,35.24056747600329],[32.78804541999451,35.24056747600329]]]}