{"segmentId":"5001658","streetsFileVersion":236,"polygonPointList":[[[33.23679807398672,35.607965841008614],[33.23676573498674,35.60789851800861],[33.236700721986715,35.607763173008614],[33.23609923398684,35.603853500008526],[33.23674494098686,35.60358403200852],[33.240789043986894,35.601896335008455],[33.24110636198688,35.60176391100845],[33.241555590986934,35.60157643700847],[33.24168998698688,35.601640436008424],[33.24200670698688,35.6017912550085],[33.242025823986886,35.601987883008455],[33.242307450986836,35.60488462200851],[33.242843522986774,35.60536384600854],[33.24284384698684,35.60536541000854],[33.24318616498676,35.60701995000857],[33.243478225986735,35.60715270500855],[33.24397138698672,35.60737687000858],[33.24398517498671,35.607430872008585],[33.244160673986705,35.608118243008576],[33.2443140299867,35.608718886008624],[33.24415987298666,35.610373308008676],[33.24415487898664,35.610426906008634],[33.24356309398662,35.610929665008676],[33.24254858998662,35.611791551008686],[33.2405710529866,35.61228975100868],[33.23940256998659,35.6125841260087],[33.23906252198657,35.612669794008696],[33.23906371098659,35.61268248700867],[33.23867873498662,35.61213336400867],[33.2384329459866,35.61178277500867],[33.23804652898662,35.61123159600864],[33.2374183519867,35.609846750008614],[33.23647525198666,35.61020072900863],[33.2364181449867,35.60984381000862],[33.23647525198669,35.60871594500858],[33.236868761986706,35.6081801940086],[33.23679807398672,35.607965841008614],[33.23679807398672,35.607965841008614]]]}