{"segmentId":"5001897","streetsFileVersion":96,"polygonPointList":[[[31.032263651997166,35.05989960000215],[31.023390018997187,35.05377002300208],[31.02361155499722,35.053384213002126],[31.029553174997254,35.04303673100201],[31.032616156997335,35.03770247000201],[31.03462107499736,35.03421085300198],[31.041625871997315,35.03838392300198],[31.04580454199728,35.04087334400201],[31.044559759997234,35.04335730000201],[31.041448692997246,35.0495654210021],[31.03936551799722,35.053722387002104],[31.035239734997162,35.06195536800216],[31.032263651997166,35.05989960000215],[31.032263651997166,35.05989960000215]]]}