{"segmentId":"5001340","streetsFileVersion":236,"polygonPointList":[[[32.8162410489946,35.23178408700324],[32.81551067099459,35.231912978003216],[32.81556161799462,35.23243942700322],[32.81565073999456,35.233360357003235],[32.81596178699455,35.2365745110033],[32.81505023099453,35.23700219100328],[32.81461713399456,35.237205390003275],[32.81460843799456,35.23704710900329],[32.8145869569946,35.23446930200324],[32.8148508669946,35.23391132000327],[32.81511550799459,35.23335179400324],[32.815338816994604,35.23287965500323],[32.815128196994586,35.23264216800323],[32.81493447699461,35.232423736003234],[32.81412444399463,35.23151037200324],[32.813071839994635,35.231424445003256],[32.813522955994614,35.23200445100327],[32.812706650994606,35.23228371400325],[32.812255534994634,35.23166074400325],[32.81146071099461,35.23176815200321],[32.8109236679946,35.23088740200323],[32.81084211899461,35.23075824100322],[32.81285702299461,35.230522213003205],[32.81382369999465,35.229856279003215],[32.81324369399465,35.22845996800319],[32.81401703599467,35.22783699800319],[32.81373777299471,35.226204387003186],[32.81412444399471,35.22493696500317],[32.81182589999466,35.225731789003206],[32.81051551499471,35.22555993500317],[32.81049157599472,35.224856744003205],[32.81049070499472,35.22483117200318],[32.81052466299468,35.2247883630032],[32.812977829994786,35.22169580700315],[32.813377968994715,35.22119137600313],[32.81409137999474,35.220292023003154],[32.81452926899476,35.21974000400315],[32.81534925199473,35.22021473100313],[32.81575372699476,35.22044890100314],[32.81536705599478,35.220857053003115],[32.815337788994775,35.22086193100314],[32.814722603994745,35.22096446200313],[32.81429296999474,35.22171632200317],[32.81429702599475,35.22172864600312],[32.8148514939947,35.223413378003144],[32.81529223999473,35.22342562100316],[32.8163981779947,35.22345634100314],[32.81766559999474,35.22334893300317],[32.81809150299472,35.22399156900319],[32.8182418749947,35.22732123600322],[32.81920855199466,35.22884643800322],[32.81929145299465,35.23116111800323],[32.81853959299458,35.23154778800323],[32.81838922099464,35.23086037300322],[32.81671364699458,35.230688520003234],[32.81654179299462,35.23126852600325],[32.8162410489946,35.23178408700324],[32.8162410489946,35.23178408700324]]]}