{"segmentId":"5001132","streetsFileVersion":96,"polygonPointList":[[[32.63075799999627,35.084785000002135],[32.630686999996335,35.085163000002154],[32.63080899999628,35.085463000002136],[32.630935999996304,35.08551900000211],[32.63090299999626,35.08566000000215],[32.63152399999631,35.08613600000215],[32.63160799999623,35.08618800000214],[32.632247999996274,35.086649000002154],[32.632280999996254,35.0867160000021],[32.63230399999624,35.08673400000212],[32.63229999999626,35.08675600000212],[32.63240099999629,35.08696300000211],[32.632177999996266,35.08753000000216],[32.632144999996235,35.08774100000213],[32.63200499999624,35.087971000002135],[32.63179199999627,35.08851400000212],[32.63063399999624,35.08792900000212],[32.63033999999626,35.08792000000214],[32.630059999996256,35.08798000000216],[32.629919999996225,35.08799000000214],[32.62968999999622,35.08791000000217],[32.62952999999623,35.08801000000215],[32.62957999999623,35.087870000002155],[32.62962999999627,35.08767000000215],[32.629459999996264,35.08752000000212],[32.62938999999627,35.08726000000216],[32.629299999996256,35.08711000000214],[32.62924999999626,35.087120000002116],[32.62920999999627,35.08716000000213],[32.629139999996276,35.087320000002116],[32.62906999999628,35.08739000000212],[32.62894999999622,35.08750000000212],[32.62855999999626,35.08777000000212],[32.62838999999622,35.08792000000215],[32.62824999999624,35.08809000000217],[32.62823999999627,35.08810900000213],[32.62823961899626,35.08810967800211],[32.628109999996234,35.08834000000217],[32.6280499999962,35.08842000000214],[32.62797999999623,35.08857000000216],[32.627839999996226,35.089110000002165],[32.627059999996206,35.088980000002145],[32.626913999996255,35.088807000002134],[32.62690899999625,35.08881700000216],[32.62669220599623,35.089195640002174],[32.626691999996225,35.08919600000217],[32.62656899999627,35.08941000000214],[32.626223999996206,35.089932000002136],[32.62620699999628,35.08997400000215],[32.626183999996215,35.08999300000215],[32.6260679999962,35.09016900000217],[32.62588499999622,35.090247000002144],[32.6257779999962,35.09033700000214],[32.625711999996255,35.09032000000218],[32.62562679999627,35.09039730000217],[32.6255069999962,35.09040700000214],[32.624923999996255,35.089831000002164],[32.62447799999625,35.089471000002156],[32.62427703799625,35.08913951400217],[32.62418099999627,35.08898110000217],[32.62454299999628,35.08818100000218],[32.625202999996276,35.08642700000215],[32.62646099999628,35.08453500000214],[32.626459999996285,35.0845300000021],[32.62663899999631,35.08441600000211],[32.627084999996306,35.084126000002094],[32.62830799999628,35.08398400000211],[32.628308133996306,35.083982758002115],[32.628647999996325,35.080844000002116],[32.62836199999631,35.080764000002084],[32.6283615749963,35.08076388200208],[32.628264999996325,35.0807370000021],[32.62780299999629,35.08014500000211],[32.6276219999963,35.07948200000208],[32.627239999996306,35.07875900000208],[32.62750808199634,35.078557320002105],[32.627889999996334,35.07827000000206],[32.628319999996314,35.078060000002075],[32.628406999996315,35.078015000002075],[32.62840716599635,35.078014913002086],[32.62856999999632,35.07793000000206],[32.62894999999631,35.077790000002075],[32.62946999999633,35.077640000002056],[32.629669999996295,35.0783200000021],[32.62964599999634,35.07833200000208],[32.62976781599632,35.07860958100211],[32.62976799999634,35.07861000000206],[32.6298059999963,35.078697000002066],[32.62991399999633,35.07937000000207],[32.62992999999634,35.07946000000208],[32.62998399999632,35.07954600000208],[32.62999999999633,35.07956000000212],[32.63026999999633,35.08000000000208],[32.63029099999631,35.08000500000206],[32.63080999999632,35.08011800000206],[32.63106199999632,35.08045200000208],[32.632226999996305,35.08049100000209],[32.6334119999963,35.083709000002116],[32.633679999996275,35.0836500000021],[32.6336899999963,35.083690000002115],[32.63370699999631,35.0840070000021],[32.633954999996305,35.083496000002086],[32.63415099999628,35.08347200000209],[32.63417999999632,35.083420000002114],[32.63457999999627,35.08337000000212],[32.634669999996284,35.08336000000209],[32.634649999996306,35.08397000000214],[32.634637999996286,35.08407000000212],[32.634636999996275,35.08410900000213],[32.63463299999631,35.08411800000211],[32.63462999999633,35.08414000000212],[32.63457999999626,35.08448000000211],[32.63447899999629,35.0844180000021],[32.634445999996245,35.08448100000211],[32.63295999999624,35.08497000000212],[32.63264599999631,35.08521200000214],[32.631953999996306,35.0844180000021],[32.6317749999963,35.08449700000212],[32.63075799999627,35.084785000002135],[32.63075799999627,35.084785000002135]]]}