{"segmentId":"5001393","streetsFileVersion":236,"polygonPointList":[[[32.89151288799155,35.422398311005445],[32.88621633699148,35.4258015030055],[32.886165023991445,35.42639046500551],[32.88598228099144,35.427007222005514],[32.88568594799144,35.4271527420055],[32.88568278299145,35.427181979005525],[32.88361855499145,35.42849136300553],[32.88277866999143,35.42902412100555],[32.88065747799133,35.434287380005635],[32.88059999999134,35.43443000000565],[32.87877633899133,35.434866440005656],[32.878552837991336,35.434712044005614],[32.877579999991354,35.43404000000561],[32.87816139099135,35.43244261900558],[32.87721605099139,35.431410009005575],[32.87696227999143,35.427920980005545],[32.87693096799147,35.42749048300552],[32.87691880099146,35.4273232020055],[32.87686099699146,35.42652846600549],[32.87651977099148,35.426320219005504],[32.874929999991515,35.42535000000548],[32.87467228799152,35.42483796700547],[32.87416999999154,35.42384000100545],[32.874723041991544,35.42221713200547],[32.87477668199157,35.42205972700543],[32.87472716799158,35.42200403100542],[32.873777841991576,35.42093618100544],[32.87282999999164,35.419870000005425],[32.873725653991634,35.41776192500537],[32.87441814999165,35.417456565005395],[32.87481865299165,35.4172799610054],[32.87488997999165,35.41724850900538],[32.87558967499166,35.41693997500537],[32.876727508991635,35.41694912400538],[32.87807999999168,35.4169600000054],[32.87872999999169,35.4165300000054],[32.8784870739917,35.41609132500533],[32.87826009299168,35.41568144400533],[32.87793354799168,35.415091769005365],[32.87563959299169,35.41537657600532],[32.87487221699173,35.414509204005356],[32.87487219199172,35.41450917600531],[32.87477214399173,35.41453856500534],[32.874775538991685,35.41448295200536],[32.87521270199181,35.40953506200525],[32.876665929991894,35.40475173300523],[32.87878573899192,35.40466640300522],[32.879079361991884,35.404222734005174],[32.88080865199188,35.40463665200523],[32.88154999999194,35.40219093300516],[32.88155970799195,35.402158906005184],[32.88161999999193,35.40196000000514],[32.88178704099193,35.40184734500519],[32.882909999991945,35.40109000000516],[32.88385028899201,35.399178683005125],[32.88418624399195,35.3990922170051],[32.885669882991984,35.398710365005115],[32.887095628991986,35.39834341400513],[32.887754507992014,35.397227906005114],[32.88802756499205,35.39691735100511],[32.88851614199204,35.39636168100506],[32.88924974699204,35.3965859460051],[32.88970999999201,35.39565000000506],[32.89087437299203,35.39610089400505],[32.89192634499208,35.39414198100508],[32.892210977992065,35.39408290600505],[32.89209014499205,35.395528095005055],[32.89240085799204,35.395303826005055],[32.892421041992044,35.395289258005064],[32.893221499992016,35.39471149800506],[32.893288568992055,35.39466308900507],[32.89382455099211,35.39427622400507],[32.89445964899208,35.393183776005046],[32.896865601992175,35.38882298600497],[32.89803635599216,35.38868335500499],[32.89830487699215,35.389402993004964],[32.89741596999209,35.39203020700503],[32.89795925099207,35.39244134500504],[32.89826709999208,35.39245767500504],[32.898602760992084,35.39333458000503],[32.89826591199206,35.39484732200504],[32.89728999999197,35.39923000000512],[32.896477412992,35.400365117005116],[32.89506052899189,35.40234439000517],[32.89553843799187,35.4054622490052],[32.895784734991835,35.407069086005215],[32.897719896991816,35.40815429000521],[32.900023214991705,35.412189856005305],[32.8997186439917,35.41514038800535],[32.89930316199165,35.41572206300533],[32.89935797799167,35.416254343005356],[32.89955803799164,35.41819697200537],[32.897610701991624,35.418577101005376],[32.89599228299144,35.42685126100548],[32.895980205991435,35.42691300500553],[32.89546696399144,35.42718483500551],[32.89498698199143,35.42682383100549],[32.89442469599146,35.42640092500551],[32.894295266991485,35.42630357900549],[32.893943595991445,35.426039081005506],[32.8933857989915,35.42470984300551],[32.892828006991515,35.423380626005454],[32.893037604991584,35.42141863600544],[32.89276959799151,35.42159083800542],[32.89151288799155,35.422398311005445],[32.89151288799155,35.422398311005445]]]}