{"segmentId":"5001436","streetsFileVersion":96,"polygonPointList":[[[32.91972166399201,35.39746928800506],[32.91873818699193,35.398782555005084],[32.91868600899196,35.39885842500513],[32.918248737991945,35.3991276870051],[32.91783054199194,35.39935196400512],[32.91720311099193,35.39977842800511],[32.916823039991954,35.39991271200513],[32.91646231299195,35.39982184800512],[32.91642467899192,35.399596575005106],[32.91642517099195,35.399281318005144],[32.916121807991985,35.398942877005084],[32.91597539199196,35.39866691500509],[32.91583730399195,35.39869457200513],[32.915286432991984,35.39873839300509],[32.914812239991996,35.39833203400513],[32.914375783992,35.39808339300509],[32.914072243992,35.3978575470051],[32.91397787199197,35.39747455300509],[32.913902493992005,35.39709158700507],[32.91375154699203,35.396438254005055],[32.913771092991986,35.3960780130051],[32.91401852299202,35.395740777005095],[32.91422769299201,35.395583606005076],[32.91458820599203,35.39580955500505],[32.91523373099201,35.395968576005046],[32.91606924899199,35.39608296600507],[32.91612608799202,35.396173157005094],[32.916201539991974,35.3965110980051],[32.916467409991995,35.39653418900511],[32.917996724992065,35.39590912000508],[32.91854203399201,35.395598842005036],[32.91847404399201,35.395391725005034],[32.91845288199203,35.39532726000506],[32.91906979799208,35.39311313500506],[32.919389878992064,35.392357513005],[32.91925999999212,35.391700000005045],[32.91921999999209,35.39139000000501],[32.919229999992076,35.391170000005],[32.91925999999212,35.39094000000501],[32.919309999992116,35.39075000000498],[32.919399999992116,35.39054000000498],[32.91952791799209,35.390791710004976],[32.91978104999209,35.39068638200502],[32.91999062099212,35.390589654005],[32.920429045992115,35.39002579600497],[32.92117021099214,35.38907258500499],[32.92330004199211,35.390442142004986],[32.923533018992124,35.390661629005024],[32.92357962299207,35.390758727005],[32.923750314992105,35.39087485600499],[32.92380577799206,35.39188837600502],[32.92388147799209,35.39206869300502],[32.924109429992086,35.392046654005036],[32.924242140992064,35.39220458400504],[32.92463480499206,35.392428935005036],[32.92485767799206,35.392286301005036],[32.92486262099207,35.392283137005016],[32.92486288999206,35.392282965005016],[32.92591198099209,35.39161156900503],[32.927244478992066,35.391992283005],[32.92705412199207,35.39413379800503],[32.92472998399208,35.39319036300501],[32.924542841992036,35.393644039005025],[32.92438353799203,35.39403023100503],[32.924337372992056,35.39414214700502],[32.924298893992045,35.394191501005075],[32.924053940992046,35.394505679005064],[32.92379009699204,35.39484408800507],[32.923386191992066,35.394381455005025],[32.92317493099203,35.39458944700504],[32.922870722992045,35.39479147100508],[32.92287037899206,35.39501667300505],[32.922623200992064,35.39519629900508],[32.92212904199203,35.39542043100507],[32.921958281992005,35.39530746700507],[32.92190026699205,35.39526142400508],[32.92180701299201,35.395481566005074],[32.921659349991984,35.39583014900507],[32.920299019992015,35.39681583600506],[32.91985655399199,35.3971364440051],[32.91972166399201,35.39746928800506],[32.91972166399201,35.39746928800506]]]}