{"segmentId":"5001053","streetsFileVersion":188,"polygonPointList":[[[32.5308299999974,34.93693000000137],[32.530818954997386,34.93708029900135],[32.53082999999738,34.937130000001325],[32.530789999997374,34.93754000000137],[32.530789999997374,34.93792757800133],[32.530789999997374,34.93836000000134],[32.530789999997374,34.93844000000137],[32.53071203799739,34.93853528600135],[32.53070955299742,34.938569105001356],[32.53080999999737,34.938770000001334],[32.53060490299738,34.93999325100133],[32.53039352799737,34.94286976900134],[32.53119302699734,34.94486851700136],[32.531326731997346,34.945346036001375],[32.53139290099736,34.94558235500139],[32.53132120199739,34.94570380400139],[32.53081383899738,34.94656321500136],[32.52845489799738,34.946341370001356],[32.52786082999736,34.94851054400139],[32.527746422997325,34.948928284001376],[32.52771473399732,34.94906176700139],[32.52770784799733,34.9490691360014],[32.52765566599732,34.94925967200139],[32.52665813499731,34.950385279001395],[32.52501514699732,34.95218968400144],[32.524482293997316,34.953455193001396],[32.525904644997276,34.954742763001434],[32.525845469997265,34.95498364700144],[32.52586999999731,34.95500000000141],[32.52549999999733,34.95639000000144],[32.52543278499732,34.956395883001406],[32.52499373299728,34.95668901300145],[32.52382212599728,34.95660448500145],[32.52381999999731,34.95663000000146],[32.52323746299729,34.95658801500147],[32.523142702997305,34.957307381001456],[32.5221224069973,34.95729986200145],[32.518069999997316,34.95727000000144],[32.51713012199729,34.956326517001415],[32.51690689699731,34.95625082200145],[32.516295353997336,34.95589199900145],[32.51586648799728,34.95524435300145],[32.51586005499734,34.95505157900141],[32.514238361997315,34.954367794001435],[32.51325999999733,34.95416000000143],[32.51324388899735,34.954142099001444],[32.51324033599727,34.954141347001446],[32.51315410999732,34.95404682200143],[32.51295220899732,34.953825488001435],[32.51236999999729,34.953580000001416],[32.51042999999734,34.95130000000142],[32.51053999999734,34.950460000001435],[32.51059999999735,34.9500200000014],[32.51060438099734,34.9500190870014],[32.51060298399736,34.94986039200141],[32.510755160997384,34.94867380200137],[32.510754058997364,34.94814130100142],[32.51075327299735,34.9477613770014],[32.51113851699736,34.94712156300139],[32.5132696949974,34.946597296001386],[32.513765796997404,34.94647525500138],[32.513374655997374,34.94428649700139],[32.51491935699739,34.943552013001366],[32.51692793499739,34.9428161320014],[32.516304025997385,34.94026302600134],[32.51616225899743,34.93761351300133],[32.5161429329974,34.93725232300135],[32.51607669299742,34.93529189400133],[32.515959999997435,34.933730000001304],[32.52100488199743,34.93322259600134],[32.52249204799747,34.93340458100133],[32.523618518997395,34.93354242900134],[32.52374154199742,34.93350573400133],[32.524655889997454,34.93354397300133],[32.52472988399745,34.93354346200132],[32.52475824599739,34.933545586001316],[32.524781933997424,34.933547172001305],[32.524792801997414,34.93354785800134],[32.52482213599746,34.933550926001345],[32.525143965997415,34.93356438500135],[32.52675637799746,34.93390130100133],[32.526918868997434,34.93392960900135],[32.527127181997436,34.9339677120013],[32.52719849899745,34.933980510001305],[32.527349136997415,34.93399894300134],[32.5274838569974,34.93393889700135],[32.52892907699742,34.93419228100131],[32.530929999997454,34.934700000001364],[32.53142999999742,34.93587999900135],[32.530869999997414,34.93686000000132],[32.5308299999974,34.93693000000137],[32.5308299999974,34.93693000000137]]]}