{"segmentId":"5001234","streetsFileVersion":96,"polygonPointList":[[[32.71870344599213,35.39876219500519],[32.71868151799215,35.39876355600518],[32.71392192999211,35.3990589790052],[32.714089999992176,35.39728866000517],[32.714089999992176,35.39717000000516],[32.71423999999221,35.39645000000515],[32.71433999999219,35.39618000000515],[32.7143999999922,35.39604000000511],[32.71454999999219,35.39557999900513],[32.714562034992184,35.395531859005146],[32.714561761992215,35.39552964700511],[32.71456281599223,35.39552873200513],[32.714609999992184,35.39534000000509],[32.714659999992215,35.39526000000513],[32.71472999999219,35.39513000000511],[32.71494999999221,35.39483000000513],[32.71496315599224,35.39483730900509],[32.71552089699223,35.39341136500512],[32.71716101799227,35.39296137800508],[32.71714999999226,35.39273000000506],[32.71776999999224,35.39226000000511],[32.71798999999224,35.39209000000507],[32.71833862499227,35.391851467005054],[32.718089922992256,35.39114082200508],[32.71914142299228,35.390522386005046],[32.71928926799232,35.390049451005034],[32.71947401199229,35.38945848400503],[32.71957774199233,35.38926291000505],[32.72017851399233,35.38871349400503],[32.720737096992295,35.38871464300504],[32.72146174499231,35.38833678800503],[32.72144387199234,35.38867589100502],[32.72163999999227,35.388710000005034],[32.72175999999232,35.38900000000504],[32.721819999992285,35.389020000005054],[32.72187999999231,35.38907000000505],[32.7219099999923,35.38885000000502],[32.72203999999233,35.38877000000505],[32.72207063699232,35.388777659005],[32.722119999992344,35.38879000000501],[32.72225999999232,35.38948000000503],[32.722249999992265,35.389630000005056],[32.72216999999228,35.389960000005026],[32.72213242599228,35.39012532400504],[32.72211999999232,35.39018000100503],[32.72203378199226,35.39071167900505],[32.7219399999923,35.391290000005036],[32.7220128269923,35.39180788400508],[32.722029999992294,35.39193000000508],[32.72225999999227,35.39266000000506],[32.72231999999222,35.39296000000511],[32.722299999992245,35.3934400000051],[32.72225999999221,35.39455000000509],[32.722179999992186,35.395240000005124],[32.72216999999222,35.39578000000513],[32.722129999992184,35.39594000000512],[32.721926041992205,35.396347915005116],[32.72190999999217,35.39638000000516],[32.72168999999215,35.396950000005155],[32.72119999999217,35.39774000000515],[32.72108624999214,35.39784705800513],[32.72082236699214,35.39863067600515],[32.71870344599213,35.39876219500519],[32.71870344599213,35.39876219500519]]]}