{"segmentId":"5001599","streetsFileVersion":236,"polygonPointList":[[[33.08219993598935,35.515122729006855],[33.08432097198937,35.515377306006876],[33.08525468498937,35.514279423006855],[33.0856770399894,35.513970093006854],[33.08586739598935,35.514350807006835],[33.08549857998935,35.51513008000688],[33.08492969198933,35.51643741400689],[33.085146575989306,35.51772499100694],[33.08534036098928,35.51887543400693],[33.086608988989276,35.51969304500694],[33.08645079898921,35.52027928400693],[33.08509902698915,35.52528885600702],[33.08468556698909,35.52636682300706],[33.08296114598911,35.52548153300706],[33.08177945898914,35.52567767800708],[33.082733273989206,35.522822492006995],[33.082548129989235,35.521755836006996],[33.081101335989246,35.52166298900698],[33.0787456699892,35.521972319006984],[33.077127635989214,35.52118709700697],[33.07688968998924,35.519212145006925],[33.07772425998929,35.516877583006895],[33.07693424698934,35.516085353006886],[33.07653999998937,35.51569000000689],[33.07670917698938,35.51534755000688],[33.078213402989455,35.5123026810068],[33.07877338498938,35.51330678800686],[33.08029617298943,35.51411380800684],[33.08219993598935,35.515122729006855],[33.08219993598935,35.515122729006855]]]}