{"segmentId":"5001296","streetsFileVersion":236,"polygonPointList":[[[32.767216391992605,35.37213339200483],[32.76878906099259,35.37107770000478],[32.77077591499258,35.37099456000477],[32.77077655699255,35.370994019004804],[32.7708813479926,35.369323639004776],[32.77150600599261,35.368509521004775],[32.77144468399267,35.36772913100472],[32.77132638699266,35.366223672004715],[32.770286482992695,35.36517148000472],[32.769239519992695,35.36412451700469],[32.7688231149927,35.363339295004685],[32.769346595992715,35.36268494300465],[32.77061315699273,35.362663057004696],[32.77101056899272,35.36260935300466],[32.771407981992695,35.36277451100468],[32.7724605849927,35.3623515720047],[32.77320699699273,35.362176714004654],[32.77392410799274,35.36200872000468],[32.773928192992756,35.36200776300468],[32.77425158099267,35.36417637200466],[32.77425179899272,35.36417783200469],[32.7748142449927,35.364275760004695],[32.77482441699268,35.36427753100467],[32.77485525499269,35.36437744300466],[32.77511803099267,35.36522882800471],[32.775612068992636,35.36582824200474],[32.77596976999268,35.3662622400047],[32.776596435992644,35.3666049480047],[32.777188053992674,35.36692848900471],[32.777816231992674,35.3665715690047],[32.77781646299269,35.3665720210047],[32.77795076999267,35.36683476100473],[32.778235086992616,35.367390960004755],[32.77824004799263,35.36740066500472],[32.77830996999263,35.36738239200471],[32.781542699992634,35.366537578004746],[32.781937361992654,35.3667069450047],[32.78262188999263,35.36700070600474],[32.78349600499266,35.36737582700472],[32.783492950992596,35.36776064800474],[32.78348220199262,35.36911494400474],[32.78348173899258,35.36917331200475],[32.783481727992566,35.369174700004734],[32.7840614129926,35.37043080100477],[32.784739999992546,35.371901210004765],[32.7854424039925,35.3734232270048],[32.786025554992456,35.37604332200483],[32.78421716499237,35.38108778000488],[32.78219409899236,35.38254551100493],[32.78069709399236,35.383807544004924],[32.78066420899236,35.38430664400495],[32.78066003299236,35.384309367004974],[32.77978186699235,35.384881950004996],[32.780219669992306,35.38715540500498],[32.78052899999228,35.38822616300502],[32.778910965992274,35.38932071500501],[32.7775784679923,35.38791683300503],[32.77730767599232,35.38649517400499],[32.777279424992315,35.386513594004995],[32.77621782399232,35.38655125200499],[32.77609892299232,35.38655547000501],[32.773828992992314,35.38663599100498],[32.773757822992295,35.38663851600499],[32.77375161799233,35.38663574200499],[32.7722409169923,35.385960370004995],[32.772273945992325,35.38494590000495],[32.77229131299234,35.38441248600493],[32.77213402799232,35.384284852004974],[32.77186912599238,35.38406988800495],[32.77189589499242,35.3807969390049],[32.771899186992385,35.38078680500493],[32.77190080299243,35.38078182800493],[32.77192753899242,35.38069951500491],[32.772964722992455,35.37750622800488],[32.772967841992475,35.37749662700484],[32.77222069099246,35.37592618200484],[32.772083448992504,35.37589169900487],[32.77032663999252,35.37545029000484],[32.76872021099249,35.37647352900486],[32.76776842599252,35.37474128100485],[32.76771131899256,35.372951927004785],[32.767216391992605,35.37213339200483],[32.767216391992605,35.37213339200483]]]}