{"segmentId":"5001008","streetsFileVersion":236,"polygonPointList":[[[32.4636369999966,35.05570100000197],[32.463157383996595,35.057863963001964],[32.46375646999663,35.05843495600197],[32.46251914999655,35.061766201002015],[32.459892224996544,35.06071923800198],[32.4581627739966,35.060056282002],[32.45732240499657,35.06176932600199],[32.457114757996536,35.062192603001975],[32.455377751996565,35.06262090600202],[32.45157061399658,35.061907067002],[32.45114231099659,35.060812515002006],[32.45117975199657,35.058878063002],[32.45121369399659,35.05712435100194],[32.4518910359966,35.055890327001954],[32.45189125999659,35.05588991800196],[32.45122167199662,35.05322553700196],[32.45091599999667,35.05030100000192],[32.45342769899666,35.04463593500188],[32.45342899999668,35.04463300000188],[32.45354631699674,35.04264146600191],[32.45365972499676,35.04071629800188],[32.45419802199673,35.03950042100188],[32.45501357999676,35.03886368400185],[32.45505895299674,35.03885641500187],[32.45514002199669,35.03881049500188],[32.455283055996745,35.038729476001876],[32.456189629996715,35.03850104800186],[32.45728894099675,35.038372557001864],[32.45770533399673,35.038256066001836],[32.4584881899967,35.038037053001844],[32.459623192996744,35.03783004000188],[32.46130071299675,35.03772296400187],[32.46214304199671,35.03695915700186],[32.46300156299675,35.03661283200186],[32.463397209996735,35.03658990700186],[32.463678499996774,35.03657360900187],[32.465355313996795,35.03642377800182],[32.46605487599674,35.03695915700186],[32.46673925499673,35.03731680000184],[32.46716132499676,35.037537366001835],[32.46766814999677,35.037408875001844],[32.468125006996736,35.03685208100186],[32.46877573599674,35.03716045800187],[32.46900788099672,35.037270470001864],[32.47051899999671,35.03687700000186],[32.47123416399676,35.037928302001866],[32.47160139899677,35.03787287000186],[32.47243364199672,35.03820229900184],[32.47262932699673,35.03827975800185],[32.47235092999674,35.03902215000185],[32.47212250099673,35.03945045300185],[32.47174318299675,35.039340072001885],[32.471358693996734,35.03995727800184],[32.47110391799673,35.04018683800188],[32.470341977996725,35.04302075000188],[32.46956999999665,35.045892000001885],[32.46718999999667,35.051065000001934],[32.46651074899664,35.05138586200195],[32.46610399999662,35.051578000001946],[32.46517571799665,35.05312940100193],[32.464932010996606,35.05353669900196],[32.4636369999966,35.05570100000197],[32.4636369999966,35.05570100000197]]]}