{"segmentId":"5001219","streetsFileVersion":236,"polygonPointList":[[[32.72521535899372,35.302726674003964],[32.72757102599374,35.302726674003964],[32.72810750299369,35.302402428003965],[32.729035491993685,35.30249760700399],[32.72899870199371,35.30336912900396],[32.72864178299368,35.305403568003975],[32.72653385999365,35.30775588700402],[32.72654472799367,35.30780575200401],[32.72692262799361,35.30953967800407],[32.727054053993605,35.310142702004065],[32.72722999999361,35.31095000000406],[32.726688678993575,35.312450504004055],[32.72654016499356,35.3128621760041],[32.7262115049935,35.313773198004085],[32.728287627993524,35.31472744200409],[32.7297866879935,35.31611228800413],[32.7309145529935,35.316083734004145],[32.73162839099352,35.31634071600415],[32.73204241699349,35.316740466004134],[32.731749999993454,35.31806000000415],[32.72981999999343,35.32210000000418],[32.72916574299343,35.32257236800421],[32.72740999999342,35.32383999900419],[32.72740999999342,35.323020902004195],[32.72729657699342,35.32299158400423],[32.726156783993396,35.322696964004194],[32.724691753993405,35.322318276004175],[32.72381250599338,35.32383764200421],[32.72327445999335,35.32476740000421],[32.723041023993375,35.32517078400426],[32.72291988599339,35.32538011400422],[32.722809999993345,35.32557000000421],[32.71857999999333,35.32602000000421],[32.71857623999337,35.32602668000422],[32.71852664999336,35.326114787004244],[32.717549999993366,35.32785000000428],[32.71547737899334,35.32750827800424],[32.71475999999335,35.32739000000424],[32.715270011993375,35.326033983004244],[32.71518004499338,35.32593847400424],[32.71478541199335,35.32551953400426],[32.715882293993374,35.3235554150042],[32.714864933993404,35.32316397200419],[32.71429057199338,35.32294297900422],[32.71391249199343,35.32279750800422],[32.71352965799339,35.32265020700419],[32.712700652993426,35.32233123700422],[32.71171270199345,35.32018119800418],[32.71307889299351,35.31598007300412],[32.712599999993536,35.31565000000413],[32.71248589999351,35.31526459800412],[32.71246717699354,35.31520135500412],[32.711840081993515,35.313083165004116],[32.71173014199359,35.31271181200407],[32.71169999999356,35.31261000000409],[32.712263721993565,35.312432585004096],[32.712630685993595,35.31231709400407],[32.71344590499358,35.3120605280041],[32.71366999999355,35.31199000000406],[32.713742099993574,35.311624995004074],[32.713829999993564,35.31118000000405],[32.711869999993645,35.307090000004045],[32.711896036993636,35.306979341004016],[32.71190999999365,35.30692000000402],[32.71269333299368,35.30692000000402],[32.71348888899367,35.30692000000402],[32.713829999993635,35.30692000000402],[32.71360398899363,35.306489357004],[32.71343353299367,35.306164570004036],[32.71308999999369,35.30551000000398],[32.713674485993685,35.305467422004014],[32.7145999999937,35.30540000000403],[32.71461487199363,35.305382250003994],[32.71490999999366,35.305030000004],[32.71515999999365,35.305490000004035],[32.71554441699368,35.30461380600403],[32.71569054499364,35.30428074000397],[32.715831833993676,35.30395870200398],[32.716035881993676,35.30349362000397],[32.71626999999373,35.30296000000397],[32.716489142993694,35.30294314300397],[32.7165299999937,35.30294000000396],[32.7163899999937,35.30259000000399],[32.71628999999372,35.30234000000399],[32.716266315993686,35.30224526200397],[32.716259999993696,35.302220000003956],[32.71551999999373,35.30090650000397],[32.715279786993726,35.30048012200397],[32.715059999993734,35.30009000000396],[32.71533500599373,35.30000646300394],[32.71877999999374,35.29896000000396],[32.72047850599381,35.295983237003874],[32.72071999999378,35.295560000003924],[32.72021999999379,35.29513000000387],[32.7205340979938,35.29407450300388],[32.721163496993896,35.29195946800388],[32.72218999999393,35.2885100000038],[32.72236544099395,35.28824501900381],[32.72399146499394,35.285789115003794],[32.72428018399397,35.285353041003795],[32.72434967999395,35.2852480770038],[32.72459999999396,35.2848700000038],[32.725577988993976,35.28452120700379],[32.726484392993996,35.28419794400375],[32.72745999999396,35.28385000000375],[32.72752429899394,35.28358502200379],[32.729029999994076,35.2773800000037],[32.72951840999403,35.27690015900368],[32.72956693599404,35.27685248400372],[32.729599999994086,35.27682000000369],[32.72978769799406,35.27683253700372],[32.73192606999406,35.276975369003715],[32.73219801799411,35.27592284000371],[32.73333302099412,35.2746736230037],[32.734096827994115,35.27455940900369],[32.734439470994054,35.2752875240037],[32.73492488099403,35.27777882000369],[32.73414679699405,35.27824281500372],[32.733299999994,35.27918000000372],[32.73312310199403,35.2795368470037],[32.732892385994035,35.28000225700371],[32.73250395799403,35.28078581000373],[32.732139999994004,35.281520000003745],[32.73048876699398,35.283092603003766],[32.73024999999399,35.28332000000377],[32.73013618099396,35.28365164500379],[32.72985377899397,35.28447450600376],[32.729089999993896,35.286700000003805],[32.72844876799395,35.28705752100382],[32.72793802199389,35.287342290003785],[32.7287157219939,35.28988087000383],[32.7277829729939,35.28991894200383],[32.726201307993875,35.28954166400385],[32.72609156199392,35.29084586000384],[32.72587999999386,35.29336000000388],[32.72429222599377,35.296740124003904],[32.72426154899379,35.29815224500392],[32.72512018099374,35.30059110800396],[32.72521535899372,35.302726674003964],[32.72521535899372,35.302726674003964]]]}