{"segmentId":"5001287","streetsFileVersion":236,"polygonPointList":[[[32.7667366579915,35.431085307005596],[32.7696693169915,35.43209225900563],[32.769657261991455,35.43382811200568],[32.76848656699136,35.436412207005695],[32.76702216599133,35.43862188300573],[32.76619855899131,35.438551337005705],[32.76376233199137,35.438342663005734],[32.76334592599143,35.43441655200568],[32.76384129799144,35.43392987100563],[32.7663361149915,35.43147882300564],[32.7667366579915,35.431085307005596],[32.7667366579915,35.431085307005596]]]}