{"segmentId":"5001020","streetsFileVersion":236,"polygonPointList":[[[32.49321035099735,34.9530470860014],[32.49298089199734,34.953098949001415],[32.49054788699731,34.95364886500141],[32.49049287899729,34.95366129800141],[32.48682948999732,34.954489309001424],[32.48621389599728,34.95462844800142],[32.486215814997315,34.954901206001416],[32.48621660199734,34.95501299000143],[32.48608236199732,34.955023204001414],[32.48364778099732,34.95520845000143],[32.48355160599733,34.954349120001446],[32.48097893299736,34.9542444240014],[32.48056252699734,34.95411355300145],[32.47923242799735,34.95349546100141],[32.47915175699735,34.953457974001424],[32.47710824299731,34.95213865400143],[32.46954080699736,34.94725301700138],[32.468835327997375,34.946797551001374],[32.46890815799735,34.94569535500139],[32.46911152999744,34.942617574001375],[32.46920547699742,34.94119581400134],[32.470963233997445,34.93750374600136],[32.47309698799744,34.93787559600133],[32.47461846199739,34.93814074400137],[32.47729798999743,34.93987048000133],[32.48036633599738,34.941851213001385],[32.484541578997415,34.94220570700135],[32.485704246997415,34.94230442200138],[32.48627862699739,34.94235054000137],[32.487017538997435,34.94240986900139],[32.48716671599739,34.942975266001405],[32.490500815997414,34.94202094000139],[32.49159020299741,34.94120027100139],[32.49308926299741,34.94141442200135],[32.494969036997375,34.94181893100138],[32.49554010799738,34.94567365700138],[32.49649189199738,34.945602274001395],[32.49680122199739,34.946292317001365],[32.496277740997336,34.94686338800139],[32.495897026997376,34.94807691300142],[32.49608738399736,34.95143195300142],[32.49377930699734,34.9520744080014],[32.49321035099735,34.9530470860014],[32.49321035099735,34.9530470860014]]]}