{"segmentId":"5001134","streetsFileVersion":236,"polygonPointList":[[[32.62240756899321,35.34103718200442],[32.6228846659932,35.340654575004415],[32.62301903599322,35.34060905100444],[32.6236495269932,35.34039544200442],[32.62378983099322,35.34034790700447],[32.623973268993176,35.34028575900441],[32.6238799999932,35.34058000100442],[32.62384781299321,35.340734939004456],[32.62377619099319,35.34107970800444],[32.623626822993195,35.341798719004444],[32.623370379993126,35.34303315500447],[32.62316247799313,35.344033931004496],[32.62314994799313,35.34486614900448],[32.62314829499318,35.34497594100447],[32.62278467299314,35.34585256900449],[32.62262719299309,35.346610630004506],[32.622591501993085,35.347003241004494],[32.622355934993074,35.34734588400451],[32.621974157993115,35.34747214200455],[32.62159294499309,35.347241526004524],[32.62151893899309,35.347427300004526],[32.62141237499309,35.34769480500454],[32.62060335799308,35.34802198100453],[32.61997280099312,35.3476412670045],[32.619796065993114,35.3472936500045],[32.61932092299312,35.34510431200449],[32.61821794799313,35.34481863200449],[32.61822475499309,35.344737693004504],[32.61827877199315,35.34409535900448],[32.61835476699313,35.34319167500448],[32.619242536993184,35.34271322000447],[32.61987186899318,35.34320704200449],[32.619940377993146,35.34326079900448],[32.62022779799314,35.34345924400445],[32.621738407993185,35.34133300700445],[32.62214200499318,35.34144475300446],[32.62240756899321,35.34103718200442],[32.62240756899321,35.34103718200442]]]}