{"segmentId":"5001125","streetsFileVersion":96,"polygonPointList":[[[32.62127820599635,35.07771601400206],[32.62110909499636,35.0784093710021],[32.62092128699631,35.0791793820021],[32.62038590799636,35.0787867710021],[32.620180033996306,35.07838789000208],[32.61981483799631,35.077680322002074],[32.619399692996346,35.07735257600209],[32.61913669099637,35.07714494300209],[32.616627257996356,35.075206467002054],[32.61603149499639,35.07496773600209],[32.61409592099638,35.075594842002054],[32.611490410996396,35.070348131002035],[32.61507303799645,35.067614022002005],[32.61691558299645,35.06620786900199],[32.617848448996455,35.06767783400201],[32.61928885599641,35.06994755600203],[32.61952127399646,35.06998996500204],[32.621484147996384,35.070348131002035],[32.62123963099636,35.07390437600203],[32.62163512499638,35.07443235700203],[32.62127820599635,35.07771601400206],[32.62127820599635,35.07771601400206]]]}