{"segmentId":"5001114","streetsFileVersion":188,"polygonPointList":[[[32.61724999999748,34.925540000001305],[32.61280705399742,34.92515601500126],[32.611810171997455,34.92506985900131],[32.611801677997455,34.92495000000126],[32.611799999997466,34.92495000000126],[32.61180104699742,34.924941101001295],[32.61179077899747,34.92479620600128],[32.61171126099747,34.92478586600127],[32.61176302599747,34.92440457900129],[32.611737322997456,34.92404188700127],[32.61186675799748,34.92364051200131],[32.61193738699747,34.9231202820013],[32.61071594799749,34.922992631001286],[32.61069225799745,34.922896363001286],[32.61064050299748,34.922887056001265],[32.61064050299748,34.922686053001286],[32.61054595199746,34.92230183100125],[32.61053999999751,34.922300000001286],[32.61046999999749,34.922290000001254],[32.61053999999751,34.92201000000128],[32.610889999997454,34.91992000000127],[32.610889999997454,34.91985728600124],[32.610412165997495,34.919325943001255],[32.60964661599751,34.91838542800129],[32.60954091699751,34.918311221001275],[32.60935697499745,34.91818208200126],[32.60929168099751,34.918074689001244],[32.60928394999752,34.91806197400128],[32.60925999999754,34.918050000001266],[32.609139999997474,34.917829999001256],[32.608909999997465,34.91727000000123],[32.608910237997506,34.91726921400126],[32.608908037997494,34.91726389000127],[32.609036784997514,34.916837732001234],[32.60928142299746,34.91658719700127],[32.609299999997546,34.916420000001274],[32.60967999999748,34.91627000000126],[32.60984999999752,34.91632000000124],[32.61008999999753,34.91634000100124],[32.61021999999747,34.91633000000127],[32.6103599999975,34.916290000001254],[32.610809999997514,34.91622000000127],[32.6109799999975,34.91607000000124],[32.61109999999754,34.91601000000122],[32.61118999999752,34.91599000000128],[32.6112999999975,34.91599000000128],[32.61140999999748,34.91601000000122],[32.61176999999748,34.916230001001225],[32.611919999997525,34.916290000001254],[32.612119999997525,34.91634000000124],[32.61232999999751,34.916360000001255],[32.61233386299752,34.91636262200126],[32.612941783997485,34.91635112500126],[32.61301867099752,34.916349671001235],[32.61311999999749,34.91630000000123],[32.61352999999746,34.91634000000124],[32.61357124299747,34.91642248700123],[32.61364430199751,34.916568605001274],[32.61410159099749,34.91748318200128],[32.61410999999751,34.917500000001276],[32.61414724299751,34.91751015700124],[32.614219999997495,34.91753000000126],[32.61424235999749,34.917541894001275],[32.61496460899749,34.91777049500127],[32.61518040699747,34.91783879900124],[32.6151993989975,34.91784481000128],[32.615225030997514,34.91783730800127],[32.615249999997495,34.91783000000124],[32.61542679799748,34.91779391900128],[32.61573999999751,34.917730000001264],[32.61628999999749,34.91818999900125],[32.61638960699745,34.918457299001275],[32.61670866499748,34.919313507001235],[32.61672080499747,34.919308561001245],[32.616839999997445,34.91926000000128],[32.616856240997485,34.91933105500125],[32.61707999999749,34.92031000000124],[32.61558311599743,34.923102726001254],[32.617639999997465,34.923830000001296],[32.61860316599746,34.92436335600131],[32.618682282997476,34.92490803100127],[32.61869999999744,34.924910000001304],[32.618699999997446,34.925030000001286],[32.61843898299742,34.92545552800127],[32.61724999999748,34.925540000001305],[32.61724999999748,34.925540000001305]]]}