{"segmentId":"5001662","streetsFileVersion":188,"polygonPointList":[[[33.25141513998703,35.59670346500837],[33.25105637998707,35.596877815008334],[33.25105691198699,35.596880282008335],[33.25129899998703,35.597486000008374],[33.251306775986976,35.59755418700838],[33.251311986987005,35.59759989000834],[33.251311999986974,35.59760000000837],[33.251367128987006,35.59809616300836],[33.251417999986984,35.59855400000837],[33.25138189898702,35.5986645950084],[33.25135499998697,35.598747000008395],[33.25135493598697,35.5987471880084],[33.251334999986945,35.598806000008366],[33.25088520198695,35.60018011900844],[33.250861999986924,35.60025100000844],[33.25080655998693,35.60034240900844],[33.250656999986916,35.60058900000845],[33.249942999986885,35.60065900000844],[33.24983100798693,35.60066999900842],[33.24651704298691,35.60100794900846],[33.246290999986904,35.601031000008426],[33.24612633198695,35.60094914200844],[33.245944999986946,35.600859000008455],[33.245944819986896,35.60085899900841],[33.2449295999869,35.600851300008436],[33.24474927098691,35.60078189600844],[33.242292899986914,35.60086210000842],[33.24194039998691,35.60055000000844],[33.24137889998693,35.600054500008426],[33.24093799998695,35.59953560000839],[33.240841892986964,35.5993723090084],[33.240630299987,35.59901280000838],[33.24055339998703,35.59839650000837],[33.24079449998701,35.59785040000836],[33.240843402987004,35.59766129900836],[33.240882973987006,35.59741034100838],[33.24089227198702,35.59735138100838],[33.240891952987056,35.59729146000838],[33.24089063698702,35.59704334800836],[33.24088999998704,35.59692330000838],[33.24086509998707,35.59639260000836],[33.240856099987056,35.59558010000834],[33.24092636698707,35.595329860008334],[33.24108609998712,35.59476100000833],[33.24138259998713,35.594241700008304],[33.24205637198708,35.59385772800829],[33.242212299987145,35.593711500008276],[33.2425766999871,35.59356120000831],[33.24346719998712,35.5935124000083],[33.24407499998714,35.593904000008315],[33.24407055998716,35.59349905100828],[33.244060999987134,35.59262700000827],[33.244007999987204,35.59109700000823],[33.24405099998724,35.590613000008254],[33.245324732987214,35.5907659680082],[33.245324999987204,35.59076600000821],[33.246140226987194,35.59150190300824],[33.24806899998713,35.59324300000826],[33.24929499998716,35.59344700000826],[33.24937062498713,35.59345958600829],[33.24997955898712,35.59356092700829],[33.249979999987126,35.593561000008314],[33.25239461998714,35.59396358400829],[33.25270899998708,35.5940160000083],[33.25223299998706,35.59630600000832],[33.25141513998703,35.59670346500837],[33.25141513998703,35.59670346500837]]]}