{"segmentId":"5001520","streetsFileVersion":188,"polygonPointList":[[[33.01094999899564,35.1322500000024],[33.008518462995646,35.13032971200238],[33.008495415995675,35.13026297700235],[33.00805157299569,35.12897775100235],[33.007731664995674,35.12908651700239],[33.0067586799957,35.129353889002395],[33.00672900399568,35.1302204890024],[33.00672510299566,35.1303344400024],[33.007029999995616,35.13299000000241],[33.007029999995616,35.1339000000024],[33.00691104499561,35.13393531400239],[33.00691131799562,35.134418020002414],[33.00657461399562,35.13472922200239],[33.00621456399564,35.13463951400242],[33.005863357995636,35.13455200900242],[33.00566334599563,35.13447490400241],[33.00431999899564,35.1341000000024],[33.00420117499564,35.13261314200237],[33.004099999995624,35.132380000002414],[33.00389999999565,35.131820000002406],[33.00399999999566,35.13141000000241],[33.00409725199568,35.13131274800236],[33.00400472699565,35.13015498700235],[33.003951545995676,35.12948953300234],[33.00346476699564,35.129312299002365],[33.003109565995665,35.12876499200239],[33.00278999999569,35.128489999002376],[33.00269952399569,35.126276122002345],[33.002669999995675,35.126080000002354],[33.00269129099572,35.126074676002325],[33.00267658599572,35.125714881002374],[33.00193058599572,35.125281688002325],[33.00136614399568,35.12518299000234],[33.001306749995706,35.12491943500233],[33.00054999999569,35.124479999002354],[33.00053628499575,35.12356795700232],[33.00038999999571,35.12270000000235],[33.00050999999576,35.12182000000233],[33.00184284499576,35.12211745900231],[33.001919999995756,35.1201200000023],[33.00208999999578,35.11953000000231],[33.00212645599575,35.119407766002304],[33.00215101499573,35.119325420002305],[33.002445959995775,35.11665320700231],[33.001547182995814,35.11603216400228],[33.00154693099582,35.115676859002306],[33.00172971499583,35.11517986700227],[33.00044999999583,35.11458000000227],[32.99947992499584,35.113844661002254],[32.99984160399584,35.11249312700225],[33.00033653199584,35.11251216200224],[33.00105820799584,35.11270115900225],[33.00169936099586,35.11284205600225],[33.0016999999958,35.11284000000227],[33.001958200995816,35.11289893700227],[33.002667964995815,35.11305491100227],[33.00277509399585,35.11311369600224],[33.00292538499583,35.11258830500224],[33.00336320599586,35.11184591200224],[33.00395331199586,35.112017234002266],[33.00391524099585,35.11239794800228],[33.00361160699581,35.11357271300226],[33.00383028399586,35.113692707002244],[33.005887870995785,35.114428689002295],[33.006559199995806,35.11439869000225],[33.00830882299581,35.11432050600229],[33.00821980799579,35.11466273200227],[33.008150534995806,35.11500658200226],[33.00811999999583,35.11512000000227],[33.00808999999578,35.11523000000228],[33.007999999995775,35.115610000002285],[33.00793999999583,35.11594000000231],[33.007879999995815,35.116300000002255],[33.00786050599578,35.1164462080023],[33.007665814995796,35.1174125960023],[33.00766641899574,35.11828707100229],[33.00764999999578,35.11848000000228],[33.00766658999576,35.11853357800228],[33.00766666299579,35.11863876200229],[33.00763835699579,35.11883610800228],[33.007666800995736,35.118838360002286],[33.00766697899581,35.11909657000233],[33.00791258599574,35.11932802400228],[33.007980644995754,35.11954782200232],[33.00825999999576,35.12045000000233],[33.008206183995775,35.1205307250023],[33.00821282899576,35.120601247002284],[33.00815870199576,35.12060129800231],[33.00804999999572,35.12071000000229],[33.00738999999573,35.121240000002324],[33.00813973399573,35.123177814002304],[33.00925943099572,35.123207148002344],[33.00952446599577,35.12304328000233],[33.00969884899577,35.12318098600236],[33.00969999999574,35.12318000000232],[33.009749999995734,35.123220000002334],[33.00975380999575,35.12322988900235],[33.01031135499571,35.12433093600233],[33.010349121995695,35.124775115002315],[33.00956338799571,35.12526443500237],[33.00978993999571,35.12579986300236],[33.0103013409957,35.126528012002346],[33.0111357049957,35.12575176200236],[33.011267799995686,35.125881878002325],[33.01126999999568,35.125880000002354],[33.01153999999568,35.12615000000234],[33.01158999999568,35.12769000000234],[33.01204999999567,35.12809000000235],[33.012389999995655,35.12837000000239],[33.01279896099566,35.128931132002364],[33.01285948899566,35.12899327100239],[33.01308446499568,35.130373357002384],[33.01310999999563,35.13053000000241],[33.01272244899567,35.13091755000237],[33.012710997995626,35.130992622002395],[33.01259890699562,35.13104109200236],[33.01257999999567,35.13106000000238],[33.01236999999564,35.1312100000024],[33.012199999995644,35.131300000002405],[33.01214655499565,35.13129718700236],[33.01094999899564,35.1322500000024],[33.01094999899564,35.1322500000024]]]}