{"segmentId":"5001091","streetsFileVersion":188,"polygonPointList":[[[32.55952812899347,35.32704742400429],[32.558714053993484,35.325867104004274],[32.559312046993526,35.32392460400427],[32.558884175993484,35.32379769200423],[32.55736622199352,35.323380557004256],[32.55737228599351,35.32334450000426],[32.557309999993485,35.323290000004235],[32.55752132099351,35.321860470004225],[32.55781999999356,35.31984000000421],[32.55796489299359,35.319820681004224],[32.55799848499354,35.31962093300422],[32.55845656899355,35.319621518004226],[32.55944907199359,35.31962278700422],[32.559682778993604,35.31790329500419],[32.561080810993644,35.31793626800417],[32.562437486993595,35.31796826600417],[32.5643301439936,35.31722925200418],[32.564723230993614,35.31779833100419],[32.56587117199361,35.31819522400421],[32.56587580299357,35.31941982200419],[32.56566893799356,35.319679832004226],[32.565580520993585,35.31994993000422],[32.56548564299355,35.320298619004184],[32.56509216499357,35.32154359200425],[32.56503291199352,35.321622785004216],[32.56502771299354,35.32163866800422],[32.56501487699355,35.32164688900426],[32.56471635099355,35.32204588100424],[32.56277605399348,35.324639162004246],[32.56181039199347,35.32539565900426],[32.560929533993445,35.32612154400427],[32.56088429799352,35.32615882100426],[32.55997646099351,35.3270610060043],[32.55952812899347,35.32704742400429],[32.55952812899347,35.32704742400429]]]}