{"segmentId":"5001445","streetsFileVersion":188,"polygonPointList":[[[32.92416999998886,35.54371560000743],[32.922332799988844,35.543591500007444],[32.92240479998889,35.54157920000741],[32.92272999998892,35.54074000000737],[32.92277999998893,35.54018000000741],[32.92280999998893,35.53997000000736],[32.92311999998896,35.53857000000735],[32.92318999998895,35.53833000000732],[32.923379999989024,35.537800000007344],[32.92344221398897,35.53783555100734],[32.92351499698899,35.53745793100734],[32.92364719998903,35.536680800007325],[32.925042699989035,35.53683070000732],[32.92629399998899,35.53719530000733],[32.92654374698898,35.53718764900729],[32.92686199998901,35.53717790000734],[32.927586308989,35.53725380800733],[32.93096599998902,35.53760800000732],[32.93414999998891,35.541129000007416],[32.93339699998888,35.54350700000742],[32.931885999988836,35.54486300000749],[32.926775999988884,35.54349400000745],[32.9264153449889,35.54350191400744],[32.92622594998885,35.543506070007425],[32.92568299998883,35.54366340000746],[32.92416999998886,35.54371560000743],[32.92416999998886,35.54371560000743]]]}