{"segmentId":"5001347","streetsFileVersion":236,"polygonPointList":[[[32.860344871996055,35.09468894800216],[32.859058100996116,35.09464084800215],[32.85895640199609,35.094625317002176],[32.8536005689961,35.09380740800213],[32.849284164996085,35.093148234002165],[32.846580295996134,35.09142641300216],[32.84617613399613,35.09116904300211],[32.84464284199612,35.09019264500214],[32.842266819996176,35.088679597002134],[32.841770676996134,35.08836365300211],[32.84131234499618,35.0880717880021],[32.835833859996164,35.08458309400208],[32.83571959499619,35.084510330002104],[32.83570497599617,35.08450102100209],[32.833904945996196,35.083354764002074],[32.82992459399621,35.08082008000204],[32.82967079599626,35.08065846200205],[32.82948876499623,35.08054254500209],[32.82897287599626,35.0801784000021],[32.82677689099625,35.079973880002086],[32.82443526699626,35.07975579600204],[32.82416999699625,35.07973109000206],[32.82458063299626,35.07745516000205],[32.824612179996244,35.077280312002024],[32.82489771599628,35.07648081300204],[32.82562107199626,35.07581456400203],[32.826577061996275,35.07551798600207],[32.826852303996276,35.07543259700203],[32.83044107999629,35.07431924800203],[32.831388884996244,35.07402520900205],[32.83311770399631,35.07362040800204],[32.83359549799632,35.072665642002036],[32.83438002099633,35.071097947002016],[32.8344192409963,35.07101957400201],[32.835926379996295,35.07206334900204],[32.83690719799628,35.07274261800203],[32.840843950996266,35.07546903000206],[32.84483933399621,35.078399777002076],[32.84628323699622,35.079458928002076],[32.847482702996174,35.08033877600209],[32.85211990399621,35.08378051400211],[32.853747870996166,35.08498879300208],[32.85522141599617,35.0860824610021],[32.85926921199615,35.088898721002145],[32.86011566399611,35.08927161000209],[32.8602472999961,35.08941463800212],[32.8592907569961,35.09161326000211],[32.860344871996055,35.09468894800216],[32.860344871996055,35.09468894800216]]]}