{"segmentId":"5001240","streetsFileVersion":188,"polygonPointList":[[[32.7284478389969,35.00416272100165],[32.7277268619969,35.00321331600161],[32.72813374999689,35.002642246001635],[32.72883126299691,35.00294269700162],[32.7290245889969,35.00302597200163],[32.72980413099694,34.99882321100163],[32.73148878999694,34.999051639001635],[32.73155959699691,35.00104394300165],[32.733888876996886,35.00154161100163],[32.733926744996936,35.00145721900161],[32.73492576399687,35.00176315000162],[32.7356426869969,35.00339545400163],[32.73371273799689,35.006329519001675],[32.733254465996865,35.007026223001624],[32.73297391399689,35.00745274100168],[32.732866052996876,35.00762355800164],[32.732082858996854,35.008807396001686],[32.73070790899684,35.0091218950017],[32.730594732996835,35.00909878500166],[32.73033253399687,35.00912705800166],[32.73008343099683,35.009053946001664],[32.72999062299685,35.008975425001694],[32.72986069899684,35.00894889500167],[32.72975726699683,35.00877799400168],[32.72973615499688,35.0087601320017],[32.72966310399684,35.008622407001695],[32.72936984299682,35.00813785000164],[32.72907283699687,35.00622553100165],[32.72893724099688,35.00535247800167],[32.72893534199688,35.00416263800162],[32.7288117849969,35.00416265900162],[32.7284478389969,35.00416272100165],[32.7284478389969,35.00416272100165]]]}