{"segmentId":"5001371","streetsFileVersion":236,"polygonPointList":[[[32.84212809299161,35.42026632500544],[32.84202644299166,35.41976260000544],[32.84217703899164,35.419371051005406],[32.84296013799163,35.419330892005426],[32.84369880599166,35.41964907400543],[32.845336999991574,35.42178800000545],[32.84552126499158,35.42272272500545],[32.845499783991514,35.424827933005524],[32.845432874991495,35.42547350600551],[32.845335924991495,35.42640892600555],[32.84527320499153,35.42701407800555],[32.845261582991476,35.42712621000552],[32.84527771899147,35.427558345005565],[32.845512857991466,35.42845527700556],[32.84433013899147,35.42943223200558],[32.842622341991465,35.42879852100554],[32.84164781299151,35.427358753005564],[32.84173978799152,35.42537300600548],[32.84176186299153,35.4248964130055],[32.841493341991544,35.42424122000549],[32.8416509349916,35.42358188000545],[32.84251039999156,35.423620328005455],[32.84277150399156,35.4234571370055],[32.84209482999162,35.422597869005486],[32.84187038099157,35.42194060900546],[32.84212809299161,35.42026632500544],[32.84212809299161,35.42026632500544]]]}