{"segmentId":"5001048","streetsFileVersion":236,"polygonPointList":[[[32.49802486999573,35.150065760002626],[32.497862623995715,35.14919042300259],[32.49967047999581,35.145295318002525],[32.50007094599583,35.140564666002525],[32.500163221995805,35.13947462400253],[32.50063957999586,35.133847479002476],[32.50065503399586,35.13366492000248],[32.50066691799588,35.13352453100245],[32.50067999999587,35.13337000000248],[32.50112442099588,35.13345134500245],[32.50121977499586,35.13346879800245],[32.502223974995886,35.13365260300245],[32.50291999999591,35.13378000000248],[32.503744146995885,35.13622063600252],[32.50381467199584,35.136429491002495],[32.50488068299583,35.139586385002495],[32.5056984409958,35.142008099002545],[32.5059633719958,35.14271043800254],[32.50694392199579,35.144159951002564],[32.507109138995816,35.144916441002586],[32.50726626199574,35.14564426400257],[32.507442047995745,35.14709083400257],[32.50746171199575,35.14786563300256],[32.50655999999572,35.1488400000026],[32.50648763999572,35.15026723300263],[32.5064064759957,35.151868111002614],[32.50620660199571,35.152910315002615],[32.50559153699569,35.1538361490026],[32.50276130999564,35.15408645200263],[32.50088698499572,35.15299944100265],[32.49926539599572,35.152059003002606],[32.4992475179957,35.15204863500259],[32.498132701995736,35.150647524002636],[32.49812711299572,35.15061736900258],[32.49802486999573,35.150065760002626],[32.49802486999573,35.150065760002626]]]}