{"segmentId":"5001434","streetsFileVersion":236,"polygonPointList":[[[32.92442622499402,35.26979721600356],[32.924601304994056,35.26931578200356],[32.92476548799405,35.267781030003555],[32.924808318994074,35.26733845000358],[32.92522948299409,35.26651039800355],[32.92562209399412,35.265075583003544],[32.92585568399412,35.26419064300354],[32.927068400994095,35.26414245700353],[32.92720466199411,35.26413704300354],[32.9275566119941,35.26412305800353],[32.927659420994104,35.26276940300352],[32.92866913099413,35.2617547960035],[32.92988999999415,35.261900000003486],[32.92988536199413,35.2625136640035],[32.92988546599408,35.262514483003535],[32.93003911699411,35.26237150000348],[32.930548434994115,35.26370586000354],[32.931209922994064,35.26543889000353],[32.93120940999412,35.26544062700352],[32.93077605499403,35.26690927300356],[32.93077570099409,35.26691047200356],[32.930548771994054,35.26740366000357],[32.93054775999403,35.26740586000356],[32.930504240994026,35.26902995700357],[32.93050425099404,35.26903013600356],[32.93055999999405,35.269020000003586],[32.93092999999405,35.26897000000354],[32.93093037599402,35.2689699680036],[32.93170518599404,35.26890449900355],[32.93207207099406,35.26887349900357],[32.932290805994,35.26951722100358],[32.932463010994006,35.270145005003606],[32.932494266994,35.270159212003605],[32.93255421599398,35.27016404800356],[32.933176786994,35.27077775000358],[32.93360477599398,35.272028449003614],[32.93365148399398,35.272377172003615],[32.93365970699399,35.27318089200359],[32.93365970499393,35.27318096800364],[32.93364158899397,35.27332137800361],[32.93364399799394,35.27334500100361],[32.933658019993985,35.27340240000363],[32.93368691899394,35.27350870100359],[32.93370798599396,35.2735126180036],[32.93374459199397,35.27351942500365],[32.93378762699399,35.27352742600361],[32.93389870299401,35.273532064003625],[32.93391663599397,35.2735311310036],[32.93394326499394,35.27352975000365],[32.93403217599398,35.273583242003596],[32.93403765499397,35.273615752003636],[32.93404099699397,35.27368993800365],[32.934041004993965,35.27368999900363],[32.93419613099397,35.27465619300363],[32.93432999999395,35.275490000003636],[32.933829999993954,35.27553000000365],[32.93382463999395,35.275728328003666],[32.93382499999396,35.275734034003634],[32.93382428599394,35.275760501003624],[32.933821646993955,35.27583905900366],[32.93381999999392,35.27590000000363],[32.93376999999392,35.27608000000363],[32.93376679499395,35.276129684003664],[32.933763255993966,35.27619131200363],[32.93375303499393,35.27634451300362],[32.933749999993914,35.276390000003644],[32.933749974993944,35.27639001000365],[32.933749682993906,35.27639407200367],[32.933746269993904,35.27639484800365],[32.93374623499394,35.27639485600362],[32.933727682993926,35.276398927003655],[32.93369999999392,35.27641000000365],[32.9336883799939,35.276407553003665],[32.93368634399397,35.27640800000366],[32.93360800799398,35.276425176003634],[32.93360750799396,35.276425286003665],[32.933611432993935,35.276501387003655],[32.933611992993946,35.27651383600365],[32.93353005699391,35.27651434100365],[32.933229052993916,35.276516215003674],[32.93322897099395,35.276516215003674],[32.933240031993954,35.276560925003665],[32.933240031993954,35.27656095400364],[32.933209781993945,35.27686936600362],[32.933169898993924,35.27690191400365],[32.93315999999392,35.27709000000365],[32.93315699999391,35.27709034000363],[32.93315692299393,35.277091616003666],[32.93303050799393,35.27706522400367],[32.93301999499392,35.27706303000368],[32.932994928993935,35.27722591100368],[32.932991708993924,35.27724683500364],[32.93291321799394,35.277431645003645],[32.93288344699392,35.27750010500367],[32.932839543993914,35.27760106500365],[32.93278957299391,35.27772216300369],[32.93278393399391,35.27773582900366],[32.93278133399388,35.27773688900364],[32.9327799999939,35.27774000000366],[32.93271212199394,35.277767654003675],[32.932712000993874,35.27776800000364],[32.932605201993894,35.27807500200366],[32.93302874699387,35.27805738400369],[32.93302882099391,35.278057538003665],[32.933029999993906,35.278060000003656],[32.93300284099394,35.278159581003685],[32.9329999999939,35.27817000000366],[32.93300050899391,35.27856915000369],[32.933130414993904,35.27857121500368],[32.93331567599392,35.278577325003695],[32.93396219099388,35.278596000003674],[32.93396632199393,35.27859609900364],[32.933988941993896,35.278596642003656],[32.93402000099391,35.2789250000037],[32.934013711993884,35.27900781500368],[32.93400699499391,35.279096346003705],[32.93366805699387,35.280070946003654],[32.93366801999385,35.28007105200368],[32.9336678439939,35.280071220003656],[32.933692729993915,35.28013516500368],[32.933692753993874,35.28013522600366],[32.93374238699388,35.280262759003676],[32.93275906799388,35.281899142003695],[32.93389999999379,35.28540000000373],[32.93389435699377,35.28646078500373],[32.93389269099377,35.28677402500376],[32.9338915909938,35.286980913003745],[32.93388151399375,35.288875474003795],[32.93388016599377,35.28912881300378],[32.933768851993776,35.28924027400379],[32.93310999999375,35.28990000000378],[32.93284191499374,35.289322190003794],[32.932619564993736,35.28884295200377],[32.93215030899377,35.287831550003794],[32.93138993299379,35.28619268800372],[32.93037892699384,35.284013638003714],[32.92841645899384,35.28400189400371],[32.92803379399384,35.284015442003735],[32.92750749199387,35.283328027003705],[32.927453787993834,35.283059506003696],[32.92649785099387,35.28303802400372],[32.926407459993875,35.28148506900369],[32.92515484799388,35.28110353300372],[32.9247408219939,35.2793332140037],[32.92441881599392,35.27858926900369],[32.92366999999393,35.278790000003696],[32.923481964993925,35.27796004900367],[32.923471801993905,35.2779151920037],[32.92338212199394,35.27751936300368],[32.92338051799392,35.277512284003684],[32.92252692299397,35.27773794100367],[32.92232999999393,35.27778999900366],[32.921509999993994,35.27487000000366],[32.92160881099396,35.274845305003616],[32.922583975993966,35.27460159000361],[32.923509220993985,35.274370352003636],[32.923526286994026,35.27253696500359],[32.92352914499397,35.27222987900363],[32.92383508799397,35.27217408300359],[32.924344230994016,35.27208122800361],[32.924493539994025,35.27094195900357],[32.92442622499402,35.26979721600356],[32.92442622499402,35.26979721600356]]]}