{"segmentId":"5001067","streetsFileVersion":188,"polygonPointList":[[[32.53260865299445,35.25946712800354],[32.53209292699443,35.26060717900355],[32.532293096994394,35.260692026003596],[32.53194807499442,35.261655708003566],[32.53166250299439,35.261538241003564],[32.53159101799439,35.261691628003575],[32.5299413769944,35.262303961003575],[32.52914233199433,35.26518591600363],[32.528861059994355,35.26682700700365],[32.52856362699431,35.267273156003625],[32.52764713799435,35.26683163200364],[32.52760683899432,35.266907428003606],[32.527542609994356,35.26714991200362],[32.527530660994366,35.267143075003624],[32.52752432499437,35.26717939700365],[32.527477780994346,35.26715015700364],[32.52747349899435,35.267158212003615],[32.526592789994346,35.26660646000363],[32.52595179499432,35.26623970600365],[32.52346510899434,35.26481691500361],[32.523519233994385,35.26468092000361],[32.523268990994374,35.26452414800363],[32.523294797994375,35.26445936300363],[32.52317565899439,35.26437365600359],[32.52334520199437,35.26392825300363],[32.52412885499441,35.262365601003594],[32.521068324994395,35.2625439770036],[32.5207708919944,35.261949112003556],[32.52077089199443,35.25971836700357],[32.521752757994456,35.25707488200353],[32.52231754199448,35.255554310003504],[32.52341804299453,35.25329382200349],[32.52407239499455,35.2531153630035],[32.52497204099451,35.25382533800352],[32.525761847994545,35.25213212000348],[32.526207349994536,35.25201550800348],[32.52679264299457,35.25186230400347],[32.52881043099456,35.251921615003496],[32.529784597994535,35.25267173900349],[32.52992274899453,35.25264160400351],[32.53107076599449,35.25366210900351],[32.531098365994495,35.25448333600354],[32.531432864994514,35.254992155003485],[32.531136068994506,35.255605226003524],[32.532341021994455,35.257219933003526],[32.53314408999449,35.25721993300353],[32.53313741999449,35.25735969800356],[32.53307831799442,35.258598100003525],[32.53277870999444,35.25898475900354],[32.53260865299445,35.25946712800354],[32.53260865299445,35.25946712800354]]]}