{"segmentId":"5001472","streetsFileVersion":188,"polygonPointList":[[[32.988198228993404,35.308262330003984],[32.98548948499339,35.311606112004014],[32.985015968993395,35.31219063900402],[32.98131682799328,35.31675700600407],[32.97768996899328,35.31708738800409],[32.97591549099328,35.31666674300406],[32.97214055599331,35.31577188400408],[32.97214055599331,35.31686172100409],[32.97214055599331,35.31735413700408],[32.96977756699331,35.31731117300409],[32.96942999399329,35.31650016900407],[32.968550949993336,35.3163134690041],[32.968437328993325,35.31456653500403],[32.967801248993354,35.314432623004066],[32.967608715993336,35.313804792004035],[32.96746802899334,35.31334603100402],[32.96743922899335,35.31289243700405],[32.96697642599334,35.31244559000402],[32.96658046599339,35.31206328200402],[32.96373090999335,35.31262648100403],[32.963300575993365,35.31351788500406],[32.962484270993365,35.31338899500401],[32.96252800199336,35.312864230004045],[32.958832110993356,35.31359470200404],[32.958162277993395,35.310893993003994],[32.9579998799934,35.31023921600402],[32.956799874993514,35.30540089400396],[32.95673362499349,35.30516482400393],[32.9567390089935,35.305155492003934],[32.95659541799353,35.304576545003926],[32.956647394993574,35.30015851900388],[32.95671439099363,35.294463835003825],[32.95829924399364,35.29399835900383],[32.96633098299367,35.29163941500382],[32.967357472993704,35.29178088300381],[32.97635213999368,35.29302050100382],[32.98534678599363,35.294260115003816],[32.98791269399363,35.29461374100381],[32.98713078499352,35.30094920800392],[32.98679910599348,35.30363665800394],[32.988198228993404,35.308262330003984],[32.988198228993404,35.308262330003984]]]}