{"segmentId":"5001117","streetsFileVersion":188,"polygonPointList":[[[32.62221999999497,35.21070000000306],[32.618009999994925,35.21370000000312],[32.617549999994935,35.21541000000315],[32.617359999994946,35.21553000000313],[32.61703239599495,35.21579693600313],[32.61702635599492,35.215801858003154],[32.617031600994935,35.21584207200311],[32.61704818599491,35.21596924600312],[32.61702897799493,35.21599094200315],[32.61679622299492,35.216253844003134],[32.6161015339949,35.2168182600031],[32.611249999994875,35.22075999900318],[32.610990075994906,35.22052909100318],[32.61076999999487,35.2206800000032],[32.60986538399489,35.21952994500315],[32.609395909994895,35.21911287800313],[32.609329999994905,35.219170000003174],[32.609099999994925,35.218850000003144],[32.608159999994925,35.21727000000313],[32.60799347299494,35.21697857700317],[32.60778471999494,35.216613260003115],[32.60775999999491,35.21657000000313],[32.60734999999495,35.21607000000314],[32.607249999994984,35.215890000003135],[32.60727999999495,35.215860000003154],[32.60686999999495,35.21518000000311],[32.60676999999494,35.21527000000311],[32.60660999999495,35.21475000000311],[32.606399999994984,35.21427000000312],[32.60623999999499,35.21395000000313],[32.60587999999499,35.21336000000313],[32.605639999994985,35.212930000003084],[32.605532169995,35.212591106003096],[32.60498999999497,35.21164000000309],[32.604859999994964,35.21110000000308],[32.60472999999502,35.21069000000308],[32.60464999999498,35.21023000000305],[32.604529999995044,35.2094200000031],[32.604409999995006,35.20884000000308],[32.60443999999507,35.20813000000305],[32.60440999999501,35.20765000000306],[32.604359999995026,35.20726000000308],[32.6040999999951,35.20601000000303],[32.60407383099508,35.20586770400306],[32.6039399999951,35.20514000000301],[32.603819999995046,35.20420000000305],[32.60372999999509,35.203650000003016],[32.603739999995106,35.203470000003],[32.60371999999513,35.20264000000299],[32.6036999999951,35.202250000003005],[32.60223999999511,35.200860000002976],[32.60241999999512,35.200670000003],[32.60455362799514,35.19902276100296],[32.60316102799518,35.195191272002944],[32.602671704995196,35.19384498700292],[32.60729737699526,35.18902895800289],[32.608477346995265,35.189398486002915],[32.612646404995246,35.19070409800288],[32.6158238029952,35.19550034600296],[32.615991493995175,35.19575347400297],[32.61662009099518,35.19750750700298],[32.61661840299518,35.19750747600296],[32.61661999999516,35.197510000003],[32.61655820599513,35.19750636500295],[32.61654426199513,35.19750610800294],[32.61732984899512,35.198877007003006],[32.61778999999512,35.19968000000299],[32.61798999999515,35.19978000000297],[32.61839999999512,35.199880000003],[32.61852999999516,35.200040000003],[32.61872999999508,35.200430000002974],[32.61904999999513,35.20075000000296],[32.619069999995155,35.200850000003],[32.619069999995155,35.200920000003],[32.61890999999507,35.20087000000301],[32.618549999995075,35.20090000000299],[32.61912537899508,35.201723111002984],[32.619339999995134,35.20156000000298],[32.61961999999508,35.20211000000301],[32.619659999995086,35.202250001002994],[32.61998999999507,35.20296000000303],[32.620947002995024,35.20628161500307],[32.62221999999497,35.21070000000306],[32.62221999999497,35.21070000000306]]]}