{"segmentId":"5001164","streetsFileVersion":188,"polygonPointList":[[[32.673639999994855,35.21891000000314],[32.67311999999482,35.219290000003156],[32.67245999999487,35.21907000000314],[32.67133564399489,35.21818185300312],[32.67126999999486,35.21813000000312],[32.671179999994884,35.21806000000312],[32.67110293899485,35.21793510800315],[32.670889999994856,35.217590000003106],[32.67070999999487,35.21745000000312],[32.67082999999484,35.217170000003144],[32.670793421994844,35.21688651500314],[32.670589999994895,35.21662000000311],[32.670719999994894,35.21629000000314],[32.6708599999949,35.21596000000312],[32.67100999999487,35.21561000000308],[32.671119999994865,35.21540000000311],[32.67114886999488,35.21533171100309],[32.671216470994885,35.21517180700311],[32.671152256994915,35.21513970000313],[32.67089393699494,35.21501054000311],[32.67027096699496,35.214645351003114],[32.669905777994934,35.21432312400309],[32.67009911299492,35.21374311800307],[32.670722082994914,35.21198161700308],[32.67123188199495,35.21062651100306],[32.67138457499494,35.210220635003054],[32.671989504994954,35.210155671003065],[32.67274833399499,35.21049075400305],[32.67314488599497,35.209194515003034],[32.67228999999496,35.20810000000306],[32.672339999995025,35.20795000000304],[32.67249999999502,35.207570000003024],[32.67251277599502,35.20754870600306],[32.672589999995026,35.20742000000306],[32.672829999994974,35.20701000000301],[32.67287999999502,35.20694000000301],[32.67309999999498,35.20666000000304],[32.673419089994994,35.20634090900304],[32.673639999995,35.20609000000305],[32.67631044799497,35.20683607100304],[32.67745451299497,35.20767031200305],[32.678330327995,35.20830894800302],[32.67833355599498,35.20848963000304],[32.678369999994956,35.20852000000308],[32.678479999994984,35.20860000000305],[32.67851999999497,35.20863000000303],[32.678599999995,35.20873000000306],[32.67851999999497,35.20891000000306],[32.67846999999499,35.20905000000304],[32.67840999999498,35.20922000000308],[32.67834999999499,35.20941000000306],[32.67805884599496,35.211611683003085],[32.67803999999494,35.21202000000308],[32.6780099999949,35.21266000000306],[32.67799999999493,35.21298000000312],[32.677989999994956,35.21322000000307],[32.67796999999494,35.213460000003096],[32.6779599999949,35.2136200000031],[32.67793999999491,35.213820000003096],[32.677919999994906,35.21401000000308],[32.67789999999492,35.21417000000307],[32.6778599999949,35.2144300000031],[32.67780999999492,35.21469000000313],[32.67775999999488,35.21499000000311],[32.67747999999489,35.21638000000314],[32.67729999999487,35.217350000003144],[32.67720041299487,35.21732835000314],[32.67719459899488,35.21735699400313],[32.676269957994876,35.21728160800314],[32.6760999999949,35.21801000000313],[32.675649999994874,35.21818000000317],[32.67498999999485,35.21793000000311],[32.67442231699488,35.21774978300313],[32.67398582799487,35.218247383003146],[32.673970352994864,35.21826502500314],[32.673639999994855,35.21891000000314],[32.673639999994855,35.21891000000314]]]}