{"segmentId":"5001514","streetsFileVersion":96,"polygonPointList":[[[32.998396974993504,35.30131361600392],[32.998191511993504,35.303529739003935],[32.99872235699351,35.304521091003906],[32.998064838993464,35.30534525900393],[32.99801048399347,35.305413390003956],[32.99800518099347,35.306441804003924],[32.99842784199345,35.307305683003946],[33.000555682993436,35.308478781004005],[33.000028152993366,35.31164905500399],[32.99826335799337,35.31095613200401],[32.998092119993366,35.310333086004015],[32.99712859199336,35.310003531004],[32.995376235993376,35.30878037800397],[32.994658513993386,35.308292581003975],[32.99518550999347,35.30607162500397],[32.995505352993504,35.30411653500392],[32.99562855499351,35.30336344400394],[32.995864787993526,35.302555595003916],[32.994232877993504,35.3013977750039],[32.99394371599354,35.30119261800393],[32.993951458993536,35.3011262800039],[32.99407855199359,35.30003747300386],[32.9942606369935,35.29989018100392],[32.994570895993526,35.29963920700387],[32.99433943399357,35.298466822003896],[32.994660315993606,35.297064622003845],[32.99543111699362,35.29449798600384],[32.99441023999363,35.29402960100381],[32.99436869499364,35.294016680003786],[32.99382036899362,35.29384614800383],[32.99412341599363,35.292259779003814],[32.994087504993644,35.29215545300382],[32.99414811199367,35.29213050400381],[32.99422265099365,35.291740312003796],[32.99440971799366,35.29178684300381],[32.99557033799365,35.29207553500378],[32.9958364009937,35.29142550800377],[32.99622620199372,35.29082773700377],[32.996556718993695,35.29049305700378],[32.99670628799368,35.29034160400378],[32.997169122993675,35.28954891600378],[32.9986227219937,35.28951455500376],[32.999352940993674,35.29039620400377],[32.99957218299368,35.29057101400381],[33.00057662699365,35.2913718940038],[33.002089964993644,35.29180019700378],[33.00304650799367,35.292556866003785],[33.0033916769936,35.29371440900383],[33.00360955399362,35.294445071003814],[33.00445194699361,35.29569695200386],[33.00439050899362,35.29631208400387],[33.00333386499357,35.296856059003844],[33.00283458099359,35.29711309700388],[33.00201455399355,35.29771511400383],[33.00099401599355,35.298604448003864],[33.000424526993555,35.29904594600387],[32.99963136299356,35.299738226003875],[32.99910680699351,35.30036906500387],[32.99842452899349,35.30123878800388],[32.998423190993506,35.30124242000389],[32.998396974993504,35.30131361600392],[32.998396974993504,35.30131361600392]]]}