{"segmentId":"5001121","streetsFileVersion":236,"polygonPointList":[[[32.61119318099227,35.39600580000518],[32.609848366992274,35.39525991200512],[32.60922069399226,35.39569550000515],[32.60711514899228,35.39463877100516],[32.60594284599231,35.394965095005126],[32.605743685992266,35.396038159005165],[32.60509323199232,35.39512665100515],[32.60471502199228,35.395454663005175],[32.60418999999233,35.39591000000517],[32.5982864099923,35.39713166300516],[32.598147449992275,35.39635452900518],[32.598030585992305,35.39570096800513],[32.59776933799231,35.39423993400512],[32.597133597992375,35.38974588800507],[32.600131718992415,35.388841693005084],[32.600369664992485,35.386129107005026],[32.60450992699246,35.38631946400503],[32.60508099799251,35.384558663005016],[32.60914721199242,35.385922019005044],[32.61153100699245,35.385929301005],[32.613860988992464,35.38593641900504],[32.613914321992446,35.38591584900504],[32.615082909992495,35.38546514300499],[32.61549939999244,35.385304510004985],[32.61550185399248,35.38530356300499],[32.6176394759925,35.385819805005],[32.61776564799242,35.38706012300501],[32.61779488699243,35.38734755700503],[32.61809648499235,35.3903123790051],[32.61830454999236,35.39235774400509],[32.61850186699235,35.39429744900516],[32.618759224992296,35.39682737600514],[32.61653617999222,35.397969164005204],[32.61559999999221,35.39845000000517],[32.614418002992146,35.402071496005256],[32.612029023992186,35.40104761400522],[32.612607103992275,35.39679001800516],[32.61119318099227,35.39600580000518],[32.61119318099227,35.39600580000518]]]}