{"segmentId":"5001457","streetsFileVersion":188,"polygonPointList":[[[32.92740663298712,35.60883877400876],[32.92689910698715,35.60772052200876],[32.926953094987205,35.6066426760087],[32.92690527698721,35.6058039330087],[32.92731109598722,35.605266701008695],[32.9284709709872,35.60508468100868],[32.92865934098726,35.60502564300866],[32.92871630498728,35.60504617900868],[32.92998707298725,35.604846757008694],[32.93031174598724,35.60456029100866],[32.93113406998722,35.60466675700869],[32.9321203259872,35.6069388740087],[32.93225562298719,35.60702605400874],[32.93260688998717,35.60774642300872],[32.9328251029871,35.60853277700875],[32.93297611098715,35.60886186400877],[32.93300842998711,35.608984872008776],[32.933294032987085,35.60964283800879],[32.93340999998707,35.609910000008796],[32.93307999998713,35.61045000000882],[32.93307241298707,35.6104493460088],[32.93300185998706,35.61056345700881],[32.932982165987056,35.610576079008794],[32.93287973098706,35.61073555600881],[32.932564544987066,35.61084373100879],[32.93244506298705,35.610920307008826],[32.932342791987054,35.61091983900882],[32.93226038298703,35.610948123008825],[32.93213478598709,35.610918888008825],[32.93113177198708,35.610914300008794],[32.928961735987116,35.61030541300879],[32.9282058119871,35.60976290200879],[32.927954748987105,35.609485976008756],[32.92755149498712,35.60904118100877],[32.927490649987114,35.608918010008736],[32.92740663298712,35.60883877400876],[32.92740663298712,35.60883877400876]]]}