{"segmentId":"5001487","streetsFileVersion":188,"polygonPointList":[[[32.97653999998759,35.59011000000833],[32.976491199987585,35.59045160000836],[32.97650490998759,35.59074653700833],[32.97625049898757,35.59134470000835],[32.97559106698751,35.59224073900837],[32.974593591987535,35.593176618008386],[32.97407088998749,35.59379217900841],[32.97391507398748,35.5938132340084],[32.97234883798747,35.59528275100847],[32.97209365198746,35.59612057800849],[32.97138122398735,35.5977953140085],[32.971289672987396,35.59797034000853],[32.97100999898736,35.59867999900853],[32.97035282898732,35.59915579000853],[32.96967973898736,35.59964310400854],[32.96943105098733,35.60000905900856],[32.96935338998728,35.60012334000854],[32.96849262298728,35.60077867000859],[32.968263402987276,35.600898297008584],[32.96712999998728,35.60149000000861],[32.96712932498726,35.60149015800857],[32.96712653998729,35.601491611008555],[32.96699423898726,35.60158787300856],[32.96684392698725,35.60270793200861],[32.96514150098723,35.60310534500864],[32.964717313987265,35.60216877400861],[32.963933739987326,35.60123634300856],[32.963871021987266,35.60120708700856],[32.96366131798731,35.60094578600859],[32.962507089987255,35.60169876000857],[32.96154041198731,35.60009837100857],[32.961865113987315,35.599787294008564],[32.96228195598732,35.59938794200856],[32.96205285598739,35.59908478900856],[32.9615585009874,35.59852285200851],[32.96147382598736,35.59862054200852],[32.96134376898736,35.598792713008564],[32.96062002598737,35.59975080900856],[32.959294872987265,35.60150506000861],[32.95845695998733,35.599687436008566],[32.95789856098737,35.5984761380085],[32.96085776398744,35.59611677400847],[32.96108317498747,35.595772399008474],[32.96141045498749,35.59558406200847],[32.962062588987415,35.59520878200844],[32.96223738298748,35.59435875000841],[32.96234999998752,35.59380000000842],[32.96270999998754,35.592780000008425],[32.96287075698756,35.592387331008396],[32.96331964298755,35.591288375008354],[32.96322999998758,35.59088000000833],[32.963261583987595,35.590841344008375],[32.963171653987615,35.59014922800833],[32.96241675398763,35.5892471640083],[32.962380892987625,35.58910663400835],[32.96232168798762,35.588874626008334],[32.962244553987645,35.58858011200831],[32.96157928198769,35.58745414200831],[32.9610858209877,35.58661896300826],[32.9609095169877,35.586604257008254],[32.96035627898774,35.58582294300825],[32.96012650898777,35.58499532700824],[32.95998998598774,35.58499806300825],[32.95996999998775,35.585020000008235],[32.958632965987746,35.585025264008216],[32.95842523898776,35.585029427008244],[32.95829345998774,35.58517957000823],[32.95685418498771,35.586683290008274],[32.954808826987865,35.58190441600817],[32.95554417698787,35.580656536008156],[32.95587793198792,35.579566955008154],[32.95579046198791,35.57880049300814],[32.9559490319879,35.57829537200812],[32.95616530998796,35.57823020300808],[32.956299810987936,35.57818967500808],[32.95708999998799,35.57560999900805],[32.95874283698799,35.575935852008044],[32.95898758198801,35.57557679900803],[32.95899999998801,35.57555858200804],[32.95899999998803,35.57490000000804],[32.95899999998803,35.574415318008015],[32.95899999998803,35.57412000000802],[32.95902133798806,35.57404318400803],[32.95903139398806,35.573867811008036],[32.95915871798803,35.573547582008025],[32.95919787998802,35.57340225100802],[32.95919942998809,35.57340205300801],[32.95919999998806,35.573400000008],[32.95921820098805,35.57339797800802],[32.959320183988055,35.57338664600803],[32.96034682098803,35.57325565700801],[32.96063349798806,35.57340821800801],[32.96062988598798,35.57577059700803],[32.960578906988,35.57663433900809],[32.96116999998794,35.576770000008096],[32.960912736987915,35.578364271008105],[32.96091211398792,35.5783681310081],[32.960526438987856,35.580758177008164],[32.96051999998784,35.58099000000815],[32.96047999998788,35.581260000008164],[32.960399999987835,35.581630000008204],[32.960333231987825,35.581955495008174],[32.96022540598781,35.58262369900821],[32.961287312987814,35.5831087130082],[32.961678488987815,35.582660988008186],[32.96232969798784,35.58191563900817],[32.962684960987815,35.581404696008164],[32.96350683498781,35.581349537008165],[32.96552127898782,35.581214340008145],[32.966031361987795,35.58198378200819],[32.96625376398781,35.582287498008164],[32.96624083198778,35.58239269700818],[32.9664927059878,35.58288439400822],[32.966257998987764,35.583855600008214],[32.96589975198772,35.585338000008235],[32.9658401269877,35.585552075008266],[32.96692107598772,35.58639045800825],[32.967732543987744,35.585315351008276],[32.96852271998775,35.585553305008276],[32.96871590898762,35.588027725008324],[32.968779999987625,35.588220000008285],[32.968779999987625,35.58840000100828],[32.96874918398763,35.58845392900828],[32.968814804987645,35.58929444200831],[32.96892366598753,35.59068875600838],[32.96924750798754,35.59144060400839],[32.96938713298756,35.591443381008354],[32.96969976598754,35.59245782000839],[32.97018416998751,35.59257664500841],[32.970489569987514,35.592577981008375],[32.97058936298751,35.59257841700837],[32.970589446987546,35.59257999600838],[32.97058999998755,35.592580001008386],[32.97059179898749,35.592612399008416],[32.970749435987514,35.5926692580084],[32.970760887987495,35.592718114008385],[32.9712323769875,35.59283377100842],[32.97448798498759,35.58959914400831],[32.974668955987624,35.58954143300835],[32.97488229398762,35.589471613008335],[32.975039999987594,35.58942000000835],[32.97540334798759,35.5894427090083],[32.975824022987574,35.58946722200833],[32.97592464298759,35.589385793008354],[32.9761197459876,35.589428757008335],[32.976142415987646,35.589485775008356],[32.97615522498762,35.5894865210083],[32.9761595539876,35.5894899720083],[32.976159999987594,35.58949000000835],[32.97616908698763,35.5894975720083],[32.97618421598758,35.5895096340083],[32.976226113987586,35.589543037008326],[32.97662999998763,35.5895300000083],[32.97653999998759,35.59011000000833],[32.97653999998759,35.59011000000833]]]}