{"segmentId":"5001455","streetsFileVersion":236,"polygonPointList":[[[32.933890446991384,35.42853982400552],[32.93409337599139,35.42907930700554],[32.93445347199134,35.42928304500551],[32.93481680299134,35.430343864005565],[32.93536999999134,35.43036000000557],[32.93531818799131,35.4321835850056],[32.93536887299134,35.432188969005566],[32.936319999991284,35.43229000000561],[32.936239999991294,35.43310000000556],[32.93552591099124,35.43572890600564],[32.93437461799121,35.43697937000567],[32.9343003829912,35.43706000000563],[32.93371566799121,35.43769508200567],[32.933259999991215,35.4381900000057],[32.930675106991245,35.43660091800566],[32.92899999999127,35.43306000000561],[32.92923898199138,35.429470472005534],[32.9293101869914,35.42840097400553],[32.933890446991384,35.42853982400552],[32.933890446991384,35.42853982400552]]]}