{"segmentId":"5001370","streetsFileVersion":236,"polygonPointList":[[[32.84314392899267,35.363209889004686],[32.843961746992676,35.36134035600461],[32.84397408999269,35.36122509100464],[32.84369258199269,35.36077937000463],[32.844350191992696,35.35970076100462],[32.84532483699276,35.3593511470046],[32.845411119992725,35.35927565000459],[32.84604673099273,35.35931793300462],[32.84669394399271,35.35967961100461],[32.846565286992664,35.361409335004666],[32.8465240569927,35.36196364500466],[32.84652262299267,35.36198292900467],[32.84602769499262,35.363734212004665],[32.84625989699263,35.36450050100469],[32.84666872199262,35.364713801004676],[32.84690333699265,35.3651428530047],[32.847074657992614,35.36586620900469],[32.84728341199257,35.367072343004736],[32.84741729999259,35.3678459210047],[32.84715828999251,35.36966323900472],[32.847091736992525,35.370130204004774],[32.847091736992496,35.37108279000477],[32.847221458992486,35.37200011300479],[32.84723696999248,35.372109795004754],[32.8472821309925,35.37242914800476],[32.84812088099249,35.37277227300479],[32.84958255199251,35.37298531600477],[32.84974729799251,35.37329211900478],[32.84973291799244,35.37340446400477],[32.849699708992475,35.37366391000481],[32.849175463992445,35.37458535900479],[32.84859117399247,35.37424950700481],[32.846447284992486,35.3730171930048],[32.845928748992506,35.372074978004775],[32.84557083899254,35.371424630004746],[32.84515934599252,35.37086350400477],[32.84431448299254,35.36971141800476],[32.8440289479926,35.368911920004756],[32.84434976299256,35.367645123004706],[32.844358515992575,35.367610558004685],[32.844345733992576,35.36760700800472],[32.84334078199256,35.36732785400472],[32.843198502992564,35.367288332004705],[32.84301830499258,35.36719445800468],[32.84267395599263,35.36534043100469],[32.84314392899267,35.363209889004686],[32.84314392899267,35.363209889004686]]]}