{"segmentId":"5001179","streetsFileVersion":96,"polygonPointList":[[[32.699659999992704,35.36828000000474],[32.6988899999927,35.36914000000479],[32.6987318329927,35.3694798810048],[32.69818069999269,35.370664200004825],[32.697316440992616,35.3717794320048],[32.69731599999265,35.37178000000482],[32.69757239199261,35.37201846800484],[32.69764499999265,35.372086000004785],[32.697480999992614,35.372437000004815],[32.69735004399264,35.37245511100485],[32.697292999992634,35.3724630000048],[32.69729298999261,35.37246309900483],[32.697231296992584,35.37310506200481],[32.69704899999258,35.37500200000485],[32.69705399999256,35.37501700000487],[32.69709199999259,35.37500600000484],[32.697123999992534,35.37524300000487],[32.69714016699256,35.37529473500487],[32.69715399999258,35.37533900000486],[32.69715390999257,35.375339072004834],[32.69713899999257,35.37535100000488],[32.69717438999256,35.375615133004864],[32.697179951992574,35.375656642004834],[32.69717999999258,35.37565700000486],[32.696872942992584,35.37632614200485],[32.696342999992524,35.37748100000488],[32.696155012992534,35.37875491300493],[32.69615499999251,35.378755000004915],[32.69615562999252,35.37875636500492],[32.69616099999252,35.37876800300491],[32.6962510619925,35.3789820180049],[32.6962512339925,35.37898242500492],[32.6962539379925,35.37898885200494],[32.696253999992514,35.37898900000491],[32.6962125159925,35.37910076800491],[32.696097097992514,35.379411736004926],[32.69609699999252,35.37941200000492],[32.69606699999249,35.3794200000049],[32.696089999992466,35.37952000000493],[32.696034999992506,35.379568000004916],[32.696034978992515,35.37956814300489],[32.696020999992484,35.379664000004915],[32.6959071709925,35.379679976004894],[32.69590699999248,35.379680000004925],[32.69536999999247,35.38015000000494],[32.6951793609925,35.380298718004944],[32.69517899999251,35.380299000004904],[32.695049999992456,35.38040000000494],[32.69402999999246,35.381050000004954],[32.69365399999247,35.381140000004955],[32.69378999999245,35.38176000000494],[32.69363999999249,35.381847000004946],[32.69363999999249,35.38199000000493],[32.69357999999244,35.382840000004954],[32.693589999992405,35.382980000004935],[32.69319799999243,35.38304100000495],[32.69317899999243,35.38304400000494],[32.692759999992454,35.383110000004955],[32.692419999992445,35.38145000000491],[32.69216999999244,35.380660000004916],[32.69232199999248,35.38055500000494],[32.69224499999249,35.38042500000494],[32.692251981992506,35.38039807100493],[32.69225199999249,35.380398000004945],[32.69213999999247,35.38018000000492],[32.692089999992504,35.3800300000049],[32.692039999992524,35.37983000000489],[32.691959999992534,35.379440000004905],[32.691909999992546,35.37931000000489],[32.691819999992504,35.379180000004936],[32.69174999999254,35.37907000000492],[32.691559999992506,35.37868000000488],[32.69153922699255,35.37864537800489],[32.69153899999253,35.37864500000491],[32.69142999999249,35.3784700010049],[32.69131999999254,35.3783300000049],[32.69115999999249,35.37823000000487],[32.69100999999253,35.3781500000049],[32.6909499999925,35.37809000000489],[32.69084999999255,35.37816000000488],[32.69067999999251,35.37821000000487],[32.69043999999249,35.37827000000489],[32.69008999999251,35.37842000000491],[32.68971999999255,35.378110000004895],[32.68935999999255,35.37788000000491],[32.68910999999252,35.37738000000491],[32.68895999999257,35.3773400000049],[32.68854999999257,35.37755000000488],[32.68835999999255,35.3770900000049],[32.68829999999253,35.3767700000049],[32.688254118992575,35.37663335500485],[32.688253999992526,35.37663300000486],[32.687884763992564,35.376755148004854],[32.68772499999255,35.376808000004864],[32.686861999992566,35.37709800000487],[32.68662499199257,35.377182489004895],[32.68642999999253,35.37725200000488],[32.68621634499253,35.37742472100489],[32.68621599999256,35.377425000004905],[32.68561799999251,35.377909000004884],[32.685045999992525,35.378473000004895],[32.68504588399251,35.378473114004876],[32.68438931599256,35.37912142700488],[32.6838529999925,35.37965100000489],[32.68378460699252,35.3796628940049],[32.68378453399249,35.379662907004935],[32.683737999992516,35.379671000004905],[32.6837333349925,35.3796670010049],[32.683731030992476,35.37966502600492],[32.68373099999253,35.37966500000491],[32.6837244769925,35.37967178900491],[32.683681999992466,35.3797160000049],[32.683681853992496,35.3797157740049],[32.68313982099252,35.378876293004936],[32.68299499999256,35.3786520000049],[32.68223999999251,35.379440000004905],[32.68205999999248,35.379930000004926],[32.681729999992505,35.3803700000049],[32.68150999999248,35.380600000004954],[32.68137999999247,35.38052000000492],[32.68137999999247,35.38052100000492],[32.6813804409925,35.3805218830049],[32.681380999992484,35.38052300000492],[32.68137999999247,35.38052400000492],[32.68137999999247,35.380524479004904],[32.68137999999247,35.38085000000494],[32.680869999992474,35.38133000000494],[32.68015999999247,35.38206000000492],[32.680079999992444,35.38212000000494],[32.67994099999247,35.382208400004934],[32.67869626799252,35.38056735300494],[32.67869599999249,35.380567000004916],[32.67746999999245,35.382446000004975],[32.677450361992484,35.382438604004975],[32.67745028899243,35.38243857600492],[32.677392999992456,35.38241700000494],[32.677339999992476,35.38250000000496],[32.67726999999249,35.38260000000493],[32.677095999992495,35.38285200000498],[32.677095682992466,35.38285242300494],[32.67708999999248,35.38286000000496],[32.67657999999247,35.38275000000496],[32.67615999999245,35.38255000000495],[32.67587999999249,35.38242000000493],[32.67593499999246,35.38196500000493],[32.67593491499246,35.38196498300495],[32.67555457699248,35.38188990600492],[32.67547448199243,35.38187409500495],[32.67547399999249,35.38187400000493],[32.67543699999247,35.38153700000493],[32.6755263249925,35.381505685004925],[32.676229999992465,35.38125900000493],[32.6761999999925,35.38093000000491],[32.676402999992455,35.38090900000492],[32.67640319299249,35.380908611004934],[32.67643784199247,35.38083878900493],[32.67653499999251,35.38064300000496],[32.676598999992535,35.38040500000493],[32.676649999992534,35.379060000004905],[32.677109999992496,35.379110000004886],[32.677166569992515,35.37912290200492],[32.677166999992544,35.37912300000491],[32.677279999992535,35.3791500000049],[32.677348999992496,35.3793070000049],[32.677731771992555,35.37938957100491],[32.67773274999254,35.3793897820049],[32.6785449999925,35.379565000004945],[32.678545045992514,35.37956485100492],[32.67893199999253,35.378323000004926],[32.678932184992554,35.37832305300488],[32.67898075599255,35.37833691500488],[32.679807690992554,35.37857291200489],[32.679807999992526,35.37857300000493],[32.67987500199257,35.37833599200493],[32.68005399899257,35.37770400000489],[32.680860666992565,35.37700129100488],[32.680860999992554,35.37700100000489],[32.68148399999259,35.37636300000485],[32.68148384599256,35.376362636004885],[32.68146199999261,35.376311000004875],[32.68184345399256,35.37600044400487],[32.68184399999259,35.37600000000485],[32.6818399999926,35.37600000000485],[32.68161999999258,35.37597000000487],[32.6834999999926,35.37438000000483],[32.6838599999926,35.37360000000485],[32.68386999999262,35.373510000004856],[32.683939999992646,35.37255000000482],[32.684849999992615,35.37278000000481],[32.68521999999264,35.372620000004815],[32.68631299999262,35.3723050000048],[32.686313245992636,35.37230492900481],[32.686469999992624,35.3722600000048],[32.68680699999264,35.37122800000478],[32.68680500099263,35.3712220000048],[32.68640699999263,35.3707500000048],[32.68638600699268,35.37072534100477],[32.68634407499268,35.370676088004785],[32.68634399999266,35.370676000004806],[32.68614999999265,35.37045000000481],[32.685868999992636,35.370200000004814],[32.68560699999267,35.36997100000482],[32.685526338992666,35.36994057100476],[32.685439999992646,35.369908000004806],[32.68275999999263,35.369800000004794],[32.68248299999266,35.369531000004784],[32.68204626399271,