{"segmentId":"5001120","streetsFileVersion":188,"polygonPointList":[[[32.60978999999325,35.3373800000044],[32.60811999999322,35.33755000000443],[32.60783999999326,35.33804000000439],[32.60763999999323,35.338390000004416],[32.60706138399329,35.33824881300442],[32.60660014899322,35.33855328300443],[32.60656499999323,35.33866500000441],[32.606482017993244,35.33863126400444],[32.606286999993266,35.3387600000044],[32.60578548499328,35.33867508200443],[32.605784999993226,35.33867500000444],[32.60555399999324,35.338636000004435],[32.60553906399325,35.338296860004434],[32.60532535999325,35.33816453000439],[32.60512099999326,35.338082000004405],[32.60466399999327,35.337755000004435],[32.60447799999322,35.33846300000441],[32.604158999993246,35.33833900000444],[32.60433799999327,35.33752200000439],[32.60395799999327,35.33725000000439],[32.60385501199327,35.33709676000441],[32.603110993993305,35.3364417020044],[32.60294999999329,35.33649000000437],[32.60275309999326,35.33612660000439],[32.60257199999336,35.33374400000433],[32.60262333099335,35.33367741100436],[32.60483429199339,35.33080923600432],[32.604836999993346,35.3307910000043],[32.604849888993336,35.330789003004334],[32.60497399999337,35.33062800000432],[32.605936053993354,35.330578839004325],[32.60638299999335,35.33055600000433],[32.60663046799337,35.330654218004334],[32.60959299999338,35.33160400000431],[32.60955999999332,35.331813000004345],[32.60969715499335,35.33187135900433],[32.610199080993354,35.33207056900434],[32.61041999999332,35.33214000000432],[32.61049999999336,35.33219000000431],[32.61053999999335,35.332250000004336],[32.61052999999331,35.33236000000434],[32.610439999993346,35.33241000000433],[32.609789999993325,35.33256000000434],[32.609724916993336,35.33386166700438],[32.60964999999328,35.335360000004364],[32.610309999993255,35.3355700000044],[32.61064999999329,35.33699000000442],[32.60978999999325,35.3373800000044],[32.60978999999325,35.3373800000044]]]}