{"segmentId":"5001063","streetsFileVersion":188,"polygonPointList":[[[32.54497418499754,34.91480042300123],[32.544927726997564,34.914938637001235],[32.54493999999753,34.914940000001266],[32.54498999999752,34.914980000001265],[32.54501999999756,34.91503000000126],[32.54505999999753,34.915230000001266],[32.54482999999753,34.915230000001266],[32.54482978499752,34.91523001400123],[32.54479927299751,34.91532078900128],[32.54454342399753,34.91604420200128],[32.544454388997515,34.91603960100128],[32.54440983199751,34.91629028400127],[32.54424063699751,34.916251928001266],[32.54408999999751,34.91655000000124],[32.54079181599752,34.916298484001246],[32.53178336399751,34.915611508001234],[32.530189999997546,34.915490000001235],[32.52970428799756,34.91509313100125],[32.529734030997524,34.91434954900126],[32.52974484399754,34.91428312500124],[32.52994223399753,34.91307058900122],[32.53018717299755,34.91263514100126],[32.53020992299753,34.912594696001236],[32.530418125997556,34.91161316900127],[32.530573910997525,34.910411397001255],[32.53062632899754,34.910007033001236],[32.53066896899757,34.9098648120012],[32.531268977997584,34.907863574001205],[32.53141008599759,34.90686619800121],[32.53191780899756,34.90676800900124],[32.532498825997585,34.90665564600121],[32.53237802799758,34.90602231200123],[32.53236858599761,34.90597281100119],[32.532504734997566,34.90556772000124],[32.533737992997594,34.90523991200123],[32.534286827997605,34.90539995000122],[32.53484345699762,34.90455879400118],[32.53478999999761,34.90444000000124],[32.53488999999762,34.90442000000123],[32.53493184199759,34.90442523100122],[32.535038255997605,34.90426442400123],[32.535557146997654,34.902431781001226],[32.536204359997626,34.9015371040012],[32.53696578799761,34.901232533001185],[32.53700277999764,34.90124700800119],[32.53704276099765,34.901262653001204],[32.5374995789976,34.90144140800118],[32.53757915899762,34.90147254700117],[32.53784142999765,34.901575175001206],[32.53810792899762,34.90197492300122],[32.53765107199763,34.90395463600119],[32.53759386599762,34.904574486001216],[32.53782229399763,34.90523121700121],[32.537950124997614,34.90614005200123],[32.537974620997595,34.90631421500123],[32.53868458099757,34.90766056000123],[32.53872999999757,34.90760000000123],[32.53901999999758,34.90790000000121],[32.53934999999758,34.908120000001226],[32.53968999999759,34.9083100000012],[32.54037307699755,34.90895269400122],[32.540899344997584,34.90922726800123],[32.54146762899759,34.90952376300122],[32.54212180099757,34.91079042400121],[32.54346436199757,34.91134305400123],[32.54346999999756,34.91134000000124],[32.54354999999756,34.911320000001226],[32.54368999999754,34.91137000000122],[32.544039999997565,34.91158000000126],[32.54413999999754,34.91168000000123],[32.54419999999755,34.91177000000123],[32.54421930999759,34.91184723900124],[32.54439113999758,34.91210333100122],[32.54442783199755,34.912111309001254],[32.54464425699758,34.912345359001215],[32.54480451099756,34.912464969001235],[32.54483308999754,34.912610271001256],[32.54484999999756,34.912630000001215],[32.54485999999754,34.912710000001255],[32.54485754199755,34.91273458800123],[32.54487530999756,34.91282492800127],[32.54513719599751,34.913215236001236],[32.54540523499752,34.91351265600128],[32.54558369399756,34.91381246800126],[32.54557655599757,34.91436212400124],[32.54510583599756,34.91438824900126],[32.54507163799752,34.91451049700124],[32.54497418499754,34.91480042300123],[32.54497418499754,34.91480042300123]]]}