{"segmentId":"5001129","streetsFileVersion":236,"polygonPointList":[[[32.62770470499726,34.95278892500141],[32.6275760239973,34.953283057001435],[32.6267491619973,34.95324736500139],[32.626683725997296,34.95290234300142],[32.625827119997275,34.95289044600138],[32.62561296899725,34.953039162001396],[32.625113281997244,34.952991573001434],[32.62509413999727,34.952729005001395],[32.62507138299725,34.95241684600141],[32.623443239997265,34.952186796001385],[32.62341767399729,34.950578872001394],[32.623407550997314,34.949942206001396],[32.62583424499732,34.95001967600141],[32.62538276599731,34.94307324700134],[32.62585911299734,34.94174256500133],[32.62683803199731,34.941665855001354],[32.62694038299731,34.940803964001354],[32.62619019599736,34.94068307900135],[32.62622487499737,34.93998227500133],[32.62629009799735,34.938664213001324],[32.62779036999737,34.938856716001325],[32.62864875299738,34.93529753800132],[32.62904993599742,34.93363408500132],[32.63067520299741,34.93382613500133],[32.6307052449974,34.93422076800132],[32.63087315299736,34.93642643000132],[32.63173010999735,34.936676906001345],[32.63143318999738,34.93759043100133],[32.630654620997404,34.937505135001324],[32.63055806499737,34.93749455700132],[32.63045727999732,34.94007361400133],[32.63034062299736,34.94305883900137],[32.630568607997326,34.94306895200135],[32.630861457997305,34.94308194300135],[32.631306066997325,34.94324675800136],[32.631256098997305,34.94383210600137],[32.63097893899735,34.94401710000137],[32.63110684199734,34.945035208001364],[32.63289842199732,34.94529461900135],[32.63408519599732,34.945466459001366],[32.63379763799728,34.950804142001374],[32.63342063999725,34.95780200200143],[32.63296544699727,34.95781252600144],[32.63034281499728,34.95760002800144],[32.62875797299726,34.95747161700144],[32.628175869997264,34.9574057600014],[32.62856814899726,34.95291092600143],[32.62770470499726,34.95278892500141],[32.62770470499726,34.95278892500141]]]}