{"segmentId":"5001388","streetsFileVersion":96,"polygonPointList":[[[32.86651999999008,35.49316000000656],[32.86648999999013,35.49327000000657],[32.8664899999901,35.49337000000654],[32.86652999999011,35.493470000006575],[32.86649999999007,35.49388000000658],[32.866529999990085,35.49391000000656],[32.86654999999012,35.49394000000659],[32.86654999999012,35.49401000000659],[32.866529999990085,35.494110000006565],[32.86640999999006,35.49435000000659],[32.866349999990085,35.494480000006604],[32.86636999999011,35.49459000000662],[32.866389999990034,35.4946200000066],[32.86643999999008,35.494640000006605],[32.866259999990056,35.49555000000659],[32.86611050699,35.49604830700658],[32.86611078599002,35.4960491870066],[32.86611288499006,35.49611459800664],[32.86620999998999,35.49630000000664],[32.86630999999002,35.49657000100664],[32.86633999998999,35.49673000000664],[32.86633999998999,35.49691000000665],[32.866279999990034,35.497070000006644],[32.86616999999003,35.497230000006645],[32.86590038599004,35.49743542000663],[32.865875923990046,35.49749776900665],[32.865486313990004,35.49788099500665],[32.86541213899,35.49821976200666],[32.86532837398999,35.49873304700664],[32.86532196598998,35.49873892100665],[32.86531331998996,35.49897294700664],[32.865299466989974,35.49897802600663],[32.86529999998998,35.498990000006664],[32.86528999999001,35.49902999900669],[32.865259999989945,35.49907000000669],[32.86505999998995,35.49913000000665],[32.86490999998998,35.499240000006665],[32.86465999998999,35.4996100000067],[32.864589999989995,35.49968000000669],[32.864173807989935,35.50004889800668],[32.864149999989955,35.50007000000668],[32.86384999998997,35.50027999900668],[32.86369999998996,35.500310000006706],[32.86353999998997,35.500310000006706],[32.86336999998993,35.500280000006676],[32.863289999989966,35.50025000000669],[32.86316999998992,35.50017000000666],[32.86296999998997,35.49998000000668],[32.862839999989966,35.499700000006705],[32.862739999989955,35.49936000000665],[32.86271999998992,35.49921000000668],[32.862729999989995,35.49890000000666],[32.86271502198995,35.49871527000666],[32.862470570990006,35.498479075006635],[32.86243423998996,35.49805892300663],[32.86242763199,35.49804801800667],[32.862109878990005,35.49747984800665],[32.86198999999001,35.49732999900663],[32.86167999998999,35.49730000000664],[32.861619999990054,35.49724000000662],[32.86158999999001,35.49716000000665],[32.861559999990014,35.49664000000664],[32.86143999999005,35.496310000006616],[32.86143999999005,35.49623000000659],[32.86143999999005,35.496190000006635],[32.861459999990075,35.496130000006616],[32.86155320099002,35.49601349900664],[32.86133208599006,35.49532848900659],[32.86186155699007,35.4950867110066],[32.86185999999004,35.49504000000662],[32.861879999990066,35.49493000000661],[32.861959999990084,35.494900000006574],[32.86215999999008,35.4948900000066],[32.86226242799007,35.49490365700661],[32.86309061099009,35.49452547500658],[32.86248084599008,35.493350243006596],[32.863185734990125,35.49282860300658],[32.863179999990116,35.49282000000656],[32.86285999999015,35.49219000000655],[32.86268999999012,35.49193000000652],[32.86260999999018,35.49176000000654],[32.862509999990145,35.49147000000653],[32.86241999999014,35.49114999900655],[32.86228999999015,35.490060000006494],[32.86227861199021,35.49003722400651],[32.86221999999015,35.4899200000065],[32.86210999999015,35.48980000000652],[32.861979999990204,35.489610000006486],[32.861879999990194,35.48928000000652],[32.861819999990246,35.48889000000648],[32.861779999990226,35.48831000000651],[32.861779999990226,35.4881100000065],[32.86182999999022,35.48771000000647],[32.861399999990255,35.48763000000645],[32.86052999999022,35.48745000000644],[32.86050999999025,35.48637000000648],[32.86120999999024,35.48665000000646],[32.86136999999026,35.486580000006455],[32.86147999999021,35.48655000000649],[32.86163999999029,35.486530000006475],[32.86188999999026,35.48659000000644],[32.86237999999021,35.48676000000647],[32.862609999990276,35.486880000006444],[32.862719999990226,35.486960000006476],[32.864452687990244,35.48605900200644],[32.864469999990256,35.48605000000643],[32.864969999990244,35.48637000000648],[32.86509999999023,35.48721000100647],[32.86543181499023,35.490125389006536],[32.865695181990084,35.49243937700654],[32.86596412299007,35.492964053006546],[32.86660999999009,35.492980000006554],[32.86651999999008,35.49316000000656],[32.86651999999008,35.49316000000656]]]}