{"segmentId":"5001748","streetsFileVersion":236,"polygonPointList":[[[31.288722578998463,34.80104223800092],[31.288960889998418,34.80323943500096],[31.289417890998386,34.8053791280009],[31.289354173998404,34.80686546000093],[31.289361489998385,34.80693290900097],[31.289314841998426,34.80702742300098],[31.288618702998427,34.808437873000955],[31.28838051699842,34.808920462000955],[31.28465148699841,34.81065025100093],[31.28323345799836,34.81564551000095],[31.282397516998365,34.817399044001],[31.28060170799838,34.82116606800097],[31.28074919999833,34.826193945001016],[31.28011313599835,34.82636313400103],[31.279341414998346,34.826568406000995],[31.274871393998335,34.82775739800103],[31.27460628199833,34.827827917001],[31.27449214799831,34.82785827600098],[31.27028643399833,34.828976966000994],[31.2660025569983,34.83011644700105],[31.26125497999831,34.829729406001036],[31.252244724998302,34.82899485500104],[31.250343554998317,34.828839864001],[31.25088709799836,34.827295056000985],[31.251066910998357,34.82678400900101],[31.252296016998372,34.825386956001005],[31.25726031899837,34.819744324000986],[31.25855285099837,34.816941867000956],[31.25921285999839,34.81551084100097],[31.260576508998394,34.81255418800094],[31.260585586998374,34.812537804000954],[31.261349122998418,34.81115187900099],[31.261523482998445,34.810774493000956],[31.263482275998427,34.80653485400096],[31.263543967998437,34.806401327000955],[31.265161547998403,34.803685459000945],[31.2659388579984,34.80321769300096],[31.270690641998417,34.80035818600091],[31.27070671099844,34.800348516000916],[31.27154739799844,34.799842611000905],[31.275615708998476,34.79739440200093],[31.27516837099845,34.79633792100089],[31.27525608599849,34.79625646900093],[31.27722217699847,34.794430751000895],[31.279814825998486,34.792965899000876],[31.28183476899848,34.791824627000885],[31.28764041799843,34.791064854000915],[31.288230189998448,34.7965024770009],[31.288722578998463,34.80104223800092],[31.288722578998463,34.80104223800092]]]}