{"segmentId":"5001755","streetsFileVersion":236,"polygonPointList":[[[32.570168773995206,35.19337833800295],[32.56821546499525,35.18815777100293],[32.57145589299532,35.187111630002896],[32.57175244399523,35.18802955500292],[32.57239386799529,35.19001497700289],[32.572953138995224,35.191746111002914],[32.57235761899524,35.192095212002904],[32.570168773995206,35.19337833800295],[32.570168773995206,35.19337833800295]]]}