{"segmentId":"5001864","streetsFileVersion":236,"polygonPointList":[[[31.9883703919976,34.93366714700137],[31.988338204997614,34.93352829600141],[31.988634813997656,34.932556086001355],[31.9888692739976,34.931787586001356],[31.990132261997612,34.931244917001386],[31.99039000599762,34.931304198001385],[31.99284999999761,34.93187000000139],[31.998136786997673,34.92941597300137],[31.99916999999764,34.927820000001354],[31.999172871997644,34.92782170600133],[31.999460012997627,34.927992250001346],[32.00139386799763,34.92914084100135],[32.00243999999762,34.93057000000136],[32.001148032997605,34.93332671600139],[31.999836078997593,34.936126078001365],[31.999331430997582,34.937202862001385],[31.999329474997573,34.93724627500141],[31.999313684997603,34.93759676700139],[31.99930397899758,34.93781219800142],[31.99929999999761,34.93790051800139],[31.999149999997577,34.94123000000143],[31.998081064997585,34.941421800001415],[31.997979246997556,34.94144006900142],[31.997000829997553,34.94161562700139],[31.996684668997567,34.94149976200139],[31.994490463997547,34.94069564600141],[31.994277048997603,34.94061743500139],[31.99417524299756,34.940061575001415],[31.993751737997616,34.9377492470014],[31.992579828997624,34.93710434000141],[31.99226695299764,34.93693216300139],[31.991549331997586,34.93708267000139],[31.991515417997597,34.937089783001376],[31.990297987997607,34.937345115001364],[31.990180027997592,34.93736985500138],[31.99004799699759,34.9370511010014],[31.98951190499758,34.93575684700138],[31.988871370997643,34.93582832000137],[31.9883703919976,34.93366714700137],[31.9883703919976,34.93366714700137]]]}