{"segmentId":"5001098","streetsFileVersion":236,"polygonPointList":[[[32.559859999988866,35.56126000000794],[32.56012002398889,35.56131751800795],[32.561874454988875,35.56170560400795],[32.56212681998888,35.55986904100792],[32.56213267498889,35.55982643400791],[32.56253574198891,35.5596839850079],[32.56255591898887,35.559533838007894],[32.56257565498888,35.55938697300792],[32.56269565498889,35.558494000007876],[32.5627045499889,35.55842781100789],[32.56331447298891,35.558628132007854],[32.56400469998892,35.558797936007906],[32.564005383988906,35.55879810400789],[32.564669908988904,35.55890066400791],[32.56472746898892,35.558911533007894],[32.565418464988895,35.559042012007914],[32.566849999988904,35.55931232400793],[32.56695999998892,35.558430001007856],[32.56967999998895,35.557350000007844],[32.570369999988905,35.55812000000784],[32.5703800079889,35.558520000007874],[32.57039999998891,35.559318652007896],[32.570471907988825,35.562191705007926],[32.57360164998885,35.56129290500795],[32.57385041398882,35.56199376900791],[32.574043748988814,35.56306785500795],[32.57395782198879,35.56403453300798],[32.57313066598874,35.56494473600798],[32.57322331598874,35.56512621600802],[32.57258649698872,35.565533986008006],[32.57123180098875,35.566148327008044],[32.57113176998874,35.56661813800801],[32.57058999998869,35.56691000000806],[32.56977857398872,35.56711052500803],[32.568565255988695,35.56741036800803],[32.56710999998872,35.56777000000806],[32.56658152998869,35.56863353800806],[32.56521637598866,35.56894377400808],[32.56299345698862,35.57036800300813],[32.56249757698863,35.57081821800813],[32.56213026898864,35.57088689100812],[32.56078999998866,35.57003000000809],[32.558951548988645,35.56856353100808],[32.55871612998867,35.568375746008094],[32.55821999998871,35.56798000000804],[32.55849848898873,35.566789092008065],[32.559258860988784,35.56353750500798],[32.559399999988834,35.562160000007964],[32.559859999988866,35.56126000000794],[32.559859999988866,35.56126000000794]]]}