{"segmentId":"5001041","streetsFileVersion":96,"polygonPointList":[[[32.489055074996024,35.122947323002414],[32.487268852996,35.121627594002405],[32.48718630499603,35.1216269600024],[32.48701384699605,35.12161533200237],[32.48659847899604,35.1213728390024],[32.487032579996026,35.12062533200236],[32.48716558099602,35.120053607002376],[32.48736130999603,35.12005927200238],[32.48747519499601,35.11986316600241],[32.487510506996,35.119881796002396],[32.48752160099599,35.11988763600237],[32.487634915996,35.119950980002386],[32.48762171199607,35.11998056100236],[32.487619646996,35.11998518300237],[32.48768695199602,35.120025648002354],[32.487762205996034,35.12007087400241],[32.48793477599598,35.12007586900239],[32.488000817996,35.11995409300238],[32.488307675996005,35.11920851500235],[32.488504049996074,35.11791714000234],[32.48890137199607,35.11530430500234],[32.48902287399608,35.11485926600234],[32.48917474399605,35.112892301002326],[32.48953148099609,35.11134366800234],[32.490676890996156,35.1115958430023],[32.49067696499607,35.11169608500233],[32.490717248996134,35.11171530700232],[32.49180125999607,35.11324989700233],[32.492225523996076,35.113433489002325],[32.49244774799609,35.11288215300232],[32.4925489079961,35.112875960002334],[32.492886538996096,35.11285529200234],[32.49313161399607,35.11382558100236],[32.493673098996055,35.11405989700234],[32.4939429719961,35.11399517400231],[32.494318097996086,35.11417885700235],[32.49435933199608,35.11433001100234],[32.49447653099604,35.11475822900236],[32.494551063996084,35.11484742500234],[32.494451962996116,35.11509656300235],[32.49438414999604,35.115754385002354],[32.493990775996046,35.11669521900237],[32.49358040699604,35.116889365002386],[32.492797617996054,35.11760989700239],[32.49273481099603,35.11754225000235],[32.492465138996046,35.11786364900238],[32.49234473099605,35.118007152002384],[32.49230128399604,35.11805893200236],[32.492277612996034,35.11809053100237],[32.49199029499602,35.11818705200237],[32.49185223899599,35.11929139200236],[32.49179001499603,35.119978279002396],[32.490788796996,35.12085180300239],[32.49031437499598,35.121049570002356],[32.49012446599604,35.12113189800239],[32.489055074996024,35.122947323002414],[32.489055074996024,35.122947323002414]]]}