{"segmentId":"5001005","streetsFileVersion":96,"polygonPointList":[[[32.45996308999693,35.009911874001716],[32.459445133996994,35.00964018500173],[32.45944479299697,35.0096358400017],[32.459446242996975,35.0094684920017],[32.459445933996925,35.00926904300172],[32.45944535199695,35.00889399000169],[32.459448881996984,35.0079114920017],[32.459446526996985,35.00785182300171],[32.45944411399698,35.00667004700169],[32.45944404499697,35.006626028001655],[32.458609714997024,35.00590148100165],[32.45823937699696,35.00500624700167],[32.45800123099697,35.00443056600167],[32.458131356997,35.004191935001664],[32.45825599399703,35.003963371001674],[32.458708495997,35.00313355100169],[32.460172502997,35.00179268400168],[32.461752028996976,35.003288716001656],[32.46564231399698,35.003522985001695],[32.465686102997,35.00380407400169],[32.46637263699701,35.00381090700167],[32.46713702399701,35.003769982001664],[32.467251023997,35.005454748001654],[32.46726642799701,35.00568239800166],[32.46769237199696,35.005932452001645],[32.46814898799699,35.00636170800168],[32.46842344799698,35.00693479600169],[32.468425632996954,35.00833316300167],[32.46861051299696,35.0099462600017],[32.46861223599698,35.01106572000169],[32.4686126649969,35.01134461700173],[32.46855356799694,35.01245627600174],[32.46851796799694,35.01416109200172],[32.46783387299694,35.014571549001715],[32.46710782399691,35.014421801001696],[32.46688208799689,35.01437524300175],[32.465783362996966,35.01287602000175],[32.46487452399694,35.01244943000172],[32.464869046996924,35.0124468730017],[32.46277182299691,35.01149959800171],[32.46136801499696,35.01107350500172],[32.46074411899692,35.01089093600172],[32.46074338499696,35.01089078000172],[32.460172281996904,35.0107695640017],[32.45996308999693,35.009911874001716],[32.45996308999693,35.009911874001716]]]}