{"segmentId":"5001313","streetsFileVersion":236,"polygonPointList":[[[32.78038505699092,35.458100543006026],[32.78056706399097,35.455734262006004],[32.780592414991006,35.455404670006],[32.781023155991,35.45475066700596],[32.78249072599098,35.455771502005994],[32.783895814990984,35.45581391500601],[32.78414155499102,35.45582133300601],[32.78484953999099,35.45491954500597],[32.785822574991016,35.455091733006],[32.78644604099103,35.45388456400598],[32.78779994399098,35.45523219200596],[32.78798924399099,35.455938317005995],[32.78840614399098,35.457493432006],[32.78887770499076,35.466638105006176],[32.78895147199075,35.46806863000619],[32.7889559569907,35.46815561000618],[32.789039546990715,35.46977660200618],[32.789295747990565,35.4741037140063],[32.78918153399055,35.476711603006336],[32.788667569990466,35.47907202900637],[32.787849035990504,35.479338528006345],[32.78781096399053,35.47844385100636],[32.7871256789905,35.47836770800635],[32.78703050099057,35.47602631900628],[32.785507645990585,35.474712856006285],[32.78446068299065,35.47307578700624],[32.78394671899061,35.47227628800624],[32.78232719899067,35.47232759100626],[32.78245235099076,35.46692005700615],[32.78188471499077,35.46644499900613],[32.78124846799077,35.46591252000618],[32.78077484999081,35.46421662600612],[32.781526964990846,35.462897385006116],[32.78137550299091,35.45851568700602],[32.78038505699092,35.458100543006026],[32.78038505699092,35.458100543006026]]]}