{"segmentId":"5001018","streetsFileVersion":188,"polygonPointList":[[[32.47061999999581,35.14360000000255],[32.46830756999578,35.14262493300253],[32.46794999999582,35.14251000000257],[32.466519999995846,35.14204000000255],[32.46640999999582,35.14200000000254],[32.46557999999581,35.141479999002556],[32.465449999995805,35.141420000002526],[32.465025110995825,35.140587217002555],[32.46494999999585,35.14044000000255],[32.46454999999582,35.13941000000252],[32.464529999995825,35.13887000000253],[32.46451292399589,35.13863093700253],[32.464479999995845,35.138170000002525],[32.46442999999587,35.137410000002504],[32.46507797299588,35.13747853900249],[32.46621659999588,35.13759897800248],[32.46609769399585,35.13720638700251],[32.46592559699589,35.1366544590025],[32.46591964899587,35.136618544002495],[32.465521164995884,35.13530288900251],[32.46541426399591,35.135258946002516],[32.465414093995875,35.13494937300248],[32.46567299599588,35.1346261740025],[32.46563349699589,35.13434328200246],[32.465595425995915,35.13361040800246],[32.465948639995936,35.13261270400248],[32.46633781599594,35.13191623100247],[32.46680419199593,35.131478409002476],[32.46779404699592,35.13132612500246],[32.46858402899592,35.13151648200246],[32.46903117299594,35.13194461900244],[32.46905999999593,35.13179000000244],[32.46955999999594,35.13058000000247],[32.47016999999592,35.13011000000245],[32.47081714499597,35.12975787700243],[32.47083997199597,35.12974545700247],[32.47084999999595,35.12974000000242],[32.47122999999595,35.12989000000244],[32.47131117999593,35.13016707200247],[32.47132422299595,35.13021158800247],[32.47133146399593,35.13023630300246],[32.47138227499593,35.130288680002444],[32.47160118499592,35.13103107200245],[32.47163041999592,35.13125665200246],[32.471689999995895,35.13145999900248],[32.47174999999591,35.13175000000248],[32.47048085599588,35.134648860002464],[32.47042534099591,35.13637522100248],[32.47061618899588,35.136619989002504],[32.470390437995874,35.13746061000252],[32.47034836399586,35.138768943002525],[32.47032999999583,35.139339999002544],[32.47172999999584,35.14018000000252],[32.471969999995835,35.14101000000253],[32.47212999999581,35.14189000000253],[32.47135999999581,35.14346000000256],[32.47114999999582,35.143590000002575],[32.47088999999579,35.14375000000257],[32.47076999999584,35.14369000000255],[32.47061999999581,35.14360000000255],[32.47061999999581,35.14360000000255]]]}