{"segmentId":"5001053","streetsFileVersion":236,"polygonPointList":[[[32.53132120199739,34.94570380400139],[32.53081383899738,34.94656321500136],[32.53157509999736,34.946893204001384],[32.53083171299731,34.9503841660014],[32.5303855639973,34.95175235600139],[32.52951924499732,34.95608744200144],[32.52584547099726,34.95498364800142],[32.52549999999733,34.95639000000144],[32.52543278499732,34.956395883001406],[32.52323746299729,34.95658801500147],[32.523142702997305,34.957307381001456],[32.5221224069973,34.95729986200145],[32.518069999997316,34.95727000000144],[32.51713012199729,34.956326517001415],[32.51586005499734,34.95505157900141],[32.51423836299732,34.954367794001435],[32.51315621199731,34.953911506001425],[32.51245081799728,34.95482585800143],[32.51155614099729,34.95431189400143],[32.5120297959973,34.9531801720014],[32.51150251799731,34.95256048500141],[32.5114799979973,34.951171006001395],[32.51128964099738,34.949058044001376],[32.511082803997354,34.94745012700136],[32.51113851699736,34.94712156300139],[32.5132696949974,34.946597296001386],[32.513765796997404,34.94647525500138],[32.513374655997374,34.94428649700139],[32.5143081459974,34.943900214001374],[32.513773322997395,34.94133788300139],[32.51391608999743,34.94015767000138],[32.5165582679974,34.93934601500137],[32.516374190997446,34.93761806200137],[32.515959999997435,34.933730000001304],[32.52100488199743,34.93322259700134],[32.522492047997424,34.93340458200132],[32.52327227499747,34.93288332800134],[32.524937896997415,34.93318076100135],[32.52594916799745,34.933359220001336],[32.52948984799739,34.934334572001355],[32.530929999997454,34.934700000001364],[32.53142999999742,34.93588000000134],[32.530869999997414,34.93686000000132],[32.5308299999974,34.93693000000137],[32.5308189549974,34.93708030000134],[32.53075674699741,34.937926864001376],[32.53071203799739,34.93853528600135],[32.53070955299742,34.93856910600134],[32.53060490299738,34.93999325100133],[32.53039352799737,34.94286976900134],[32.53132589099735,34.94540047000137],[32.53139290099736,34.94558235500139],[32.53132120199739,34.94570380400139],[32.53132120199739,34.94570380400139]]]}