{"segmentId":"5001181","streetsFileVersion":236,"polygonPointList":[[[32.697586119991755,35.419438811005485],[32.69734817399181,35.41989090900548],[32.69700150999178,35.42025236700547],[32.69622019999174,35.42035790000548],[32.69528225499176,35.42140219600547],[32.69480999999176,35.42192800000549],[32.69438849399176,35.4215972070055],[32.69409929099174,35.421370236005465],[32.694098994991776,35.42137000700551],[32.693573999991784,35.42095800100547],[32.69284770499178,35.42133643600549],[32.69118905799175,35.42220067100549],[32.69116533399173,35.42274928700551],[32.691133005991674,35.4234968520055],[32.69113299999168,35.423497000005526],[32.6905169999917,35.423730000005506],[32.69081909699166,35.42489845700553],[32.691038999991655,35.42574900000555],[32.690509999991626,35.42921200000563],[32.690349563991575,35.42954180200564],[32.68958027499156,35.430182672005635],[32.68733099999155,35.43114100000561],[32.68718699999159,35.43003200000561],[32.6858409999916,35.429603000005606],[32.68528019599166,35.42629151100556],[32.685125999991634,35.42538100000558],[32.68126399999166,35.426713000005584],[32.679364935991764,35.42097238500547],[32.67803745999184,35.416959602005456],[32.67798399999183,35.41679800000541],[32.67941242399189,35.416024326005434],[32.679332687991845,35.41590751800541],[32.678719138991895,35.4150087050054],[32.67773503899186,35.41356706000539],[32.677734999991884,35.413567000005386],[32.6775513229919,35.41369510600536],[32.6771069999919,35.41400500000537],[32.67651215699192,35.41336755000536],[32.676031999991935,35.41285300000536],[32.67653084199193,35.41239750800535],[32.67680287399191,35.41214911500534],[32.67680299999197,35.41214900000537],[32.67790418899193,35.4134235440054],[32.6779216909919,35.413443801005364],[32.67791503699192,35.4134491550054],[32.677797577991875,35.413543659005356],[32.678376664991866,35.41435569000538],[32.67967856799186,35.41618129900544],[32.680712420991874,35.4153340420054],[32.681695598991894,35.4163623620054],[32.682011308991896,35.416340121005454],[32.68430167299186,35.41578098600544],[32.6843425959919,35.415759256005416],[32.68549299999187,35.41526927400538],[32.6865717359919,35.414809816005416],[32.687711188991855,35.41512189200541],[32.68778919499187,35.41518897100543],[32.68869689199184,35.41596951600544],[32.689422970991856,35.41666297300541],[32.68942299999184,35.4166630000054],[32.69031630399189,35.415291452005434],[32.692244719991905,35.41461778500541],[32.6924630549919,35.414541513005425],[32.69321386299187,35.414155502005364],[32.69516455999182,35.4158523110054],[32.69576442599185,35.41502066100538],[32.69581899999183,35.414945000005396],[32.69626313999187,35.414384836005404],[32.696555813991885,35.4144133890054],[32.69752663399185,35.41525571900542],[32.698797035991824,35.41621115400542],[32.700555767991816,35.41746774300541],[32.701114439991805,35.417696158005455],[32.70117888499181,35.41838357400547],[32.70133999799177,35.41872728100543],[32.70152028399176,35.419704623005444],[32.70154854999174,35.41992366800543],[32.7011024009918,35.42056017400549],[32.700453996991754,35.42086950400548],[32.70015953899173,35.420717813005496],[32.7001103149918,35.41983245800544],[32.699846607991745,35.419248454005476],[32.699370715991755,35.41927224900548],[32.69875205599177,35.419438811005485],[32.697586119991755,35.419438811005485],[32.697586119991755,35.419438811005485]]]}