{"segmentId":"5001000","streetsFileVersion":188,"polygonPointList":[[[32.44018220199213,35.41435121800545],[32.439857404992125,35.414379771005436],[32.43962932699209,35.41432681000545],[32.43934106399213,35.41453202400545],[32.438693762992095,35.41499283700547],[32.43860464199211,35.414983075005495],[32.43840999999208,35.4150000000055],[32.4383938119921,35.41705230100552],[32.437204081992036,35.41862869300555],[32.436014350992025,35.41883689600556],[32.43473539099204,35.41809331500555],[32.43644142399213,35.414454691005474],[32.436949999992066,35.41337000000544],[32.43701244199209,35.41332004700547],[32.43668925099215,35.41290417000545],[32.43634258399213,35.412557772005464],[32.43624201999217,35.412457286005456],[32.43610284699211,35.41211773100546],[32.43639539299216,35.41166285400542],[32.4369925229922,35.41092758600543],[32.43705158399219,35.41091771200543],[32.43730163099216,35.41087590700541],[32.4379121909922,35.411012340005435],[32.43929829499215,35.41238220800543],[32.43931149599217,35.41238473000543],[32.43960757799214,35.412330643005454],[32.439850266992146,35.41190632100544],[32.44010011099214,35.41213475000544],[32.43995364499214,35.412595427005435],[32.44035660099215,35.41278495800542],[32.44038564599211,35.41279861800546],[32.440457028992135,35.413041324005455],[32.44043204499214,35.41418346500547],[32.44043131899208,35.41418395300549],[32.44018220199213,35.41435121800545],[32.44018220199213,35.41435121800545]]]}