{"segmentId":"5001774","streetsFileVersion":96,"polygonPointList":[[[30.9771199999988,34.71344000000071],[30.97691999999882,34.71354000000073],[30.977129999998773,34.71397000000072],[30.977389999998785,34.714610000000704],[30.97771999999876,34.71536000000069],[30.977839999998793,34.7156700000007],[30.97830999999882,34.71652000000071],[30.978739999998805,34.717150000000714],[30.978914823998796,34.71738839600071],[30.978959999998743,34.717450000000696],[30.97929999999875,34.7180600000007],[30.978729999998738,34.71911000000071],[30.978429999998784,34.71968000000071],[30.97812999999878,34.720240000000715],[30.97818999999874,34.720600000000715],[30.978329999998735,34.7205600000007],[30.979759999998763,34.721910000000705],[30.98176999999875,34.72374999900074],[30.982309999998762,34.72432000000071],[30.98177999999874,34.72644000000071],[30.980776101998728,34.72652814700075],[30.980991962998747,34.72789620900074],[30.981593240998738,34.73170692700076],[30.982754417998756,34.733125086000726],[30.9829358189987,34.73341617100075],[30.983572951998724,34.734438548000774],[30.982908726998712,34.73543488600076],[30.98286863199876,34.73549502900075],[30.98226900699873,34.73578056400075],[30.981107830998706,34.73539985100078],[30.980013277998715,34.73409590600075],[30.97985147499871,34.73277292600074],[30.980793741998724,34.73173548100073],[30.97999163299876,34.72787818200073],[30.979729999998785,34.72662000000071],[30.977869999998745,34.725150000000724],[30.977579999998717,34.72551000000072],[30.977349999998754,34.72570000000076],[30.977179999998743,34.725780000000725],[30.977079999998764,34.72568000000075],[30.976989999998768,34.725570000000744],[30.976759999998762,34.72536000000076],[30.97658999999875,34.725250000000756],[30.976309999998776,34.72505000000074],[30.97618999999872,34.72495000000071],[30.976019999998762,34.724759999000746],[30.97557999999876,34.72406000000074],[30.974040081998737,34.724035082000725],[30.97248999999876,34.72401000000075],[30.971219999998777,34.72507000000075],[30.970819999998774,34.72544000000073],[30.97072999999877,34.725209999000754],[30.97039999999875,34.724480000000696],[30.970169999998745,34.72400000000072],[30.97006999999881,34.72383000000075],[30.96922999999873,34.722490000000725],[30.96578773499876,34.7171533350007],[30.96512413499877,34.716124532000705],[30.964759999998805,34.7155600000007],[30.964319999998757,34.714880000000704],[30.9635099999988,34.71360000000069],[30.962949999998784,34.712700000000694],[30.962909999998814,34.71264000000073],[30.962559999998806,34.712070000000686],[30.961939999998773,34.7110100000007],[30.96121999999876,34.709770000000695],[30.960129999998806,34.70775000000067],[30.959899999998825,34.70732000000067],[30.959699999998808,34.70696000000068],[30.959492735998822,34.70657238900066],[30.95892999999882,34.70552000000067],[30.958709999998828,34.705100000000705],[30.958519999998828,34.704740000000704],[30.958319999998825,34.70438000000071],[30.95798999999883,34.70376000000068],[30.95733999999882,34.70254000000068],[30.957109999998835,34.702100000000655],[30.956989999998843,34.70186000000069],[30.956659999998823,34.70115000000066],[30.956319999998826,34.70035000000069],[30.95631155599881,34.70032748200065],[30.956199999998812,34.700030000000645],[30.95582999999884,34.69910000000066],[30.95549999999883,34.69810000000068],[30.955239999998845,34.69726000000064],[30.955089999998826,34.69670000000069],[30.954939999998842,34.69611000000065],[30.954922212998813,34.696023291000685],[30.954699999998848,34.694940000000635],[30.954529999998822,34.694130000000634],[30.95442999999885,34.693450000000645],[30.95429999999883,34.692470000000675],[30.954239999998833,34.691800000000654],[30.954179999998882,34.69106000000065],[30.95412999999887,34.689810000000676],[30.95410999999887,34.68870000000064],[30.95413999999886,34.687730000000634],[30.954169999998836,34.687290001000655],[30.95422999999886,34.686470000000625],[30.954299999998856,34.685700000000644],[30.954322154998874,34.68554491200065],[30.954459999998853,34.68458000000063],[30.95528999999885,34.68489000000064],[30.955859999998843,34.68508000000061],[30.9560699999989,34.68506000000066],[30.9561799999989,34.68501000000062],[30.956439999998842,34.68500000000065],[30.956339999998896,34.68513000000066],[30.956269999998895,34.68533000000066],[30.956269999998895,34.685510000000676],[30.956265497998846,34.685579038000654],[30.956239999998854,34.68597000000064],[30.95625999999886,34.68642000000064],[30.956309999998837,34.686840000000664],[30.95625999999886,34.68713000000061],[30.956219999998854,34.68798000000063],[30.956199999998848,34.688540000000636],[30.95620999999885,34.68917000000064],[30.956457790998844,34.689178850000665],[30.95704999999885,34.68920000000062],[30.958199999998847,34.68919000000064],[30.95822999999889,34.68991000000066],[30.95821999999886,34.690490000000665],[30.958209999998886,34.69115000000065],[30.958419999998835,34.691200000000634],[30.95904999999885,34.69116000000062],[30.959519999998836,34.69118000000063],[30.96005999999887,34.69117000000065],[30.960309999998852,34.691120000000666],[30.96075999999884,34.691120000000666],[30.961339999998856,34.69117000000065],[30.961799999998853,34.69117000000065],[30.96277999999885,34.69115000000065],[30.963539999998844,34.69107000000062],[30.965259999998857,34.69105000000068],[30.96545478099885,34.69104552200063],[30.966999999998848,34.69101000000066],[30.967109999998847,34.69101000000066],[30.967149999998853,34.69185000000064],[30.96718999999886,34.69262000000063],[30.966979999998827,34.693090000000645],[30.967099999998872,34.69361000000064],[30.967539999998817,34.69544000000068],[30.96764999999882,34.69590000000066],[30.96773266899882,34.696249755000665],[30.968039999998798,34.697550000000646],[30.968669999998806,34.70042000000069],[30.968789999998837,34.700540000000665],[30.968709999998826,34.700600000000684],[30.969119999998817,34.70247000000069],[30.969209999998817,34.702550000000656],[30.969149999998837,34.7026000000007],[30.969119999998778,34.702630000000674],[30.96900999999878,34.70305000000069],[30.968969999998823,34.703300000000695],[30.96900999999878,34.70390000000066],[30.96909999999879,34.70460000000066],[30.969249999998823,34.705190000000705],[30.969349999998837,34.70543000000067],[30.969529999998826,34.706320000000694],[30.96959999999883,34.70649000000066],[30.97035999999877,34.70663000000071],[30.9706699999988,34.70648000000069],[30.971179999998807,34.706410000000695],[30.971399999998813,34.70636000000071],[30.97295999999881,34.70592000000068],[30.973069999998803,34.70595000000066],[30.973049999998825,34.7058900000007],[30.974285663998767,34.70554046900066],[30.975559999998787,34.70518000000068],[30.976709999998793,34.70440000000071],[30.976889999998804,34.70419000000067],[30.976939999998834,34.70400000000069],[30.977129999998812,34.704110000000696],[30.97736999999882,34.70420000000071],[30.977479999998845,34.704350000000666],[30.97771999999879,34.70437000000067],[30.978569999998793,34.70424000000065],[30.97896999999883,34.70434000000069],[30.979769999998794,34.70432000000068],[30.980209999998827,34.70427000000069],[30.980569999998814,34.70412000000067],[30.980839999998814,34.704110000000696],[30.98105999999884,34.70400000000069],[30.981329999998813,34.703950000000695],[30.981419999998838,34.70388000000065],[30.981589999998814,34.703800000000676],[30.981929999998798,34.703750000000696],[30.982339999998814,34.703510000000676],[30.982859999998833,34.703250000000644],[30.983059999998787,34.70306000000068],[30.983289999998828,34.70284000000066],[30.9833431789988,34.70279649000065],[30.983839999998793,34.70239000000066],[30.985929999998824,34.7026900000007],[30.986189999998857,34.70264000000065],[30.98664999999882,34.702630000000674],[30.987529999998802,34.702460000000656],[30.987679999998836,34.702460000000656],[30.987819999998816,34.7024200000007],[30.98864999999883,34.70235000000065],[30.98880999999884,34.7024200000007],[30.988919999998828,34.70238000000069],[30.989059999998823,