{"segmentId":"5001389","streetsFileVersion":236,"polygonPointList":[[[32.873793272996004,35.10057517800218],[32.87330993299599,35.10062639800217],[32.87335356399605,35.099380045002164],[32.873398207996026,35.09810476200217],[32.87350056999607,35.095180717002165],[32.875071664996085,35.095004374002144],[32.87782169299606,35.09469570600214],[32.87800391299603,35.094599001002166],[32.88066515199611,35.09318667700216],[32.881889210996064,35.092537066002116],[32.881945136996094,35.09250738600217],[32.88635994399609,35.0901644400021],[32.886383804996086,35.090398045002104],[32.887069999996086,35.09298000000216],[32.88743432199606,35.09395636800218],[32.887687616996054,35.094635187002154],[32.88514872799605,35.095241557002176],[32.88292525899605,35.09577259500213],[32.88365999999603,35.10214000000222],[32.882740529995985,35.10208215900222],[32.88051821199598,35.10194236000222],[32.879049999996006,35.10185000000222],[32.87852301199603,35.102005586002235],[32.87829681199597,35.101181478002204],[32.877923257996024,35.10124329800219],[32.87762298499603,35.10102580900222],[32.87700999999599,35.10099999900221],[32.876541756996,35.10047133800217],[32.87470215299601,35.10063128900218],[32.87469025599601,35.101880506002196],[32.87389313699598,35.10185671200218],[32.873793272996004,35.10057517800218],[32.873793272996004,35.10057517800218]]]}