{"segmentId":"5001179","streetsFileVersion":188,"polygonPointList":[[[32.699659999992704,35.36828000000474],[32.69844811799263,35.37008955100477],[32.69818069999269,35.370664200004825],[32.697316440992616,35.3717794320048],[32.69731599999265,35.37178000000482],[32.69757239199261,35.37201846800484],[32.69764499999265,35.372086000004785],[32.697480999992614,35.372437000004815],[32.69735004399264,35.37245511100485],[32.697292999992634,35.3724630000048],[32.69729298999261,35.37246309900483],[32.69729148999261,35.37247870700479],[32.69717999999258,35.37565700000486],[32.69630113599252,35.37877172300491],[32.69624551699252,35.378968842004916],[32.6962510619925,35.3789820180049],[32.6962512339925,35.37898242500492],[32.6962539379925,35.37898885200494],[32.696253999992514,35.37898900000491],[32.6962125159925,35.37910076800491],[32.69619489999254,35.37914823000492],[32.696089999992466,35.37952000000493],[32.696034999992506,35.379568000004916],[32.696034978992515,35.37956814300489],[32.696020999992484,35.379664000004915],[32.6959071709925,35.379679976004894],[32.69590699999248,35.379680000004925],[32.69536999999247,35.38015000000494],[32.6951793609925,35.380298718004944],[32.69517899999251,35.380299000004904],[32.695049999992456,35.38040000000494],[32.69402999999246,35.381050000004954],[32.69365399999247,35.381140000004955],[32.69378999999245,35.38176000000494],[32.69363999999249,35.381847000004946],[32.69363999999249,35.38199000000493],[32.69360931499245,35.38242471400492],[32.693589999992405,35.382980000004935],[32.692759999992454,35.38310999900496],[32.69141400699253,35.37864205600489],[32.69131999899253,35.3783300000049],[32.690089998992555,35.37842000000491],[32.68854999999257,35.37755000000488],[32.68835999999255,35.3770900000049],[32.68830246299255,35.376783138004896],[32.688254118992575,35.37663335500485],[32.688253999992526,35.37663300000486],[32.68642999999253,35.37725200000488],[32.68621583999254,35.37745136700489],[32.68511627699254,35.37847498100491],[32.6838529999925,35.37965100000489],[32.68378460699252,35.3796628940049],[32.68378453399249,35.379662907004935],[32.683737999992516,35.379671000004905],[32.6837333349925,35.3796670010049],[32.683731030992476,35.37966502600492],[32.68373099999253,35.37966500000491],[32.6837244769925,35.37967178900491],[32.683681999992466,35.3797160000049],[32.683681853992496,35.3797157740049],[32.68313982099252,35.378876293004936],[32.68299499999256,35.3786520000049],[32.68218145099253,35.37959938300489],[32.68205999999248,35.379930000004926],[32.681729999992505,35.3803700000049],[32.68150999999248,35.380600000004954],[32.68138712099252,35.38052438200491],[32.68137999999247,35.3805326760049],[32.68137999999247,35.38085000000494],[32.680869999992474,35.38133000000494],[32.68015999999247,35.38206000000492],[32.680079999992444,35.38212000000494],[32.67994099999247,35.382208400004934],[32.67869626799252,35.38056735300494],[32.67869599999249,35.380567000004916],[32.67746999999245,35.382446000004975],[32.677450361992484,35.382438604004975],[32.67745028899243,35.38243857600492],[32.67739875499248,35.38241916700498],[32.67712366799245,35.382811930004976],[32.677095999992495,35.38285200000498],[32.677095682992466,35.38285242300494],[32.67708999999248,35.38286000000496],[32.67657999999247,35.38275000000496],[32.67615999999245,35.38255000000495],[32.67587999999249,35.38242000000493],[32.67591357899246,35.38214220800496],[32.67547399999249,35.38187400000493],[32.67543699999247,35.38153700000493],[32.6755263249925,35.381505685004925],[32.6759062449925,35.381372498004964],[32.67620838399251,35.38102194800496],[32.6761999999925,35.38093000000491],[32.67629621299248,35.38092004700496],[32.67653499999251,35.38064300000496],[32.676649999992534,35.379060000004905],[32.677109999992496,35.379110000004886],[32.677166569992515,35.37912290200492],[32.677166999992544,35.37912300000491],[32.677279999992535,35.3791500000049],[32.677318771992496,35.3792382210049],[32.6785449999925,35.379565000004945],[32.678545045992514,35.37956485100492],[32.67893199999253,35.378323000004926],[32.678932184992554,35.37832305300488],[32.67898075599255,35.37833691500488],[32.679807690992554,35.37857291200489],[32.679807999992526,35.37857300000493],[32.67987500199257,35.37833599200493],[32.68005399899257,35.37770400000489],[32.680860666992565,35.37700129100488],[32.680860999992554,35.37700100000489],[32.68148399999259,35.37636300000485],[32.68148384599256,35.376362636004885],[32.68146199999261,35.376311000004875],[32.68184345399256,35.37600044400487],[32.68184399999259,35.37600000000485],[32.6818399999926,35.37600000000485],[32.68161999999258,35.37597000000487],[32.6834999999926,35.37438000000483],[32.683939999992646,35.37255000000482],[32.68631375699262,35.372277909004815],[32.686469999992624,35.3722600000048],[32.68680699999264,35.37122800000478],[32.68634212499267,35.370779109004815],[32.685439999992646,35.369908000004806],[32.68275999999263,35.369800000004794],[32.68248299999266,35.369531000004784],[32.68204626399271,35.369433059004805],[32.68204599999269,35.369433000004804],[32.682185999992704,35.367782000004745],[32.68211498199269,35.36773249300477],[32.68034699999272,35.36650000000472],[32.67902299999272,35.36609400000472],[32.67837685499274,35.36578106500476],[32.67742548499277,35.36543389600475],[32.67735999999276,35.365410000004736],[32.67716999999272,35.36598000000472],[32.67692827199274,35.365953142004706],[32.67673999999276,35.366190000004764],[32.67604999999273,35.365860000004744],[32.67638999999275,35.364680000004746],[32.67670415999275,35.364765014004725],[32.67671599999277,35.364707000004735],[32.67691773099277,35.3647743370047],[32.67743465899274,35.36494688600472],[32.67743499999279,35.3649470000047],[32.677651539992766,35.365019779004754],[32.677675999992786,35.36502800000473],[32.67767600599279,35.36502796200473],[32.67796900099283,35.363088000004716],[32.67798502699277,35.363091244004686],[32.6781399999928,35.3621200000047],[32.680039999992836,35.36243000000472],[32.679839999992794,35.364180000004694],[32.68250980999278,35.364741756004726],[32.68252098699274,35.36465810000472],[32.682520999992796,35.36465800000475],[32.68276700499278,35.36473206100471],[32.683470999992785,35.36494400000471],[32.68347651799277,35.365726388004724],[32.683499999992726,35.36573000000473],[32.683479999992706,35.366220000004745],[32.685639999992674,35.36736000000478],[32.68634399999275,35.36784400000476],[32.6863442119927,35.367844148004785],[32.68639147699269,35.36787714500479],[32.68639697799273,35.36788098500477],[32.68639699999273,35.36788100000478],[32.686569999992734,35.36800000000477],[32.68660999999267,35.36890000000477],[32.68818399999265,35.36913300000476],[32.68822999999267,35.36896400000479],[32.68826690499268,35.368942348004786],[32.68871720799271,35.36790682400475],[32.68902153599271,35.36720698800478],[32.68934493199275,35.36588927700475],[32.689344999992755,35.365889000004714],[32.68944171099272,35.36590096400473],[32.68944199999273,35.36590100000475],[32.68948999999271,35.365740000004756],[32.6895599999927,35.365520000004736],[32.68973999999274,35.364730000004734],[32.68978999999279,35.364680000004746],[32.69012999999277,35.36451000000472],[32.69021999999278,35.36442000000473],[32.69024383299278,35.36439616700471],[32.69028999999278,35.36428999900472],[32.69027677099279,35.36355530800471],[32.690259999992726,35.36339000000469],[32.69018999999275,35.36302000000471],[32.690267447992795,35.363037602004724],[32.690259999992776,35.362624000004686],[32.69121291199276,35.36273386400471],[32.69150899999281,35.36276800000472],[32.691508990992766,35.36276788300471],[32.691479999992815,35.36238000000467],[32.692099999992784,35.36192000000469],[32.692559999992824,35.36147000000468],[32.69303999999281,35.361000000004665],[32.69328999999281,35.360760000004646],[32.6934499999928,35.361300000004654],[32.69352999999282,35.36163000000467],[32.69355999999281,35.361970000004675],[32.69360600099278,35.361991769004675],[32.693664011992816,35.36199689900471],