{"segmentId":"5001079","streetsFileVersion":236,"polygonPointList":[[[32.54187059799031,35.50067221900684],[32.545430025990264,35.50245490700686],[32.54775955999022,35.503435392006836],[32.54683156999018,35.505219988006914],[32.545126221990145,35.50895434800693],[32.544575243990046,35.51086428500696],[32.54448681699009,35.51117081000701],[32.54419843299004,35.512122478007],[32.54178090099004,35.51113262200698],[32.54004006399008,35.50993939700696],[32.53827907299027,35.50317566800684],[32.53817138399027,35.50233872200684],[32.53805796199026,35.501457215006845],[32.53957765999037,35.498871182006795],[32.53979708899034,35.49849778400677],[32.54187059799031,35.50067221900684],[32.54187059799031,35.50067221900684]]]}