{"segmentId":"5001228","streetsFileVersion":236,"polygonPointList":[[[32.72112863999684,35.0146904170017],[32.721596662996824,35.01511942400168],[32.721599174996825,35.015155634001715],[32.72045336699679,35.017680654001715],[32.720365532996816,35.01770936200173],[32.72036372099681,35.017713173001724],[32.720362644996825,35.017715437001705],[32.7203619739968,35.01771207600173],[32.72031960199683,35.01768547000172],[32.71990461899677,35.0174249000017],[32.719786818996795,35.016685973001714],[32.719735539996805,35.01636431400169],[32.71972930099677,35.01632518000168],[32.71977322899682,35.01625120200169],[32.71980652099683,35.0162390960017],[32.72011543399678,35.01555385400173],[32.72062939699679,35.01477577000168],[32.72092542199682,35.014945379001695],[32.72112863999684,35.0146904170017],[32.72112863999684,35.0146904170017]]]}