{"segmentId":"5001437","streetsFileVersion":188,"polygonPointList":[[[32.918943254991405,35.42747781200553],[32.91803625299135,35.429045956005524],[32.917607949991385,35.42898646800555],[32.917417592991384,35.42879611200553],[32.91750087399141,35.42820124700553],[32.917262926991384,35.42767776500552],[32.91725056799141,35.42743158500554],[32.91714061399147,35.42524162100548],[32.91622095299149,35.425387978005496],[32.915445634991414,35.426303337005486],[32.91532626299144,35.42649121300552],[32.91490886399142,35.426937063005475],[32.91463508599142,35.4270749100055],[32.91353295799147,35.42684543400547],[32.91344099599145,35.4268393100055],[32.91266772299142,35.4266021730055],[32.912121197991496,35.4260676550055],[32.912066470991455,35.42605058700552],[32.911937966991445,35.42551755200546],[32.911937535991456,35.42548723800551],[32.91180999999146,35.42493000100549],[32.91192471999148,35.42458583900545],[32.911923690991465,35.42451341900547],[32.91206999999148,35.42415000000547],[32.91241009399149,35.42411509100544],[32.912612853991455,35.423967852005454],[32.9137195339915,35.42375198100547],[32.913720105991494,35.423751869005464],[32.91404171899151,35.423689135005475],[32.914062618991494,35.423689186005454],[32.91418893699151,35.42359018900545],[32.914731433991456,35.42370622100544],[32.914855043991466,35.42371467400546],[32.91490589799146,35.42374353700547],[32.9150996659915,35.42378497900547],[32.9150799999915,35.42349000000548],[32.91505999999149,35.42343000000547],[32.915589999991525,35.423150000005485],[32.9156824709915,35.422459545005424],[32.915659999991526,35.42210000000544],[32.9157399999915,35.42203000000545],[32.914929999991536,35.420800000005414],[32.91482999999155,35.42059000000542],[32.914769999991535,35.420340000005424],[32.91473999999155,35.420040000005386],[32.914769999991535,35.41973000000542],[32.9149999999916,35.41855000000537],[32.91633493799157,35.41842166200541],[32.917349999991586,35.41873000000538],[32.91746999999155,35.418790000005394],[32.91751999999155,35.41885000000541],[32.91753748399155,35.418894682005366],[32.91847966199154,35.41972227000544],[32.91860999999157,35.419760000005404],[32.918689999991535,35.41980000000542],[32.918829999991594,35.42003000000541],[32.918939999991565,35.4204200000054],[32.91896999999156,35.42083000000538],[32.919029999991565,35.42118000000542],[32.91902923499152,35.421197192005444],[32.91912787099153,35.421775032005414],[32.9193076469915,35.42251861200542],[32.919307111991515,35.42282508600544],[32.919280103991504,35.42286927400545],[32.91926999999149,35.42294000000543],[32.91920999999151,35.42312000000544],[32.91913999999149,35.42327000000546],[32.9189999999915,35.42343000000545],[32.91887327799148,35.42353487300546],[32.91879761599149,35.423658663005426],[32.91875304799148,35.423730658005475],[32.9197608579915,35.42470118400549],[32.92003999999143,35.42497000000546],[32.91988382299148,35.425382586005504],[32.91976999999144,35.42576000000547],[32.91973846199144,35.425856273005515],[32.91957999999143,35.42634000000549],[32.91936999999146,35.4267400000055],[32.918943254991405,35.42747781200553],[32.918943254991405,35.42747781200553]]]}