{"segmentId":"5001371","streetsFileVersion":96,"polygonPointList":[[[32.84625519999139,35.430855600005565],[32.8451696999914,35.430956100005595],[32.843761699991454,35.43126380000561],[32.84298559999145,35.43107430000558],[32.842182899991435,35.43072210000556],[32.84174069999146,35.42946870000554],[32.841602014991466,35.427367226005536],[32.84160200699151,35.427367113005545],[32.84160199999152,35.427367000005546],[32.8414792249915,35.42722042700555],[32.84137533699147,35.42709640500553],[32.84137499999149,35.427096000005534],[32.841547294991514,35.4261560120055],[32.841690999991506,35.42537200000549],[32.84169105799152,35.42537168000552],[32.84171999999155,35.4252120000055],[32.84164411799153,35.424904449005496],[32.84145599999154,35.42414200000552],[32.84139999999161,35.42281000000545],[32.84146945799159,35.42247082300543],[32.84169099999158,35.421389000005426],[32.84205599999165,35.420415000005434],[32.84205184999167,35.419987580005426],[32.84204799999165,35.4195910000054],[32.84213214999165,35.41955556800544],[32.842142999991665,35.419551000005434],[32.842143053991656,35.4195509010054],[32.84215999999164,35.4195200000054],[32.842279999991675,35.41947000000542],[32.84289999999163,35.4193400000054],[32.84303999999161,35.41938000000542],[32.84310899999162,35.41941500000544],[32.84325483599164,35.4193958420054],[32.843481999991646,35.41936600000539],[32.84418899999161,35.41999000000541],[32.84473599999164,35.42078700000546],[32.844993814991625,35.421216406005435],[32.845336999991574,35.42178800000545],[32.84558199999158,35.4229250000055],[32.84560400399158,35.42326093700549],[32.845682999991574,35.42446700000549],[32.845603511991506,35.42496827100551],[32.845523006991534,35.42547595900549],[32.84552299999154,35.42547600000552],[32.84548099999153,35.425743000005525],[32.84545399999153,35.42577200000551],[32.84543999999152,35.42597000000553],[32.84539999999149,35.426240000005535],[32.84517999999145,35.42682000000555],[32.84579869999147,35.428108300005576],[32.84625519999139,35.430855600005565],[32.84625519999139,35.430855600005565]]]}