{"segmentId":"5001029","streetsFileVersion":188,"polygonPointList":[[[32.5304506759976,34.90746594700122],[32.53042376799756,34.9076872940012],[32.530439999997604,34.90769000000123],[32.53041195199761,34.90778449400122],[32.53040573999758,34.907835595001224],[32.530395037997586,34.90784147900124],[32.53031661799756,34.9081056780012],[32.53002555399758,34.91028848900122],[32.53000412699757,34.910375952001225],[32.53002943199757,34.910425282001256],[32.52995107099755,34.910592525001206],[32.529724595997564,34.91151699000123],[32.529646898997555,34.91162561100122],[32.52912545099754,34.912354592001236],[32.52896070599758,34.91267321900125],[32.527859364997575,34.912595350001254],[32.52711697199756,34.912642940001255],[32.52702712499758,34.91252873800124],[32.526408518997535,34.912322890001235],[32.52401316999756,34.91229493800125],[32.523489847997574,34.91225919300126],[32.522931563997545,34.91142212700122],[32.52282938099761,34.91133967000126],[32.52238715099753,34.91098280900126],[32.519667599997575,34.910650408001224],[32.51963061099755,34.90911863500121],[32.51965635199755,34.908810972001206],[32.51973816999758,34.907833073001235],[32.51631173599756,34.9067801070012],[32.5162753489976,34.90702073700121],[32.516224811997596,34.90748335500124],[32.51629999999759,34.9076800000012],[32.51610999999755,34.90810999900121],[32.51584103399762,34.908294914001246],[32.51562999999758,34.90844000000122],[32.51386999999757,34.90865000000125],[32.5138513469976,34.90864780600122],[32.51352999999759,34.908610000001254],[32.513179999997575,34.90824000000121],[32.51284248199758,34.90785687000122],[32.51256857099756,34.90787932500124],[32.512414133997574,34.907872542001236],[32.511518864997576,34.90790529700124],[32.5114226479976,34.90757335700122],[32.511440085997585,34.90687500000124],[32.5114399309976,34.906809353001194],[32.51143795199761,34.90597397500122],[32.51146139599761,34.90579932300122],[32.51086585299759,34.90556809200123],[32.51010353599759,34.90527210900123],[32.51009013499761,34.905551722001206],[32.50994775099757,34.9085224870012],[32.50999350099759,34.90857292700125],[32.5100263669976,34.90875077000122],[32.51003419699759,34.90883408900122],[32.510009681997545,34.90896031100122],[32.509922110997564,34.9090574560012],[32.50765723499761,34.909839837001236],[32.50763999999758,34.90987000000125],[32.50758565399755,34.90986456500126],[32.50673327299758,34.91015901300124],[32.50482561999761,34.909093272001236],[32.50366107999756,34.90844268500125],[32.50454668599754,34.91294608900126],[32.50439712199757,34.91326754000125],[32.50359443399754,34.91384730000124],[32.50271319999758,34.91450894900124],[32.500678031997545,34.91552620300127],[32.49964044099756,34.91597388600128],[32.49945530499752,34.916053766001276],[32.496599415997544,34.91728920600129],[32.495678186997544,34.91757928700123],[32.495677622997555,34.917579440001276],[32.495097353997544,34.917736530001285],[32.49341147599754,34.917927677001295],[32.49140953699753,34.91762323400129],[32.49000272199754,34.91715138900123],[32.48777506199752,34.91579713800128],[32.487690757997534,34.91572050700127],[32.48670070899755,34.91482056100126],[32.48622962299756,34.914392349001226],[32.48455635199753,34.91260407000124],[32.48310406599759,34.91068989200124],[32.481611753997555,34.90917474900122],[32.48130879799759,34.90817930500122],[32.4814024149976,34.905392357001205],[32.481448972997605,34.9051786290012],[32.48145974699759,34.90494797100123],[32.48147534199764,34.904614162001195],[32.481770579997615,34.903702260001204],[32.48262846899763,34.903277184001205],[32.48334880299763,34.903544343001236],[32.483652836997635,34.90351392200122],[32.483111368997626,34.90168800500119],[32.4836812009976,34.90053763500118],[32.486113150997625,34.898842293001174],[32.486431636997665,34.89915216100122],[32.48644999999763,34.89913000000121],[32.48670663599766,34.89939357200121],[32.48693099499768,34.89962399400115],[32.48718999999766,34.89988999900118],[32.489599999997644,34.90030000000122],[32.49028234799761,34.9010787670012],[32.490299999997625,34.90109000000122],[32.490339999997644,34.90114000000121],[32.490352936997645,34.901155289001174],[32.49043172199763,34.9011779910012],[32.490419313997656,34.90120512000119],[32.49041451899763,34.90121549700121],[32.49041077399766,34.9012236420012],[32.49044999999767,34.90127000000122],[32.490519999997645,34.90135000000119],[32.49048732299762,34.90178852500118],[32.49059943299761,34.90187956300122],[32.49037666599759,34.903273543001234],[32.49589103299766,34.90352772900123],[32.49650712299764,34.903556129001196],[32.4973919039976,34.90347608400119],[32.4995611609976,34.90369690500122],[32.500988616997624,34.9040004420012],[32.50133855799762,34.9042994890012],[32.50256501999764,34.904715292001214],[32.5028068029976,34.90467466000123],[32.502841584997604,34.9046530980012],[32.50310372999765,34.9045283480012],[32.50322367599761,34.9046046040012],[32.503644893997595,34.90453381700123],[32.50491348599766,34.9032974600012],[32.50572034199765,34.9025111080012],[32.50838919699762,34.89991006900119],[32.50864157999765,34.89975757100121],[32.50865098099764,34.89974542600118],[32.508672411997644,34.8997389420012],[32.51100359399766,34.898330368001204],[32.51117999999763,34.8980300000012],[32.51133152799762,34.89800835300122],[32.511685639997644,34.89673499400117],[32.51299434399763,34.89688371100117],[32.513737925997624,34.89783549500117],[32.51324102899762,34.89981396900118],[32.51397266399761,34.900636085001175],[32.514417197997616,34.9011355930012],[32.51444304599764,34.90114201100119],[32.51447945299761,34.90120554700121],[32.5153369039976,34.90216903600118],[32.51617543399759,34.90209502900122],[32.516860967997644,34.90170211900119],[32.5187786349976,34.90229078200123],[32.519415555997625,34.90079447900121],[32.52297367999764,34.90182347600121],[32.52643525899761,34.902824553001224],[32.527043276997645,34.903268610001206],[32.5274827179976,34.903658070001214],[32.528622911997616,34.9045653820012],[32.52897460599761,34.904767182001216],[32.52925385899759,34.90501408800118],[32.52973970499759,34.90545407100123],[32.52993028999757,34.90597060900123],[32.52993565099761,34.905985140001206],[32.52997413299759,34.90608953100124],[32.53001573799758,34.90612180600121],[32.53007667699761,34.9064076200012],[32.53012004699759,34.90653034700122],[32.53015457099755,34.9065476780012],[32.530169288997605,34.90666968800124],[32.53029242399758,34.90701813400123],[32.5303007909976,34.90703836000123],[32.5304506759976,34.90746594700122],[32.5304506759976,34.90746594700122]]]}