{"segmentId":"5001190","streetsFileVersion":236,"polygonPointList":[[[32.70324974499707,34.98088095200154],[32.703363593997075,34.98116815500151],[32.70245725399702,34.98337240800153],[32.70197239199705,34.98359159100155],[32.70164206299703,34.984278618001575],[32.70154028699706,34.98449029400157],[32.700887534997015,34.98651589500154],[32.698503707997034,34.98616410000156],[32.696733050997,34.988002989001565],[32.69521019599703,34.98736053500157],[32.695545586997035,34.98551743200155],[32.69675539099705,34.98430324100158],[32.69688483899705,34.984173323001556],[32.697168348997025,34.983888784001536],[32.69740419499705,34.983289505001565],[32.69742768099708,34.98322982900153],[32.69764249399704,34.98268399500155],[32.69825292199709,34.98113290900154],[32.69936433899707,34.97963995300153],[32.69965462799712,34.97906164600152],[32.70025643399706,34.97786274100149],[32.700554697997134,34.977268547001515],[32.702039390997086,34.9775167690015],[32.70217320099708,34.97791106800149],[32.7027014759971,34.97946774700153],[32.703242475997094,34.97966044900152],[32.70324974499707,34.98088095200154],[32.70324974499707,34.98088095200154]]]}