{"segmentId":"5001375","streetsFileVersion":96,"polygonPointList":[[[32.85500928198072,35.80226795801396],[32.85097288698056,35.80774872801408],[32.851059999980535,35.80831000001414],[32.85249139098044,35.81023363401418],[32.853872011980364,35.812089040014236],[32.851739999980275,35.814820000014336],[32.85051999998018,35.81695000101442],[32.85019999998015,35.8170300000144],[32.84965999998014,35.8167100000144],[32.84878999998021,35.81619000001439],[32.84844086698025,35.81598218301439],[32.84794999998021,35.815690000014385],[32.8474099999802,35.81535999901437],[32.84719999998023,35.81520000001436],[32.84704999998022,35.81506000001437],[32.84688999998024,35.81487000001433],[32.84655999998027,35.814380000014296],[32.84607999998028,35.81364000001433],[32.84600570898031,35.81352269801429],[32.8458524609803,35.81368650001432],[32.844484444980374,35.81164470801426],[32.84320871198031,35.8128522700143],[32.84314259898032,35.81279015501429],[32.84313086698037,35.812779132014285],[32.84262999998031,35.813280000014316],[32.842499999980305,35.81326000001431],[32.841709999980345,35.81231000001423],[32.841160539980415,35.81073873801421],[32.84113999998041,35.8106800000142],[32.8412281769805,35.809878391014166],[32.84124999998048,35.80968000001419],[32.841459999980515,35.808490000014146],[32.841449999980554,35.80798000001411],[32.84100999998056,35.80753000001409],[32.84004327298063,35.80672961701406],[32.8396402889806,35.80639597301408],[32.83948103198059,35.80626412001405],[32.83930971098077,35.80272348201393],[32.83972344998077,35.80268773001396],[32.83983158198075,35.80267838601393],[32.84875709398079,35.801907115013925],[32.854563132980786,35.801405403013895],[32.85500928198072,35.80226795801396],[32.85500928198072,35.80226795801396]]]}