{"segmentId":"5001202","streetsFileVersion":236,"polygonPointList":[[[32.70340686799596,35.1144887860023],[32.703111031995945,35.11482967400234],[32.70307247099596,35.11509884200233],[32.70305605399597,35.115312264002334],[32.70192746999593,35.11591212600234],[32.70193246399593,35.115922524002315],[32.70206127299595,35.11619067700235],[32.70293097599595,35.11764157200231],[32.70293999999594,35.11802000000234],[32.70196050999593,35.119068942002365],[32.701816560995894,35.119129247002334],[32.70125016999591,35.118612107002335],[32.70118465399593,35.11781384200232],[32.70113957699595,35.117740921002344],[32.700683046995955,35.11750157600233],[32.69973243199599,35.1150185360023],[32.69992039699595,35.11479432100229],[32.699266681995944,35.11385753600232],[32.70043616499596,35.113107566002306],[32.70115157599596,35.11336874800228],[32.702159999995985,35.1129100000023],[32.702255074995975,35.11300182400228],[32.703133229995984,35.11356079600231],[32.70343066299601,35.11392961300229],[32.70340686799596,35.1144887860023],[32.70340686799596,35.1144887860023]]]}