{"segmentId":"5001375","streetsFileVersion":188,"polygonPointList":[[[32.85500928198072,35.80226795801396],[32.85097288698056,35.80774872801408],[32.851052884980504,35.80826415301411],[32.85287376298044,35.8102456980142],[32.85353033598041,35.810960205014226],[32.85334694798036,35.811383410014244],[32.853872011980364,35.812089040014236],[32.851739999980275,35.814820000014336],[32.85051999998018,35.81695000101442],[32.85019999998015,35.8170300000144],[32.84965999998014,35.8167100000144],[32.84878999998021,35.81619000001439],[32.84844086698025,35.81598218301439],[32.84794999998021,35.815690000014385],[32.8474099999802,35.81535999901437],[32.84719999998023,35.81520000001436],[32.84704999998022,35.81506000001437],[32.84688999998024,35.81487000001433],[32.84655999998027,35.814380000014296],[32.84607999998028,35.81364000001433],[32.84600570898031,35.81352269801429],[32.8458524609803,35.81368650001432],[32.84493446598038,35.81231637401423],[32.84459394098033,35.81199132701423],[32.84327856698033,35.81293088101428],[32.84278947698032,35.81328023101431],[32.84270074998034,35.813209250014296],[32.84262999998031,35.813280000014316],[32.842499999980305,35.81326000001431],[32.841974946980336,35.8126286070143],[32.84193020798037,35.81259281601428],[32.84189501798038,35.812532489014245],[32.841709999980345,35.81231000001423],[32.84162733298039,35.81207360001428],[32.841328719980375,35.81156169301423],[32.84088579298042,35.81045437701419],[32.84064808098044,35.809860096014205],[32.84064130498049,35.80984315501419],[32.84132871998054,35.807866837014124],[32.84133325498056,35.807860602014124],[32.84100999998056,35.80753000001409],[32.84004327298063,35.80672961701406],[32.8396402889806,35.80639597301408],[32.83948103198059,35.80626412001405],[32.83930971098077,35.80272348201393],[32.83972344998077,35.80268773001396],[32.83983158198075,35.80267838601393],[32.84875709398079,35.801907115013925],[32.854563132980786,35.801405403013895],[32.85500928198072,35.80226795801396],[32.85500928198072,35.80226795801396]]]}