{"segmentId":"5001204","streetsFileVersion":188,"polygonPointList":[[[32.70243601999508,35.19603047400294],[32.70235273899511,35.19454331100295],[32.70234084199514,35.19403172700291],[32.702380045995106,35.19394743700295],[32.70220999999513,35.192920000002935],[32.70205999999516,35.193210000002935],[32.70194999999515,35.193280000002936],[32.70158999999517,35.19345000000291],[32.70029999999513,35.19388000000291],[32.69990999999515,35.192790000002915],[32.69958999999516,35.19178000000289],[32.69996999999516,35.191520000002875],[32.70145999999517,35.190900000002905],[32.70161999999516,35.19085000000292],[32.701739999995155,35.1908100000029],[32.70164999999515,35.1901300000029],[32.701619999995174,35.18988000000291],[32.701589999995186,35.1895900000029],[32.70156999999522,35.18931000000287],[32.70155999999518,35.18906000000287],[32.70156999999522,35.18879000000287],[32.70158999999522,35.18853000000289],[32.70161999999521,35.188290000002866],[32.701659999995215,35.18802000000287],[32.7017099999952,35.18776000000285],[32.70176999999524,35.18750000000287],[32.70184999999519,35.18721000000286],[32.702949999995205,35.18741000000287],[32.70297999999517,35.18887000000289],[32.705025107995134,35.18953966300289],[32.705334764995165,35.18800405100287],[32.707666452995184,35.18997244500286],[32.70869456399516,35.190840369002906],[32.70927999999512,35.1918700000029],[32.70941999999518,35.19198000000291],[32.709449999995144,35.192056540002916],[32.70959276099517,35.192420776002926],[32.70961180199514,35.19246935500293],[32.709725317995115,35.19275897400293],[32.71005428599515,35.1932730430029],[32.71044199599511,35.193891320002905],[32.71047185599509,35.19464159500294],[32.71072141699511,35.1951753530029],[32.710835635995124,35.19529467200292],[32.711026435995095,35.195827719002956],[32.71053999999508,35.19645000000292],[32.7104499999951,35.19653000000294],[32.710304374995104,35.196653221002954],[32.70992251299509,35.19708978700294],[32.709899999995095,35.19745000000296],[32.70935186499504,35.19778925400294],[32.7092620989951,35.19784481300297],[32.70901398999511,35.19778096500295],[32.707536533995075,35.19740076000295],[32.70683294099513,35.197219700002954],[32.70682707399508,35.19722104600294],[32.70625936199507,35.197166125002916],[32.70543118799507,35.19685897500295],[32.70492999999509,35.19673000000295],[32.70474999999508,35.19657000000296],[32.70464999999513,35.19648000000296],[32.70384918899511,35.19557050500292],[32.702763195995104,35.19626247200295],[32.70243601999508,35.19603047400294],[32.70243601999508,35.19603047400294]]]}