{"segmentId":"5001134","streetsFileVersion":188,"polygonPointList":[[[32.624043446993234,35.34087194400446],[32.62376079499322,35.341905669004426],[32.62350543599317,35.34283957400445],[32.623370379993126,35.34303315500447],[32.62316247799313,35.34403393000451],[32.62314994799313,35.34486614900448],[32.62314829499318,35.34497594100447],[32.62278467299314,35.34585256900449],[32.622627191993104,35.346610630004506],[32.622591501993085,35.347003241004494],[32.62235593399308,35.34734588400451],[32.621974157993115,35.34747214200455],[32.62151893899309,35.347427300004526],[32.62141237499309,35.34769480500454],[32.62060335799308,35.34802198100453],[32.61997280099312,35.3476412670045],[32.61979606499308,35.3472936500045],[32.61932092299312,35.34510431200449],[32.61821794799313,35.34481863200449],[32.61822475499309,35.344737693004504],[32.61827877199315,35.34409535900448],[32.61835476699313,35.34319167500448],[32.619242536993184,35.34271322000447],[32.619940377993146,35.34326079900448],[32.62064273699313,35.34374573400446],[32.620894758993174,35.343358947004496],[32.620912634993125,35.343301850004465],[32.62093678699315,35.34329444500444],[32.62133171399321,35.342688338004486],[32.62135999999317,35.34231000000445],[32.62152077999315,35.34239816900444],[32.62168445599317,35.342146968004464],[32.6218290199932,35.34188720200447],[32.62191129099319,35.34179883800444],[32.62240756899321,35.34103718200442],[32.6228846659932,35.340654575004415],[32.62301903599322,35.34060905000445],[32.623275190993226,35.340333925004416],[32.62344009799322,35.34044941100445],[32.62356010899318,35.34032602100445],[32.62364952599321,35.34039544200442],[32.62378983099322,35.34034790700447],[32.62397326899321,35.340285758004434],[32.6238799999932,35.34058000000443],[32.62384781299321,35.34073493800441],[32.624043446993234,35.34087194400446],[32.624043446993234,35.34087194400446]]]}