{"segmentId":"5001075","streetsFileVersion":188,"polygonPointList":[[[32.55605760899549,35.16875793400273],[32.55600406499548,35.168704084002755],[32.55593471599549,35.168590459002715],[32.555909541995504,35.16853947200276],[32.554755119995505,35.16707567500271],[32.55337823099554,35.1653297910027],[32.553126699995566,35.16520902000274],[32.55295553299554,35.164982735002674],[32.55288067399557,35.16469889400268],[32.55174289699557,35.1632562030027],[32.54990726299562,35.1622328440027],[32.54978567199557,35.1619472140027],[32.54782865399565,35.15734999300262],[32.54633118499562,35.15835257100268],[32.545888737995575,35.158248339002675],[32.54530021799564,35.15810969400268],[32.5452620159956,35.15816446300265],[32.5450796629956,35.15850238700267],[32.54499066499562,35.15875178400267],[32.54471431399558,35.15904248400266],[32.54457696099561,35.15916834800265],[32.54448563399563,35.15930472800266],[32.544348432995605,35.159463184002675],[32.544381714995595,35.15998706600266],[32.54463547799557,35.16014884700269],[32.544360083995585,35.16141168200268],[32.54342160199557,35.16179461500271],[32.5427141659956,35.16208327400268],[32.54197895399558,35.162143383002686],[32.54182626899559,35.163049952002694],[32.541845901995565,35.163061573002686],[32.54440382299549,35.16930765700274],[32.54507798499545,35.17248159000279],[32.54523754499551,35.17323279600276],[32.54562086499544,35.173794340002765],[32.54856998699543,35.17811463300283],[32.54916253899542,35.178564578002856],[32.54959848299541,35.1796213200028],[32.54977021899537,35.179872904002806],[32.55122778499536,35.18005782700282],[32.55183999999538,35.17880999900283],[32.554029999995414,35.17857000000281],[32.554069999995356,35.17911000000281],[32.554039999995375,35.17938000000281],[32.55399999999537,35.179610000002796],[32.55399489299537,35.17962459300279],[32.55391565599537,35.18200477900286],[32.55437804499536,35.18245088100288],[32.55448018899537,35.18296546700283],[32.55455818899532,35.183358417002886],[32.55462292399534,35.18368454300283],[32.55456250199535,35.18373963600285],[32.55476683599533,35.18428766700285],[32.55484985599533,35.18431742600287],[32.55502409199532,35.18497763500287],[32.55520095299533,35.18545198100284],[32.5551038429953,35.185560950002845],[32.554939999995305,35.18575000000286],[32.55453911699531,35.18588848700288],[32.55442863599533,35.18592728200291],[32.55453325599534,35.1863360130029],[32.55460827599534,35.18635973500288],[32.55457535099528,35.18650047200288],[32.5547799999953,35.187300000002885],[32.55440493299529,35.187288142002885],[32.55439118299531,35.18728770700289],[32.554304263995284,35.18765924500292],[32.55277011599531,35.18723645700288],[32.552419999995294,35.187870000002874],[32.55244247699525,35.189328185002935],[32.55261999999526,35.18997000000293],[32.552549999995264,35.19031000000293],[32.552462834995254,35.19064897200295],[32.552497749995226,35.19291403900295],[32.552509999995216,35.19298000000291],[32.55249999999526,35.193060000002944],[32.55243999999523,35.19309000000293],[32.55230379699522,35.19313005900295],[32.55101920699519,35.193588758002925],[32.55119397499523,35.19391566500296],[32.55118603999522,35.19392467700293],[32.55080729799521,35.19435485700296],[32.55009238899519,35.19693941400296],[32.54896878899521,35.197707577003],[32.54759941499517,35.19673297400296],[32.5474234859952,35.197613213002995],[32.548434455995185,35.19832183000299],[32.54850816999515,35.198620226002994],[32.54741288099518,35.20060963700302],[32.54540179499512,35.20156367700298],[32.545226130995154,35.20159808600301],[32.54513712199513,35.20158276500303],[32.54504957199513,35.201567695003],[32.54409233599518,35.201578614003],[32.5438555619951,35.201681123003034],[32.543534854995166,35.20158497300298],[32.54291606599511,35.20159203100303],[32.542896584995134,35.20241354600303],[32.54293698599511,35.20250753100301],[32.54288160899514,35.20304505200302],[32.54286329199513,35.20381747900305],[32.54246331799511,35.20435929400301],[32.542220840995114,35.20468776100305],[32.541061378995096,35.20453104700304],[32.540969336995104,35.204322778003046],[32.540775077995086,35.20388321600305],[32.54054127199511,35.20327070900301],[32.540154329995154,35.20233306000303],[32.539725267995124,35.20134825500298],[32.53933774399518,35.200354287003],[32.539271880995166,35.198897819002966],[32.53955815599518,35.19833448500296],[32.539748948995204,35.19703883500298],[32.54034527899522,35.19506712600293],[32.541371916995224,35.194799731002945],[32.54241412299523,35.19418437600296],[32.54321577899521,35.19431948400296],[32.543841198995224,35.19374594800296],[32.5443543339952,35.193275382002916],[32.54528604999526,35.19306794100292],[32.54678849399524,35.19273343200295],[32.547359495995266,35.19329448300294],[32.54759089399524,35.19192103200291],[32.54758999999525,35.191920000002916],[32.547682226995256,35.19137893200295],[32.547382480995275,35.191216705002915],[32.54727408799527,35.19095268700292],[32.54726022499528,35.1909500550029],[32.54725999999528,35.190950000002914],[32.54725344799525,35.19090241300293],[32.546662857995265,35.18946388500292],[32.54535504999531,35.189105352002926],[32.54480724199527,35.18895517100288],[32.54422999999525,35.18793000000289],[32.544659999995325,35.18722000000286],[32.54451999999528,35.1869300000029],[32.54448999999533,35.18672999900292],[32.54451999999528,35.18660000000288],[32.544526885995296,35.18659311400289],[32.54425602099529,35.18531751000289],[32.54406982699532,35.18490758000289],[32.543800132995315,35.1846428040029],[32.54378672599537,35.18428429800289],[32.54326313799534,35.18313155200288],[32.54327985399533,35.18308530000288],[32.54415543399538,35.180662861002816],[32.54510721899537,35.18066286100281],[32.54549679199538,35.180954663002865],[32.54598408299539,35.181319661002824],[32.54617976399538,35.18114703700286],[32.547012933995376,35.18117140600282],[32.54730891299536,35.180288996002844],[32.546930791995386,35.1797417370028],[32.54623861899539,35.17903902600282],[32.54578621599543,35.17829966500281],[32.54558386799541,35.17779232200282],[32.54555237799539,35.17774674900281],[32.544447367995446,35.1761474580028],[32.543989999995446,35.17607000000279],[32.54394999999543,35.175900000002805],[32.54367999999542,35.17558000000276],[32.54353999999546,35.175280000002786],[32.54353999999546,35.17512999900278],[32.54361999999541,35.17495000000276],[32.54184575999548,35.172403727002795],[32.540745399995494,35.17082456400274],[32.53872285999557,35.16472719400273],[32.53872948099558,35.16304930500271],[32.53846738399559,35.162804730002705],[32.5384664629956,35.162803870002705],[32.53846903099555,35.1627843000027],[32.53842975899558,35.1627696200027],[32.53722574199556,35.161646092002705],[32.53712193699557,35.16154922700271],[32.53737134599558,35.15998900300269],[32.53740157399561,35.15990346100267],[32.53756580399561,35.158804924002645],[32.5375630319956,35.15878986800265],[32.537641621995604,35.158298227002646],[32.537717765995644,35.15738451400266],[32.538218840995626,35.15656464900266],[32.537900864995635,35.15624822000266],[32.537824199995654,35.155437083002624],[32.53780176199568,35.15535971500261],[32.53719034199565,35.15405137900264],[32.5373562449957,35.153656394002624],[32.537424058995676,35.15355650700265],[32.53749358999568,35.15345408700262],[32.5375001559957,35.15343736100262],[32.53761999999569,35.153670000002606],[32.53764999999566,35.1535600000026],[32.53768999999566,35.15345000000265],[32.5377499999957,35.153350000002604],[32.537849999995686,35.15317000000262],[32.538019999995676,35.15291000000265],[32.53808999999568,35.152790000002604],[32.53814999999564,35.15271000000263],[32.53790136399569,35.15241474500261],[32.53797098299568,35.1522372920026],[32.53803189799567,35.152302596002585],[32.538127773995676,35.152401464002594],[32.53815650299566,35.15243108900262],[32.538356974995665,35.15264540300263],[32.5385105979957,35.152809633002626],[32.538773899995654,35.15308276600263],[32.5389308489957,35.1530206440026],[32.540391279995674,