{"segmentId":"5001635","streetsFileVersion":236,"polygonPointList":[[[33.181346498981505,35.76595715701259],[33.18205774098154,35.76620031701257],[33.182730896981475,35.767128807012625],[33.18311377698148,35.767656917012644],[33.18363450098142,35.768375157012635],[33.18454854298138,35.77046661001268],[33.18490192198131,35.771275189012734],[33.18458291398126,35.77199909301274],[33.184427579981254,35.772351583012764],[33.18427446698133,35.77235198901278],[33.18426911198127,35.772352003012756],[33.18416382298129,35.77235228201276],[33.18361000998128,35.77235375001275],[33.18350560998128,35.7724996470128],[33.182990577981236,35.77318458601281],[33.181421883981145,35.77527078901286],[33.17658849698122,35.77488411801285],[33.17613737998137,35.77028703001273],[33.177501654981484,35.76783133501263],[33.17752173198149,35.767795197012646],[33.17753369198148,35.767773669012655],[33.17788127498151,35.76697627301264],[33.17826407098153,35.76609809501261],[33.179467046981514,35.76652772901263],[33.18045586398152,35.7662967700126],[33.181346498981505,35.76595715701259],[33.181346498981505,35.76595715701259]]]}