{"segmentId":"5001153","streetsFileVersion":188,"polygonPointList":[[[32.6621399999937,35.30714999900403],[32.66133999999367,35.30809000000404],[32.66155999999367,35.30981000000404],[32.660489999993636,35.30998000000407],[32.660489999993636,35.30972349300405],[32.66042844399363,35.30971851600405],[32.66024460699365,35.30970365300406],[32.65968406399359,35.31068846200405],[32.66012239999357,35.31265696500408],[32.660229999993625,35.312600000004075],[32.66024999999361,35.31323000000409],[32.65977513899357,35.31384131500411],[32.659379999993575,35.31435000000412],[32.658369999993575,35.31383000000411],[32.65836385599358,35.3138049430041],[32.65753965699361,35.31044380900407],[32.65716909199366,35.31045290900408],[32.654946933993656,35.310636765004055],[32.654910783993614,35.31050836500406],[32.6548595929936,35.31050962200407],[32.654344095993636,35.30880826300407],[32.65435816999365,35.307299205004036],[32.654281719993676,35.306809738004006],[32.65365936399371,35.307069973004054],[32.65284999999368,35.30757000000405],[32.652479999993666,35.30785000000403],[32.6522701169937,35.30765088000404],[32.65172578399371,35.30787849100405],[32.65145300199366,35.307416906004065],[32.65142466399369,35.30736895500406],[32.65145445699369,35.30733777200403],[32.65194093399369,35.30682862800405],[32.65191999999373,35.30671000000405],[32.65278999999368,35.30594000000405],[32.65227999999375,35.304220000003994],[32.651699999993745,35.304310000004],[32.65151016399375,35.304310000004],[32.651049999993745,35.30431000100399],[32.650919999993704,35.30406000000399],[32.65108766499372,35.303999031004004],[32.650583147993764,35.303905531004006],[32.65044575199374,35.303335092004],[32.65059748399374,35.30325318500402],[32.65060498499373,35.302945638003976],[32.650619999993765,35.30233000000397],[32.6451046079938,35.30112457000399],[32.645104607993815,35.29925074400396],[32.649737866993874,35.295799558003914],[32.649639092993894,35.29547031100389],[32.64873389099388,35.295478209003925],[32.64857389199393,35.29223441100386],[32.64855839399396,35.291920190003864],[32.64847894299388,35.29182847400388],[32.64855393999391,35.29182989000385],[32.64854999999393,35.29175000000385],[32.64873999999391,35.291770000003865],[32.649059999993945,35.291800000003896],[32.649909999993895,35.2918700000039],[32.65165999999391,35.292010000003884],[32.651735379993916,35.2920172170039],[32.65259999999391,35.292100000003884],[32.65434999999391,35.29225000000385],[32.65489999999391,35.29230000000389],[32.65525999999391,35.29233000000387],[32.6578588169939,35.29238129100385],[32.65785999999389,35.29236000000385],[32.65829999999388,35.29239000000389],[32.65828460999393,35.29248233900389],[32.65826999999393,35.2925700000039],[32.65816999999389,35.293280000003875],[32.65698062799384,35.2946917750039],[32.65689660799387,35.29483835600392],[32.658579999993826,35.29673000000389],[32.65940309499388,35.2959120490039],[32.66006999999389,35.2951700000039],[32.66012999999385,35.29515000000389],[32.66017999999383,35.29513999900393],[32.66021999999384,35.2951700000039],[32.660252202993824,35.295264597003886],[32.66056703299386,35.295807889003925],[32.660669372993866,35.2957382730039],[32.660684474993815,35.2957718620039],[32.6610908409938,35.2966757110039],[32.66107482099382,35.29668416000391],[32.66130999999386,35.2970900000039],[32.66086671499383,35.29773110700395],[32.66090999999382,35.29830000000393],[32.6606899999938,35.29843000000395],[32.66067104599384,35.29844444200395],[32.66071039499377,35.29851877900395],[32.660633167993836,35.29857274400396],[32.65995907799381,35.29904378700397],[32.6601199999938,35.29943000000393],[32.65972789499379,35.30042808500399],[32.65963575599379,35.30097980400399],[32.660485517993735,35.300662340003946],[32.66059262499377,35.30078603800398],[32.661664026993726,35.30202340500398],[32.661926865993756,35.302948963004006],[32.661930732993774,35.30308283300402],[32.66195999999375,35.303080000004016],[32.66199695299373,35.303237889003995],[32.66206999999371,35.30355000000397],[32.661969183993705,35.30441413700399],[32.661972214993696,35.30451906400399],[32.6619567359937,35.30452083500402],[32.66192999999372,35.30475000000402],[32.66105999999375,35.304829999004006],[32.66171588199371,35.30537424300403],[32.66199999999369,35.30561000000402],[32.66200999999372,35.30572000000404],[32.6621399999937,35.30714999900403],[32.6621399999937,35.30714999900403]]]}