{"segmentId":"5001922","streetsFileVersion":236,"polygonPointList":[[[31.806470105995498,35.206600692003185],[31.80563953699553,35.20578521100316],[31.805534473995525,35.205775152003184],[31.80296775799555,35.2055293970032],[31.800040055995535,35.20408903600313],[31.798543999995626,35.19855100000313],[31.798510828995617,35.19853071700309],[31.79666032999562,35.19739919200308],[31.79658979899561,35.197356064003124],[31.787598803995547,35.199848828003105],[31.787595246995608,35.19984981400312],[31.7867850769956,35.19892311700312],[31.785978631995587,35.19800068100311],[31.785347579995612,35.19885727300311],[31.785091181995575,35.199205309003105],[31.784499236995593,35.19872379800312],[31.782487337995644,35.197087241003125],[31.782445244995653,35.19705300100308],[31.782444836995637,35.19705275200309],[31.78244578499562,35.1970509350031],[31.782447211995663,35.19704819700312],[31.782419098995607,35.197030915003076],[31.78235288699563,35.1969902130031],[31.78197899999562,35.196710000003094],[31.781930538995603,35.196673642003105],[31.781005999995628,35.19598000000311],[31.779140999995633,35.194550000003076],[31.778709999995673,35.19441000000309],[31.778673756995655,35.19439825200306],[31.778382999995674,35.194304000003065],[31.77753673199565,35.19402960200308],[31.77745510699562,35.19397942500309],[31.777385034995692,35.19393635000308],[31.777320377995686,35.19393574900307],[31.77728676499564,35.19393769600306],[31.77689685099566,35.1939602780031],[31.775428999995633,35.19392600000305],[31.775034310995668,35.19401429800309],[31.774934242995677,35.1940366850031],[31.774709528995647,35.194086957003044],[31.774445319995646,35.19410225900305],[31.773789691995614,35.19424894300307],[31.773527749995644,35.19422677200306],[31.772989700995645,35.1943288250031],[31.77263199799566,35.19439667100307],[31.771917983995625,35.1945320990031],[31.77093218099565,35.194497442003076],[31.77047453299561,35.194481353003084],[31.769902033995656,35.19446122600307],[31.769653662995655,35.19445249400311],[31.769329535995638,35.1944410990031],[31.768872273995637,35.19442502300309],[31.76834893499565,35.19433780000305],[31.768049125995653,35.19428783200306],[31.767707444995654,35.19423088500306],[31.76757295899567,35.19420847100305],[31.767334417995695,35.194168714003084],[31.76715906199567,35.1941394880031],[31.766106289995644,35.19350939500305],[31.766094123995675,35.19350211300309],[31.76591626999566,35.193395666003084],[31.765481077995677,35.19313520000305],[31.765070404995694,35.192976698003065],[31.764874779995687,35.19277129700305],[31.760805900995646,35.19377067100306],[31.760647407995698,35.1937018020031],[31.756547314995682,35.19192021400305],[31.75648550299571,35.19189335500305],[31.754809659995686,35.19116516100307],[31.75415192099571,35.190628288003026],[31.754104292995702,35.19058941200307],[31.75272393199571,35.18946270800305],[31.752659372995723,35.18941001300303],[31.752025689995715,35.18889277600302],[31.75171070499571,35.18890671800303],[31.749185406995693,35.18901849100305],[31.748981367995736,35.18673361300302],[31.748358880995767,35.185325488002995],[31.747211048995784,35.18272898100295],[31.745426453995787,35.18134413400294],[31.742934788995882,35.174708119002915],[31.742910428995902,35.17464324200292],[31.742728739995886,35.17415935200291],[31.74302174599593,35.169602639002875],[31.74337558899598,35.164099808002824],[31.743397367995946,35.1637611070028],[31.745224793995952,35.16247619800279],[31.74540146999599,35.16145306300281],[31.745862489995996,35.1587832750028],[31.74567213299602,35.15731752700275],[31.74326427699605,35.15531936600277],[31.742483654996086,35.15467156600273],[31.741787112996064,35.153508695002714],[31.74136054999605,35.15279655100273],[31.740406463996138,35.147152957002696],[31.74218665299615,35.14526701400269],[31.743432609996187,35.145347163002675],[31.746474483996135,35.14554283900265],[31.745970467996134,35.14798879600269],[31.74589606999612,35.14872546700273],[31.745791686996117,35.149759042002685],[31.746724435996146,35.149949399002686],[31.747629738996103,35.14977722500269],[31.748275844996073,35.149654346002684],[31.748808843996116,35.14981614900272],[31.748999200996128,35.1499874700027],[31.749027753996078,35.150387220002685],[31.748373130996082,35.15169521300271],[31.74853282599606,35.15274764500271],[31.749988712996075,35.15369860000272],[31.7501794129961,35.153823161002734],[31.75050336499607,35.15371051700272],[31.751677757996053,35.15330216100273],[31.75180089999605,35.15374056400272],[31.751863303996053,35.15396273000273],[31.751954583996046,35.15526303700274],[31.752278291996035,35.15563167800278],[31.752357394996057,35.15572176100275],[31.75243119399604,35.15598449500275],[31.75237921399604,35.156368254002736],[31.752370989996034,35.15642897300277],[31.752568785995997,35.156725473002766],[31.75268167099606,35.156894690002765],[31.75269062899602,35.15690811900274],[31.75336872699603,35.15932224700276],[31.753402044996022,35.15944086200278],[31.755964024995983,35.16013605600279],[31.756443318995984,35.16026611300277],[31.756990102996046,35.15977457700279],[31.757392767995984,35.1594125980028],[31.759944521996047,35.15711867800278],[31.760089345996008,35.15698848700275],[31.76019346799606,35.15697030000277],[31.760342183996016,35.15666691900274],[31.76033534899606,35.156630863002725],[31.76014734299603,35.15563914400278],[31.760170632996033,35.155097283002725],[31.76017758999607,35.154935412002736],[31.76019232199604,35.15393496200274],[31.760206366996048,35.15298110900273],[31.760206666996066,35.15296071600273],[31.76020873299608,35.15282042100273],[31.761216179996108,35.15294471600271],[31.761342802996086,35.15296033800274],[31.76204091799605,35.15304646900274],[31.76240916799605,35.15398633100274],[31.76283803699607,35.155080909002734],[31.764640589996045,35.155421785002744],[31.765925498996058,35.15478646800274],[31.76614176999606,35.15407284200275],[31.767040164996054,35.151108431002726],[31.76769296299611,35.14895441000269],[31.76678781599614,35.14570168600267],[31.76498980499613,35.143489311002654],[31.764805419996176,35.14326243300268],[31.764007369996154,35.14346665200264],[31.762352236996204,35.14389019600263],[31.762311848996212,35.143427547002645],[31.762276343996163,35.14302083100266],[31.762270844996184,35.14295784200263],[31.76194573899622,35.13923369800263],[31.766442920996223,35.137794124002596],[31.767656445996195,35.13922180100265],[31.769166889996214,35.1393728450026],[31.77058867399622,35.13951502400261],[31.770868717996176,35.13954302800261],[31.773973914996212,35.13822242700263],[31.776186812996215,35.134760312002555],[31.77661511599629,35.1335467860026],[31.776453763996262,35.13319560700258],[31.774188065996338,35.128264383002524],[31.773438535996338,35.12451673200253],[31.7776858739963,35.12540903000253],[31.779231122996308,35.12702003400252],[31.779807331996317,35.12762076200253],[31.78104091399629,35.128906837002525],[31.78876532899627,35.131288969002526],[31.794637321996213,35.133099833002596],[31.794542277996257,35.133611145002554],[31.794411077996227,35.13431696400258],[31.79424868099623,35.1351906200026],[31.793100781996227,35.13573488500257],[31.792475898996233,35.13603116700259],[31.791549972996204,35.136035696002615],[31.79083616699624,35.134543286002575],[31.789936730996267,35.1340007680026],[31.788719220996228,35.13404363800256],[31.787909429996244,35.134072152002574],[31.78722414499622,35.13488592800262],[31.78706752399623,35.13605762100262],[31.78611079499624,35.136062301002575],[31.780671517996268,35.1360889050026],[31.78064840399622,35.137204127002626],[31.780552249996152,35.14184354900263],[31.78758630199619,35.14370730200265],[31.787588173996138,35.14401077700266],[31.787636651996078,35.15187148200272],[31.78841646799607,35.15202132700272],[31.789001544996086,35.15213375200272],[31.789912011996048,35.154624104002735],[31.79059444999606,35.156490739002756],[31.790634690996008,35.15686577300274],[31.790915689996034,35.159484633002755],[31.79145505099598,35.164511371002824],