{"segmentId":"5001438","streetsFileVersion":188,"polygonPointList":[[[32.92078128899127,35.43509156000562],[32.92078079699129,35.43535819400564],[32.920879813991235,35.435862098005614],[32.920729126991276,35.436276471005634],[32.92022740099119,35.437341696005646],[32.91950888799122,35.437651932005664],[32.91947718699122,35.43766562000569],[32.91875252699119,35.43769334200566],[32.918504459991254,35.43671506000564],[32.91772981499122,35.436742656005634],[32.91738186799126,35.43573449200563],[32.91768564399131,35.43360226400561],[32.91778867699132,35.431913894005575],[32.918181949991364,35.43101818600559],[32.91818947299136,35.43100105100558],[32.91827500199134,35.43080625300558],[32.91826999999135,35.43080000000555],[32.91833357299134,35.430672855005575],[32.91890999999137,35.429360000005516],[32.918938388991414,35.42936990000553],[32.91966523999135,35.42962336600554],[32.91979170499139,35.429667466005554],[32.92147974099128,35.43240517500558],[32.92161064599131,35.432486583005605],[32.921909471991285,35.43305025000561],[32.92213358499127,35.433465597005615],[32.92185703799126,35.43438330800563],[32.92078128899127,35.43509156000562],[32.92078128899127,35.43509156000562]]]}