{"segmentId":"5001721","streetsFileVersion":236,"polygonPointList":[[[32.12204547299759,34.933604713001394],[32.122315974997555,34.9345001660014],[32.1226035339976,34.934794068001345],[32.12260353399756,34.935882477001385],[32.12178728299755,34.93598384800136],[32.12169095099758,34.936216536001396],[32.12000068299757,34.93625662200135],[32.11987692699756,34.9373549580014],[32.11980409299753,34.9375032290014],[32.11951643899757,34.937376363001384],[32.11930825999753,34.937284549001355],[32.11913969799754,34.936846297001374],[32.11897888999757,34.936428208001374],[32.11883134199757,34.93586837800139],[32.11843464099759,34.93496100500137],[32.118196694997586,34.93411034800136],[32.11920787299755,34.93418180400137],[32.11996344499758,34.93418180400137],[32.12059995099753,34.93373558300135],[32.1209866129976,34.93353332900137],[32.12204547299759,34.933604713001394],[32.12204547299759,34.933604713001394]]]}