{"segmentId":"5001604","streetsFileVersion":236,"polygonPointList":[[[33.084741300990515,35.46477619600604],[33.08676278899048,35.46487961900601],[33.08863928399044,35.466843575006045],[33.08917199399044,35.466783187006044],[33.09011204599041,35.467960149006096],[33.0902326679904,35.46811117000607],[33.0907724859904,35.46878703200612],[33.09121760099047,35.465337095006035],[33.09152793299047,35.46534152800604],[33.091429909990474,35.46505726100601],[33.09148891799047,35.46480513400605],[33.09253957899048,35.46535598000601],[33.092550098990486,35.46535613000601],[33.092549488990485,35.46536117500604],[33.092550098990465,35.46536149500601],[33.09248669999045,35.467235215006085],[33.09223457199039,35.46897328700608],[33.09211338599039,35.4689706670061],[33.091779999990315,35.47173000000612],[33.090868229990306,35.47387386700618],[33.09037753299023,35.47502765400616],[33.09008172399026,35.47572319800617],[33.08930336299022,35.47755337700623],[33.086871960990216,35.47734104600623],[33.086069999990265,35.47565000000617],[33.086173780990286,35.47490982800622],[33.08627055199025,35.47421965000619],[33.08623194699032,35.472030138006126],[33.08617733699034,35.47121878900611],[33.086141543990344,35.47116364100611],[33.08365716599045,35.46733587400608],[33.084089999990475,35.46570999900605],[33.084741300990515,35.46477619600604],[33.084741300990515,35.46477619600604]]]}