{"segmentId":"5001395","streetsFileVersion":188,"polygonPointList":[[[32.87640999998428,35.704450000011086],[32.876219999984244,35.7050100000111],[32.87618792898422,35.7054498370111],[32.87615231498427,35.705966347011135],[32.87602383498421,35.70706821601112],[32.87598454098414,35.70736887901115],[32.875929999984145,35.707830000011164],[32.87590767898421,35.70781963601118],[32.87571001598413,35.70798526601115],[32.87055203798422,35.705959175011095],[32.8699632599842,35.70794630101116],[32.86886200798417,35.70785755001114],[32.86792604198422,35.70778211901116],[32.867879999984204,35.707840000011146],[32.86787183598421,35.70777775001116],[32.867792258984174,35.70777133701117],[32.866136678984226,35.70740251901113],[32.866139513984216,35.707387777011164],[32.866618534984305,35.70384301601107],[32.86678396598439,35.70261883501104],[32.86707520698433,35.70265119601101],[32.86714999998437,35.70218000001102],[32.86734999998439,35.701230000011],[32.867399999984414,35.70099000001099],[32.867459999984426,35.70079000001097],[32.8675118709844,35.700590300010965],[32.86744257298442,35.700570732010995],[32.8664493739845,35.69932934701095],[32.866455594984465,35.699259704010935],[32.86639729498451,35.699224724010925],[32.86652021398448,35.69853637701091],[32.86655497798453,35.6981472330109],[32.86660437898456,35.69806505001088],[32.866612110984505,35.6980217470109],[32.86667750298452,35.69794340301093],[32.86731132998455,35.69688898101086],[32.867562866984564,35.69673439001089],[32.86760901698457,35.69666586801085],[32.86785144298455,35.69655703401089],[32.86868285098459,35.69604606001087],[32.86875962998457,35.695988842010884],[32.8691270239846,35.695596955010835],[32.870588351984594,35.69403820501078],[32.87074391898466,35.69381152701078],[32.87118315798466,35.69333552001079],[32.87119801398468,35.693394340010784],[32.871256491984646,35.69333700201082],[32.87133700798467,35.693709842010776],[32.87145279798467,35.69383101801077],[32.87146139098461,35.69443712801082],[32.871476167984625,35.69449563501083],[32.87164705198463,35.69526942401084],[32.87219735898452,35.69716247901088],[32.87381180998444,35.69944000801096],[32.87391383098444,35.69955884501096],[32.87392780498447,35.69960364201095],[32.87439064498442,35.70025657701097],[32.87496449798443,35.70052026201097],[32.87492895998436,35.701659394010996],[32.87501834498433,35.702578707011014],[32.87616172498427,35.70361419201103],[32.87629730398428,35.704137016011074],[32.87631444198431,35.70420310201108],[32.87628979998428,35.704409945011086],[32.87628999998427,35.70441000001107],[32.87640999998428,35.704450000011086],[32.87640999998428,35.704450000011086]]]}