{"segmentId":"5001399","streetsFileVersion":236,"polygonPointList":[[[32.883555232993636,35.29826750200388],[32.88402999999368,35.295960000003845],[32.885971762993705,35.295315895003846],[32.88692354699369,35.295315895003846],[32.88720773899372,35.29560399300385],[32.887766262993686,35.296205481003895],[32.88690466999364,35.29835400200389],[32.887623820993596,35.29945299000393],[32.88861859399361,35.300492171003896],[32.88913263799358,35.3008046230039],[32.889465762993574,35.30139472900391],[32.88950999999357,35.301649999003935],[32.8894748319936,35.301662478003905],[32.88934203099359,35.30203242400394],[32.88790483599362,35.30240362000394],[32.88728644999356,35.30243900200391],[32.88671999999355,35.30264000000393],[32.88648577099356,35.30284329300391],[32.88616307099359,35.303583833003955],[32.88571573199357,35.30374563600393],[32.88512999999356,35.30402000000393],[32.884554554993585,35.30401213600394],[32.88409769899358,35.30332685100396],[32.88408047399354,35.30297804400393],[32.883239768993604,35.301843405003936],[32.8830977609936,35.3004909450039],[32.883555232993636,35.29826750200388],[32.883555232993636,35.29826750200388]]]}