{"segmentId":"5001856","streetsFileVersion":188,"polygonPointList":[[[31.97664959399607,35.14185847500261],[31.97626887999608,35.14250568800259],[31.974765060996052,35.14366686500263],[31.97333738399606,35.14427600700261],[31.972119099996057,35.14383818600262],[31.97131960099607,35.1425437590026],[31.971452850996055,35.1400500840026],[31.97232849299614,35.13841301500256],[31.972851488996106,35.13772746600259],[31.97373713399608,35.136566553002595],[31.975031559996122,35.135786090002576],[31.975230168996102,35.135801891002544],[31.975379923996112,35.13596752900254],[31.975945272996096,35.13626198200258],[31.976035246996116,35.13649334500259],[31.97638480999612,35.13672560500256],[31.976497589996125,35.13719283300256],[31.976478271996125,35.1376325520026],[31.976485536996076,35.1378117350026],[31.97664959399607,35.14185847500261],[31.97664959399607,35.14185847500261]]]}