{"segmentId":"5001534","streetsFileVersion":236,"polygonPointList":[[[33.020254283994134,35.2559220240034],[33.02030817899414,35.25649510700341],[33.020363959994164,35.25708825700346],[33.02208734199416,35.25749154600343],[33.02286062799412,35.257672502003444],[33.02305735999414,35.25771853900344],[33.02331999999415,35.25778000000342],[33.02293916499409,35.259063037003436],[33.02271007499413,35.25983484400348],[33.02202559799406,35.260900111003494],[33.020489999994055,35.26329000000349],[33.01913295199404,35.2657517790035],[33.02025285699402,35.266535370003524],[33.02048572499402,35.266698307003544],[33.02077608399399,35.26690146900354],[33.021459999993986,35.26738000000355],[33.021906472994,35.26746223900354],[33.023653339994006,35.26778400500355],[33.02362173999397,35.26917319600356],[33.02361999999397,35.26925000000355],[33.022891199993964,35.26946864000357],[33.02251999999395,35.269580000003586],[33.02202999999393,35.26943000000356],[33.02187044699395,35.26944679500359],[33.02183999999397,35.269450000003566],[33.02148040999395,35.26929031400355],[33.021479169993995,35.26928976300358],[33.021381858993955,35.26924654900356],[33.018799999994016,35.26810000000356],[33.01826433199401,35.26781480200353],[33.017709999994,35.26908000000354],[33.01753602299397,35.26962869700354],[33.017189999993924,35.270720001003546],[33.017187037993914,35.2707288870036],[33.01668837099396,35.270361727003596],[33.01642635299395,35.270206215003554],[33.01617999999398,35.270060000003575],[33.016182999993966,35.269911249003584],[33.01618316499395,35.269594018003595],[33.01618329299397,35.26934859000355],[33.016246999994024,35.26818601200355],[33.01616188399399,35.26814946800355],[33.015109902994,35.26769766500357],[33.01509818799397,35.26765712500352],[33.015047417994005,35.26747963100357],[33.01497999999397,35.26747000000354],[33.01497813699404,35.26723742300353],[33.014859363994034,35.26643452800353],[33.01484515199405,35.266426456003515],[33.01453685099404,35.26625133900354],[33.014394005993985,35.26621819900352],[33.01438171499403,35.266219944003524],[33.01437259999402,35.266221687003515],[33.014343187994015,35.26622696600351],[33.01431459199403,35.2661306290035],[33.014260875994005,35.265959781003524],[33.01425848799405,35.26595218700351],[33.01411210599399,35.2658118940035],[33.014110013994,35.2658098890035],[33.01405680799405,35.26578760300351],[33.013864120994015,35.26569977100355],[33.01385949199404,35.265697245003544],[33.01385945399405,35.265697246003526],[33.01364889799402,35.26572577900351],[33.01344304799404,35.26577065500351],[33.013342123994065,35.26583478500351],[33.013104088993984,35.26596704000355],[33.01308341999401,35.26598057300351],[33.013010851994004,35.26601686100349],[33.012914372994025,35.26606510500353],[33.01291341699401,35.26606558300353],[33.012601873993994,35.2661618480035],[33.01260139899403,35.266161833003544],[33.01172039099399,35.266134604003526],[33.011704125994,35.266134997003526],[33.011673506994036,35.266118011003535],[33.01132697599405,35.26569738800351],[33.01078138799404,35.26458582600349],[33.010704813994074,35.264353407003505],[33.01063551599403,35.264105003003515],[33.01044999999407,35.263440000003506],[33.01148665699408,35.26188700800347],[33.013032223994074,35.25957162900346],[33.01339931299409,35.259021701003455],[33.01340129599411,35.25881968700343],[33.01342065499416,35.25684796400341],[33.01308992399414,35.25638084900342],[33.01278647099414,35.25595226000345],[33.01176738599416,35.25451293200343],[33.01269729599421,35.253755739003395],[33.01311109699417,35.25341879500343],[33.01314391199419,35.25339207500343],[33.013914796994214,35.252764371003416],[33.0143499999942,35.252410000003394],[33.014451408994205,35.252538418003375],[33.014578012994235,35.25269874200341],[33.015450018994215,35.25380299800338],[33.01692547799422,35.252492386003375],[33.018892119994184,35.25307585100341],[33.01893417399419,35.253044083003424],[33.019914024994215,35.25230389100339],[33.02043915899418,35.25261956400339],[33.020653309994195,35.254047241003434],[33.020254283994134,35.2559220240034],[33.020254283994134,35.2559220240034]]]}