{"segmentId":"5001640","streetsFileVersion":96,"polygonPointList":[[[33.21850399998662,35.612675500008734],[33.217898999986595,35.61289390000873],[33.217371399986604,35.612687000008705],[33.21706999998665,35.61193000000867],[33.216819999986626,35.611850000008694],[33.21646999998669,35.61114000000865],[33.21636999998667,35.610230000008656],[33.21630999998672,35.60990400000862],[33.216109143986685,35.60974111700864],[33.21610899998674,35.60974100000863],[33.21611275098668,35.60966147700862],[33.216118999986726,35.609529000008635],[33.2160799999867,35.60946000000865],[33.2158799999867,35.60931000000863],[33.21558999998674,35.609260000008646],[33.21539999998671,35.60930000000865],[33.2151999999867,35.60942000000864],[33.215129999986715,35.60949000000863],[33.21498699998672,35.60941900000864],[33.2149299999867,35.60939000000866],[33.21494999998671,35.60931000000863],[33.21464999998675,35.609260000008646],[33.214219999986724,35.609190000008645],[33.21422999998671,35.609040000008626],[33.21372999998675,35.60874000000864],[33.21369999998676,35.60873300000859],[33.21359740598678,35.60871108700864],[33.21359699998673,35.6087110000086],[33.21257399998678,35.60849300000863],[33.21257384098676,35.6084925190086],[33.21257303898677,35.6084901160086],[33.21257299998676,35.60849000000864],[33.212199999986765,35.60841000000861],[33.210939999986756,35.60830000000861],[33.209489999986744,35.60894000000865],[33.20740999998672,35.60957000000867],[33.20542999998672,35.60881000000864],[33.20530999998676,35.60874000000864],[33.20458999998676,35.6083050000086],[33.204589623986756,35.60830477300861],[33.204349999986725,35.60816000000862],[33.20280999998677,35.6078300000086],[33.201909999986775,35.60772000000858],[33.20073999998678,35.608040000008636],[33.20007837498678,35.60761324200862],[33.2000779999868,35.60761300000862],[33.19989304998681,35.60763849500861],[33.19964999998683,35.607672000008584],[33.19908479998674,35.60969460000866],[33.198891899986705,35.610448400008664],[33.19884939998668,35.61097550000868],[33.19837919998665,35.61151800000868],[33.19740799998669,35.61144590000867],[33.1969043999867,35.61108800000868],[33.196796199986736,35.60992200000864],[33.197208999986735,35.608931300008635],[33.197873099986744,35.60888470000861],[33.19873561398681,35.606769795008574],[33.19875999998682,35.60671000000861],[33.19853999998681,35.6066200000086],[33.19813999998681,35.6064400000086],[33.19825999998693,35.60388000000854],[33.19827999998693,35.60358000000855],[33.19828999998692,35.60284000000852],[33.19828999998694,35.602240000008486],[33.19825999998697,35.60143000000847],[33.19825999998697,35.60138000000848],[33.19823999998698,35.601230000008464],[33.198249999986956,35.601140000008456],[33.198329999986974,35.601100000008444],[33.198409999986964,35.601080000008444],[33.19907499998697,35.60141300000846],[33.19907503998695,35.60141251900849],[33.199081999986944,35.60132900000849],[33.199082302986994,35.601329144008446],[33.199615999986975,35.60158300000848],[33.19976799998698,35.60150000000847],[33.19976800498699,35.601499682008466],[33.19976834598696,35.60148127100848],[33.19977799998697,35.60095900000846],[33.199778307987,35.60095905100847],[33.20045856398696,35.60107122100845],[33.20052962298702,35.60108293800846],[33.200529999987,35.60108300000849],[33.20057899998699,35.60105600000844],[33.20061199998696,35.601097000008444],[33.201090999986995,35.601176000008486],[33.201074999986965,35.6018930000085],[33.20147999998694,35.60256000000848],[33.2018399999869,35.60364000000851],[33.20246999998691,35.60386000000852],[33.20297599998687,35.60398400000851],[33.20297199998693,35.602198000008485],[33.203617660986964,35.602057074008506],[33.20361799998697,35.60205700000849],[33.20366699198687,35.604145651008544],[33.20366699998691,35.604146000008534],[33.20381999998688,35.604180000008526],[33.204683551986896,35.603820187008516],[33.204683999986884,35.60382000000851],[33.20508999998688,35.60365000000854],[33.20560999998688,35.603120000008495],[33.2058099999869,35.602910000008514],[33.207529999986946,35.60238000000847],[33.207889999986996,35.600980000008455],[33.20796999998698,35.600710000008455],[33.207983999987,35.60070700000846],[33.208011999986965,35.600625000008435],[33.20802865298698,35.60000330600846],[33.20803299498701,35.59984119200843],[33.20803299998703,35.59984100000841],[33.20826396898696,35.59988099500842],[33.20826399998699,35.59988100000842],[33.208268991987,35.59986615000841],[33.20834399998704,35.59964300000845],[33.20948399998698,35.59969600000843],[33.21103499998696,35.60031500000847],[33.213752999986944,35.60127800000845],[33.213753059986956,35.601278021008454],[33.213999904986906,35.601365750008476],[33.21403999998695,35.60138000000847],[33.21451899998694,35.60137100000844],[33.21451944398698,35.60137055600847],[33.21466999998698,35.60122000000848],[33.214731999986924,35.601366000008454],[33.21474399998697,35.601366000008454],[33.21474443998696,35.60136622600845],[33.21502899998695,35.60151200000848],[33.21529249398692,35.60159063700849],[33.21566899998694,35.601703000008456],[33.21579796998692,35.60204065400849],[33.21586799998694,35.60222400000846],[33.21586828998693,35.60222412300847],[33.2163299999869,35.602420000008486],[33.216239999986875,35.60268000000852],[33.216014999986875,35.60260700000847],[33.21635599998694,35.60349700000852],[33.21666299998687,35.60368700000849],[33.21711299998686,35.60396500000854],[33.217019101986864,35.60431803700851],[33.21693399998682,35.60463800000856],[33.21681467598688,35.60459554100852],[33.21677099998686,35.60458000000853],[33.21652499998685,35.60449300000853],[33.21644999998684,35.60607000000856],[33.21659796098678,35.60729968000857],[33.21659799998676,35.60730000000861],[33.21661199998676,35.607418000008586],[33.216688716986795,35.6074767280086],[33.21690199998679,35.60764000000861],[33.21707542098676,35.60780945700857],[33.21707699998677,35.60781100000857],[33.2170770319868,35.607811032008584],[33.217142999986784,35.60787600000858],[33.21708699998674,35.60798400000859],[33.217030828986765,35.6080922420086],[33.21695001698674,35.60824796700862],[33.21694999998675,35.608248000008615],[33.217007999986755,35.608289000008625],[33.21768499998676,35.608768000008624],[33.21827259198675,35.609250637008635],[33.218423999986705,35.60937500000864],[33.21848999998669,35.609400000008634],[33.218589999986754,35.60942000000864],[33.21874999998673,35.609430000008615],[33.21885999998673,35.60942000000864],[33.21895999998669,35.60939000000866],[33.219049999986694,35.60935000000864],[33.21923999998672,35.6092300000086],[33.219379999986714,35.609100000008645],[33.21943999998677,35.609100000008645],[33.2188900089867,35.609758008008605],[33.2189069999867,35.60977200000867],[33.21890695098672,35.60977205600864],[33.21866118898669,35.61005170100862],[33.21833399998666,35.61042400000868],[33.218319999986704,35.610440000008644],[33.2183189999867,35.610440000008644],[33.2183142219867,35.61044574000865],[33.218147499986664,35.61064600000864],[33.21833499998664,35.61085210000866],[33.21892549998669,35.61066330000866],[33.219420543986686,35.61062951500864],[33.21980319998669,35.61060340000866],[33.22062699998666,35.610779400008674],[33.22136171198667,35.61072007300865],[33.22211309998666,35.610659400008636],[33.22252129998665,35.61096520000868],[33.22256640198664,35.610962322008646],[33.22310889998668,35.61092770000866],[33.22373086198666,35.61042184700865],[33.2237816999867,35.61038050000868],[33.22408609998671,35.61065960000868],[33.22426419998664,35.611689700008675],[33.22447669998658,35.61280570000868],[33.22429129998659,35.61336420000869],[33.22395649998658,35.61375150000871],[33.22296379998661,35.61341040000874],[33.222516531986585,35.613335413008734],[33.220942399986626,35.6130715000087],[33.22080495598658,35.61305791100871],[33.219778199986614,35.61295640000869],[33.219247774986584,35.61278721000873],[33.21919099998659,35.612769100008684],[33.218914099986634,35.6125662000087],[33.21850399998662,35.612675500008734],[33.21850399998662,