{"segmentId":"5001227","streetsFileVersion":236,"polygonPointList":[[[32.70177293298712,35.61917014800912],[32.70164301998716,35.619084778009096],[32.7015969759872,35.61870490800908],[32.70159696098718,35.6187047870091],[32.70157266598719,35.61850434800907],[32.7015725729872,35.618503583009094],[32.701557093987184,35.618375881009094],[32.701723920987185,35.61794409200909],[32.70173968798718,35.617903284009095],[32.70187398998719,35.61773137800904],[32.70200820998718,35.61755957600908],[32.702029691987235,35.61682919800905],[32.70291078998724,35.61583540100899],[32.70295340598727,35.61578733400902],[32.704457125987275,35.61563696200901],[32.70496068498725,35.61579767200901],[32.70496194598724,35.615798075009],[32.704994168987184,35.616506972009006],[32.70515528198726,35.616399563009054],[32.70572454698725,35.61598067000902],[32.70713159998722,35.61562622100903],[32.707447118987254,35.615519771009],[32.70852586798723,35.61554160600904],[32.70853281498725,35.61554174700902],[32.709434946987216,35.61574040900903],[32.70947209898721,35.61626053700905],[32.709697656987196,35.616851284009044],[32.70980299198719,35.61720609600907],[32.70990173298718,35.61753869900908],[32.71000914198716,35.618419450009064],[32.70995013998716,35.61897259300905],[32.70992321498714,35.61922501400909],[32.70957950698715,35.61963316700913],[32.70903172298715,35.61976205700911],[32.70860208898713,35.62008428300909],[32.70843110298712,35.62009649700914],[32.70843068098711,35.6200965270091],[32.70815097298711,35.620116506009104],[32.70766763398716,35.6199231700091],[32.707141331987124,35.61991242900912],[32.706367989987115,35.619933911009085],[32.705809464987155,35.61994465200913],[32.70578834598716,35.619939249009086],[32.705347607987136,35.61982650300912],[32.704853528987165,35.619407609009116],[32.70443564398716,35.6193962630091],[32.70389860098714,35.61969700700912],[32.70369452498714,35.61957885800912],[32.70340452198714,35.61940700400908],[32.70323266798714,35.6192781140091],[32.70296414598716,35.61923515000911],[32.70256673498717,35.619310336009114],[32.70232789698715,35.619319702009086],[32.70201895098717,35.61933181800909],[32.70177293298712,35.61917014800912],[32.70177293298712,35.61917014800912]]]}