{"segmentId":"5001557","streetsFileVersion":188,"polygonPointList":[[[33.04107591999359,35.29318018800381],[33.03949152799362,35.292071114003804],[33.03893440499364,35.29168112800378],[33.03892110299364,35.29158928600377],[33.03872143499368,35.29021072400379],[33.03739200399365,35.28941797600375],[33.037063932993696,35.289222823003755],[33.0370631259937,35.28922186400378],[33.0370599999937,35.289220000003766],[33.03625999999365,35.28835000000374],[33.036290145993675,35.28830270200376],[33.035168025993734,35.286968374003706],[33.03512854799372,35.28543739900372],[33.03507049499374,35.284978715003746],[33.035039999993714,35.28475000000369],[33.03504982199376,35.28464850300369],[33.03509481599374,35.28412928300368],[33.035251857993735,35.283889094003726],[33.03525237499373,35.28388830300368],[33.03538999999376,35.28367000000368],[33.03605999999379,35.28322000000367],[33.03606068699372,35.28321997800368],[33.03606231199375,35.28321887700367],[33.03618209099377,35.28321606100372],[33.03667999999376,35.28319999900368],[33.03668209199374,35.28320484400371],[33.03742288999376,35.2833465100037],[33.03812369499372,35.283838976003686],[33.03894277099373,35.28463580700369],[33.03911106999373,35.28482634800369],[33.03963495899379,35.28425004000373],[33.040166171993754,35.2836656760037],[33.041051331993735,35.2846150800037],[33.04034608299369,35.28622457400375],[33.04187259499367,35.287927521003716],[33.04408831699368,35.28771218700376],[33.04343158599367,35.29004643800376],[33.0422078049936,35.29167443800375],[33.04107591999359,35.29318018800381],[33.04107591999359,35.29318018800381]]]}