{"segmentId":"5001119","streetsFileVersion":188,"polygonPointList":[[[32.60846724299364,35.31310620600411],[32.606936702993615,35.31261564000411],[32.60693303799368,35.3124809790041],[32.60693027299366,35.31237937800412],[32.60681999999364,35.31232000000411],[32.60682191699364,35.31227207200409],[32.606770927993644,35.31224263400408],[32.606777872993646,35.31213009500409],[32.60670987399364,35.31214342800413],[32.60654692899364,35.3121258370041],[32.60641362999367,35.312061639004085],[32.60631491299367,35.31199746000409],[32.60628035999362,35.3119604090041],[32.60623345099364,35.31191010800412],[32.605910330993666,35.31175713700408],[32.605832008993616,35.31170578300408],[32.60543999399364,35.311448291004076],[32.60514216099367,35.31132236900408],[32.604726911993694,35.31097554800409],[32.60461925199368,35.31090378200407],[32.60461597599366,35.31090159500412],[32.604615607993686,35.310901367004085],[32.604510041993684,35.31083095600411],[32.604492028993626,35.31081929500409],[32.60448469299371,35.310814455004106],[32.60440857999366,35.31076351600411],[32.60433056499366,35.310760676004065],[32.604088693993674,35.310614837004096],[32.603215047993665,35.30997904400407],[32.60295342199365,35.30982736200411],[32.60223750699367,35.30961711100411],[32.60185742399372,35.30936628300405],[32.60087022899371,35.30867801700405],[32.60046550799372,35.308357248004064],[32.60043098799369,35.30828147800404],[32.600440951993725,35.30815327400407],[32.6004428699937,35.30814981600403],[32.600449999993685,35.308050000004044],[32.60053999999369,35.30777000000407],[32.600677949993724,35.30751918200408],[32.60092259099371,35.30676404800404],[32.601393206993734,35.30645895700406],[32.60173440299378,35.30632785400406],[32.60310588799375,35.30559094100404],[32.60373950699374,35.304558104004045],[32.604656887993805,35.303406520004025],[32.6061714939938,35.30315658400403],[32.60644142399374,35.30319559600404],[32.60650096899374,35.30320420100398],[32.60648999999381,35.30310000000398],[32.60648999999381,35.303030000003986],[32.60647999999377,35.30296000000399],[32.60669999999378,35.30319000000398],[32.60670100599376,35.30318729700403],[32.60685999999376,35.302760000003985],[32.60686076199378,35.30276098000402],[32.606999999993754,35.302940000003986],[32.607119999993785,35.30322000000402],[32.60721999999376,35.30332000000401],[32.60720025199376,35.30335845800401],[32.608842974993806,35.30397704000403],[32.60993752699375,35.30523220500401],[32.61027160399373,35.30605596000402],[32.61036658399376,35.30717590300402],[32.6104728129937,35.30842848900406],[32.61027949899369,35.30842105400407],[32.61000516799368,35.309762722004095],[32.60981504399369,35.311191125004086],[32.60902250699371,35.3112415050041],[32.608640347993635,35.312524882004105],[32.60846724299364,35.31310620600411],[32.60846724299364,35.31310620600411]]]}