{"segmentId":"5001875","streetsFileVersion":188,"polygonPointList":[[[32.972868885984425,35.69638156501078],[32.97248099998447,35.69484980001075],[32.97333879998453,35.6927692000107],[32.97560389998455,35.691643000010686],[32.97741346398453,35.69142831801071],[32.97745659998454,35.691423200010654],[32.97899499998456,35.691528000010685],[32.97912219698451,35.69174368901071],[32.97980824098451,35.692907014010736],[32.98077219998446,35.69454160001073],[32.98220079998436,35.69630600001079],[32.98265762698435,35.69667929701081],[32.984750999984335,35.69838990001085],[32.986238210984254,35.7002959340109],[32.9866020999842,35.70076230001093],[32.98839149998417,35.70194850001096],[32.990180999984176,35.70201900001096],[32.99521189898413,35.70226265501091],[33.002667577984155,35.702623747010975],[33.00274299998413,35.70262740001094],[33.00137529998411,35.70400070001099],[33.000744199984034,35.705469000011036],[33.000309299983975,35.7073050000111],[33.00022967398393,35.70791410201112],[33.000080999983936,35.70905140001114],[33.000012999983795,35.71158410001117],[32.99983309998376,35.71338750001125],[32.99954809998368,35.7151051000113],[32.999059199983655,35.716520400011305],[32.998905199983575,35.71782240001134],[32.998436924983615,35.71855901501136],[32.998134399983556,35.71903490001139],[32.99722079998349,35.72074230001142],[32.99651759998349,35.72167730001147],[32.99541009998351,35.722488200011476],[32.99475965498345,35.7230621750115],[32.994172499983414,35.72358030001149],[32.993229799983446,35.7236971000115],[32.99228699998341,35.7232990000115],[32.9903402999835,35.7223493000115],[32.98886309998352,35.72178870001146],[32.98718849998355,35.72065010001144],[32.98582638198355,35.71926211901141],[32.98570329998361,35.719136700011376],[32.98496069998362,35.71820830001139],[32.98493948798364,35.7181449220114],[32.98464999998366,35.71728000001137],[32.984329999983686,35.716920000011356],[32.98419999998369,35.71675000001133],[32.9840999999837,35.71659000001133],[32.98399999998368,35.716360000011335],[32.983969999983685,35.71625000001133],[32.983883999983725,35.71586020001133],[32.983853999983744,35.71563290001131],[32.983839999983715,35.715310300011296],[32.983607999983754,35.7149311000113],[32.9832894999838,35.71407290001128],[32.98273699998381,35.712914200011234],[32.98256208398387,35.71198196401124],[32.982537653983854,35.711879357011185],[32.98208899998386,35.71068490001117],[32.98119809998393,35.709515400011135],[32.98005319998398,35.707926100011115],[32.979380258984015,35.70727704701108],[32.97862286698406,35.70654653901106],[32.97806709998404,35.706010500011054],[32.977123012984094,35.70486392201104],[32.97665999998411,35.70430160001102],[32.97595509998418,35.70327940001097],[32.97496939998423,35.70191620001091],[32.97353399998428,35.69900810001089],[32.972868885984425,35.69638156501078],[32.972868885984425,35.69638156501078]]]}