{"segmentId":"5001801","streetsFileVersion":188,"polygonPointList":[[[31.923423229997102,35.01659811400177],[31.922461972997116,35.0177429940018],[31.922398410997143,35.0186561420018],[31.922399999997086,35.018660000001816],[31.922396576997087,35.01868249200179],[31.92228876299708,35.02023138400182],[31.92227214999706,35.0204700600018],[31.92202910799708,35.02297683000184],[31.921581002997065,35.02299368900181],[31.921564410997103,35.02309258200184],[31.921405837997074,35.02450498600186],[31.92121300399704,35.025187018001844],[31.91971999999706,35.024940000001855],[31.91959999999707,35.02541000000187],[31.919429999997046,35.02538000000183],[31.91857060099706,35.02546680800182],[31.917559999997028,35.02593000000187],[31.917309999997045,35.02582000000186],[31.917202222997048,35.025712223001825],[31.91719558099704,35.02570818000183],[31.917029999997084,35.02564000000186],[31.91686999999709,35.025510000001844],[31.916751321997044,35.02641031400183],[31.91673114399704,35.02656339200187],[31.916748969997084,35.02655782200183],[31.91686999999709,35.02652000000185],[31.91713999999709,35.026540000001866],[31.917099999997046,35.026720000001866],[31.917009999997084,35.02694000000183],[31.916735022997052,35.02743240000187],[31.916579999997047,35.02771000000187],[31.916309999997065,35.02754000000185],[31.916089999997055,35.02739000000183],[31.91568999999704,35.02705000000182],[31.91535999999706,35.02668000000185],[31.91516999999702,35.02644000000183],[31.91489999999705,35.02603000000184],[31.914599999997055,35.02544000000185],[31.91427999999709,35.02478000000187],[31.91385999999708,35.023890000001835],[31.913749999997055,35.02366999900183],[31.91370999999706,35.02359000000185],[31.91321999999706,35.02267000000184],[31.913009999997083,35.02228000000186],[31.912839999997107,35.02195000000183],[31.912579999997085,35.021410000001836],[31.91244999999708,35.021030000001815],[31.912369999997107,35.020670000001815],[31.912339999997076,35.0203600000018],[31.912309999997085,35.02006000000182],[31.91231141699713,35.020013241001834],[31.912319999997127,35.01973000100178],[31.912369999997107,35.01933000000178],[31.912509999997116,35.01848000000182],[31.91254999999712,35.018270000001785],[31.912589999997152,35.017760000001815],[31.912589999997152,35.017400000001814],[31.91259999999714,35.017070000001794],[31.912609999997073,35.01696000000178],[31.912639999997143,35.01688000000181],[31.912779999997124,35.01670000000181],[31.912929999997118,35.016480000001806],[31.915873336997127,35.0147387690018],[31.916099999997122,35.01453000000176],[31.916106322997145,35.014523466001805],[31.916101512997123,35.014372067001794],[31.91632874999713,35.014293624001795],[31.91639999999715,35.01422000000181],[31.916619999997106,35.01417000000177],[31.91668687399714,35.01417000000177],[31.916690313997133,35.01416881200176],[31.916699651997106,35.01416724200176],[31.91694719399712,35.01409651600178],[31.91696999999713,35.014090000001794],[31.91699999999713,35.014040000001806],[31.917079999997156,35.013940000001774],[31.917259999997142,35.01363000000176],[31.917489999997137,35.013230000001805],[31.918109999997185,35.01228000000175],[31.91837999999718,35.012170000001746],[31.918649999997154,35.01221000000176],[31.918949999997157,35.01230000000176],[31.919069999997124,35.01236000000178],[31.919229999997132,35.012440000001746],[31.919409999997118,35.01256000000178],[31.91941021899711,35.0125601600018],[31.92030510499718,35.011625579001766],[31.921228592997124,35.01187342300177],[31.92123999999719,35.01187000000176],[31.921419999997156,35.01187000000176],[31.92158999999714,35.011920000001744],[31.92175999999716,35.01199000000174],[31.92197999999719,35.01209000000178],[31.922459999997145,35.01225000000177],[31.922779999997136,35.01240000000179],[31.92283999999717,35.012420000001796],[31.92290999999714,35.01248000000176],[31.92292999999717,35.01254000000178],[31.922928006997132,35.01254598100179],[31.92298720999713,35.01257253800175],[31.92352236799717,35.01404840200179],[31.923588385997128,35.01425737600178],[31.923589999997148,35.01426000000176],[31.92370999999711,35.01447000000181],[31.92372999999713,35.014550000001776],[31.92374999999712,35.01464000000177],[31.923768867997126,35.01482868300181],[31.923863120997137,35.01512703400177],[31.923790594997136,35.016160574001766],[31.9237475769971,35.01621181000181],[31.923739999997128,35.016280000001785],[31.92369999999711,35.01637000000179],[31.923609999997126,35.016490000001774],[31.92348999999712,35.0165700000018],[31.923423229997102,35.01659811400177],[31.923423229997102,35.01659811400177]]]}