{"segmentId":"5001207","streetsFileVersion":236,"polygonPointList":[[[32.69878534099414,35.2743211050037],[32.697863724994114,35.27283858000365],[32.69782082199412,35.27216287800368],[32.69779527999414,35.27176060400366],[32.69982831599418,35.270137730003626],[32.70074986099422,35.27008478800366],[32.70088616599415,35.27007695700365],[32.701528085994184,35.27004008000363],[32.701454312994265,35.266303743003576],[32.70146347599425,35.2658046880036],[32.70147390399426,35.265236766003575],[32.701486020994246,35.26520636500357],[32.70172231399424,35.26461350600357],[32.70225130099425,35.26446581900359],[32.70283955999421,35.26607343800357],[32.70301848899422,35.26656242200359],[32.70356628899418,35.26870128700362],[32.70287999399417,35.26925863700364],[32.702769999994146,35.271400000003624],[32.70282314799414,35.27186357400367],[32.70287214699415,35.27229095100366],[32.70294999999414,35.27297000000365],[32.70328353099414,35.27326419100368],[32.70489999999412,35.27469000000371],[32.70553393299408,35.27577425700372],[32.70528999999409,35.27700000000369],[32.70446317499407,35.277154344003705],[32.7032020609941,35.27689260400372],[32.70309712199406,35.2765632640037],[32.70116936699408,35.27567305100371],[32.700705845994115,35.275112050003706],[32.69878534099414,35.2743211050037],[32.69878534099414,35.2743211050037]]]}