{"segmentId":"5001193","streetsFileVersion":188,"polygonPointList":[[[32.71003189399531,35.17799604900279],[32.70910985299523,35.1813570380028],[32.70780529399524,35.18200931800282],[32.706195012995266,35.182814458002824],[32.70438067399528,35.181773444002815],[32.70488630899532,35.180256537002805],[32.70664116199528,35.178531428002785],[32.70696926499534,35.176397939002754],[32.70698323999534,35.17630706700276],[32.705881053995306,35.1760724150028],[32.705669999995344,35.176060000002785],[32.70548999999535,35.17600000000276],[32.70539999999535,35.17597000000278],[32.70445050399536,35.17494635500274],[32.702344746995344,35.17486946500274],[32.70232032799534,35.174816962002794],[32.7022844239953,35.17490249600279],[32.7022702339953,35.174899464002785],[32.702269999995366,35.174900000002744],[32.701629999995404,35.17477000000274],[32.70179998199539,35.17388829300277],[32.699107599995386,35.17270617700276],[32.69965802899539,35.17076205500275],[32.699664459995425,35.17073825100273],[32.69967544199541,35.17070055200271],[32.700398919995436,35.168145222002735],[32.69918646399544,35.1673325960027],[32.69904370499545,35.16722576100271],[32.69671589399549,35.165483707002714],[32.69605715099543,35.16499072600267],[32.697162298995515,35.16287543100265],[32.69793724299549,35.161730590002655],[32.699055224995526,35.15975338300265],[32.69917018099551,35.15917337300263],[32.699182897995534,35.15915566300263],[32.699281997995556,35.15901765100264],[32.69987999899559,35.15659000000262],[32.702796862995555,35.155149321002625],[32.703060243995544,35.155243674002634],[32.70309844699556,35.1552232090026],[32.70340986899555,35.15536892500262],[32.70556969999556,35.15614266400263],[32.705669999995536,35.155900000002596],[32.70746999999553,35.156820000002604],[32.707599999995544,35.1568700000026],[32.70751999999553,35.15774000000262],[32.70748999999552,35.15802000000266],[32.7074599999955,35.15830000000264],[32.70741999999554,35.15857000000263],[32.707389999995506,35.158750000002634],[32.707349999995536,35.15896000000262],[32.707289999995524,35.15922000000264],[32.70720999999547,35.15955000000261],[32.70712999999551,35.15984000000262],[32.706959999995476,35.160440000002644],[32.70691259299546,35.16059802300263],[32.705970492995455,35.165707321002714],[32.705969999995425,35.16571000000268],[32.706755428995415,35.168354114002724],[32.70714999999542,35.16938000000272],[32.70725999999542,35.16965000000271],[32.707409999995384,35.1700400000027],[32.7074699999954,35.17021999900271],[32.7075199999954,35.17037000000272],[32.70755999999541,35.17052000000274],[32.70758999999538,35.170690000002715],[32.707599999995416,35.17090000000275],[32.70757999999538,35.17113000000274],[32.70773999999538,35.17125000000272],[32.707990172995366,35.17136214600272],[32.70831999999538,35.17151000000276],[32.70840999999541,35.17201000000274],[32.70857999999538,35.17226000000274],[32.70855581199536,35.172286387002735],[32.70868925399535,35.17247676000274],[32.70896532499538,35.172974461002724],[32.70932999999539,35.173460000002734],[32.70943999999533,35.17395000000275],[32.70943410399532,35.17413278000274],[32.70979522999534,35.17646658600278],[32.71003189399531,35.17799604900279],[32.71003189399531,35.17799604900279]]]}