{"segmentId":"5001820","streetsFileVersion":236,"polygonPointList":[[[31.93376815799731,34.990498553001665],[31.932859999997277,34.99080000000164],[31.93289214999727,34.99059677500163],[31.932933856997273,34.990333141001656],[31.932971407997282,34.99009577600163],[31.932156180997286,34.990042750001635],[31.932023083997287,34.98871529100166],[31.931784617997327,34.98633692000162],[31.932230570997334,34.98446302100164],[31.93257052199735,34.98303454600162],[31.93257140099736,34.98303085100159],[31.932572888997303,34.983024599001595],[31.93352082699733,34.98276370500158],[31.934038127997336,34.98395620500159],[31.934690888997316,34.98546097000165],[31.93543946399732,34.9853106180016],[31.936039999997316,34.985190000001616],[31.937133867997314,34.98672635100165],[31.93670999999731,34.98853000000162],[31.936431654997296,34.98881023900162],[31.9353679709973,34.98988115800166],[31.935239999997332,34.99001000000163],[31.93376815799731,34.990498553001665],[31.93376815799731,34.990498553001665]]]}