{"segmentId":"5001181","streetsFileVersion":96,"polygonPointList":[[[32.69118905799175,35.42220067100549],[32.691164999991734,35.422748000005534],[32.69120788799175,35.42291342500551],[32.6912489999917,35.42307200000552],[32.69114899999171,35.42313100000553],[32.69114322599172,35.42326308300552],[32.691133005991674,35.4234968520055],[32.69113299999168,35.423497000005526],[32.69060599999171,35.423620000005506],[32.6905169999917,35.423730000005506],[32.69078888599171,35.42490450800555],[32.69078899999166,35.42490500000551],[32.69090366699165,35.42488007200556],[32.69090399999167,35.42488000000553],[32.691038999991655,35.42574900000555],[32.690628664991685,35.427100116005604],[32.690309942991604,35.42814957800559],[32.690309926991624,35.428149630005606],[32.690284092991625,35.428234695005614],[32.69028399999165,35.42823500000557],[32.690509999991626,35.42921200000563],[32.68989399999159,35.42944800000559],[32.6898909999916,35.42944900000559],[32.68933199999157,35.429638000005625],[32.68918875699162,35.42988834600561],[32.6891139999916,35.43001900000564],[32.689025999991586,35.43045700000562],[32.6882360909916,35.430762160005614],[32.687899999991586,35.43089200000561],[32.68733099999155,35.43114100000561],[32.687217999991574,35.430255000005616],[32.68718699999159,35.43003200000561],[32.6858409999916,35.429603000005606],[32.685487253991646,35.427296045005576],[32.68530599999165,35.426114000005555],[32.68528525599166,35.42603003700554],[32.68528499999168,35.426029000005535],[32.685125999991634,35.42538100000558],[32.68374399999166,35.42580300000554],[32.683465152991666,35.42584138000558],[32.68256699999169,35.42596500000559],[32.68225374599169,35.426023139005565],[32.682205999991666,35.42603200000559],[32.681707913991666,35.42639208200558],[32.68126399999166,35.426713000005584],[32.679359074991766,35.420972227005485],[32.679358999991734,35.420972000005506],[32.67826249899179,35.41766849300546],[32.67802799999183,35.416962000005455],[32.67809872199188,35.416944071005425],[32.67809899999184,35.41694400000544],[32.67805109599184,35.416883183005424],[32.67798399999183,35.41679800000541],[32.678901935991846,35.41573207400543],[32.67890199999187,35.41573200000541],[32.678624357991865,35.415216924005406],[32.67773503399195,35.41356706400539],[32.677734999991884,35.413567000005386],[32.6775513229919,35.41369510600536],[32.6771069999919,35.41400500000537],[32.67651214499191,35.413368156005376],[32.67651199999191,35.41336800000538],[32.67627174899195,35.41311023000535],[32.67627141999189,35.413109878005386],[32.676031999991935,35.41285300000536],[32.67653084899197,35.412397138005396],[32.67653099999195,35.41239700000537],[32.67680287399191,35.41214911500534],[32.67680299999197,35.41214900000537],[32.67749582499194,35.41289928200539],[32.67783999999192,35.41327200000539],[32.677972999991894,35.4135860000054],[32.679023999991855,35.41559000000543],[32.67989799999184,35.41648900000545],[32.68057699999183,35.416317000005414],[32.68057733899183,35.416317000005414],[32.680577999991804,35.416317000005414],[32.68083564799182,35.41623529400542],[32.681091999991835,35.41615400000544],[32.68211867299183,35.41723018400544],[32.68258488799182,35.417718882005424],[32.68258499999185,35.41771900000543],[32.68309399999183,35.41733800000542],[32.683558769991855,35.416926948005404],[32.683690899991824,35.41681008900546],[32.68369099999186,35.416810000005434],[32.68412599999185,35.41637900000543],[32.68424899999188,35.416317000005414],[32.684488999991814,35.416105000005444],[32.685292999991866,35.41579000000544],[32.68548483399189,35.41569308400542],[32.68548499999184,35.4156930000054],[32.68563024699186,35.41561938200541],[32.68563069599185,35.41561915400543],[32.68570399999186,35.41558200000538],[32.685816999991864,35.41558400000538],[32.6860289999919,35.41550100000542],[32.68602972399185,35.41550534600538],[32.68603099999189,35.41551300000539],[32.68603137699187,35.41551293100543],[32.68749463299185,35.41524325800539],[32.68786499999187,35.415175000005384],[32.689422970991856,35.41666297300541],[32.68942299999184,35.4166630000054],[32.68971297699184,35.416257831005424],[32.689716485991845,35.416252929005424],[32.69026959499187,35.41548010000538],[32.69027067899184,35.41547858500543],[32.69029399999185,35.41544600000539],[32.69029411699189,35.415445950005406],[32.69047228199183,35.415370280005405],[32.69136999999187,35.41498900000539],[32.692123553991834,35.41472815400539],[32.69212399999185,35.41472800000537],[32.692528039991885,35.414359120005365],[32.69280199999187,35.41410900000539],[32.69317399999189,35.414121000005416],[32.69317423199188,35.414121236005364],[32.694505999991854,35.415481000005414],[32.69450637399188,35.415481381005414],[32.69498990799183,35.4159739700054],[32.695001985991865,35.4159862740054],[32.695039607991845,35.416024601005425],[32.69503999999186,35.41602500000541],[32.69576442599185,35.41502066100538],[32.69581899999183,35.414945000005396],[32.697828899991855,35.41641240000545],[32.698963035991866,35.4161766480054],[32.70028909999188,35.41590100000544],[32.700532876991815,35.417333251005445],[32.700939199991765,35.41972050000545],[32.69622019999174,35.42035790000548],[32.69525299999173,35.421401000005496],[32.69525266699172,35.4214013970055],[32.69480999999176,35.42192800000549],[32.69438849099174,35.421597385005484],[32.69438799999175,35.42159700000553],[32.69409930199172,35.42137023700552],[32.694098999991745,35.42137000000547],[32.693573999991784,35.42095800100547],[32.69334319699173,35.4210450200055],[32.69258999999176,35.421329000005514],[32.692588826991766,35.42132944500547],[32.69219699999175,35.42147800000547],[32.69192632799176,35.42160056300548],[32.691200999991715,35.421929000005484],[32.69118905799175,35.42220067100549],[32.69118905799175,35.42220067100549]]]}