{"segmentId":"5001555","streetsFileVersion":236,"polygonPointList":[[[33.03772418799496,35.19026169500284],[33.03764135599499,35.18897118700283],[33.037298713994986,35.18832873300282],[33.03717022299498,35.187829046002804],[33.037198775994995,35.18755778800281],[33.03761280299503,35.18760061800279],[33.03759852599503,35.187329359002796],[33.037512864995,35.186215772002775],[33.03742720499502,35.18528778200279],[33.03719877599504,35.1842455780028],[33.03739865099506,35.18324620400277],[33.03795544499507,35.18308916000279],[33.03842657799504,35.18314626700276],[33.038355193995066,35.18441689900277],[33.038012551995045,35.185530487002794],[33.03795544499504,35.187186592002796],[33.03827685099498,35.187772559002816],[33.038926443994974,35.18780111200281],[33.039004965995,35.18818658500281],[33.03885999999501,35.188800000002836],[33.03886530199498,35.1890415370028],[33.038898727994955,35.190564209002844],[33.039254809994965,35.19082707300283],[33.03960658399496,35.19156269900282],[33.039824480994945,35.19264248700286],[33.04092448899495,35.195053280002845],[33.041030707994906,35.19528607000289],[33.04122540299491,35.19571276600286],[33.041376920994914,35.19577930400287],[33.0415058109949,35.19600486200288],[33.04145562899488,35.19621733200289],[33.0415096259949,35.196335673002906],[33.04124385999492,35.19701639000289],[33.041193622994875,35.19751361600289],[33.04115255499488,35.1979200920029],[33.041074901994875,35.19868866400288],[33.040576218994886,35.19917236700293],[33.04029600799484,35.19944416100289],[33.039059999994834,35.20261000000294],[33.03753999999483,35.20239000000291],[33.03655362599484,35.20067324300291],[33.03615994299485,35.19958081100289],[33.036129230994895,35.19929877100289],[33.03548247699493,35.19682614200292],[33.03561363099491,35.19636112100289],[33.03575482699494,35.195860492002886],[33.03574475499493,35.19576800000287],[33.03569273699492,35.195290300002895],[33.03576245499492,35.19498633100288],[33.03568355299493,35.19481769700289],[33.03570891699496,35.19438551700288],[33.03553342799494,35.19382731600288],[33.03552688699494,35.193767246002864],[33.03529845999493,35.19276153500285],[33.035328971994964,35.19194972500283],[33.03527999999497,35.19150000000287],[33.03598780999497,35.19161443600286],[33.03732692999498,35.19161078100286],[33.03772418799496,35.19026169500284],[33.03772418799496,35.19026169500284]]]}