{"segmentId":"5001234","streetsFileVersion":188,"polygonPointList":[[[32.722129999992184,35.39594000000512],[32.721926041992205,35.396347915005116],[32.72190999999217,35.39638000000516],[32.72168999999215,35.396950000005155],[32.72119999999217,35.39774000000515],[32.72108624999214,35.39784705800513],[32.72082236699214,35.39863067600515],[32.71870344599213,35.39876219500519],[32.71868151799215,35.39876355600518],[32.71392192999211,35.3990589790052],[32.714089999992176,35.39728866000517],[32.714089999992176,35.39717000000516],[32.71423999999221,35.39645000000515],[32.71433999999219,35.39618000000515],[32.7143999999922,35.39604000000511],[32.71442115399218,35.39597512700512],[32.714328384992214,35.39564621800509],[32.71431181099225,35.39550825800514],[32.714929871992204,35.39362693600508],[32.71529506199223,35.39285359400507],[32.7172928619923,35.39220914300509],[32.71785138699228,35.391135057005044],[32.71901139999228,35.39036171500504],[32.71912225199227,35.390044994005045],[32.719462515992355,35.389072810005054],[32.72010696799231,35.38849280500502],[32.72148179799234,35.38812761600505],[32.72151429199229,35.38868813800505],[32.72163999999227,35.388710000005034],[32.72175999999232,35.38900000000504],[32.721819999992285,35.389020000005054],[32.72187999999231,35.38907000000505],[32.7219099999923,35.38885000000502],[32.72203999999233,35.38877000000505],[32.72207063699232,35.388777659005],[32.722119999992344,35.38879000000501],[32.72225999999232,35.38948000000503],[32.722249999992265,35.389630000005056],[32.72216999999228,35.389960000005026],[32.72213242599228,35.39012532400504],[32.72211999999232,35.39018000100503],[32.72203378199226,35.39071167900505],[32.7219399999923,35.391290000005036],[32.7220128269923,35.39180788400508],[32.722029999992294,35.39193000000508],[32.72225999999227,35.39266000000506],[32.72231999999222,35.39296000000511],[32.722299999992245,35.3934400000051],[32.72225999999221,35.39455000000509],[32.722179999992186,35.395240000005124],[32.72216999999222,35.39578000000513],[32.722129999992184,35.39594000000512],[32.722129999992184,35.39594000000512]]]}