{"segmentId":"5001174","streetsFileVersion":236,"polygonPointList":[[[32.69940643399499,35.20299996200298],[32.698628723995014,35.20433420900298],[32.699040299995005,35.20525598100302],[32.696835694994995,35.20853373400306],[32.69892479199495,35.210553015003086],[32.69797959699487,35.21552603400311],[32.69685717699485,35.21718012600315],[32.69545549399486,35.21583751800312],[32.69212244899497,35.21037280700307],[32.691707332995,35.20802119700304],[32.69133289199501,35.20590000400303],[32.689674813995005,35.205648631003],[32.689419999994996,35.20561000000301],[32.68942932699498,35.204866194002996],[32.689439782995045,35.20403228100299],[32.68824957499504,35.203625608002994],[32.68588658599505,35.20195003400299],[32.68475759799508,35.19996252700295],[32.68366740099507,35.199506041002984],[32.6833451749951,35.198652142002985],[32.684400171995165,35.19147754600289],[32.681793011995225,35.18858106400288],[32.68102299199522,35.18719899100288],[32.68067176599524,35.18656859200288],[32.68058949899525,35.18642093600286],[32.679702047995214,35.18482809300287],[32.678472868995286,35.18262189900281],[32.67822999999528,35.18108999900282],[32.67974999999534,35.17798000000279],[32.68079202399528,35.179654643002806],[32.68362480599527,35.184207223002836],[32.68450228699522,35.18561742900285],[32.68807830199527,35.183956018002846],[32.68819082799529,35.18390373900286],[32.68897897999528,35.18353756400284],[32.68973889299524,35.18374897200283],[32.69029734399525,35.18390433400282],[32.69030970599528,35.183907773002844],[32.69500323399524,35.185213514002854],[32.69433014299524,35.18675600200285],[32.69419562799521,35.18706426200285],[32.69780999999521,35.1905400000029],[32.69859214199515,35.1931901700029],[32.69986999999507,35.19752000000295],[32.699858493995116,35.19755643700296],[32.69962999999513,35.198280000002974],[32.69850350599512,35.198255737002974],[32.69637999999508,35.19821000000299],[32.696254357995045,35.200678394003006],[32.69843274899507,35.20228282300302],[32.69940643399499,35.20299996200298],[32.69940643399499,35.20299996200298]]]}