{"segmentId":"5001254","streetsFileVersion":236,"polygonPointList":[[[32.73707595499411,35.27423621200368],[32.73647470299414,35.272579698003675],[32.73675071999411,35.271152021003616],[32.73712191599412,35.27099973600366],[32.738056685994145,35.27167251400363],[32.73850188299411,35.27171336800366],[32.73999848699409,35.27323318800367],[32.74014120499409,35.27337812000368],[32.740390372994085,35.273243142003665],[32.74227064299412,35.27222457100363],[32.74227379299411,35.272223656003646],[32.742291956994166,35.27221838300365],[32.74254194499408,35.272145806003614],[32.74293657699414,35.27203123600363],[32.743129960994146,35.27203123600361],[32.74335557899407,35.27203123600361],[32.74347361999409,35.27203123600361],[32.743727010994114,35.27215384500364],[32.7438604529941,35.272108285003654],[32.74676086199411,35.271118020003655],[32.74818555599412,35.27344120600363],[32.748263492994084,35.27356829400364],[32.748494440994094,35.27344905500368],[32.7492031959941,35.27308312400364],[32.74925115199411,35.27305836400367],[32.7512955629941,35.27200283100365],[32.75255999999414,35.27135000000362],[32.75373151699414,35.27173924200361],[32.75388995099415,35.27179188200365],[32.753966846994125,35.27181743100363],[32.75459714999409,35.27360417100365],[32.7551850069941,35.27527058600365],[32.75518504799407,35.27527055900365],[32.756660746994086,35.27488066900364],[32.75696820399404,35.275984292003656],[32.756036985994,35.27768571500371],[32.75603791699407,35.27768835500371],[32.75627446699402,35.27782483300371],[32.75767304099399,35.278631747003736],[32.75792999999401,35.2787800000037],[32.75763180999403,35.27967457100371],[32.75763077399402,35.279677679003704],[32.75762999999403,35.27968000000371],[32.756185906993984,35.2799209760037],[32.755992967994004,35.2799531720037],[32.754429999993995,35.28250000000372],[32.754324804994,35.282561039003724],[32.751999999993956,35.283910000003765],[32.751866613993954,35.284206270003736],[32.75104012699393,35.28604202000376],[32.750912058993904,35.28632647700378],[32.75027971399392,35.2863935240038],[32.750029999993906,35.286420001003805],[32.74978281799391,35.2861215450038],[32.748729809993925,35.28485010300378],[32.74427361699389,35.287846306003814],[32.74217891299388,35.28925471800383],[32.74197137199386,35.28883329100383],[32.73953768599398,35.28389152700375],[32.73945442999394,35.28372247100375],[32.739713083993976,35.28348643000375],[32.74116416099397,35.28216221000372],[32.740020445994034,35.28099803000372],[32.73943418299403,35.28040127700375],[32.73896752099407,35.277073887003674],[32.73788561599405,35.275856451003676],[32.73739999999409,35.27531000100366],[32.73716068699408,35.274516989003686],[32.73707595499411,35.27423621200368],[32.73707595499411,35.27423621200368]]]}