{"segmentId":"5001296","streetsFileVersion":188,"polygonPointList":[[[32.785510218992535,35.374394048004824],[32.785509669992535,35.37439548700483],[32.78550999999251,35.374400000004805],[32.785508445992505,35.37439869800482],[32.7854641359925,35.37451497000483],[32.78513426899248,35.37538053900483],[32.7851899999925,35.375440000004815],[32.78506999999253,35.37557000000482],[32.78505723199246,35.37556368700485],[32.78227111599249,35.37513432600487],[32.78226799999249,35.37513900000483],[32.78226797499248,35.3751391040048],[32.78198999999248,35.376320000004874],[32.78173800399245,35.37656320600487],[32.78148214799245,35.37844008300486],[32.78100178299247,35.37926741800487],[32.78103999999245,35.37937000000489],[32.7809193109924,35.38043490400487],[32.780880687992365,35.381021094004915],[32.780664207992366,35.38430664400495],[32.78066003199237,35.384309367004974],[32.78065999999235,35.38431000000492],[32.77942999999232,35.38538100000496],[32.77728900099229,35.38651600200499],[32.776217999992255,35.386556000004965],[32.7762177329923,35.38655601200496],[32.77613992499228,35.386559395004994],[32.77610299999229,35.38656100000495],[32.77609892299232,35.38655546900496],[32.773828992992314,35.38663599100498],[32.77375522399233,35.38664995800501],[32.773754999992285,35.38665000000496],[32.77375161799233,35.38663574200499],[32.7722409169923,35.385960370004995],[32.772273945992325,35.38494590100495],[32.77212999999235,35.38497000000498],[32.77200999999236,35.38481000000498],[32.77211590799235,35.38438437100497],[32.77211599999233,35.38438400000498],[32.77210654699237,35.38438494500498],[32.77210599999236,35.384385000004976],[32.77213402799232,35.384284852004974],[32.77186912599238,35.38406988800495],[32.77189589499242,35.3807969390049],[32.77189918599241,35.38078680500493],[32.77188999999241,35.3807900000049],[32.77189299999238,35.38078200000493],[32.771893156992455,35.38078162500491],[32.771927537992404,35.38069951500491],[32.772964722992455,35.37750622800488],[32.772960999992485,35.37748300000485],[32.77237999999249,35.377230000004865],[32.77221999999249,35.37593000000483],[32.772083444992504,35.375891698004814],[32.77032663999252,35.37545029000484],[32.7703258039925,35.37544376100483],[32.77032499999252,35.375444000004855],[32.77021679999253,35.37461873100482],[32.770214999992554,35.37460500500481],[32.77021826799253,35.37460232700483],[32.77021813699248,35.374601299004844],[32.77054008999253,35.37409241000483],[32.7705899999925,35.37389000000484],[32.77105999999253,35.373250000004795],[32.77105999999253,35.37319538300481],[32.77090564599259,35.372001957004805],[32.7708199999926,35.371770000004766],[32.77078999999258,35.37127000100476],[32.77077199999261,35.37098200000476],[32.7715730539926,35.37032409000478],[32.77164390899257,35.370264493004754],[32.7716417359926,35.37023682500478],[32.77163434199257,35.370173005004744],[32.77162599999257,35.370101000004745],[32.771625991992586,35.37010093400477],[32.771373999992626,35.36797900000474],[32.77144468399267,35.36772913100472],[32.77129650799264,35.36584345400474],[32.77255286399267,35.36484408100471],[32.77242443199269,35.36434576500469],[32.77209494199266,35.36457977100467],[32.771353822992644,35.364558289004705],[32.77101056899269,35.3638015870047],[32.77078501099268,35.36373714300467],[32.77061315699273,35.362663057004696],[32.77101056899272,35.36260935300466],[32.771407981992695,35.36277451000469],[32.7724605849927,35.3623515720047],[32.773206997992716,35.362176714004654],[32.77320799999273,35.36213900000468],[32.77363299999275,35.36206200000465],[32.77364599999273,35.362059000004656],[32.77364619299273,35.362058965004685],[32.77392399999275,35.36200800000467],[32.77392410799274,35.36200872000468],[32.773928192992756,35.36200776300468],[32.77425158099267,35.36417637200466],[32.77468586999269,35.36422146200468],[32.77468679699273,35.36422155900468],[32.77479699999268,35.36423300000471],[32.7748142449927,35.364275760004695],[32.77482441699268,35.36427753100467],[32.77485525399268,35.36437744300466],[32.77495697799267,35.364629667004664],[32.775040999992676,35.364838000004724],[32.7750695759927,35.36486356800468],[32.77511699999271,35.36490600000473],[32.775377823992635,35.36539187700469],[32.77537831099269,35.365392784004705],[32.775612068992636,35.36582824200474],[32.77596976999268,35.3662622400047],[32.776596434992655,35.3666049480047],[32.777188052992635,35.36692848900471],[32.777816231992674,35.3665715690047],[32.77781646299269,35.3665720210047],[32.777819999992694,35.3665700000047],[32.777950768992625,35.366834761004746],[32.77823508599265,35.36739096100476],[32.77830996899268,35.367382393004746],[32.781542698992645,35.366537578004746],[32.781937361992654,35.36670694400472],[32.78261999999264,35.366980000004745],[32.78261999999264,35.36698100000474],[32.782620105992606,35.36698105300474],[32.78262105999263,35.36698153000471],[32.78262199999266,35.36698200000473],[32.782620999992645,35.366992000004714],[32.78262188999263,35.36700070600474],[32.78349600399261,35.36737582700472],[32.783492949992606,35.36776064800474],[32.78349999999261,35.36867000000476],[32.78348220299261,35.36911494400474],[32.78348173799259,35.36917331200475],[32.783689999992596,35.36957000000478],[32.7841409529926,35.37043291100479],[32.78414099999258,35.37043300000476],[32.784213960992545,35.37057351700474],[32.78427599999257,35.3706930000048],[32.784276466992544,35.37069323300478],[32.784279999992535,35.370695000004794],[32.7842829999926,35.37070200000478],[32.784739999992574,35.371100000004795],[32.784739999992546,35.371901210004765],[32.7854424039925,35.3734232270048],[32.785475784992556,35.3739011190048],[32.785510218992535,35.374394048004824],[32.785510218992535,35.374394048004824]]]}