{"segmentId":"5001259","streetsFileVersion":188,"polygonPointList":[[[32.773666584997166,34.96399376200143],[32.773657999997184,34.964122000001424],[32.77369336699717,34.964127441001466],[32.77369687999713,34.96412798200143],[32.77369699999713,34.964128000001466],[32.77369422499714,34.96422196200146],[32.77368999999713,34.96436500000144],[32.773611133997164,34.96437800000146],[32.773599307997124,34.964379949001426],[32.77359865199714,34.96438065200144],[32.77354399999715,34.96448300000142],[32.77348545399711,34.96450185400145],[32.77348499999715,34.96450200000143],[32.773485050997174,34.96450296600145],[32.773485999997135,34.96452100000144],[32.773485999997135,34.96452200200142],[32.77349299999714,34.96463800000143],[32.77347499999719,34.96480900000145],[32.77340799999718,34.96489200000147],[32.773371339997134,34.96493760200148],[32.77336699999715,34.964943000001455],[32.77319099999714,34.965467000001446],[32.77318299999716,34.966195000001434],[32.7731799999971,34.96643700000145],[32.77295999999716,34.966457000001455],[32.772959999997134,34.96671700000148],[32.77295970899714,34.96674384800149],[32.77295199999711,34.967456000001434],[32.7729200069971,34.96832582800146],[32.77292000199712,34.96832600000146],[32.7729099999971,34.96909200000146],[32.77288431599711,34.969196806001484],[32.77284818199715,34.969345144001466],[32.77278711599714,34.97132358400149],[32.772787114997065,34.97132361300146],[32.77278599999711,34.97134800000146],[32.77259374799714,34.97135590100146],[32.772421280997094,34.971362988001495],[32.772420999997124,34.97136300000148],[32.77241746299711,34.971641848001475],[32.77241499999707,34.97183600000148],[32.77241399999707,34.97185900000149],[32.772411362997104,34.97191966100151],[32.77240799999709,34.97199700000148],[32.77260510299709,34.97201574500151],[32.77275499999712,34.97203000000151],[32.77275500099711,34.972030108001505],[32.7727609999971,34.97235300000148],[32.7727629999971,34.972382000001474],[32.77273299999712,34.97242800000147],[32.772682999997095,34.972505000001505],[32.7726284759971,34.9725264520015],[32.771956335997096,34.975163197001464],[32.77130753599707,34.97770838200151],[32.77130734299707,34.97770913800154],[32.77129799999709,34.977927000001536],[32.77122499999708,34.9780980000015],[32.77118399999706,34.9781930000015],[32.77084454099704,34.97831142300149],[32.76998014199707,34.97861297700153],[32.769092985997055,34.97828613100152],[32.76884989699704,34.978196572001515],[32.768044999997045,34.976706000001485],[32.76662312399705,34.977183399001525],[32.76662256399707,34.97718358700153],[32.766413999997056,34.9773100000015],[32.76596899999705,34.977575000001515],[32.76567499999705,34.977715000001496],[32.76544099999709,34.97777100000153],[32.76530499999707,34.97778800000149],[32.765304763997065,34.97778802900152],[32.76498299999705,34.9778280000015],[32.7646069999971,34.97788400000153],[32.76432499999707,34.97795500000152],[32.76410948399707,34.97821416700149],[32.76330299999705,34.979184000001496],[32.76330277099705,34.97918384000154],[32.76329992399707,34.979181850001495],[32.763240950997044,34.97914064100154],[32.76214099999706,34.9783720000015],[32.76210283399706,34.980845319001496],[32.76209182899702,34.98155847300154],[32.76209181499707,34.981559337001556],[32.76210099999701,34.98161000000152],[32.76210689199707,34.98162031100151],[32.76211699999703,34.98163800000151],[32.76211699999703,34.981673774001536],[32.76211699999703,34.98167800000152],[32.762117999997045,34.98179100000152],[32.762117103997,34.981802867001534],[32.76210999999704,34.98189700000153],[32.762108650997035,34.981909139001516],[32.76210799999705,34.98191500000155],[32.76208599999704,34.98199500000151],[32.76208578699702,34.981996279001514],[32.76208499999706,34.9820010000015],[32.76206499999703,34.98200800000154],[32.76205015799703,34.98201350200151],[32.762050102997,34.98201352300151],[32.762049952997,34.982013579001546],[32.76194899999706,34.98205100000155],[32.76185782299706,34.98214407600153],[32.76185775699701,34.98214414300151],[32.76185770899699,34.98214419200155],[32.76185299999702,34.98214900000152],[32.76181999999703,34.98212200000154],[32.76181822899701,34.982120524001516],[32.761813999997074,34.98211700000155],[32.76181379399704,34.98211695900153],[32.76179373899703,34.982112991001536],[32.76153140199703,34.98206107900153],[32.76153099999701,34.98206100000152],[32.761535549997035,34.9820528100015],[32.76153599999701,34.98205200000154],[32.76164199999702,34.98190100000153],[32.76164773399706,34.98189239900154],[32.761647999997045,34.98189200000155],[32.76170999999704,34.981880000001524],[32.76171489599704,34.98187930100152],[32.76171699999701,34.98187900000153],[32.76172825699704,34.98185388900151],[32.76174299999701,34.98182100000151],[32.76175006599704,34.98180518500152],[32.76154286299703,34.98168404700152],[32.76131788399704,34.981552517001546],[32.761316999997064,34.9815519990015],[32.76131545599702,34.981554022001546],[32.761251518997035,34.981637788001535],[32.76125121099704,34.98163819000155],[32.761220999997015,34.98168900000155],[32.76120599999705,34.98170600000151],[32.76118699999705,34.98174400000153],[32.76118199999705,34.981753000001504],[32.761174999997024,34.98176800000152],[32.76115899999707,34.9817990000015],[32.761119441997046,34.981810822001535],[32.761119307997035,34.981810998001556],[32.76029910999705,34.98288554600152],[32.760297999997015,34.98288700000154],[32.759844759997065,34.98274031500153],[32.75974799999703,34.98270900000154],[32.75840542499703,34.980980136001506],[32.75839599999705,34.98096800000155],[32.758340999997024,34.97981100000151],[32.75833899999704,34.97853000000149],[32.75833699999705,34.977248000001495],[32.75833520799708,34.977248447001536],[32.75679936999709,34.977631722001526],[32.75667799999709,34.977680000001534],[32.75661553599704,34.97767759800153],[32.75628672799707,34.977759653001534],[32.755033099997064,34.97807250000151],[32.75463609999704,34.97968180000151],[32.75261489999702,34.98011100000155],[32.75169459999709,34.97734290000152],[32.75207865799709,34.97636922200153],[32.752650999997115,34.97491820000149],[32.753872999997085,34.9747640000015],[32.75387310999705,34.974763808001484],[32.75403696799707,34.97447805500152],[32.75403515399711,34.974477593001524],[32.75237799999712,34.97411500000148],[32.751632366997114,34.973860491001474],[32.75162799999706,34.973859000001504],[32.7516262339971,34.97386022200148],[32.75145599999712,34.97397800000149],[32.75127779599711,34.97401448300152],[32.75107499999712,34.974056000001525],[32.750996793997096,34.97407801000147],[32.75090799999707,34.974103000001506],[32.750751999997064,34.97397100000151],[32.750874999997116,34.97380300000147],[32.75092938799707,34.97372522500151],[32.75092940999707,34.973725194001496],[32.75097499999708,34.97366000000149],[32.75102099999708,34.97348700000148],[32.75075399999707,34.972306000001495],[32.75047099999712,34.971106000001505],[32.750474803997136,34.97106843300145],[32.75047899999709,34.97102700000147],[32.75056177299713,34.97033354700148],[32.75056899999713,34.9702730000015],[32.75057880099714,34.97023484500148],[32.750596999997086,34.970164000001496],[32.75063499999712,34.969995000001454],[32.75063537499713,34.96999424900145],[32.7506359999971,34.969993000001466],[32.75067499999714,34.96981900000145],[32.750686940997085,34.969766322001476],[32.750691924997156,34.96974433200148],[32.75069199999713,34.96974400000147],[32.7506892289971,34.969741740001496],[32.74845560499714,34.96792030900149],[32.74845399999714,34.967919000001466],[32.748246492997154,34.967784731001466],[32.74819899999714,34.967754000001484],[32.74815903399709,34.96775467700148],[32.748139999997115,34.96775500000148],[32.74808999999712,34.967496000001454],[32.74770899999714,34.96457400000143],[32.74787099999714,34.96448800000147],[32.749187520997175,34.96398828900144],[32.75200199999717,34.96292000000144],[32.755942871997185,34.96155036900144],[32.75595450999715,34.96154609600144],[32.756286999997165,34.96142400000146],