{"segmentId":"5001323","streetsFileVersion":236,"polygonPointList":[[[32.791862097989814,35.50880647000684],[32.79202202298986,35.509063365006845],[32.79239795298978,35.51009448800688],[32.792961948989806,35.511547756006884],[32.792904389989765,35.5115749470069],[32.79186262698977,35.51206706800695],[32.79179601098972,35.51209853700691],[32.79121118898972,35.51237480200694],[32.79124706698971,35.51291323200696],[32.79055475398971,35.51304333100694],[32.789646678989705,35.513213976006924],[32.78945467898977,35.51276532100696],[32.78888372498978,35.51143114500694],[32.79001151598979,35.51094780600689],[32.78978058698982,35.51033557700687],[32.789393915989805,35.51044835600688],[32.78913076498981,35.50995964700691],[32.78910928298983,35.50946019700688],[32.78869855898984,35.509558730006866],[32.78865235498986,35.50933284400685],[32.78855355698982,35.50884983400686],[32.78902552498984,35.50856192300687],[32.78894496798984,35.50827192000683],[32.78856903798985,35.50827192000683],[32.788504592989845,35.507777841006856],[32.78828977598986,35.507740248006854],[32.78826292398984,35.50710116600683],[32.787569608989884,35.506944314006844],[32.78755691498986,35.50693977800684],[32.78772388098987,35.5056602570068],[32.78773536098992,35.505572283006806],[32.7878497739899,35.5055789700068],[32.78915808898993,35.5056554300068],[32.789429567989906,35.50567129600681],[32.789974049989915,35.505445476006784],[32.79105670398987,35.505528757006786],[32.79147456798987,35.506412151006835],[32.791897311989885,35.50704626800685],[32.79220355898985,35.507505638006855],[32.79188630898986,35.50759628100686],[32.79169808698987,35.50765005800681],[32.79122614098985,35.50778490000684],[32.791862097989814,35.50880647000684],[32.791862097989814,35.50880647000684]]]}