{"segmentId":"5001179","streetsFileVersion":236,"polygonPointList":[[[32.679839999992794,35.364180000004694],[32.68250980999278,35.364741756004726],[32.684228256992725,35.36504878000473],[32.684268962992746,35.36667448400474],[32.686297296992734,35.36784290900476],[32.68639661599267,35.36790012200475],[32.686569999992734,35.36800000000477],[32.68660999999267,35.36890000000477],[32.68818399999265,35.36913300000476],[32.68826690599267,35.368942347004754],[32.68871720799271,35.367906825004745],[32.689021535992694,35.367206987004735],[32.69024383299278,35.36439616700471],[32.69028999999278,35.3642900000047],[32.69027676999275,35.36355530800471],[32.690267447992795,35.363037602004724],[32.690259999992776,35.362624000004686],[32.69121291199276,35.36273386300472],[32.69150899999281,35.36276800000472],[32.6924168979928,35.3617443850047],[32.692050488992855,35.35830954400465],[32.691836337992896,35.355620753004594],[32.69340678199289,35.356786689004615],[32.69431143599289,35.35771546700463],[32.695131770992816,35.359676889004675],[32.69509619899279,35.36030829100464],[32.6956910639928,35.36371092000473],[32.69688079499275,35.364067840004736],[32.69876056899276,35.3642819910047],[32.69897189699271,35.36613749700475],[32.69922865299269,35.36693694100476],[32.699275119992706,35.36708162300474],[32.699338396992744,35.367278643004774],[32.69963275899267,35.36819518200478],[32.699659999992704,35.36828000000474],[32.69844811799263,35.37008955100477],[32.69731599999265,35.37178000000482],[32.69729148999263,35.37247870300484],[32.69717999999258,35.37565700000486],[32.69630113699249,35.37877172300491],[32.69624551699252,35.378968842004916],[32.69619489999254,35.37914823000492],[32.696089999992466,35.37952000000493],[32.69518269499244,35.38012338000491],[32.69365399999247,35.381140000004955],[32.693609313992496,35.38242471400492],[32.693589999992405,35.382980000004935],[32.692759999992454,35.383110000004955],[32.69141400799251,35.37864205600489],[32.69131999999254,35.3783300000049],[32.69008999999251,35.37842000000491],[32.68854999999257,35.37755000000488],[32.68830246299255,35.376783138004896],[32.68825411599254,35.376633356004895],[32.688253999992526,35.37663300000486],[32.68642999999253,35.37725200000488],[32.686215840992546,35.37745136700489],[32.68511627699254,35.37847498100491],[32.6838529999925,35.37965100000489],[32.68299499999256,35.3786520000049],[32.682181451992506,35.379599382004905],[32.68138712199251,35.38052438300495],[32.68137999999247,35.38053267700495],[32.67994099999247,35.382208400004934],[32.67869626799252,35.38056735300494],[32.67869599999249,35.380567000004916],[32.67739875499248,35.38241916700498],[32.67712366699244,35.382811930004976],[32.67709569299246,35.38285187100498],[32.67708999999248,35.38286000000496],[32.67591357899246,35.38214220900495],[32.67547399999249,35.38187400000493],[32.6759062449925,35.381372498004964],[32.67620838399251,35.38102194800496],[32.67629621299248,35.38092004700496],[32.67653499999251,35.38064300000496],[32.676649999992534,35.379060000004905],[32.67716515599252,35.3791972840049],[32.677318771992496,35.3792382210049],[32.67877104199256,35.37681682700486],[32.67918736899266,35.37175519200484],[32.68034699999272,35.36650000000472],[32.67837685599277,35.36578106500476],[32.67742548499277,35.36543389600475],[32.67735999999276,35.365410000004736],[32.67692827199274,35.365953141004724],[32.67673999999276,35.366190000004764],[32.67604999999273,35.365860000004744],[32.67638999999275,35.364680000004746],[32.67670415999275,35.364765014004725],[32.67743436199274,35.36496261100474],[32.677675999992786,35.36502800000473],[32.67767600599279,35.36502796200473],[32.67798502799276,35.363091244004686],[32.6781399999928,35.3621200000047],[32.680039999992836,35.36243000000472],[32.679839999992794,35.364180000004694],[32.679839999992794,35.364180000004694]]]}