{"segmentId":"5001147","streetsFileVersion":236,"polygonPointList":[[[32.6460483709932,35.339665431004434],[32.642189999993136,35.34243000000444],[32.64129658599316,35.34268838200447],[32.63993999999315,35.34152999900443],[32.63913999999318,35.340260000004434],[32.63909685499318,35.339378107004435],[32.63894352099324,35.3362439520044],[32.639707348993234,35.33611258100439],[32.63979999999325,35.33513000000437],[32.640016398993275,35.33510151700437],[32.640869997993256,35.33498916300436],[32.64192783299328,35.334849927004356],[32.64289168699326,35.33472306100434],[32.645649999993275,35.33436000000437],[32.64580999999325,35.33364000000435],[32.64585999999328,35.33292000000435],[32.6460646459933,35.332789660004345],[32.6470222529933,35.33217975600435],[32.64753999999331,35.33185000000431],[32.647295185993286,35.334837542004365],[32.64697427699317,35.338753683004406],[32.646952658993236,35.33901749800439],[32.646835017993205,35.339101789004395],[32.646244232993205,35.33952509300444],[32.6460483709932,35.339665431004434],[32.6460483709932,35.339665431004434]]]}