{"segmentId":"5001500","streetsFileVersion":188,"polygonPointList":[[[32.99701013399587,35.10782589000224],[32.99382743899588,35.106886766002226],[32.9937164779959,35.107235503002194],[32.99204399099592,35.106360522002205],[32.99185433099593,35.106304559002254],[32.99159981399591,35.10612814600223],[32.99140788799588,35.10559651900223],[32.99137677199588,35.1049832060022],[32.99125013399591,35.104333133002214],[32.99016515999594,35.104002737002176],[32.99011534299595,35.104083120002194],[32.989898059995895,35.1039213990022],[32.98873638099591,35.10179370800219],[32.988025329995935,35.10049136800218],[32.98803181399598,35.10041385600217],[32.988052832995926,35.10016259500216],[32.987895227996,35.09978260100219],[32.987692412995976,35.099643698002204],[32.98768822599596,35.09963686100219],[32.98748493599597,35.09950160000218],[32.98746856199597,35.09931381100218],[32.98761846799597,35.09891406100219],[32.98779911299598,35.09851198000218],[32.987798314996,35.09819190800216],[32.98781898199601,35.09808687400215],[32.98782046599601,35.098079331002175],[32.98782226099601,35.098070207002145],[32.98784919999598,35.0979333000022],[32.98785575299603,35.097882739002166],[32.987856054996016,35.097880411002166],[32.98788379499601,35.097666395002136],[32.98789388299596,35.09758856000218],[32.988305388996,35.09566354400214],[32.988313123996,35.09562736300215],[32.988837665996016,35.09577306900216],[32.98890377099598,35.09579143200215],[32.989986424996,35.09600558300217],[32.99074602699602,35.09640065400213],[32.99074860999597,35.09638684800216],[32.99075100399599,35.09637405500217],[32.99075210199598,35.09637320900214],[32.990890450996,35.09640547700217],[32.99090266899597,35.09641262900214],[32.99093380699598,35.09643004100218],[32.99140514999601,35.09666452100213],[32.99209778799595,35.09682161600216],[32.99411249799599,35.09718584900213],[32.995100095995994,35.097370137002144],[32.99535984099598,35.09741860600218],[32.995301404996034,35.09772421500213],[32.99527899299598,35.09784142600216],[32.995166239995996,35.098431101002184],[32.99512842199597,35.09862888400216],[32.99496285599595,35.09971565500218],[32.99475069299597,35.100834085002155],[32.99474656199594,35.100845461002194],[32.99472242599598,35.100911922002204],[32.994216515995944,35.102305029002174],[32.99420591799593,35.102313646002166],[32.99420532599592,35.102314127002195],[32.99420446699592,35.10231667200217],[32.99420081899596,35.102327485002185],[32.994199959995946,35.10233002900217],[32.99409320999597,35.10264636700217],[32.994392794995946,35.102782268002194],[32.99445249699594,35.10282150100219],[32.99455817899591,35.102890949002166],[32.99474071099597,35.10293765100219],[32.99486999999592,35.103030000002185],[32.99507999999591,35.1031400000022],[32.99513690999593,35.10309731800218],[32.995232101995946,35.103135680002175],[32.997279422995945,35.1039607450022],[32.99762329899593,35.104099332002185],[32.99771516199595,35.104114987002205],[32.99775247799593,35.10412134700219],[32.99771161799591,35.10432525100217],[32.99701013399587,35.10782589000224],[32.99701013399587,35.10782589000224]]]}