{"segmentId":"5001231","streetsFileVersion":236,"polygonPointList":[[[32.73254777299535,35.17526634300275],[32.73227925199535,35.175524124002756],[32.73205369399535,35.17545967900274],[32.731929662995334,35.17537699200277],[32.73192480299532,35.175373752002756],[32.73193554399534,35.17509448900277],[32.73187561099538,35.17502856300278],[32.731157180995325,35.175831471002745],[32.73104350599533,35.17552713100273],[32.73092586099535,35.17556456400278],[32.73075937699528,35.175419562002766],[32.73059826499531,35.175151040002774],[32.73048760199533,35.17501389400278],[32.730512337995336,35.17477511000275],[32.73068585399534,35.17456959800276],[32.730448550995355,35.17393427200275],[32.72904146899533,35.174077964002755],[32.728529718995325,35.17483272100273],[32.728338630995324,35.175114548002774],[32.728294970995314,35.17517894000279],[32.72728436799531,35.17452961000274],[32.72647609699532,35.174807807002736],[32.72596355599534,35.17498421700274],[32.725539999995284,35.175130000002724],[32.72550528099535,35.17454415600273],[32.725500240995366,35.174459107002775],[32.725454122995366,35.17368090600277],[32.7254020439954,35.17280212000272],[32.725238308995415,35.17089627200272],[32.725549102995394,35.17070172000274],[32.7257316979954,35.1699928230027],[32.72571477899538,35.1696861540027],[32.725688734995416,35.16921411100269],[32.72576628999539,35.168821773002705],[32.72536668699546,35.16743814300267],[32.72536956399542,35.1672456750027],[32.72547697299543,35.16681604100269],[32.72553770399539,35.16674085100268],[32.725702603995416,35.1665366890027],[32.72581530999542,35.16639714800267],[32.725959114995426,35.166327897002674],[32.72611485199541,35.1662529000027],[32.72623049699545,35.1661972100027],[32.726689858995414,35.165976001002676],[32.72678539899543,35.16592999300271],[32.72685879999544,35.16592999300271],[32.72696221499546,35.16595109800269],[32.72738510199542,35.16603740100267],[32.727911403995435,35.16615555100267],[32.7280689479954,35.166226059002696],[32.72810588699541,35.166242591002714],[32.72904457999542,35.1666626960027],[32.7295635099954,35.167106457002696],[32.72956936799541,35.1671114660027],[32.72992796199539,35.1678046720027],[32.729978758995415,35.16790286800271],[32.730356809995406,35.16840475100268],[32.730718812995406,35.1688853290027],[32.7324493149954,35.167113236002685],[32.73265968199544,35.16689781300269],[32.73283576799538,35.167312132002714],[32.73302487099539,35.1677570810027],[32.73251679799538,35.17000203300273],[32.73321722099542,35.17025129800272],[32.73330263599541,35.1702816950027],[32.73343513699541,35.17032884900272],[32.734202780995396,35.17060203700271],[32.7341068149954,35.171287224002704],[32.733968169995336,35.172277127002715],[32.733569999995325,35.17512000000276],[32.733288892995354,35.17509448900277],[32.73309555699534,35.17496559900278],[32.733026964995354,35.17488086700278],[32.73291296299532,35.174740041002764],[32.73286937299532,35.17476015900278],[32.732773330995336,35.17480448600273],[32.73254777299535,35.17526634300275],[32.73254777299535,35.17526634300275]]]}