{"segmentId":"5001847","streetsFileVersion":236,"polygonPointList":[[[31.95814718899347,35.35590868500476],[31.958354944993484,35.356372820004786],[31.95902087799346,35.35700653100477],[31.959148951993473,35.35716067400481],[31.959249665993475,35.35728188900479],[31.959269999993456,35.35783000000479],[31.95901841099343,35.35790850300479],[31.958942479993457,35.35796646700481],[31.958857585993467,35.35803127300481],[31.958651709993408,35.35818843400482],[31.95851720299343,35.35822808600482],[31.95800923399341,35.35837783400483],[31.957828415993422,35.35843113900483],[31.957822626993426,35.35846955600481],[31.957776067993446,35.358778540004835],[31.95756905499347,35.358866580004815],[31.95732634999345,35.358899893004825],[31.957089615993485,35.358351188004804],[31.95704600799347,35.358250112004825],[31.95648884899345,35.35767876500482],[31.956133087993464,35.35731394400481],[31.956117838993457,35.35729830600483],[31.95613493799345,35.3572142210048],[31.956532076993504,35.35526129600476],[31.956751075993488,35.35418437100475],[31.95711843199355,35.352377904004726],[31.95735999999354,35.351190000004706],[31.95670999999354,35.3503300000047],[31.956259545993586,35.35049731200474],[31.954959999993555,35.35098000000472],[31.95487965699356,35.35064602600472],[31.954779181993565,35.35022836400469],[31.954451154993595,35.348864800004705],[31.954449999993585,35.348860000004706],[31.95331999999363,35.348540000004704],[31.95462999999365,35.34609000000468],[31.953019999993607,35.34628000000465],[31.952692832993637,35.34655614100468],[31.950839999993562,35.34812000000469],[31.95042999999362,35.346220000004685],[31.95047148099365,35.346015515004645],[31.95044237099364,35.34602205700464],[31.948207435993638,35.346524351004646],[31.94733005799361,35.34568310100468],[31.944555543993634,35.34302283100461],[31.946177412993684,35.34188430000462],[31.947398333993725,35.34198520200461],[31.94747705699373,35.341991708004635],[31.948034851993693,35.3428137210046],[31.949076413993676,35.3429878570046],[31.94938904799369,35.34287590000459],[31.950485054993695,35.342483411004615],[31.951265017993695,35.3427518750046],[31.953522920993684,35.34332755300463],[31.955128545993656,35.34351058200466],[31.9564247599937,35.34155849100461],[31.95652999999371,35.341400000004626],[31.956854332993654,35.341350304004614],[31.959009999993675,35.34102000000462],[31.959448301993696,35.342511639004634],[31.9596299999937,35.34312999900462],[31.960830207993652,35.34368906600461],[31.96320310899364,35.344794383004675],[31.964059999993644,35.34686000000467],[31.96385140399354,35.349104208004675],[31.963769999993566,35.34998000000473],[31.960689999993537,35.353060000004724],[31.959110135993512,35.35352088200476],[31.959211270993517,35.35551233200478],[31.95814718899347,35.35590868500476],[31.95814718899347,35.35590868500476]]]}