{"segmentId":"5001455","streetsFileVersion":188,"polygonPointList":[[[32.936239999991294,35.43310000000556],[32.936189999991335,35.433340000005586],[32.936209999991306,35.433560001005596],[32.936129999991266,35.43393000000559],[32.93599999999124,35.43420000000559],[32.93586999999128,35.43454000000559],[32.93585688899124,35.43471481000562],[32.935900288991256,35.4349926440056],[32.93552591099124,35.43572890600564],[32.93437461799121,35.43697937000567],[32.93434999999123,35.43710000000564],[32.9343099999912,35.43706000000563],[32.9343003829912,35.43706000000563],[32.933715665991215,35.437695084005654],[32.93364999999121,35.43781000000568],[32.93347999999117,35.43800000000566],[32.933259999991215,35.4381900000057],[32.930675106991245,35.43660091800566],[32.930374518991236,35.436302558005664],[32.93029999999121,35.43623000000567],[32.93019646199121,35.43585036200563],[32.93005573899127,35.43534607300563],[32.92989924299128,35.43512578600565],[32.92967999999129,35.43482000000563],[32.929589999991286,35.43493000000563],[32.92944999999124,35.43467000000561],[32.929439999991274,35.43459000100562],[32.92944999999124,35.4345100000056],[32.92936999999128,35.43439000000562],[32.92899999999127,35.43306000000561],[32.92923898199138,35.429470472005534],[32.92919021799136,35.428782571005534],[32.9293101869914,35.42840097400553],[32.933890446991384,35.42853982400552],[32.93424728099137,35.42910653400551],[32.93462720399134,35.43009766700554],[32.934566297991324,35.43033655700553],[32.93536999999134,35.43036000000557],[32.93531818799131,35.4321835850056],[32.93536887299134,35.432188969005566],[32.93561999999128,35.4321800000056],[32.93573999999132,35.43214000000558],[32.93598999999133,35.43216000000559],[32.93613999999133,35.432200000005615],[32.936319999991284,35.43229000000561],[32.936339999991276,35.43244000000558],[32.936339999991276,35.43263000000561],[32.936309999991295,35.43290000000562],[32.936239999991294,35.43310000000556],[32.936239999991294,35.43310000000556]]]}