{"segmentId":"5001260","streetsFileVersion":236,"polygonPointList":[[[32.75227139799539,35.169547528002724],[32.75263588699535,35.17162892700271],[32.75255802199536,35.17207239100271],[32.752079749995374,35.172407895002735],[32.751544363995336,35.172562411002744],[32.74911868499534,35.172386637002724],[32.74941942699535,35.173566156002735],[32.74941942699535,35.17475588700276],[32.74877697199532,35.17542213600278],[32.74788823299529,35.17685944500277],[32.74778774199531,35.177268946002755],[32.74741615199528,35.17738133200276],[32.74685847499532,35.177550000002775],[32.74673394799528,35.17736472800277],[32.746664218995264,35.1772609860028],[32.746127677995304,35.176462717002764],[32.74609757399529,35.17641792800275],[32.74603847499528,35.17633000000278],[32.7453584789953,35.17648178400275],[32.745189700995326,35.17596089700275],[32.74537847499531,35.17553000000275],[32.74520076599532,35.17526068800274],[32.745142867995355,35.173423534002744],[32.74581373699533,35.17284212200276],[32.74550049999537,35.171653439002746],[32.74549368199538,35.17162756600272],[32.745465797995365,35.171521752002725],[32.74538827999534,35.17122758300275],[32.74530124199536,35.17089728700273],[32.7449062369954,35.169398309002695],[32.74540845999541,35.168553873002715],[32.74532675399543,35.1675223250027],[32.74711134899547,35.16483353400265],[32.748354714995436,35.1655273640027],[32.748718460995434,35.166741567002674],[32.74884525099541,35.16716479600271],[32.749888320995424,35.16706871900268],[32.750048040995416,35.16705400700269],[32.750058802995426,35.16705301600271],[32.75028434199539,35.16803033000272],[32.75048877299539,35.1689161750027],[32.7515335099954,35.169286190002694],[32.75227139799539,35.169547528002724],[32.75227139799539,35.169547528002724]]]}