{"segmentId":"5001653","streetsFileVersion":236,"polygonPointList":[[[33.234139999985686,35.642360000009354],[33.23390251098569,35.642380434009375],[33.23337111298569,35.642645340009366],[33.232514506985744,35.642918978009384],[33.23105149898569,35.64262573500933],[33.230913396985706,35.642637617009356],[33.229100685985685,35.64279358200933],[33.22887499998572,35.642813000009355],[33.2272690089858,35.639800146009264],[33.22676999998581,35.63886400000929],[33.22642156198581,35.63887811400931],[33.226136362985784,35.6388896660093],[33.22457427698581,35.63895294100929],[33.22439999998583,35.638960000009284],[33.22425844698587,35.638466846009244],[33.22420013198587,35.638263684009246],[33.22408999998585,35.637880000009254],[33.22435918598588,35.637722749009235],[33.22450094998588,35.63763993400924],[33.22597299998592,35.636780000009225],[33.22435789998605,35.63098710000908],[33.228221972986056,35.63187559600911],[33.22864949998606,35.631973900009115],[33.230634380986004,35.63344672700913],[33.23110107098598,35.63379302200918],[33.231510570985975,35.63409688000919],[33.231817999985935,35.63432500000916],[33.233135999985976,35.63421100000917],[33.23396199998596,35.63586400000918],[33.23340299998588,35.63692800000924],[33.23383430398575,35.639997534009275],[33.23400199998573,35.64119100000933],[33.23464999998573,35.64175000000934],[33.234405536985726,35.64204239700937],[33.234139999985686,35.642360000009354],[33.234139999985686,35.642360000009354]]]}