{"segmentId":"5001354","streetsFileVersion":96,"polygonPointList":[[[32.83719999999438,35.24795400000338],[32.83704699999436,35.24852400000337],[32.83704695899439,35.2485241370034],[32.83704399999434,35.2485340000034],[32.83702399999438,35.248609000003384],[32.8370239599944,35.248609147003364],[32.836941344994415,35.2489151290034],[32.836888999994386,35.24910900000338],[32.836859999994395,35.24925000000342],[32.83676999999436,35.24968000000342],[32.83666139999433,35.25023470000344],[32.83663269999433,35.25113120000339],[32.83668299999433,35.25251560000341],[32.83666509999432,35.25309370000347],[32.83648299999431,35.25410800000342],[32.83639622799431,35.25432446000348],[32.83633499999433,35.25447720000345],[32.83600919999427,35.254731900003414],[32.83570179999427,35.254797800003466],[32.83524029999429,35.25475870000342],[32.83459589999431,35.25478960000343],[32.83407599999427,35.25479350000346],[32.83355539999434,35.25477460000347],[32.83304369999432,35.25483000000343],[32.83276538799429,35.25485394500344],[32.83248579999428,35.25487800000348],[32.831745499994334,35.25476980000347],[32.83118479999432,35.254343700003446],[32.83089942999428,35.25418549000345],[32.83067379999432,35.25406040000347],[32.8303710999943,35.253881600003446],[32.8299791999943,35.253622900003435],[32.82963339999431,35.25344930000345],[32.82904619999432,35.253486000003456],[32.82867909999431,35.25378020000344],[32.828634853994274,35.254128254003476],[32.828595999994306,35.254433900003434],[32.828547799994276,35.254874400003466],[32.82851859999429,35.25546310000345],[32.82838559999427,35.25599020000346],[32.828176499994264,35.25635940000348],[32.8278502999943,35.25650290000346],[32.82748379999427,35.25648270000347],[32.82705119999425,35.256323500003475],[32.8267406999943,35.25606460000348],[32.82627009999429,35.25568480000346],[32.8258317999943,35.255311100003446],[32.8255455999943,35.25489860000346],[32.82532679999429,35.25440810000344],[32.82529322699431,35.254043796003465],[32.82526899999431,35.25378090000343],[32.82514469999436,35.25326160000342],[32.82485249999436,35.252674000003466],[32.82451389999435,35.25218910000345],[32.824198299994336,35.251302300003445],[32.82393589999436,35.25054670000339],[32.82382929499437,35.25031522300339],[32.82360149999437,35.24982060000343],[32.82323079999436,35.24900430000337],[32.82310299999439,35.24844960000341],[32.82301539999437,35.24785570000339],[32.823007999994424,35.24741000000338],[32.823132299994434,35.246752100003356],[32.823452599994404,35.2465063000034],[32.8238908999944,35.24620610000338],[32.82390318799441,35.24620361900335],[32.82427569999441,35.24612840000335],[32.8244856999944,35.246019500003364],[32.824850399994446,35.24550380000337],[32.82514289999442,35.24534340000334],[32.825450499994425,35.24519420000338],[32.82584209999443,35.24507470000334],[32.826208399994414,35.244898200003384],[32.82646359999446,35.24467980000332],[32.826690599994436,35.24454550000337],[32.827067999994455,35.24408620000332],[32.82745549299445,35.243417787003345],[32.82746649999449,35.243398800003376],[32.82817769999442,35.242938700003315],[32.82919999999448,35.24288260000331],[32.82974579999448,35.24273140000331],[32.8306556999945,35.24208620000335],[32.830918307994466,35.24199209400334],[32.83100684999447,35.24196036500335],[32.83128859999446,35.24185940000334],[32.832162999994466,35.241541500003315],[32.832668699994485,35.241480700003336],[32.833005350994476,35.24149815900333],[32.8333454999945,35.24151580000333],[32.834064999994474,35.24173740000331],[32.834550999994455,35.24185460000334],[32.83495589999449,35.241979900003315],[32.83539459999446,35.24220840000332],[32.835752499994484,35.24249300000331],[32.836062799994416,35.242779000003324],[32.836310799994436,35.24313760000336],[32.836537186994434,35.243646276003346],[32.83653879999439,35.24364990000333],[32.83673849999441,35.244706100003334],[32.83677579999442,35.246019900003404],[32.83706639999438,35.246990300003375],[32.837181199994376,35.24731530000336],[32.837199999994404,35.24756000000341],[32.837171999994425,35.24769600000341],[32.83719999999438,35.24795400000338],[32.83719999999438,35.24795400000338]]]}