{"segmentId":"5001030","streetsFileVersion":236,"polygonPointList":[[[32.48549876299717,34.979459657001556],[32.48570026999717,34.979465465001525],[32.4868878819972,34.978783334001555],[32.488583480997136,34.97954857100155],[32.48897999999713,34.97956000000154],[32.48900744099717,34.97959605000155],[32.489284792997125,34.97996041400156],[32.4903901359971,34.98141253000157],[32.49050999999711,34.98156999900154],[32.489495113997165,34.983555293001565],[32.49329127099709,34.985019038001596],[32.49289152199707,34.98887376500159],[32.48950294499706,34.988355929001614],[32.487086341997085,34.98798662900157],[32.48556970699708,34.98774173200161],[32.48467153999715,34.987596701001564],[32.48467292099709,34.987384686001576],[32.48506565999711,34.98295689200157],[32.48511065799717,34.98244958500154],[32.48447022999715,34.98228864200158],[32.48363999999713,34.98208000000156],[32.48364818199711,34.98150454500157],[32.483649890997135,34.98138433700157],[32.48366999999716,34.979970000001536],[32.48414500999719,34.97948954400154],[32.48421124799717,34.97942254600157],[32.48549876299717,34.979459657001556],[32.48549876299717,34.979459657001556]]]}