{"segmentId":"5001104","streetsFileVersion":236,"polygonPointList":[[[32.593513419995546,35.16473500400272],[32.593318139995546,35.1646724950027],[32.593086064995575,35.16459820800267],[32.59263950299555,35.16297600200269],[32.592503096995564,35.16248048700266],[32.5925376039955,35.16245749600269],[32.59286170199557,35.16224155900268],[32.592765392995545,35.161873085002654],[32.59186233799559,35.15841804000267],[32.5910007329956,35.15705181500263],[32.59015322899564,35.15570794900261],[32.5901466419956,35.15557600700261],[32.590085651995594,35.1543544010026],[32.58905561399571,35.15086764900261],[32.58899850699569,35.1495732220026],[32.590074023995676,35.14940190100256],[32.59121322799568,35.15163126600258],[32.591219999995694,35.151610000002606],[32.59125228199562,35.15160934800263],[32.59147576399568,35.1516048350026],[32.59269425299567,35.15158022700261],[32.59257293199563,35.15232147900263],[32.59238606899561,35.153463189002586],[32.59277694899563,35.15371389000262],[32.59419584499565,35.154623938002615],[32.59453971199566,35.15236852000259],[32.59453988699564,35.15236737000259],[32.59463455599566,35.15174643900262],[32.59662968899565,35.1511865740026],[32.59746999999564,35.15191000000259],[32.59750072399565,35.1524393410026],[32.59756457799565,35.1535394500026],[32.59786000999562,35.1541639520026],[32.59787591999562,35.15419758400259],[32.597926647995614,35.156293272002614],[32.59794962999563,35.15724273200263],[32.59797700599559,35.15837369600266],[32.597980371995604,35.15851275700264],[32.598069818995576,35.15883221000267],[32.5981436639956,35.158795533002646],[32.60000491399562,35.15787109200263],[32.601592067995625,35.15708278900266],[32.602443473995585,35.15610872800262],[32.6038892249956,35.155972658002625],[32.604692158995555,35.159472993002666],[32.60061801699553,35.16316778100267],[32.59990269199554,35.163816500002696],[32.59872999999551,35.16488000000269],[32.5966630469955,35.16542898900273],[32.595410620995466,35.168455540002704],[32.59476816699549,35.16841984800273],[32.594010969995516,35.166638605002724],[32.593513419995546,35.16473500400272],[32.593513419995546,35.16473500400272]]]}