{"segmentId":"5001489","streetsFileVersion":236,"polygonPointList":[[[32.97322299999621,35.07873000000206],[32.97339586899618,35.07877374800205],[32.97413021299613,35.07872726000203],[32.975177175996166,35.078989001002014],[32.975375778996145,35.07927479700203],[32.98007578499615,35.080464211002045],[32.982271503996145,35.08101987400205],[32.98227199999619,35.08102000000203],[32.98248965899617,35.080942600002075],[32.98278711399617,35.07986000900206],[32.983239211996164,35.07966965200206],[32.98372700099613,35.080371593002056],[32.98360662699612,35.08133343200207],[32.98431517599614,35.08155265100204],[32.98504999999613,35.08178000000205],[32.98576101799615,35.082629576002056],[32.98601086099615,35.083260133002085],[32.98633208899609,35.08392638200209],[32.986263662996116,35.08462584200206],[32.98641317799613,35.08517619500206],[32.98674849399611,35.085223189002065],[32.9866162069961,35.0859235340021],[32.98677199999606,35.086497000002105],[32.98670890199608,35.086938308002104],[32.98627199999604,35.0899940000021],[32.98627196899605,35.089993979002095],[32.98329549099607,35.087984453002086],[32.983166431996096,35.087966612002106],[32.979271099996105,35.08676324100207],[32.97939489599609,35.08615251500208],[32.9795899999961,35.0851900000021],[32.97809635799614,35.0847144730021],[32.977870258996106,35.0846424900021],[32.977248635996126,35.0844445860021],[32.97713999999615,35.084410000002066],[32.975569019996165,35.08237868300207],[32.975146999996134,35.08183300000208],[32.97505082799615,35.08177742000204],[32.97461047199614,35.08152292600205],[32.97330280999618,35.08076719100206],[32.97308099999613,35.08063900000207],[32.973199327996184,35.07904824100206],[32.97322299999621,35.07873000000206],[32.97322299999621,35.07873000000206]]]}