{"segmentId":"5001423","streetsFileVersion":236,"polygonPointList":[[[32.91158078499609,35.094570233002166],[32.91141091799607,35.09220173400215],[32.91136366499611,35.09192319000213],[32.9107327709961,35.08820424000209],[32.90986188899615,35.086244159002085],[32.91046343599612,35.085287003002115],[32.910457983996146,35.0851466830021],[32.91041242099617,35.083974043002094],[32.91040641399617,35.08381945700209],[32.91029807199617,35.081031112002066],[32.91029239199616,35.08088492200207],[32.91127109199619,35.08075838300206],[32.911293565996175,35.080755477002036],[32.91159999099618,35.08071585800209],[32.91517008599616,35.08025427000207],[32.91697178399619,35.07914006500205],[32.919542246996215,35.07755044100201],[32.92058802299624,35.07469196800199],[32.92142705199627,35.07239860700197],[32.92026003699625,35.07028582500198],[32.92019680299629,35.07035624000196],[32.91917412699629,35.07149505200199],[32.91831752099627,35.07115241000197],[32.91858877899633,35.065527364001966],[32.92100155299633,35.06578434600196],[32.92093827899631,35.06657185100197],[32.92157766199632,35.066792165001964],[32.92502561999628,35.067980238002],[32.926168534996286,35.068374055001975],[32.927876186996265,35.068962466002006],[32.92971807599626,35.06959713100202],[32.93088996399628,35.07000093100198],[32.93121471299623,35.070236489001964],[32.93192148299625,35.070749148002],[32.93308271799623,35.071591456002025],[32.93373949599624,35.072067853002025],[32.93380154899626,35.07207205100203],[32.934036014996245,35.07208791300202],[32.93512383999629,35.07216150800204],[32.93531248999625,35.07217427100201],[32.939210021996246,35.07243795300203],[32.93956830799624,35.072573034002026],[32.94046138999623,35.072909743001986],[32.94064653599622,35.07297954600201],[32.94199509999621,35.07348798100199],[32.94262159699622,35.07343388300202],[32.94412293499622,35.07330424000199],[32.94444542699625,35.073276393002025],[32.94455570799624,35.073266871002005],[32.944883241996244,35.073238587002],[32.94567054499622,35.07317060200202],[32.94569310299623,35.07316865400199],[32.94580506899627,35.07315898600203],[32.94592607399625,35.07326473500203],[32.94598950399624,35.07332016900202],[32.94654999999624,35.07381000000199],[32.945840297996234,35.075071049002],[32.945829562996245,35.07516572900202],[32.94581646799618,35.075281250002014],[32.94565343099617,35.07671934300201],[32.94499923199615,35.082489819002056],[32.94499559799614,35.08252187700205],[32.94497354199616,35.082716428002044],[32.94460714999609,35.08594822300209],[32.94450823199609,35.086820774002085],[32.95156816599609,35.089688049002135],[32.95157254999605,35.089838432002146],[32.95159999999607,35.09078000000212],[32.948059704996034,35.092965246002144],[32.94375357399601,35.09543791900216],[32.94361058499602,35.09552002700218],[32.94078901699601,35.09600175200217],[32.93795093199599,35.09648629700218],[32.93623553799605,35.09677916600214],[32.934711948996046,35.096848420002175],[32.93230942699603,35.09695762600217],[32.928771531995984,35.09710519700219],[32.92896234299591,35.10588476300223],[32.92874819099594,35.10681275300222],[32.92562871799591,35.10681275300222],[32.91829601199591,35.106657136002205],[32.91851016399601,35.100411051002176],[32.92117588199602,35.09710299100215],[32.91668462399599,35.09633216700218],[32.91433683299606,35.095929221002166],[32.91336935199605,35.09576317500216],[32.91158078499609,35.094570233002166],[32.91158078499609,35.094570233002166]]]}