{"segmentId":"5001001","streetsFileVersion":96,"polygonPointList":[[[32.44595861999054,35.49353469800674],[32.4459499999905,35.493970000006726],[32.44595488099051,35.49396939000675],[32.44595058199049,35.49400371100673],[32.44595999999053,35.49455000000674],[32.44588999999052,35.49486000000677],[32.44584999999053,35.49518000000676],[32.44581999999051,35.49526000000673],[32.4457802589905,35.49536332500673],[32.44577683199049,35.49539068300673],[32.44586999999052,35.49539999900673],[32.44575999999052,35.49564000000674],[32.44572999999045,35.495790000006764],[32.44565999999046,35.49611000000675],[32.44547999999047,35.49663000000676],[32.44470871999043,35.4984429060068],[32.444440585990414,35.4991156590068],[32.44414433899039,35.49973562600685],[32.444022448990395,35.49999071000686],[32.4438699999904,35.50032000000683],[32.44383497399037,35.50038304600681],[32.4436888349904,35.500688878006855],[32.44362785999038,35.50073023400685],[32.443609999990365,35.50076000000686],[32.4435099999904,35.500860000006845],[32.44335999999038,35.50096000000688],[32.44320477799038,35.50101718700685],[32.44267175899038,35.50137870400686],[32.44219064899036,35.501440283006886],[32.4403435149904,35.50099355400685],[32.43997890999037,35.50090537500686],[32.43983944399039,35.50072159100686],[32.439419999990385,35.500550000006825],[32.43916999999039,35.50043000000683],[32.43910999999039,35.50036000000684],[32.4388799999904,35.49996000000683],[32.438812097990386,35.49984117200684],[32.4387576589904,35.49980998700682],[32.438607450990425,35.49958271300683],[32.438348232990435,35.499190502006805],[32.43824104899044,35.498871924006835],[32.438239999990465,35.49887000000683],[32.43814999999045,35.49870000000681],[32.43807999999046,35.4985200000068],[32.43803999999045,35.49830000000678],[32.43803321199046,35.49825417500681],[32.43785994199045,35.49773917200677],[32.43784999999043,35.49774000000682],[32.43784724599046,35.49770143500681],[32.43781759999048,35.49761332100682],[32.437830823990446,35.49750366100679],[32.437819999990445,35.49739000000679],[32.43784999999043,35.497120000006795],[32.43790519799049,35.49688694200679],[32.437980933990495,35.49625892100676],[32.437795087990494,35.49575421000674],[32.43797933699052,35.49494261100675],[32.4379799999905,35.49493000000676],[32.43801999999054,35.49475000000676],[32.43802389099055,35.49474635200674],[32.438038128990534,35.49468363600674],[32.43848726799054,35.49431193600671],[32.43865999999051,35.49415000000673],[32.439036817990505,35.49378309800672],[32.43956993699056,35.4928959510067],[32.439599999990534,35.49284000000672],[32.43960382999057,35.49283955000669],[32.43977982799056,35.492546677006715],[32.43997159299061,35.49188327600671],[32.4399899999906,35.4916900000067],[32.440059999990616,35.49157000000666],[32.4400622419906,35.4915696790067],[32.440097746990574,35.49144685100667],[32.44019028799057,35.491411153006695],[32.44017999999059,35.491370000006704],[32.4403399999906,35.4913500000067],[32.440401623990596,35.49134395900669],[32.44053572899058,35.49129927900666],[32.44058630599063,35.49128242800666],[32.44081442999062,35.49120642400667],[32.44084035099063,35.49119778800671],[32.440842573990594,35.4911970470067],[32.44154665799059,35.4911027580067],[32.44157260199061,35.491100225006655],[32.44212899799058,35.4911644900067],[32.44368475299063,35.49091768700665],[32.4438599999906,35.49088000000668],[32.44435999999063,35.49077000000668],[32.44439665499059,35.49077916400668],[32.44439772899062,35.49077892200668],[32.44439826499064,35.490779566006694],[32.445495896990565,35.4920991390067],[32.445962981990526,35.492967020006695],[32.44595861999054,35.49353469800674],[32.44595861999054,35.49353469800674]]]}