{"segmentId":"5001145","streetsFileVersion":236,"polygonPointList":[[[32.64214983699517,35.19345880700295],[32.643289958995204,35.1932012650029],[32.64329428299516,35.19319119000292],[32.64351346699519,35.192680446002925],[32.642707014995196,35.1919424840029],[32.643028050995184,35.1910863870029],[32.64402400899523,35.191490779002905],[32.644519999995254,35.18744000000286],[32.64389999999525,35.18706000000285],[32.64402999999524,35.18590000000287],[32.64359857099527,35.18552008500287],[32.642689999995326,35.18472000000283],[32.643271836995254,35.183539379002816],[32.64332841399527,35.18342457800282],[32.6436522879953,35.18222221900282],[32.64541798799533,35.18247191400285],[32.64544599199532,35.18288450300281],[32.64744999999528,35.183180000002835],[32.6479799999953,35.18432000000287],[32.64824999999532,35.18313000000285],[32.64990999999526,35.18322000000285],[32.650185106995245,35.18466865100284],[32.65037813199527,35.185685073002865],[32.650465521995265,35.18614525000285],[32.650329999995236,35.18829000000288],[32.649219999995225,35.18861236800289],[32.64909042399522,35.18865000000289],[32.64920004399521,35.19051636800288],[32.64923999999523,35.19119665000291],[32.649333070995176,35.19278125600291],[32.649966001995175,35.193012605002906],[32.649823318995175,35.19472479900291],[32.64912702799517,35.194595703002946],[32.648913715995114,35.196900711002975],[32.648619999995134,35.19707000000295],[32.64767999999509,35.200060000003],[32.64650826699511,35.199857317002994],[32.646502073995094,35.19983038900298],[32.64617999999512,35.19843000000295],[32.64517749099511,35.19739020300296],[32.644333781995094,35.19940159000297],[32.64301318099511,35.201352748002975],[32.6420613969951,35.20237591600301],[32.641062022995136,35.19950866500298],[32.641561709995166,35.19737904800299],[32.64114530499517,35.19480923000292],[32.64166201399518,35.19445786600293],[32.64214983699517,35.19345880700295],[32.64214983699517,35.19345880700295]]]}