{"segmentId":"5001520","streetsFileVersion":96,"polygonPointList":[[[33.00830882299581,35.11432050600229],[33.00821980799579,35.11466273200227],[33.008150534995806,35.11500658200226],[33.00811999999583,35.11512000000227],[33.00808999999578,35.11523000000228],[33.007999999995775,35.115610000002285],[33.00793999999583,35.11594000000231],[33.007879999995815,35.116300000002255],[33.00786050599578,35.1164462080023],[33.007665814995796,35.1174125960023],[33.00766641899574,35.11828707100229],[33.00764999999578,35.11848000000228],[33.007629999995785,35.11870999900228],[33.00762999999577,35.118920000002305],[33.00763999999576,35.119050000002325],[33.00767381099578,35.11923596400229],[33.00783392599575,35.119544312002326],[33.00817515599576,35.12020145100232],[33.00819116399573,35.12037133000233],[33.00825999999576,35.12045000000233],[33.008206183995775,35.1205307250023],[33.00821282899576,35.120601247002284],[33.00815870199576,35.12060129800231],[33.00804999999572,35.12071000000229],[33.00738999999573,35.121240000002324],[33.00761999999573,35.121930000002344],[33.007739999995785,35.1222200000023],[33.00809000199575,35.12306000500235],[33.00813973399573,35.123177814002304],[33.00858909899575,35.123621607002356],[33.00952446599577,35.12304328000233],[33.00969884899577,35.12318098600236],[33.00969999999574,35.12318000000232],[33.009749999995734,35.123220000002334],[33.00975061199571,35.123223574002346],[33.01031135499571,35.12433093600233],[33.010349121995695,35.124775115002315],[33.00956338799571,35.12526443500237],[33.009778176995695,35.12577333000236],[33.00978993999571,35.12579986400235],[33.009790336995685,35.12580048100235],[33.0103013409957,35.126528012002346],[33.0111357049957,35.12575176200236],[33.01126762299568,35.125882030002366],[33.01126999999568,35.125880000002354],[33.01153999999568,35.12615000000234],[33.011439999995694,35.12718000000236],[33.01158999999568,35.12769000000234],[33.01204999999567,35.12809000000235],[33.012389999995655,35.12837000000239],[33.01281999999565,35.12896000000238],[33.012820997995675,35.12896540000234],[33.01285948999564,35.128993272002376],[33.012859598995654,35.12917430000236],[33.01298999999567,35.12987999900235],[33.01308106599564,35.1303732750024],[33.01310999999563,35.13053000000241],[33.01272244899567,35.13091755000237],[33.012710997995626,35.130992622002395],[33.01259890699562,35.13104109200236],[33.01257999999567,35.13106000000238],[33.01236999999564,35.1312100000024],[33.012199999995644,35.131300000002405],[33.01162999999563,35.13127000000237],[33.010949999995645,35.1322500000024],[33.010024878995665,35.13139377200236],[33.010006544995676,35.13138235300237],[33.009944464995634,35.13127393600241],[33.00908275099566,35.13038284400238],[33.00854948399566,35.13033263300241],[33.00851999999565,35.1303300000024],[33.00851995899569,35.13032985300236],[33.008518462995646,35.13032971200238],[33.00851845999565,35.1303243940024],[33.00850162799564,35.13026312600237],[33.008269999995655,35.12942000000236],[33.00805157299569,35.12897775100235],[33.007731664995674,35.12908651700239],[33.0067586799957,35.129353889002395],[33.00672438199569,35.13022037800237],[33.00672175099566,35.130286833002394],[33.00672501399564,35.13033366500241],[33.007029999995616,35.13299000000241],[33.007029999995616,35.1339000000024],[33.00691104499561,35.13393531400239],[33.00691131799562,35.134418020002414],[33.00657461399562,35.13472922200239],[33.00621456399564,35.13463951400242],[33.005863357995636,35.13455200900242],[33.0049821619956,35.13421230400242],[33.00496999999563,35.134210000002405],[33.00475999999561,35.13417000000239],[33.00431999999563,35.1341000000024],[33.00431999999563,35.13396000000241],[33.00432002899563,35.13395704900241],[33.00431829699562,35.13395638100243],[33.004327821995645,35.13290971000237],[33.004327701995656,35.13290470400241],[33.004099999995624,35.132380000002414],[33.00389999999565,35.131820000002406],[33.00399999999566,35.13141000000241],[33.00421999999561,35.13119000000239],[33.004059999995654,35.13029000000239],[33.00404280799568,35.13015590300238],[33.00401616199562,35.12994806800235],[33.003951545995676,35.12948953300234],[33.00346476699564,35.129312299002365],[33.003090134995645,35.12873505200234],[33.00304832399569,35.128556973002375],[33.00278999999569,35.128489999002376],[33.00279999999568,35.12791000000235],[33.00280999999571,35.12701000000234],[33.002669999995675,35.126080000002354],[33.00270999999569,35.12606999900233],[33.00272653899569,35.12606902700232],[33.002676586995705,35.125714881002374],[33.00237688699567,35.12535972900232],[33.00136614399568,35.12518299000234],[33.0012160129957,35.12451679500232],[33.00076678799573,35.124428326002324],[33.0007617379957,35.12440940000234],[33.00075999999573,35.12441000000235],[33.00054999999569,35.12448000000235],[33.000539999995716,35.12359000000232],[33.00038999999571,35.12270000000235],[33.00050999999576,35.12182000000233],[33.00111620599574,35.122118134002335],[33.00184284499576,35.12211745900231],[33.001919999995756,35.1201200000023],[33.00208999999578,35.11953000000231],[33.00212645599575,35.119407766002304],[33.00225999999576,35.11896000000232],[33.002332549995806,35.11831672800226],[33.0024091449958,35.11763050000231],[33.002445959995775,35.11665320700231],[33.001547182995814,35.11603216400228],[33.00154693099582,35.115676859002306],[33.00172971499583,35.11517986700227],[33.00044999999583,35.11458000000227],[33.00056999999581,35.11414000000229],[33.00091555099581,35.114317712002276],[33.00064746799584,35.11412309600228],[33.00105820799584,35.11270115900225],[33.00169936099586,35.11284205600225],[33.0016999999958,35.11284000000227],[33.001958200995816,35.11289893700227],[33.002667964995815,35.11305491100227],[33.00420318499582,35.11389732800228],[33.005887870995785,35.114428689002295],[33.00592173199581,35.11442856400225],[33.00655918299581,35.11439970800228],[33.00830882299581,35.11432050600229],[33.00830882299581,35.11432050600229]]]}