{"segmentId":"5001106","streetsFileVersion":236,"polygonPointList":[[[32.59733999999197,35.41265000000539],[32.597290788992,35.41265863000541],[32.598208776991946,35.41463144100541],[32.59692831399185,35.41819891500548],[32.596952108991864,35.418674807005495],[32.59766594699189,35.4188651640055],[32.59749938499186,35.41953141300551],[32.59963391299183,35.42008131700549],[32.599354650991835,35.421875041005556],[32.59825371299186,35.421810596005535],[32.59654759999186,35.42143498200552],[32.59666657399182,35.42086391100549],[32.595024644991824,35.420716988005495],[32.594669328991806,35.42272160800557],[32.592637689991825,35.42263413300552],[32.59070699399182,35.42239186600553],[32.5899199999918,35.42359000000555],[32.58814211999185,35.4212366710055],[32.587885515991836,35.420774070005514],[32.58495999999194,35.41550000000545],[32.58478644799195,35.41515752000542],[32.58431961299197,35.41419722200541],[32.5818201969921,35.40905582500535],[32.583838859992106,35.40851480000532],[32.58643720899209,35.40781841100533],[32.586443426992126,35.40781682600532],[32.5955052019921,35.40550779100529],[32.59646138799215,35.40526414500529],[32.59648996799213,35.4056272770053],[32.59649472599212,35.40568773400527],[32.59668399899207,35.408092585005356],[32.596719999992104,35.408550000005334],[32.59664171299206,35.408579824005365],[32.59545999999208,35.40903000000532],[32.59641999999204,35.40953000000537],[32.59718014199202,35.41210787200537],[32.59733999999197,35.41265000000539],[32.59733999999197,35.41265000000539]]]}