{"segmentId":"5001307","streetsFileVersion":236,"polygonPointList":[[[32.822787054995416,35.16408559600267],[32.82245218399538,35.165255902002684],[32.8228296229954,35.165373039002645],[32.82236947299537,35.166548978002666],[32.8220562809954,35.167349357002664],[32.82110695099535,35.167547029002684],[32.82102866799534,35.16849604100267],[32.820693632995344,35.17255762700273],[32.82386713999531,35.17346795800274],[32.82298493699529,35.17503628300274],[32.820707874995286,35.174671093002715],[32.820557502995264,35.17550888000276],[32.82084001399526,35.17578547800278],[32.820968504995264,35.17694189600279],[32.82048309499524,35.177284539002734],[32.81974119799523,35.17759260700278],[32.81905378299527,35.17752816200276],[32.81831139099525,35.179109781002815],[32.81806562399523,35.17963337100281],[32.81629722699524,35.18005943300279],[32.816288993995215,35.18006141700278],[32.816042939995214,35.18076471400283],[32.81580784599521,35.18143668300282],[32.81587287999518,35.181463192002774],[32.816029631995185,35.18152708700281],[32.81656653899522,35.18174594100278],[32.8159998809952,35.18323150400281],[32.81577171499519,35.183829668002815],[32.8149721339952,35.18426943800283],[32.81471911099514,35.1849252360028],[32.81381687899517,35.184731901002856],[32.81306834699513,35.18915209200284],[32.813992060995155,35.18956024400288],[32.813980670995115,35.18968325600289],[32.81388465199513,35.190720257002894],[32.81287501099513,35.19041951300287],[32.81240463299507,35.191756120002864],[32.81242611399507,35.1951287500029],[32.81032090599508,35.194312444002904],[32.80996663499505,35.19346605400291],[32.80701595099507,35.19234325600292],[32.806823980995084,35.19227020700287],[32.80656957299508,35.192173399002904],[32.806033669995095,35.191969476002896],[32.80583520999511,35.19108671500287],[32.80547276399513,35.18947453300288],[32.80538287799512,35.189074715002874],[32.80610608199514,35.186618942002845],[32.806238391995194,35.185747344002834],[32.80446999999518,35.18537000000281],[32.80436791299519,35.185519669002815],[32.80392219799518,35.18617313300285],[32.80363719399515,35.18659097700283],[32.803518176995176,35.186765469002864],[32.80328999999515,35.187100000002836],[32.80262254399512,35.187855564002874],[32.80029622499518,35.18573892900281],[32.80132999999523,35.1833900000028],[32.80000999999519,35.182610000002825],[32.798219547995195,35.185725762002846],[32.79849844499517,35.18682360400283],[32.79874591399517,35.18779773500286],[32.79880999999516,35.18805000000284],[32.79788304999516,35.18787197700284],[32.79729999999517,35.187760000002825],[32.79691616099517,35.18926470400285],[32.796631230995104,35.19038167400286],[32.794867542995064,35.19729559600294],[32.79509011899505,35.19989688500294],[32.79541761399494,35.20372438000298],[32.79280576399494,35.20348027300295],[32.792662238994986,35.201350891002974],[32.79256003499504,35.19983456300293],[32.79240433299501,35.19752451400294],[32.7907212579951,35.1959116820029],[32.79052822299504,35.19663466800294],[32.790419999995024,35.19704000000296],[32.78869298399508,35.19769836500296],[32.788609999995046,35.197730000002935],[32.78850024399501,35.19767731700295],[32.78785999999504,35.19737000000292],[32.78785883899502,35.19670596900293],[32.7878499999951,35.19165000000287],[32.78806038499516,35.18904763400288],[32.78830999999514,35.185960000002865],[32.78891959899521,35.18474858400281],[32.789765289995216,35.18306799900283],[32.79065999999525,35.1812900000028],[32.79106088899522,35.179564962002765],[32.79131976799527,35.17845099900279],[32.79133833299526,35.17837111400279],[32.79197999999527,35.17561000000277],[32.791632674995306,35.17520938100275],[32.790688716995284,35.17412058300274],[32.79040020399532,35.171031486002725],[32.791486701995375,35.16777849600268],[32.791719999995394,35.16708000000269],[32.79174642399541,35.16554563800265],[32.791817807995436,35.16430831900266],[32.792460261995465,35.16297582000265],[32.79284097599541,35.16217870100267],[32.79534154599543,35.16188953800262],[32.795551685995456,35.16143535100267],[32.795571617995414,35.16129141600263],[32.79568644199545,35.16046223000264],[32.79580655899543,35.15959481500263],[32.79580753699543,35.15958775500265],[32.79329276599546,35.157706247002636],[32.793292792995466,35.15770620600262],[32.793651122995506,35.15715416800259],[32.793805172995505,35.15691683500262],[32.79423020299546,35.157168156002626],[32.7943180149955,35.157220081002606],[32.79431803199549,35.15722003400259],[32.794333176995494,35.15717064400263],[32.79477701999548,35.155723466002584],[32.795034901995535,35.154882625002564],[32.79654740199549,35.15488178600257],[32.79657343499547,35.15588339300261],[32.79577878799551,35.15603558200263],[32.79626489899548,35.15721730400259],[32.79652308199552,35.157844939002594],[32.79840921099547,35.15756053900259],[32.7985901909955,35.15753325000258],[32.80007506099546,35.15730935400262],[32.80097603099551,35.1571735010026],[32.80105165899548,35.15732764000262],[32.80211647599549,35.154934339002615],[32.80180103499549,35.15418293500258],[32.80137999999552,35.1531800000026],[32.80224676999557,35.15255405000257],[32.802436159995565,35.15241727900259],[32.802565273995555,35.15232403700254],[32.80285057499552,35.15182507100259],[32.802917849995495,35.15182884300255],[32.805008253995524,35.15194605300259],[32.805019791995555,35.15194670000257],[32.806055595995616,35.148453211002554],[32.80758788199562,35.14821763500253],[32.80807697499559,35.14814244100255],[32.81019861499558,35.14781625600254],[32.814349999995564,35.14869000000253],[32.81658537499553,35.14941108900256],[32.8177017029956,35.14977119500253],[32.81866232999554,35.150127887002554],[32.818681556995536,35.150135026002545],[32.81894784299556,35.15023390100254],[32.826346552995524,35.15298112900259],[32.82739351599546,35.15386152900257],[32.82819999999547,35.15586000000262],[32.82722301299544,35.15796573900263],[32.82719944899545,35.15801652800263],[32.82603322299541,35.16152933700263],[32.825359509995415,35.16355863900263],[32.82508520399541,35.164384880002665],[32.822787054995416,35.16408559600267],[32.822787054995416,35.16408559600267]]]}