{"segmentId":"5001384","streetsFileVersion":188,"polygonPointList":[[[32.885188190994946,35.20212137600294],[32.883053102994936,35.20327478400295],[32.88305999999493,35.20353000000298],[32.88282999999494,35.20344000000298],[32.8826377909949,35.203499141002986],[32.88247830199491,35.20358530100295],[32.88190999999492,35.20399000000296],[32.8816999999949,35.20402000000299],[32.8814699999949,35.204130000003005],[32.881467515994906,35.20415093400297],[32.88181122299492,35.205053165002965],[32.878708643994855,35.20694753000299],[32.87734302499491,35.20778134400303],[32.87796599599484,35.20945691900302],[32.8754157519948,35.21256615900307],[32.873277937994786,35.21517256900308],[32.87159222699478,35.21520667000307],[32.87102243599477,35.215452109003095],[32.87102004099481,35.21544978700309],[32.87101999999476,35.21545000000306],[32.87072172499479,35.21522427800307],[32.86982622499479,35.21524239300307],[32.86959122599479,35.21647978000308],[32.869520993994755,35.21655032900307],[32.86904736299476,35.21702609200307],[32.86899295299473,35.21728035800308],[32.868969972994755,35.21776942100312],[32.869495961994744,35.21796160900309],[32.86994310599475,35.218124989003094],[32.87108163699474,35.21737312800312],[32.87181201599473,35.21797461700309],[32.87179053399475,35.21889833100311],[32.87095274699472,35.21891981300313],[32.87069496599473,35.21887684900309],[32.87056607599473,35.219521301003105],[32.86947758699473,35.219984286003125],[32.86945885899475,35.22005343500314],[32.869277171994725,35.220724277003114],[32.8680527149947,35.2208531670031],[32.8673839569947,35.22305212900315],[32.8667852929947,35.22502062000318],[32.86594750599466,35.22502062000318],[32.866729035994666,35.22303578200316],[32.86729325799474,35.22160283700311],[32.86533869699468,35.22234446500313],[32.86298852399472,35.22143617500314],[32.86263999999469,35.22132000000313],[32.86166999999473,35.22122000000315],[32.8616712809947,35.221208472003134],[32.86164198299468,35.220945138003124],[32.861636082994735,35.220913486003106],[32.86108279699472,35.22069965300313],[32.86057482799473,35.21919691800314],[32.86107925799476,35.21877012400312],[32.861080690994726,35.21871834700311],[32.861083066994716,35.218632434003084],[32.86108575099479,35.218535361003134],[32.861087398994734,35.21847578800309],[32.86112355399478,35.21716839100308],[32.86172504199475,35.216975055003076],[32.86157466999475,35.2163735670031],[32.8619828219948,35.21596541500306],[32.862638332994806,35.21518566100311],[32.862550162994765,35.214868171003054],[32.862863572994776,35.21280760200307],[32.86303860299484,35.21225864300305],[32.86317785699481,35.211821892003044],[32.86368159799483,35.20979991900301],[32.86380876899487,35.20984312400301],[32.864489045994866,35.21016325400305],[32.86462999999483,35.20975000100301],[32.86490578699489,35.206085648003004],[32.865127545994916,35.20565867000299],[32.86516929899491,35.20557827900301],[32.865175401994875,35.20556652800302],[32.86545565799489,35.20502692200299],[32.8659159979949,35.204770235003004],[32.865320197994954,35.20268493500295],[32.866308355994946,35.20180418400293],[32.866609100994935,35.202405672002975],[32.86723893999495,35.20167742100296],[32.867296514995,35.201610848002936],[32.86667354599501,35.19967749400296],[32.86703873499496,35.19941971200295],[32.867026128995036,35.19745408600292],[32.866682419995044,35.1967666710029],[32.866811311995,35.19513406000289],[32.86758465399502,35.19517702300289],[32.86771354399497,35.197196305002905],[32.868529848994974,35.19730371400291],[32.868615775995046,35.19631555400294],[32.869131335995036,35.1960577740029],[32.86919578299505,35.195434804002915],[32.869891340995,35.195559648002885],[32.870033569995,35.19558517600292],[32.87046139699501,35.197403440002944],[32.870961198995026,35.19696370700293],[32.87100397799498,35.19691075100294],[32.871016184994986,35.196915330002895],[32.87116999999502,35.19678000100289],[32.87261185399502,35.1969277830029],[32.874779090995034,35.1936485420029],[32.87557081599503,35.19331878400288],[32.875579999995054,35.19331000000288],[32.87568999999508,35.193260000002894],[32.875697604995025,35.19326597500286],[32.87620143899506,35.19305612600287],[32.876756791995014,35.193236706002885],[32.87697160999501,35.19678119000289],[32.876907163995,35.19708193400291],[32.877358280994976,35.19892936200294],[32.87718642599496,35.19940196000294],[32.878841269995,35.199423592002965],[32.88047312999497,35.19944492300293],[32.880415212994954,35.20000478700296],[32.88054999999493,35.19987000000292],[32.88088999999501,35.19968000000295],[32.88100999999498,35.199570001002925],[32.88105999999495,35.199390000002936],[32.88204999999496,35.19939000000293],[32.88223240099497,35.19940920000294],[32.88231999999496,35.19828000000295],[32.88354999999499,35.198060000002926],[32.88355999999498,35.19792000000294],[32.88364999999497,35.19698000000292],[32.88465705199502,35.1965720020029],[32.88466999999499,35.1964900000029],[32.88475134399499,35.19653380000292],[32.885072343995,35.196403750002915],[32.885237065995014,35.19592880300293],[32.88541999999503,35.195380000002906],[32.885519999995,35.1949800000029],[32.885579999995024,35.19494000000288],[32.886450832994996,35.19527611100291],[32.88645999999502,35.1952700000029],[32.88656999999501,35.19530000000288],[32.88728999999501,35.19560000000292],[32.887924171995,35.19571890700292],[32.88972633699503,35.1960568130029],[32.89000999999504,35.19611000000289],[32.889849999994965,35.19656000000289],[32.88933999999498,35.19801000000294],[32.88915999999498,35.19853000000294],[32.88857999999495,35.20024000000294],[32.88831999999496,35.20100000000297],[32.88811999999497,35.20158000000294],[32.88806806399493,35.201557742002926],[32.88806536199495,35.20156531800297],[32.887823391994914,35.20145335800294],[32.88704103699495,35.201120441002956],[32.885188190994946,35.20212137600294],[32.885188190994946,35.20212137600294]]]}