{"segmentId":"5001064","streetsFileVersion":236,"polygonPointList":[[[32.523747685997435,34.92713093500129],[32.52380154899747,34.92601176900132],[32.523802396997496,34.9259941460013],[32.523807302997504,34.925892211001326],[32.52392388099748,34.923469965001274],[32.523983029997524,34.92319989200131],[32.524084860997526,34.922734927001315],[32.524565709997496,34.92238395600126],[32.52551749399748,34.92181883400131],[32.52658825199752,34.9217593480013],[32.527419832997495,34.922448906001286],[32.52973905299751,34.9225299720013],[32.53048461899749,34.922086524001294],[32.53083004699749,34.9225681070013],[32.53117555199747,34.923780947001305],[32.53165328699745,34.92412595300128],[32.53296090399748,34.92507027400131],[32.53443464499747,34.92515121700131],[32.534340123997445,34.9273571810013],[32.534289637997475,34.92853545500128],[32.53158255699744,34.928744667001304],[32.527188843997486,34.92908422700129],[32.523787427997476,34.929290342001316],[32.52371696399749,34.92776928300129],[32.523747685997435,34.92713093500129],[32.523747685997435,34.92713093500129]]]}