{"segmentId":"5001173","streetsFileVersion":96,"polygonPointList":[[[32.680977944995846,35.128504646002426],[32.67979629999587,35.127067511002416],[32.681633145995875,35.122465303002386],[32.681779233995876,35.12209928100235],[32.681892883995886,35.12181453200233],[32.681961609995874,35.12164234000236],[32.68262893599592,35.12228375000238],[32.68284773199586,35.122494049002384],[32.68313714199593,35.122772220002375],[32.683141731995875,35.122776632002385],[32.68318703199587,35.12282017300235],[32.68169547699588,35.12703767300242],[32.68111690099587,35.12867364700239],[32.68099006499587,35.12851938600241],[32.680977944995846,35.128504646002426],[32.680977944995846,35.128504646002426]]]}