{"segmentId":"5001410","streetsFileVersion":236,"polygonPointList":[[[32.890933678989576,35.514558005006904],[32.88926189798958,35.514420056006934],[32.88733987298961,35.51273547900691],[32.88711362398966,35.51218145900687],[32.88692012098964,35.51210060200687],[32.88661495898966,35.51197308800687],[32.88641270398967,35.511616169006864],[32.88640351298972,35.51083304000689],[32.88612193298965,35.51080436100687],[32.88548999998969,35.51074000000686],[32.88580770098969,35.51002364500684],[32.888603266989705,35.510195457006866],[32.88932802098967,35.51024000000687],[32.889292408989725,35.50947039500685],[32.8892599999897,35.508770000006805],[32.88967377998975,35.50856316100681],[32.890877500989745,35.507961450006796],[32.891068110989714,35.507866168006835],[32.892197948989754,35.50730138900683],[32.892559142989775,35.50488781700675],[32.89459774698977,35.504844511006745],[32.895083668989756,35.50584947600675],[32.89749480698974,35.50666795000679],[32.897879999989726,35.50755000000679],[32.89691418098971,35.509091390006816],[32.89506106798972,35.50923826500686],[32.894169100989615,35.51230530700691],[32.8938443569896,35.51342194400693],[32.891301246989606,35.51458833500692],[32.890933678989576,35.514558005006904],[32.890933678989576,35.514558005006904]]]}