{"segmentId":"5001459","streetsFileVersion":96,"polygonPointList":[[[32.956146521996,35.0981923080022],[32.95603099999602,35.098352000002144],[32.95297775699601,35.09872854200218],[32.95274699999598,35.09875700000215],[32.952734734995985,35.09882638700215],[32.95271249999603,35.09895217400215],[32.952711999996026,35.098955000002164],[32.95266500999598,35.09922816600216],[32.95263699999598,35.09939100000215],[32.95262022999599,35.0994862090022],[32.95260604099598,35.09956676900216],[32.95260599999601,35.09956700000216],[32.952507800995974,35.09957746800218],[32.95240899999599,35.09958800000216],[32.95177599999598,35.09965700000216],[32.95165299999601,35.09951100000219],[32.951629999996015,35.09951000000219],[32.951629999996015,35.099485000002204],[32.95144127099603,35.09926132200219],[32.951440999995974,35.099261000002194],[32.94990533599598,35.098881072002165],[32.949322999996006,35.09873700000215],[32.94890464199601,35.09862137100215],[32.94788299999601,35.098339000002184],[32.94788722699598,35.0982376950022],[32.947817384996014,35.09821580400218],[32.947568378996046,35.0981377570022],[32.94766355799598,35.097733249002154],[32.947828092996026,35.09671950100216],[32.94795861099602,35.09591534100218],[32.94814896799602,35.09482554800217],[32.94814420899605,35.09467326200216],[32.94813469099604,35.09457808400213],[32.94811089599603,35.09409743200216],[32.948072824996046,35.09388804000211],[32.94805378899602,35.093597746002146],[32.948049029996035,35.09352636200211],[32.94805536199605,35.09319352300211],[32.948059704996034,35.092965246002144],[32.948989999996044,35.09219000000215],[32.94956999999607,35.09174000000215],[32.9499199999961,35.09150000000213],[32.95024999999605,35.09130000000211],[32.95062999999605,35.091120000002114],[32.95097999999609,35.090970000002095],[32.9512699999961,35.09087000000213],[32.95159999999607,35.09078000000212],[32.951909999996076,35.0907200000021],[32.95218999999604,35.09068000000215],[32.95264999999608,35.09064000000214],[32.95285189399607,35.09064000000214],[32.95285199999609,35.09064000000214],[32.95307809999604,35.090715900002145],[32.953450099996054,35.09075560000215],[32.95419499999606,35.090912400002104],[32.95534859999605,35.09138560000209],[32.95627709999607,35.09185880000214],[32.956057099996066,35.093356700002154],[32.956387999996025,35.09556530000213],[32.956714999996,35.096279000002134],[32.956649257996,35.09692786900218],[32.95656899999601,35.097720000002155],[32.95633799999604,35.09792800000214],[32.956336999996026,35.09792900000218],[32.956146521996,35.0981923080022],[32.956146521996,35.0981923080022]]]}