{"segmentId":"5001729","streetsFileVersion":188,"polygonPointList":[[[32.05475095099401,35.31654148000429],[32.05421557199396,35.31666045300428],[32.053362929994016,35.31538149000426],[32.052728408994014,35.314727141004255],[32.05183611099405,35.31309126100425],[32.05082693899403,35.31090813700423],[32.0509312829941,35.309862793004186],[32.05064638099408,35.30907592100418],[32.05064971599412,35.30896418600417],[32.0507058669941,35.307083122004165],[32.05171713799415,35.30702363600417],[32.0540371129941,35.307112865004186],[32.05478069399412,35.3073210680042],[32.05569381599411,35.30663970100416],[32.056271297994165,35.30649317700416],[32.05641345499413,35.306457107004135],[32.0568538289941,35.30728415300418],[32.05659604899412,35.307982308004206],[32.05624250499411,35.30807649200418],[32.05472065099408,35.308481912004176],[32.05469146499411,35.30904617700417],[32.05471261099411,35.30906626500421],[32.05588119499406,35.31017642100421],[32.05620276099409,35.31025681300417],[32.05790373699408,35.31068205700423],[32.058498601994046,35.311782558004225],[32.05866080799404,35.31189166400421],[32.05867692099402,35.3121977790042],[32.05751153699401,35.31363168400422],[32.056770416994006,35.31391631600427],[32.056700566994046,35.31389697200426],[32.05612842299405,35.31432608100425],[32.055554018994,35.31475688400428],[32.05475095099401,35.31654148000429],[32.05475095099401,35.31654148000429]]]}