{"segmentId":"5001760","streetsFileVersion":188,"polygonPointList":[[[31.439468663998955,34.605055291000454],[31.438533699998956,34.60435530000048],[31.438773338998985,34.60036851400043],[31.438774799998942,34.60034420000046],[31.435718396998976,34.60030401900048],[31.435171696998985,34.60029683100044],[31.432628668998966,34.600263401000475],[31.43236999999897,34.60026000000045],[31.432396840998997,34.60206507700048],[31.432419999998963,34.60237000000047],[31.432439999998937,34.602650000000445],[31.43240999999896,34.60295000000049],[31.43062999999897,34.603290000000484],[31.432191999998977,34.609873000000476],[31.432192065998912,34.609873277000496],[31.43229199999898,34.610295000000484],[31.43267699999896,34.611918000000486],[31.431604856998945,34.61247320700048],[31.430799999998918,34.612890000000476],[31.430160581998926,34.61271487200045],[31.430029999998943,34.61269000000047],[31.43002520499895,34.61267779400046],[31.429229999998974,34.61246000000048],[31.42904999999896,34.61238000000046],[31.42895999999896,34.612290000000456],[31.42889103099895,34.61217176700049],[31.42831494699894,34.611681911000495],[31.427959999998922,34.61160000000049],[31.42719999999892,34.61098000000047],[31.426570238998956,34.61045220000047],[31.426569999998925,34.610452000000485],[31.426459999998986,34.6103600000005],[31.426199999998936,34.61015000000046],[31.426006999998922,34.60976800000046],[31.426006774998978,34.609767560000506],[31.425962999998927,34.6096820000005],[31.425852408998963,34.60976492200049],[31.423227971998976,34.61173275000047],[31.422987045998937,34.61287348400046],[31.422224444998946,34.61487128400049],[31.421458839998962,34.6156832880005],[31.421002230998937,34.61616756900047],[31.42074594699896,34.615864118000474],[31.419571949998925,34.61447406500046],[31.41939199999897,34.614609000000456],[31.418886121998952,34.61366201600046],[31.418886027998923,34.61366190400046],[31.418790895998974,34.613483834000505],[31.41754052799896,34.61114335500045],[31.416720776998936,34.609608919000465],[31.41591999999896,34.60811000000049],[31.415759999998937,34.60782000000048],[31.41572841999896,34.60774894400046],[31.415659999998976,34.60762000000047],[31.415989999999,34.60741000000049],[31.41616999999897,34.607300000000485],[31.41667999999895,34.606990000000465],[31.417601202998977,34.60630744200048],[31.421840999998963,34.603166000000456],[31.42668686399896,34.60114450200047],[31.429789999998942,34.599850000000465],[31.430009999998965,34.599830000000466],[31.430269999998973,34.59982000000049],[31.430939999999012,34.599840000000434],[31.431048710999004,34.599845475000464],[31.432597907998957,34.59983990500048],[31.43530606999895,34.599830168000445],[31.435724351999028,34.599828664000434],[31.436048299998973,34.599827500000465],[31.436071619998998,34.59941836800046],[31.436223099999,34.59676070000046],[31.438646799999,34.59680410000044],[31.441033799999005,34.596986900000445],[31.441956199998984,34.59894540000045],[31.44286664699897,34.59953380300045],[31.44358149999895,34.59999580000045],[31.443523699998984,34.60224250000046],[31.443498389998958,34.602313961000455],[31.442879999999,34.60406000000047],[31.442799999998925,34.604145105000455],[31.44267209899897,34.60421047300049],[31.440803360998974,34.605433591000484],[31.440449999998947,34.60579000000048],[31.439817574998976,34.60531651500044],[31.439468663998955,34.605055291000454],[31.439468663998955,34.605055291000454]]]}