{"segmentId":"5001131","streetsFileVersion":188,"polygonPointList":[[[32.6350899999964,35.07015000000206],[32.634959999996376,35.070450000002026],[32.63435189999639,35.07154550000205],[32.63418189099638,35.072070391002065],[32.633989999996366,35.072469999002074],[32.63371994399638,35.07252895500205],[32.63360619199638,35.07276288400203],[32.63307898599638,35.07277781800207],[32.63303543999643,35.072704231002035],[32.63256999999638,35.072780000002076],[32.629052510996424,35.06793553900204],[32.62865342099641,35.06738589200202],[32.62858208399645,35.06742242400199],[32.62850803099642,35.067460347002026],[32.628039713996465,35.06654066500201],[32.62779878499643,35.065454805002005],[32.627789999996445,35.065430000002],[32.62778851599645,35.06539142700201],[32.62760862299647,35.06456840800201],[32.627456259996436,35.06403559600199],[32.62744014899646,35.063912076002005],[32.627407925996465,35.06367040700201],[32.627483111996455,35.06352540400201],[32.627601261996446,35.063326700002],[32.627692558996436,35.06314410500198],[32.6280631179965,35.06285410200201],[32.62860016199648,35.06292391700197],[32.628637539996454,35.06292472100199],[32.628656504996464,35.062893409001965],[32.62880999999647,35.06264000000197],[32.62901999999642,35.062720000001995],[32.629239999996464,35.06280000000197],[32.629509999996465,35.06289000000197],[32.62974999999647,35.06295000000199],[32.630159999996465,35.06304000000199],[32.63051999999645,35.063140000001965],[32.63086999999649,35.063310000002],[32.631249999996484,35.063420000002],[32.63153999999644,35.06352000000197],[32.632299999996455,35.063810000001986],[32.632889999996436,35.06407000000201],[32.63390999999648,35.064490000001975],[32.63459999999641,35.06485000000198],[32.63506999999644,35.06505000000199],[32.63583999999641,35.06539000000198],[32.635929999996435,35.065450000002],[32.63594247799647,35.06546247900202],[32.63618941299647,35.06556019600198],[32.636189999996425,35.06556000000201],[32.63623999999643,35.06557000000198],[32.63628999999643,35.065600000002014],[32.636329999996434,35.065670000002015],[32.63634999999644,35.065740000002],[32.63633999999646,35.06582000100203],[32.63631999999647,35.06587000000202],[32.636259999996426,35.065920000002016],[32.63620999999646,35.065940000002016],[32.63620068099644,35.065938669001994],[32.63563408899645,35.06808699800204],[32.6350899999964,35.07015000000206],[32.6350899999964,35.07015000000206]]]}