{"segmentId":"5001331","streetsFileVersion":188,"polygonPointList":[[[32.80991093198525,35.677217875010406],[32.808297692985256,35.67707640001039],[32.80807056998527,35.677267122010406],[32.8063623329852,35.67927360801049],[32.80636199998519,35.67927400001047],[32.805209084985194,35.68062790001049],[32.80520899998516,35.680628000010515],[32.805079999985146,35.68078000001047],[32.80449999998513,35.68260000001054],[32.80385999998505,35.6846400000106],[32.80382999998506,35.68474000001058],[32.803809999985035,35.68480000001061],[32.80377051498504,35.68492973701062],[32.80381417798501,35.6849645200106],[32.80329861598499,35.686532685010626],[32.80169239998489,35.68914524201072],[32.80280944898486,35.690455627010756],[32.80295982198486,35.690670444010735],[32.80252470398482,35.691223493010774],[32.80091922698478,35.69326411301083],[32.80047849598475,35.6935466340108],[32.80097099998472,35.695070000010865],[32.796983054984686,35.696159721010915],[32.795616999984674,35.6965330000109],[32.79435529998479,35.693563700010806],[32.79347189998477,35.69353820001081],[32.79248599998478,35.69368800001085],[32.79248595898476,35.69368766001086],[32.79245199998474,35.69341200001086],[32.792452131984774,35.693411904010844],[32.79309999998476,35.69294000001084],[32.79327999998476,35.692690000010785],[32.79311999998483,35.69263000001083],[32.79290999998483,35.692600000010785],[32.79232199998482,35.692355000010835],[32.79230905698484,35.692245911010794],[32.79230099998484,35.69217800001081],[32.7915692569848,35.69176917501079],[32.79134699998481,35.69164500001079],[32.79134676198484,35.69164474701079],[32.790610609984846,35.690864358010764],[32.78813687098498,35.68824196801071],[32.78811294098497,35.68821660001068],[32.787885641984985,35.68797564201067],[32.78721999998498,35.6872700000107],[32.78716099998497,35.68731300001069],[32.787095999985,35.687172000010655],[32.78676899998499,35.68698100001067],[32.78664619598502,35.68673477601065],[32.78617199998506,35.685784000010656],[32.78545599998506,35.68557700001066],[32.784989999985065,35.684690000010605],[32.78452999998514,35.68410000001061],[32.78431999998509,35.68393000001058],[32.78469999998512,35.6830800000106],[32.78640729998519,35.6810869000105],[32.78780914298522,35.68010548501051],[32.788319069985214,35.679748491010486],[32.78876399998526,35.67943700001049],[32.79205511798531,35.67687151201041],[32.79195978998536,35.67666090001041],[32.79356592698535,35.67548604101038],[32.79399841498531,35.67535667501036],[32.79508199998538,35.67451200001034],[32.797446715985366,35.67455153501034],[32.801481999985384,35.67461900001036],[32.80176778098529,35.676396672010405],[32.801959763985316,35.676511073010374],[32.801864136985294,35.676996041010405],[32.80203099998524,35.678034000010406],[32.80262999998527,35.67829300001044],[32.803514568985236,35.67940143801049],[32.80440950098518,35.680212731010485],[32.80638034398523,35.67843117801043],[32.807850539985296,35.6771021880104],[32.80823831798528,35.67664772201039],[32.80831153598532,35.67629494501039],[32.80835534798532,35.676032994010356],[32.80722831598536,35.67547735501037],[32.80739963798533,35.67523465101035],[32.810016229985294,35.67561564201034],[32.81059763298527,35.676862202010405],[32.81016932998529,35.67724053601041],[32.80991235698525,35.67721800001039],[32.80991199998526,35.67721800001039],[32.80991093198525,35.677217875010406],[32.80991093198525,35.677217875010406]]]}