{"segmentId":"5001847","streetsFileVersion":188,"polygonPointList":[[[31.959969387993528,35.35346867200478],[31.959167702993497,35.35354259400473],[31.959110135993512,35.35352088200476],[31.959169999993485,35.353910000004745],[31.95940999999348,35.3554500000048],[31.959449999993485,35.355670000004764],[31.95912999999349,35.35584000000479],[31.958929999993476,35.355950000004796],[31.959148951993473,35.35716067400481],[31.959249665993475,35.3572818880048],[31.959269999993456,35.35783000000479],[31.958942479993457,35.35796646700481],[31.958857585993467,35.35803127300481],[31.95881883999344,35.358183864004836],[31.95851720299343,35.35822808700481],[31.95800923399341,35.35837783500482],[31.957822626993426,35.35846955700482],[31.957776066993443,35.358778540004835],[31.95756905499347,35.358866580004815],[31.95732634999345,35.358899893004825],[31.957089615993485,35.358351188004804],[31.956723332993466,35.35809258100481],[31.95648884899345,35.35767876500482],[31.956133087993464,35.35731394400481],[31.956117838993457,35.35729830600483],[31.956148317993456,35.356138490004774],[31.95615626199346,35.356064770004785],[31.95617772399346,35.35586560700479],[31.956532076993504,35.35526129600476],[31.956664040993505,35.35461236400477],[31.956751075993488,35.354184372004795],[31.956674506993508,35.353887807004746],[31.956734233993533,35.35255744400476],[31.95711843199355,35.352377904004726],[31.957175630993536,35.35209662700472],[31.95735999999354,35.351190000004706],[31.95670999999354,35.3503300000047],[31.956258709993538,35.35054237200473],[31.955859999993535,35.35073000100471],[31.955359999993544,35.35088000000476],[31.955019999993535,35.35096000000471],[31.954959999993555,35.35098000000472],[31.95489999999357,35.35075000000473],[31.954879657993537,35.35064602600472],[31.954779181993565,35.35022836400469],[31.954709999993543,35.35009000000474],[31.954469999993602,35.349590000004696],[31.954449999993628,35.34892000000471],[31.954449999993585,35.34886477100467],[31.954449999993585,35.348860000004706],[31.954428446993564,35.34886422200468],[31.953479999993593,35.34905000000469],[31.953419999993596,35.34884000000471],[31.953419511993587,35.348838535004674],[31.95333999999356,35.34860000000468],[31.95331999999363,35.348540000004704],[31.95462999999365,35.34609000000468],[31.953019999993607,35.34628000000465],[31.952692832993637,35.34655614100468],[31.952519999993626,35.34692000000469],[31.952369999993593,35.34720000000467],[31.952199999993635,35.34738000100466],[31.951879999993626,35.34761000000466],[31.951169999993596,35.347980000004696],[31.950839999993562,35.34812000000469],[31.950569999993586,35.347070000004656],[31.95042999999362,35.346220000004685],[31.95044237099364,35.34602205700464],[31.948207434993606,35.346524351004646],[31.94733005799361,35.34568310100468],[31.944555543993634,35.34302283100461],[31.946177412993684,35.34188430000462],[31.94739833299367,35.34198520200461],[31.947477055993684,35.341991708004635],[31.94803485199365,35.34281372000462],[31.949076412993673,35.3429878570046],[31.94938904799369,35.34287590000459],[31.94957482299364,35.34260951400463],[31.949838994993677,35.34267691900461],[31.95008999999369,35.342490000004624],[31.950459999993726,35.3424300000046],[31.950479999993675,35.34239000000465],[31.950489999993714,35.342310000004616],[31.950469999993715,35.34224000000462],[31.95018999999371,35.34187000000458],[31.95013999999368,35.341740000004634],[31.95009999999373,35.34151000000458],[31.950149999993705,35.34111000000462],[31.950309999993706,35.3407100000046],[31.95038999999369,35.340670000004586],[31.950669999993742,35.34065999900456],[31.95088999999373,35.340639999004615],[31.951079999993734,35.3406000000046],[31.951249999993742,35.340550000004605],[31.951479999993726,35.3404400000046],[31.95177999999369,35.34026000000459],[31.951989999993682,35.340100000004604],[31.952139999993687,35.339930000004564],[31.95228999999372,35.33974000000459],[31.952419999993754,35.339620000004565],[31.952649999993746,35.33948000000457],[31.953529999993727,35.33908000000454],[31.953799999993752,35.33900000000458],[31.954659999993726,35.33898000000457],[31.954909999993724,35.339010000004556],[31.95578999999372,35.33905000000457],[31.956219999993717,35.3391500000046],[31.956468256993716,35.33920319800459],[31.956779999993728,35.339270000004575],[31.957309999993722,35.33943000000458],[31.957399999993726,35.33947000000458],[31.957449999993717,35.33953000000456],[31.957459999993706,35.339570000004564],[31.957449999993717,35.339650000004596],[31.957369999993684,35.33980000000455],[31.956949999993725,35.34040999900457],[31.956839999993722,35.3406000000046],[31.956569999993715,35.341100001004584],[31.956499999993675,35.34126000000458],[31.956509999993692,35.34134000000461],[31.95652999999371,35.341400000004626],[31.956854332993654,35.341350304004614],[31.95695294799368,35.34117100400459],[31.957065676993704,35.34094027800461],[31.957386442993716,35.34082792100457],[31.95770707399371,35.34082839500462],[31.957712651993706,35.34083000000459],[31.957719999993728,35.34083000000459],[31.958341999993745,35.34101108800461],[31.958501224993736,35.34105690400458],[31.958966089993687,35.341023513004586],[31.959009999993675,35.34102000000462],[31.959189999993676,35.341240000004575],[31.959339828993656,35.34197761900459],[31.959529520993666,35.342163517004636],[31.9594300679937,35.34242187000463],[31.959448300993692,35.34251163700459],[31.9596299999937,35.34312999800463],[31.960830207993652,35.34368906600461],[31.96240360999362,35.34414717000463],[31.96320310899364,35.344794383004675],[31.964059999993644,35.34686000000467],[31.96385140399354,35.34910420700468],[31.963769999993566,35.34998000000473],[31.96363999999358,35.35043000000473],[31.963089999993578,35.35107000000472],[31.96138999999352,35.35249000000473],[31.960689999993537,35.353060000004724],[31.96034999999353,35.35325000000476],[31.960059746993522,35.353415859004755],[31.959969387993528,35.35346867200478],[31.959969387993528,35.35346867200478]]]}