{"segmentId":"5001212","streetsFileVersion":188,"polygonPointList":[[[32.70320839498798,35.58892396500843],[32.70188830198796,35.58926820100843],[32.701786263988,35.58927894200847],[32.70157144698801,35.58786651900841],[32.701480603987996,35.587159563008406],[32.70145912198806,35.58668159500841],[32.70011556998803,35.58630719900837],[32.70009978398802,35.58630280000839],[32.69899022098805,35.5861160900084],[32.698985266988046,35.58599222500836],[32.698643302988025,35.58589693200835],[32.69897463798803,35.585726532008344],[32.69897118498809,35.5856401980084],[32.700135677988044,35.58533289300836],[32.70269457898805,35.58465760900833],[32.7027966099881,35.58444875800836],[32.70275364798812,35.58392245600832],[32.70197838998814,35.584100260008356],[32.701806535988126,35.583310807008296],[32.70301488298812,35.58309061900833],[32.704360162988124,35.58299964900831],[32.705501127988114,35.583010117008335],[32.70553091598813,35.58301039000829],[32.70553296898811,35.5829973920083],[32.70571399598811,35.583107016008306],[32.70523399998809,35.58501200000836],[32.704544999988016,35.58743900000843],[32.70445299998801,35.58763000000841],[32.70425099998798,35.588451000008455],[32.704244999988,35.58868500000843],[32.70338699998803,35.58883800000845],[32.70320839498798,35.58892396500843],[32.70320839498798,35.58892396500843]]]}