{"segmentId":"5001044","streetsFileVersion":96,"polygonPointList":[[[32.500123255997465,34.92759590100133],[32.497891614997506,34.9265791840013],[32.496867604997455,34.92611265300131],[32.4964720939975,34.925924685001284],[32.495555577997486,34.92557063200132],[32.48658952799751,34.92210702000129],[32.48056976999753,34.91978157000128],[32.48125386499754,34.91722364900126],[32.48237687599755,34.915607889001265],[32.48416870499757,34.913029849001255],[32.48669274599757,34.91534500400128],[32.48708820099757,34.91570773200125],[32.48848147799756,34.91698570300129],[32.49100965499753,34.918056461001264],[32.49377577899752,34.91862158300128],[32.4956701659975,34.918067672001285],[32.49633793899754,34.917872418001274],[32.497255819997555,34.91757953400124],[32.49780648399755,34.917375085001275],[32.498897902997534,34.916944618001274],[32.498759999997546,34.91679000000127],[32.498889999997544,34.91673000000124],[32.499299999997554,34.916550000001244],[32.49949999999757,34.91647000000127],[32.49966999999753,34.916400000001275],[32.50061406299758,34.915994537001275],[32.50122999999759,34.91573000000126],[32.50326999999755,34.914860000001234],[32.50466999999754,34.91426000000126],[32.504747611997566,34.914228249001276],[32.50488999999757,34.91417000000126],[32.50611999999757,34.913640000001244],[32.508159999997545,34.91278000000125],[32.50901999999758,34.91242000000125],[32.50943999999753,34.912250000001215],[32.50972999999756,34.91214000000127],[32.5100999999976,34.91202000000123],[32.51030999999756,34.91197000000124],[32.51051999999753,34.91193000000122],[32.51092999999756,34.91187000000126],[32.51126999999753,34.911840000001234],[32.511569999997555,34.911840000001234],[32.51194999999758,34.911850000001266],[32.512087219997575,34.91203161500124],[32.513387475997575,34.91220817400124],[32.51357844599757,34.91225260800127],[32.51379580299757,34.91230313100123],[32.52278298599753,34.91439214500127],[32.522902806997536,34.91441999700123],[32.523484948997556,34.91455531200126],[32.52350577799757,34.91648035700129],[32.52352126899756,34.917911988001286],[32.5235422509975,34.91874548900128],[32.523992451997515,34.92159397400131],[32.52406101199751,34.92237664000128],[32.524042355997516,34.92256819500129],[32.52387297599752,34.922519478001256],[32.52347105299748,34.922403877001315],[32.522657955997495,34.922584225001266],[32.51930091699751,34.92332882700127],[32.518384241997474,34.92360201100131],[32.51756752899751,34.92362822500131],[32.516990937997505,34.9235393330013],[32.51673354599751,34.9236140190013],[32.51660193899747,34.923654977001306],[32.51606097899749,34.923720861001286],[32.51546023999747,34.92378453700131],[32.51513625099752,34.92385020300127],[32.514769853997514,34.923797384001304],[32.51451367799753,34.92380137100127],[32.514351951997476,34.92380388800131],[32.51406618499748,34.92376102300129],[32.513976772997495,34.92374761100131],[32.51365044799749,34.92377340400127],[32.51362077099746,34.923780171001276],[32.51334998499749,34.923841916001315],[32.51305826499748,34.92411138200127],[32.512554751997484,34.9245764840013],[32.512154884997486,34.92500571700128],[32.511322331997505,34.92612895000133],[32.510679577997486,34.92677291000132],[32.510623968997464,34.92685079800128],[32.51033707599747,34.927252629001316],[32.510041840997445,34.9275294730013],[32.50972243799746,34.92766560400128],[32.50967455499747,34.92766738900133],[32.509412098997466,34.92767717100128],[32.509393218997495,34.92767787500129],[32.50911851399751,34.927638552001326],[32.50860062399746,34.9275644170013],[32.50836982099745,34.927531378001284],[32.5082762959975,34.92751799000133],[32.50822966899749,34.927529552001324],[32.507632470997514,34.92767763800129],[32.507347717997476,34.927787589001305],[32.50726139699746,34.927846223001325],[32.50642542299749,34.92813738000133],[32.506240382997454,34.92811926100132],[32.505689720997474,34.92806002100134],[32.50551152599752,34.928121149001306],[32.505362373997485,34.928218212001305],[32.505176062997485,34.9283437520013],[32.50511551799745,34.92833812300132],[32.5049858019975,34.92841214900131],[32.50452522899745,34.9287845930013],[32.50445559099751,34.92884090600132],[32.50379930199748,34.92916469300134],[32.5036596839975,34.92917975800129],[32.501464560997455,34.9282404650013],[32.500123255997465,34.92759590100133],[32.500123255997465,34.92759590100133]]]}