{"segmentId":"5001356","streetsFileVersion":236,"polygonPointList":[[[32.83497864399207,35.39628272800512],[32.83644009599208,35.39684382100511],[32.837384596992045,35.39720644200508],[32.838258547992076,35.3966966370051],[32.838673499992055,35.396454582005084],[32.83913713499207,35.39714144900512],[32.83925350699204,35.397313851005094],[32.839369022992095,35.397353097005116],[32.83946069599206,35.3973842420051],[32.84260465499204,35.398452382005146],[32.844086893992,35.399956103005174],[32.84426242299196,35.40200548700518],[32.84430550599198,35.4025085050052],[32.84431280399195,35.402593714005164],[32.84094017399195,35.40240037900516],[32.84180528099196,35.403415940005196],[32.841928332991934,35.403560392005176],[32.84212697399194,35.404019748005204],[32.84227204099194,35.40435521500522],[32.84175647999195,35.40504263100524],[32.84130536399192,35.404011508005205],[32.84023127799184,35.408050071005256],[32.84179944299186,35.408887858005286],[32.84198329099184,35.409970519005306],[32.842186113991815,35.41116492100532],[32.841481691991795,35.411652598005304],[32.841462559991776,35.411665843005295],[32.84134832699178,35.411744927005294],[32.84042131099181,35.4112549190053],[32.8398817579918,35.41096971900527],[32.8393284709918,35.41067725900532],[32.838895614991834,35.40971061500528],[32.83819051399189,35.40813599800525],[32.83612252099188,35.407095900005245],[32.836766972991924,35.40563514300521],[32.83590770399197,35.40477587400522],[32.83526325199189,35.40647293000525],[32.83358767799189,35.40690256400526],[32.83414620299187,35.40737516200525],[32.834081757991825,35.40844924800528],[32.83358126599188,35.40887011600528],[32.83313656199184,35.409244072005265],[32.832449146991834,35.40870702900525],[32.83144326599189,35.408029994005275],[32.83133209699187,35.40795516900526],[32.831157451991885,35.40799742200526],[32.8307092899919,35.408105848005256],[32.8302198699919,35.408224256005255],[32.83000023099187,35.408277394005246],[32.830006987991844,35.40814473400528],[32.83022123299194,35.40393848700521],[32.830181441991925,35.403697643005195],[32.830027977991925,35.402768762005195],[32.83001263199194,35.402731041005175],[32.82975202499198,35.40209044300521],[32.829117191992005,35.401309030005166],[32.82887148299201,35.40100658900519],[32.82887148299201,35.40075315100517],[32.828871482992064,35.39829932900513],[32.828871482992064,35.39799914900511],[32.828935436992055,35.39794955200513],[32.82907244599207,35.3978433000051],[32.82992408699207,35.39718284300511],[32.83011966599205,35.3971480140051],[32.83032456799206,35.39711152500513],[32.832265204992076,35.39676593700511],[32.832765320992124,35.39572966000507],[32.8330889279921,35.39559165100511],[32.833550542992086,35.3960199540051],[32.83410851799208,35.39643768000512],[32.83497864399207,35.39628272800512],[32.83497864399207,35.39628272800512]]]}