{"segmentId":"5001226","streetsFileVersion":188,"polygonPointList":[[[32.70946150598755,35.60298535400874],[32.7094407549876,35.602999971008714],[32.709452999987576,35.603041000008766],[32.70937937198761,35.60309970300874],[32.709378999987614,35.60310000000872],[32.70877500598757,35.60357799500877],[32.70854899998759,35.60375700000873],[32.707430999987544,35.604452000008756],[32.70745999998751,35.60451000000878],[32.707389999987534,35.60457000000874],[32.70714999998756,35.60470000000876],[32.70601999998751,35.60553000000878],[32.7058099999875,35.605650000008765],[32.70568999998753,35.60569000000878],[32.705589999987495,35.60569000000878],[32.70549999998749,35.6056600000088],[32.70525999998753,35.6054300000088],[32.70499999998753,35.60513000000876],[32.7049099999875,35.60497000000878],[32.704749999987555,35.60487000000878],[32.70431999998756,35.604480000008735],[32.70378999998755,35.604010000008785],[32.7031011999876,35.60336550000875],[32.70276519998759,35.60304860000876],[32.70260414098758,35.60290286100876],[32.702232199987584,35.60256630000872],[32.70231199998761,35.602512000008716],[32.70313999998768,35.60089000000869],[32.703308999987655,35.600633000008706],[32.703250999987674,35.60056200000866],[32.704009999987704,35.598888000008635],[32.704533999987696,35.59770600000864],[32.70495399998778,35.59623500000857],[32.705031968987804,35.59552077500859],[32.70505999998782,35.59526400000856],[32.705314678987776,35.59518984400858],[32.70538751098777,35.59516863700855],[32.705407692987805,35.59501024300856],[32.70578546998778,35.59483736300858],[32.7057899999878,35.59483000000857],[32.706009999987835,35.594720000008564],[32.70615999998784,35.59471000000858],[32.706193665987826,35.594722120008534],[32.706911413987804,35.59473098100856],[32.70722964998778,35.59577092400861],[32.707868908987805,35.59596948800857],[32.707868943987776,35.595969498008586],[32.70788678998775,35.595975042008604],[32.70788678998775,35.59601310500859],[32.70788679098783,35.596013177008565],[32.70788678998775,35.59629627000857],[32.70743680198779,35.596447858008574],[32.708828580987614,35.60099595500867],[32.70883434798763,35.60101479800869],[32.708873999987624,35.60110100000867],[32.70937204798758,35.602769760008734],[32.70946150598755,35.60298535400874],[32.70946150598755,35.60298535400874]]]}