{"segmentId":"5001481","streetsFileVersion":188,"polygonPointList":[[[32.97586859699549,35.14905870000254],[32.9755162969955,35.14928440000252],[32.97451806499545,35.14969634000253],[32.974507429995484,35.14970072900255],[32.97467226299546,35.150273784002515],[32.97458519399546,35.1503044490025],[32.97467202099548,35.15063191000255],[32.974729583995455,35.15084900200251],[32.9748199999955,35.15119000000252],[32.97451896699545,35.15126253800251],[32.974518784995425,35.15126258200255],[32.973989999995474,35.15139000000254],[32.973989999995474,35.15138853500251],[32.973983896995456,35.15139000000254],[32.973983896995456,35.15113000000255],[32.973893896995456,35.15106000000251],[32.97377589699547,35.150826000002546],[32.97377583199547,35.15082587300251],[32.973757896995444,35.150791000002506],[32.9733838969955,35.15005000000256],[32.97315028299549,35.14941178500251],[32.97314943299548,35.14940946500255],[32.97313838499545,35.14941178500251],[32.97289288199546,35.14946334200252],[32.972536110995485,35.14953410400252],[32.972027657995476,35.14963496300251],[32.97202742299548,35.149633901002545],[32.97202189699546,35.14963500000252],[32.97200501899549,35.14955923200253],[32.97194684499548,35.14956801300255],[32.97050565199548,35.14839447200253],[32.970450292995494,35.148369003002486],[32.97044244299546,35.14836539100249],[32.97040016099546,35.14971838500251],[32.970377604995484,35.149712747002496],[32.97037751099547,35.149714827002505],[32.970371956995464,35.14971367800254],[32.970371896995466,35.14971500000254],[32.969886376995504,35.149614343002526],[32.96987989699548,35.14961300000252],[32.96899089699546,35.14942900000252],[32.96894207399547,35.14838470800251],[32.968118928995516,35.14822327100252],[32.96492171799545,35.14934502700252],[32.964915517995486,35.14930535000255],[32.964904750995494,35.14931031900252],[32.96490438799547,35.14930746600251],[32.96489889699551,35.14931000000255],[32.96482289699546,35.14871600000251],[32.96482052699547,35.148697407002516],[32.9647069009955,35.14797019800251],[32.96702692699551,35.14715389200252],[32.96567649799553,35.144031028002466],[32.96564389699556,35.14398000000249],[32.96565359799557,35.14397807200247],[32.96565209599553,35.14397459800248],[32.96593789099555,35.14388840500247],[32.965555888995524,35.142699160002486],[32.96682796099554,35.14254250000247],[32.966726181995575,35.14195531600248],[32.966803228995545,35.141930944002496],[32.96679289699557,35.14188000000249],[32.96714072099558,35.14182418600248],[32.96876315399555,35.141310968002436],[32.968651896995574,35.14038900000243],[32.9685225529956,35.140000549002444],[32.968033896995586,35.13853300000245],[32.9676768969956,35.136772000002445],[32.967414896995614,35.13517800000242],[32.96742127499563,35.13517835800244],[32.96742117299562,35.135177739002394],[32.970131442995665,35.13533012300244],[32.973346030995636,35.1355108630024],[32.97360356999561,35.140123139002434],[32.97360777199554,35.14019840100248],[32.97501638499558,35.14159141600245],[32.97504345799554,35.14188952100247],[32.975289521995535,35.14190428500248],[32.97521999999553,35.142167889002486],[32.97521999999553,35.14218000000247],[32.97518999999557,35.14240000000248],[32.975129999995524,35.14267000000248],[32.97511727299555,35.142702327002475],[32.97512514699554,35.142789033002465],[32.97498464899559,35.14306026000246],[32.97477396099551,35.14385912100248],[32.97479389799551,35.1440883980025],[32.97479532199552,35.14408878900251],[32.97550699699553,35.1442844000025],[32.97577849699554,35.1452117000025],[32.97585899699551,35.145628100002504],[32.97573999699552,35.14632420000249],[32.9759209969955,35.14744950000251],[32.97642549699548,35.148616400002496],[32.976357196995465,35.148832600002514],[32.97586859699549,35.14905870000254],[32.97586859699549,35.14905870000254]]]}