{"segmentId":"5001192","streetsFileVersion":236,"polygonPointList":[[[32.69701126599695,34.99760300900161],[32.69708141699695,34.99682755300163],[32.69561252099693,34.9963626710016],[32.69515270399695,34.996217146001605],[32.69513217699699,34.99480011700161],[32.69512371799695,34.99421621600158],[32.69511118399698,34.99335093800159],[32.69545182299698,34.99299578800157],[32.69661415199696,34.9917839450016],[32.696807392996995,34.990093579001595],[32.69686742599697,34.989568441001595],[32.69745049299703,34.988527111001574],[32.69745800699703,34.98812419100157],[32.69770190099703,34.987392507001545],[32.69846927699705,34.986934461001546],[32.69971426699702,34.98683168500153],[32.70005730099706,34.98669434800158],[32.70105302099702,34.98764352500159],[32.700773983997024,34.98908152800156],[32.700728753997005,34.99033402300159],[32.70161063399701,34.99101272300156],[32.701732203996976,34.9916191080016],[32.70150223499703,34.99220591600157],[32.70117976499699,34.99302875500161],[32.70043928999699,34.99491821400159],[32.700176327996964,34.99558920800162],[32.69944436399693,34.9974569470016],[32.69867110599695,34.99827030500163],[32.696769999996945,35.000270000001635],[32.69653246799691,34.99962910300165],[32.69699474199697,34.99778567000161],[32.69701126599695,34.99760300900161],[32.69701126599695,34.99760300900161]]]}