{"segmentId":"5001667","streetsFileVersion":236,"polygonPointList":[[[33.26783200298619,35.624728512008936],[33.26550964898619,35.62430972700891],[33.26510989998621,35.62392901300893],[33.266589999986245,35.62297000000892],[33.267094479986234,35.62262331200887],[33.2674066479863,35.62240878400891],[33.26763983698629,35.6222485320089],[33.26897684498629,35.62132971600886],[33.2693830549863,35.62094672500887],[33.269678464986285,35.62066820000887],[33.270439891986356,35.62047784300885],[33.27141360498631,35.62142115100885],[33.27203086698628,35.622019138008866],[33.273530999986264,35.622626000008864],[33.27357185898628,35.6225593720089],[33.2745580719863,35.62095118900883],[33.27513279998631,35.62001400000881],[33.276457359986296,35.62077565100883],[33.27696559998629,35.621067900008875],[33.278869656986274,35.620545811008846],[33.279301499986296,35.62042740000883],[33.27747709998619,35.62483220000896],[33.276357207986145,35.62551517100898],[33.27556729998611,35.625996900008985],[33.275242043986125,35.62598187100899],[33.27489153698614,35.62596567500894],[33.273007981986126,35.62587863900897],[33.27279424798613,35.62586876300894],[33.27217213998613,35.626822438008965],[33.2715439619861,35.628116865009],[33.27125842698611,35.628611792009046],[33.27007098498611,35.62864897400902],[33.270128092986106,35.627411654009016],[33.26991869998618,35.626060120008944],[33.269595092986194,35.62567940600898],[33.26911920098611,35.62655504800898],[33.26881462998615,35.62607915600898],[33.267977059986194,35.62594590600894],[33.268169229986206,35.624953330008935],[33.26783200298619,35.624728512008936],[33.26783200298619,35.624728512008936]]]}