{"segmentId":"5001571","streetsFileVersion":236,"polygonPointList":[[[33.056869999994646,35.21702000000306],[33.057011108994615,35.21709975700304],[33.057789999994654,35.21754000000305],[33.05788999999461,35.21939000000307],[33.05884002999463,35.21946049200308],[33.05895398599462,35.21946894700308],[33.06040995399464,35.21957698000309],[33.06084017399467,35.21719579200305],[33.062432502994724,35.20838254300296],[33.06276050999472,35.208498352002984],[33.06298082799471,35.20857614000298],[33.06507884099473,35.209316886003],[33.065675579994725,35.210821173003005],[33.066216641994686,35.21218510900304],[33.067512027994724,35.21244022200302],[33.06796855699464,35.213215878003],[33.068053744994664,35.213360615003026],[33.068692771994705,35.21444634300306],[33.06812002299465,35.21664778000307],[33.067904182994646,35.21684346900303],[33.0673358469946,35.21735874300305],[33.06676841599464,35.21787319600305],[33.06730175399459,35.21888522300305],[33.0673958489946,35.21906377100306],[33.06872556899459,35.21923179800309],[33.068612543994625,35.22067137200306],[33.06887999999455,35.221880000003104],[33.06889213099457,35.22239053200313],[33.068100959994545,35.22306867900311],[33.06779591599458,35.22316928700314],[33.06766786999453,35.22321151800309],[33.06597980899457,35.22371438500312],[33.063550851994535,35.22443796300315],[33.063538005994516,35.22443453000312],[33.063280487994476,35.22796620000313],[33.06324448499449,35.22845995200314],[33.0616835449945,35.22792594600313],[33.06161187499448,35.227901427003175],[33.061825170994545,35.22397677500311],[33.06098300799456,35.22375170700314],[33.060421773994584,35.2228030340031],[33.058962499994585,35.22238268400309],[33.05893630799457,35.22237478300313],[33.058932944994574,35.22240231300308],[33.05893006899457,35.222419035003085],[33.05877077599458,35.223345154003134],[33.05847407499455,35.225070160003106],[33.05873789999452,35.225189307003134],[33.059472974994556,35.22552127600313],[33.059311861994566,35.22657388000314],[33.05955890199451,35.22763722500312],[33.0591400089945,35.22780907900316],[33.05869063299448,35.22784067600313],[33.0585877349945,35.22784791100313],[33.05776517899451,35.227905747003184],[33.0574090009945,35.22781821200315],[33.056497756994496,35.22759426200313],[33.05636886699454,35.22618720900313],[33.0571959129945,35.22612276400311],[33.057417739994555,35.2237486310031],[33.05625772699458,35.223651963003135],[33.05592475999457,35.222470468003095],[33.05811522599457,35.222116128003094],[33.058115311994584,35.22211611400313],[33.05805988599456,35.22183370300312],[33.057909999994585,35.221070000003095],[33.05769048599461,35.22086469000308],[33.05620999999463,35.21948000000306],[33.05630552599463,35.21912394900308],[33.056512984994626,35.217427571003036],[33.056869999994646,35.21702000000306],[33.056869999994646,35.21702000000306]]]}