{"segmentId":"5001931","streetsFileVersion":188,"polygonPointList":[[[32.86863969999107,35.44801480000584],[32.868567599991074,35.447650000005844],[32.868578577991066,35.447473811005835],[32.86860369999109,35.44707060000584],[32.86912201399106,35.44637202600581],[32.87006349999116,35.44316530000574],[32.87085649999117,35.442628900005744],[32.87172149999115,35.44280050000574],[32.87292899999114,35.44380910000579],[32.87375799999118,35.442929300005765],[32.87431365399114,35.44325429700578],[32.87478519999116,35.443530100005745],[32.87483929999115,35.44421680000577],[32.87476719999111,35.44623380000583],[32.87474919999107,35.44683460000581],[32.87435671399108,35.44741874000582],[32.87433321499103,35.44763200100582],[32.87423100899102,35.44855955100586],[32.87420536299105,35.44879229600588],[32.873797144990945,35.45249699100589],[32.873659999990934,35.45258000000592],[32.873385205991,35.45251043000593],[32.871523299990955,35.452027300005895],[32.87127099999094,35.451791300005866],[32.870513999991026,35.451061800005874],[32.87033379999098,35.45046090000587],[32.870297799991036,35.44936660000588],[32.869865199991025,35.44936660000589],[32.869691381991046,35.44887220500584],[32.86863969999107,35.44801480000584],[32.86863969999107,35.44801480000584]]]}