{"segmentId":"5001329","streetsFileVersion":236,"polygonPointList":[[[32.80160277499224,35.38850215900499],[32.80212907699228,35.38769659500501],[32.802365425992285,35.38684741100501],[32.802239054992256,35.38614723900494],[32.8010743639923,35.38413658900493],[32.800707097992316,35.38397622300494],[32.799801658992315,35.38282578300492],[32.79997676999238,35.382355110004916],[32.80097566999237,35.38276326300495],[32.80149123099236,35.38206510700494],[32.80168399199236,35.381575792004895],[32.80174173499237,35.3814292130049],[32.80177049399237,35.38135621000489],[32.8017960229924,35.381346210004914],[32.802324933992395,35.38113902300491],[32.802281969992364,35.38065568400487],[32.803151979992386,35.38065568400487],[32.803379071992374,35.38083363000489],[32.804419343992365,35.38164876700492],[32.80459125499237,35.38178347400489],[32.804870516992324,35.38370608800494],[32.80442479699227,35.38598310000496],[32.80360849199223,35.38839979300503],[32.803417979992204,35.39105848400502],[32.80495392299218,35.390918853005054],[32.80503984999221,35.391735158005076],[32.8035683519922,35.39228294200507],[32.80354198999217,35.39230271400504],[32.80351671099218,35.39232167300502],[32.80315483599215,35.39259307900506],[32.80275204699219,35.39289517100508],[32.801688700992166,35.393281842005095],[32.801248325992184,35.39307776600504],[32.8012467339922,35.39307514300504],[32.80073230899219,35.39222742700508],[32.80065658399216,35.39210264100506],[32.800496544992185,35.391652955005036],[32.800261444992195,35.390992357005054],[32.80062535599225,35.38965143100502],[32.80160277499224,35.38850215900499],[32.80160277499224,35.38850215900499]]]}