{"segmentId":"5001843","streetsFileVersion":236,"polygonPointList":[[[31.962466110997617,34.93012742500139],[31.96235925499761,34.931278025001355],[31.96237272699765,34.9314368060014],[31.961714493997626,34.932601331001386],[31.95926934899765,34.93234511800138],[31.960072125997623,34.9351985590014],[31.959779958997615,34.93555479400138],[31.95756705999761,34.935114593001366],[31.957304458997648,34.9349215400014],[31.95731069499763,34.9348971310014],[31.95774880499764,34.93318223400139],[31.957133551997703,34.92601888900133],[31.957234231997703,34.92578236800135],[31.957664491997672,34.92477158600136],[31.958207419997695,34.92348371400132],[31.959302311997693,34.92226703700131],[31.960957716997658,34.92222667200136],[31.96165686999771,34.922999583001314],[31.9617371299977,34.92394554200135],[31.961765918997678,34.92403268600132],[31.962379437997647,34.92588978000133],[31.962754284997697,34.92702442600136],[31.962466110997617,34.93012742500139],[31.962466110997617,34.93012742500139]]]}