{"segmentId":"5001118","streetsFileVersion":188,"polygonPointList":[[[32.61218999999349,35.3212600000042],[32.61201999999348,35.32246700000426],[32.612019999993464,35.322580000004244],[32.611910271993466,35.32326369100426],[32.61188999999347,35.32339000000425],[32.6115328439935,35.32325394100425],[32.611259999993514,35.32315000000423],[32.6111571169935,35.323085697004245],[32.61103503499347,35.32303500700422],[32.610969999993515,35.32302000000422],[32.61079999999345,35.32295999900421],[32.610754967993444,35.32291872000425],[32.60968333199347,35.32247376300423],[32.60963612199346,35.32284959700425],[32.60957845799348,35.322887346004244],[32.6094988239935,35.32320139600424],[32.60937999999347,35.323670000004235],[32.60862999999348,35.323610000004216],[32.60847999999346,35.323520000004216],[32.60835714199349,35.323171903004244],[32.60829999999348,35.323010000004246],[32.608269999993524,35.32202000000423],[32.60826999999354,35.321160000004234],[32.60818999999351,35.320430000004194],[32.606742916993554,35.320119238004224],[32.60655999999353,35.32034000100418],[32.606127214993556,35.320258343004184],[32.60602999999351,35.32024000000422],[32.605389999993534,35.32012000000418],[32.605329999993515,35.32010000000417],[32.60378999999357,35.31952000000422],[32.60357999999356,35.31944000000417],[32.60380832499356,35.31831287500418],[32.603500462993544,35.318631612004175],[32.60346706099356,35.31869377400418],[32.60343774599355,35.31869654400416],[32.602750475993524,35.319408093004185],[32.60274999999358,35.319410001004194],[32.60270999999358,35.31945000000422],[32.602429999993525,35.31933000000417],[32.60243165899355,35.31932410200419],[32.60040572299357,35.31840773800421],[32.59909999999359,35.318250000004156],[32.598919999993605,35.31816000000416],[32.59903999999358,35.31779000000418],[32.598789999993585,35.31840000100417],[32.59857999999354,35.31823000000415],[32.598309999993546,35.31805000000415],[32.598309999993546,35.31714000000416],[32.59837490899355,35.316720253004135],[32.5971897899936,35.31590219900414],[32.5967555409936,35.31560244900414],[32.59722297899363,35.31410399500412],[32.59725834099362,35.31399063500412],[32.59727052299366,35.31395842000414],[32.5972299999936,35.31394000000414],[32.59735999999363,35.31354000000412],[32.597609999993594,35.31292000000414],[32.597729999993675,35.31260000000409],[32.597729999993675,35.31257000000411],[32.59783999999368,35.312280000004094],[32.597842454993625,35.31227427200408],[32.5978511849936,35.31224754000411],[32.597959727993654,35.31191517700412],[32.598009999993664,35.311750000004125],[32.59802999999367,35.31170000100413],[32.59806999999366,35.31170000000408],[32.598929999993665,35.31214000000411],[32.59969999899366,35.3107900000041],[32.60036999999368,35.3112200000041],[32.60002460999363,35.3123034030041],[32.59974556799364,35.31317869200413],[32.60170999899363,35.314540000004165],[32.60222999999365,35.31277000000413],[32.60229999999368,35.31270000000412],[32.602379999993644,35.31270000000412],[32.603319999993644,35.313080000004135],[32.603449106993686,35.31239142400411],[32.60346722699366,35.312294791004106],[32.60345999999364,35.312190000004094],[32.60349307699364,35.31215692300408],[32.60355999999368,35.31180000000411],[32.60424185299368,35.31204632800412],[32.60424340499362,35.31204509200411],[32.60493626399364,35.31229719200413],[32.605009161993614,35.31243152200411],[32.60521455499361,35.312810000004134],[32.60551999999365,35.312810000004134],[32.60548999999362,35.313000000004116],[32.605426839993626,35.31320117700412],[32.605539650993656,35.3134090540041],[32.6055483939936,35.313590617004124],[32.60577999999362,35.314080000004125],[32.60538999999361,35.31582000000413],[32.60620851399358,35.315854459004136],[32.60870043499361,35.31595936800415],[32.61041999999357,35.31726000000414],[32.610299999993565,35.318290000004176],[32.610352719993536,35.31830043300417],[32.61137977199357,35.318405745004185],[32.61152166899359,35.318531746004204],[32.6114386969935,35.31957823000418],[32.61285999999354,35.319890000004186],[32.61294999999355,35.31992000000417],[32.61294999999355,35.32012000000418],[32.61285999999352,35.320339999004204],[32.612549999993526,35.320800000004226],[32.61233999999354,35.321030000004214],[32.61218999999349,35.3212600000042],[32.61218999999349,35.3212600000042]]]}