{"segmentId":"5001349","streetsFileVersion":96,"polygonPointList":[[[32.81682094398371,35.72368824901165],[32.816591503983716,35.72401612601162],[32.81649487898373,35.72391278701165],[32.81648787898376,35.723923043011645],[32.81493192498364,35.72620265201168],[32.81437404998364,35.72579031001167],[32.8127428209837,35.72458461901164],[32.813533778983754,35.72358788201162],[32.81444709398378,35.722436955011574],[32.81475368398379,35.72205060101156],[32.81659539998387,35.719290183011495],[32.816519519983885,35.718887954011464],[32.8164199999839,35.718760000011464],[32.8163799999839,35.718670000011464],[32.81636999998393,35.7185699990115],[32.8163699999839,35.71847000001145],[32.8163782699839,35.718139207011454],[32.81567532498403,35.71441300301138],[32.816129933984115,35.71298942301135],[32.81670937398412,35.711174945011265],[32.81738696798414,35.711083027011256],[32.81834374898415,35.71193836501129],[32.8186844099841,35.71206562801132],[32.82045135498409,35.71228365801131],[32.820640194984115,35.71312661201134],[32.821738956983914,35.71803132501144],[32.8213784439839,35.71875071101147],[32.82014507398388,35.719182748011484],[32.81951937898385,35.71997900201153],[32.81945458898384,35.71992468701153],[32.81682094398371,35.72368824901165],[32.81682094398371,35.72368824901165]]]}