{"segmentId":"5001464","streetsFileVersion":188,"polygonPointList":[[[32.93963017299118,35.43873675500566],[32.93953999999124,35.43762000000565],[32.93962999999124,35.43694000000565],[32.93972999999123,35.43664000000566],[32.93989999999123,35.43645000000563],[32.941571985991224,35.434952022005625],[32.94162336099123,35.43444367000563],[32.94183889499127,35.43368243800561],[32.942164537991275,35.43319310100557],[32.94220547399126,35.43297210800559],[32.942387093991265,35.43285867100561],[32.94262614199129,35.43249945900557],[32.94307364999128,35.43242985900555],[32.943106514991314,35.432409332005605],[32.943220840991266,35.432406967005605],[32.94369701699127,35.432332908005556],[32.94386231899132,35.43239369500556],[32.9444565979913,35.43238139900559],[32.9447029779913,35.43270283000557],[32.94479710599131,35.43273744400558],[32.94479930999132,35.43273974200555],[32.94479999999127,35.43274000000555],[32.94483474099131,35.432776671005584],[32.94498062499126,35.43292872700558],[32.94562109799127,35.433946142005574],[32.94659644299122,35.43579218900561],[32.946690499991206,35.43597021100562],[32.94658652699127,35.43630102600561],[32.9457680019912,35.43890534600569],[32.94550253299112,35.43974999300571],[32.94529426599115,35.43985200400568],[32.945044677991135,35.44031872600569],[32.944203506991144,35.44038626600572],[32.943233810991124,35.43927450300566],[32.94319999999115,35.439290000005656],[32.943191773991195,35.439292244005685],[32.94192276999116,35.43982779600567],[32.94190769299118,35.439838229005666],[32.941799745991155,35.43991294000569],[32.94166544299114,35.440000131005675],[32.94160621799116,35.44003689600568],[32.941549773991156,35.44007216900572],[32.941113078991116,35.44035372800569],[32.94100359099112,35.44042379000572],[32.94097033999112,35.4404442440057],[32.94075761499113,35.440578669005696],[32.94072908999114,35.44051941200572],[32.9406199999911,35.44059000000569],[32.940512969991126,35.4404227650057],[32.94033580199114,35.440497535005726],[32.93975149799116,35.44007831300571],[32.93974814899113,35.43954259400568],[32.939669999991146,35.4392300000057],[32.93963017299118,35.43873675500566],[32.93963017299118,35.43873675500566]]]}