{"segmentId":"5001309","streetsFileVersion":236,"polygonPointList":[[[32.78983219199359,35.308313556004],[32.78996401099354,35.30997385100404],[32.79021832699353,35.31130894000406],[32.79023974199351,35.312401112004046],[32.79023999999348,35.313450000004075],[32.78886999999346,35.31451000000408],[32.788024545993466,35.314152015004076],[32.786605608993476,35.31355120400411],[32.78644034599352,35.3134812270041],[32.78485536599348,35.3145383200041],[32.782456868993464,35.315494863004076],[32.782057118993464,35.315137944004114],[32.7822207069935,35.313755477004065],[32.78553081599352,35.31247305600406],[32.78580893499351,35.31094890300405],[32.78580298599358,35.30996142700407],[32.786081863993545,35.30933274700403],[32.78594683799356,35.30757072100401],[32.78590999999359,35.30709000000403],[32.786332755993556,35.30694362200402],[32.78673016499358,35.30680602000402],[32.78752530599363,35.30653070500401],[32.787690732993596,35.306473426003976],[32.78797499999364,35.30637500000401],[32.78799199199361,35.306432003004005],[32.78800676999357,35.306481588004],[32.78828653199356,35.30742019600403],[32.789767530993586,35.307265106004],[32.789819999993604,35.308160000004015],[32.78983219199359,35.308313556004],[32.78983219199359,35.308313556004]]]}