{"segmentId":"5001512","streetsFileVersion":188,"polygonPointList":[[[33.000920888994685,35.21669362900309],[33.00066775599466,35.21776389200308],[33.001138071994646,35.22036218700308],[33.00087584599462,35.22199788500313],[33.000709350994626,35.223036436003106],[33.0002436579946,35.2236773100031],[32.999833898994595,35.223854024003124],[32.99946135799462,35.22425178300313],[32.99869770599455,35.22463840400316],[32.99794710199459,35.22462976200314],[32.99673245399456,35.22492140300314],[32.995621134994614,35.22484706100314],[32.99536410499463,35.22482986700312],[32.99473380899456,35.224410087003115],[32.99418043799461,35.22358895300312],[32.9936577899946,35.223005015003146],[32.99322734399462,35.22265828700313],[32.99313520199463,35.22189199500313],[32.99373508999462,35.21979399300309],[32.993550717994665,35.218772264003086],[32.993416397994714,35.21754499900307],[32.993403417994706,35.21742640100309],[32.99340340499468,35.21742628100305],[32.993351034994674,35.21694778400308],[32.99353561699472,35.21612680000305],[32.994012287994735,35.21557953300305],[32.99476581499471,35.215541172003036],[32.995442149994666,35.215506740003086],[32.99575170099474,35.21556581500305],[32.99578619899471,35.21557239900305],[32.997164092994694,35.21583535800306],[32.997425286994705,35.21611557700305],[32.99763914299471,35.215613015003036],[32.9976999999947,35.21547000000304],[32.9977999999947,35.21551000000306],[32.99806540599466,35.21553294500307],[32.9992115269947,35.21448975400304],[32.9998587399947,35.21420421900306],[33.00042029299468,35.21431843300307],[33.0010103999947,35.214832396003075],[33.00121027399472,35.215470092003024],[33.00118556899467,35.21570170200306],[33.00113413099472,35.21618393000307],[33.000920888994685,35.21669362900309],[33.000920888994685,35.21669362900309]]]}