{"segmentId":"5001576","streetsFileVersion":236,"polygonPointList":[[[33.047579838989606,35.50594845900669],[33.04463946798969,35.503257880006664],[33.047079164989746,35.50058520100661],[33.050985464989836,35.49630586300653],[33.0514285069898,35.49535065600651],[33.05293373898991,35.49210534300647],[33.05307999998996,35.49179000000646],[33.05314999998996,35.49187000000649],[33.05368674698987,35.4921611940065],[33.05637051498987,35.49361718300648],[33.05720262898985,35.49551364600654],[33.058318666989784,35.49805719800655],[33.05826764098975,35.49936619700658],[33.05550584798975,35.50006567100664],[33.054325704989715,35.501687748006646],[33.05347239098969,35.50286060800666],[33.053210668989664,35.50322033900667],[33.05115216598961,35.50604970100672],[33.0504912399896,35.50695812800675],[33.04905890498959,35.50599037700671],[33.04877826598961,35.505800764006736],[33.047619895989634,35.50594959400674],[33.04758585898959,35.505953967006704],[33.047579838989606,35.50594845900669],[33.047579838989606,35.50594845900669]]]}