{"segmentId":"5001185","streetsFileVersion":236,"polygonPointList":[[[32.69104751899535,35.17601137500276],[32.69100999999537,35.17586000000278],[32.68988306599536,35.17545874300276],[32.68968999999533,35.175390000002764],[32.68968557899538,35.17533721100277],[32.68945799999538,35.17262000000275],[32.688639999995424,35.17149000000275],[32.689962772995386,35.170854321002714],[32.691469999995405,35.1701300000027],[32.69220999999537,35.171720000002736],[32.69233767199541,35.17164204100273],[32.69333999999539,35.17103000000272],[32.6949699999954,35.17240700000277],[32.69582309799538,35.17390528500275],[32.69663999999537,35.175340000002784],[32.698268999995335,35.17606955200278],[32.698269999995325,35.17607000000276],[32.69826999999533,35.176186690002794],[32.69826999999533,35.176187000002756],[32.6982699999953,35.17795900000279],[32.69885911899536,35.17787784300277],[32.69927899999532,35.1778200000028],[32.69930564599534,35.1762118340028],[32.69931699999537,35.17552600000276],[32.70008999999535,35.175340000002784],[32.70034608099537,35.17623710000276],[32.70040399999534,35.17644000000279],[32.70234399999533,35.17653500000278],[32.70252564799536,35.17802548100281],[32.70256509999535,35.17834920000281],[32.704585299995344,35.17846180000278],[32.70330999999524,35.18343000000282],[32.701130456995266,35.18204767200284],[32.7003299999953,35.181540000002805],[32.699502999995254,35.18333400000283],[32.698767502995295,35.18314308300285],[32.696301622995264,35.18250300000284],[32.69393058499526,35.181887536002804],[32.693823286995254,35.18185968400284],[32.69294999999528,35.1816330000028],[32.691156999995265,35.18209100000284],[32.69031547499527,35.17998119100278],[32.687799058995324,35.17924224400283],[32.684634375995344,35.1778859510028],[32.68546718699533,35.17638689100277],[32.68689486399536,35.17700555000278],[32.691409358995315,35.17747125400281],[32.69104751899535,35.17601137500276],[32.69104751899535,35.17601137500276]]]}