{"segmentId":"5001418","streetsFileVersion":236,"polygonPointList":[[[32.90021992099332,35.31736479100409],[32.90034489099333,35.31679059500408],[32.9005928449934,35.31565132900407],[32.900672140993365,35.31542659300407],[32.900762236993344,35.31519040500409],[32.90080766199337,35.31507132200407],[32.90087623699336,35.31504656100405],[32.90097405799335,35.31501124100406],[32.9014950769934,35.31483502300408],[32.9024745629934,35.31512457300406],[32.9025819719934,35.31458753000406],[32.902180816993386,35.31377310600405],[32.9028941409934,35.31348629100407],[32.90343510199343,35.31287122600402],[32.90447254699343,35.312395334004016],[32.9051102429934,35.31220497700407],[32.90518638599339,35.312395334004016],[32.905241800993394,35.31333873300407],[32.90573842099338,35.31337567200407],[32.90606202699343,35.31339470800403],[32.906680686993404,35.313737350004054],[32.90692903699339,35.314314316004044],[32.9069307999934,35.31431533500407],[32.9069588999934,35.31470476200409],[32.906959999993354,35.314720000004094],[32.90378242199337,35.31632375600407],[32.90274101699333,35.31684936300412],[32.90124101299333,35.319503217004105],[32.90124698799329,35.32102634600414],[32.901043196993236,35.32279997900414],[32.89942355399323,35.32612230500421],[32.898736138993186,35.3279267700042],[32.89854280399315,35.32827047700422],[32.89804522499315,35.33009575700423],[32.89801783499316,35.33070793800425],[32.89784459399307,35.33457998700428],[32.896842060993045,35.33517388800429],[32.895026860993106,35.335593021004335],[32.894898872993075,35.33497440900429],[32.894898157993076,35.33497095300429],[32.89562853499311,35.334245898004305],[32.897323256993104,35.3329107270043],[32.89760970799314,35.33069724300423],[32.897639195993136,35.33046937900428],[32.8968957699932,35.328611462004204],[32.89635981799321,35.3274561570042],[32.8957475089932,35.32727610000423],[32.894965201993216,35.326229281004196],[32.89482427799322,35.326172030004216],[32.89477668799321,35.3257627630042],[32.89533596599325,35.32524912800419],[32.89537056799321,35.325217350004195],[32.89582531499322,35.324435940004186],[32.89760829799329,35.32394186000416],[32.89699961599329,35.32300226600417],[32.89585747399323,35.32209807000414],[32.895952652993294,35.32100351800414],[32.896618901993335,35.31990896600414],[32.897142382993344,35.319028566004114],[32.898950773993334,35.31936169000412],[32.90020833499336,35.3179363530041],[32.90021992099332,35.31736479100409],[32.90021992099332,35.31736479100409]]]}