{"segmentId":"5001108","streetsFileVersion":236,"polygonPointList":[[[32.5836329589891,35.55018620200773],[32.58468410898913,35.55006269200769],[32.59108999998913,35.54931000000768],[32.591542309989144,35.54937275700771],[32.59210148398912,35.549699933007695],[32.592654418989085,35.5499764000077],[32.59310085698906,35.55019961900772],[32.59294619198907,35.55165703900776],[32.59333880398903,35.55253744000773],[32.59296998698902,35.55261477200773],[32.59259281898905,35.55300749300776],[32.592392967989035,35.55321558600779],[32.59157596898905,35.55276293800776],[32.591636458988994,35.55319273200778],[32.591659999989005,35.553359999007775],[32.59151418998903,35.55363614600775],[32.59052639498895,35.55550690900779],[32.589807561988934,35.556868290007856],[32.58972322198892,35.55702802000786],[32.58920999998888,35.55800000000786],[32.5869761839889,35.55694997500785],[32.58649738598895,35.55672491100784],[32.586213854988934,35.55636764300782],[32.58382667398904,35.55385173100779],[32.58311283598909,35.55135329700772],[32.583089999989056,35.55025000000772],[32.5836329589891,35.55018620200773],[32.5836329589891,35.55018620200773]]]}