{"segmentId":"5001421","streetsFileVersion":236,"polygonPointList":[[[32.90247564799056,35.47023153400617],[32.90261582299057,35.47162335000622],[32.904188587990525,35.47245953200623],[32.90439999999051,35.47385000000621],[32.9019899999905,35.474840000006225],[32.901126833990425,35.47579284600626],[32.900715666990436,35.476246732006274],[32.89813999999039,35.47909000000631],[32.89312999999038,35.47991000000636],[32.89283702099036,35.4794062810063],[32.89264166299041,35.47907040300631],[32.89419289699038,35.477798484006314],[32.895040526990414,35.477103477006295],[32.89584913699044,35.47497206300625],[32.896448409990526,35.47339244100622],[32.89754450599055,35.4705032410062],[32.89842000099057,35.46999790800616],[32.89895917799056,35.46968669700615],[32.90020237799062,35.46896912700614],[32.90171186099056,35.46908314900614],[32.90247564799056,35.47023153400617],[32.90247564799056,35.47023153400617]]]}