{"segmentId":"5001759","streetsFileVersion":96,"polygonPointList":[[[31.506442299998966,34.603576600000466],[31.50421119999895,34.60205130000043],[31.503369999998963,34.602898000000444],[31.502845199998916,34.60204360000047],[31.50261799999894,34.60137940000045],[31.501979099998945,34.600983400000494],[31.50156879999892,34.60061960000048],[31.50143979499896,34.60053045100046],[31.501366499999005,34.600479800000485],[31.50118574599895,34.59758925900047],[31.50099949999895,34.594610900000475],[31.501519279998934,34.594072081000434],[31.501701099998975,34.593883600000424],[31.50233949999901,34.59320540000044],[31.50407699999896,34.59295330000043],[31.504573099999,34.59278020000045],[31.50526129999895,34.59313300000047],[31.505210699999008,34.592658200000464],[31.504367117999003,34.59120575300044],[31.503690037998975,34.590039981000466],[31.503628599998986,34.589934200000464],[31.504845399999013,34.589135500000445],[31.505253368998968,34.590066448000464],[31.505412599998994,34.59042980000043],[31.50474489999898,34.590776500000445],[31.504864895998978,34.59103982700042],[31.505087899998976,34.591529200000416],[31.50583349999897,34.59146660000043],[31.50665334799896,34.59125317400042],[31.50800326699898,34.59090175700043],[31.508901908998972,34.59066781900042],[31.50906139999899,34.590626300000444],[31.509328089998963,34.59131127000045],[31.510272499998937,34.593736900000465],[31.510965179998962,34.59465683000047],[31.511362799998956,34.59518490000045],[31.51176149999896,34.595619300000465],[31.512013999999006,34.595367000000465],[31.51321299999895,34.59660200000047],[31.51128565599896,34.60069826900048],[31.510301106998927,34.60279077400044],[31.51030099999891,34.60279100000043],[31.510300540998944,34.602790848000446],[31.509458599998975,34.60251260000047],[31.508927099998946,34.60294240000049],[31.50784672699898,34.60347963800047],[31.50784617499896,34.60347991300046],[31.507845999998924,34.60348000000046],[31.507833178998936,34.60348344100044],[31.506513799998928,34.60383760000049],[31.506442299998966,34.603576600000466],[31.506442299998966,34.603576600000466]]]}