{"segmentId":"5001785","streetsFileVersion":188,"polygonPointList":[[[31.880713036997115,35.02393106500185],[31.879345148997164,35.01929323700182],[31.879207662997118,35.018827089001825],[31.877136139997205,35.01009853300179],[31.877077252997168,35.00956781700177],[31.8769332569972,35.00919179100174],[31.876933138997224,35.00867060200175],[31.876933047997213,35.008268160001755],[31.876971863997202,35.007470039001745],[31.877005719997218,35.00740097600173],[31.877011779997172,35.00732867300177],[31.877318728997185,35.00645779000176],[31.878282563997242,35.00513276900174],[31.880092720997215,35.002241906001714],[31.879641349997254,34.998404011001696],[31.879858369997283,34.99816372600167],[31.881143207997237,34.996741155001686],[31.889223611997302,34.98779453800166],[31.890322046997326,34.98657835100164],[31.89346147999731,34.983102374001625],[31.89440746899735,34.97985898600161],[31.895218315997408,34.97776429800161],[31.895777058997425,34.977363149001576],[31.897853568997398,34.97587232100159],[31.899534083997384,34.97422704300157],[31.899750731997376,34.97401493800156],[31.902027794997387,34.97401493800156],[31.90370336899738,34.97538976700155],[31.90470199099737,34.9775540310016],[31.907923401997333,34.984535624001616],[31.908393589997353,34.984498642001626],[31.91263970799733,34.984164668001625],[31.91510864199736,34.980382277001596],[31.915329975997405,34.97778144600159],[31.915554376997367,34.97514457800155],[31.917522373997375,34.97749988500158],[31.917801837997377,34.97783434900157],[31.91845336199735,34.9786140950016],[31.918680124997344,34.98066527000159],[31.919540366997282,34.98844654400165],[31.919762065997283,34.99045191300167],[31.919821551997256,34.99390213200169],[31.920369963997253,34.9946656910017],[31.92356092299722,34.99910849000168],[31.923894305997276,34.99957266100171],[31.925161810997235,35.00137438100172],[31.92431443899724,35.00267157500174],[31.923264864997247,35.00402902200174],[31.92045916099718,35.00795540600176],[31.920175925997203,35.00837568500173],[31.919341747997215,35.00959207900177],[31.91917178399719,35.00983992000176],[31.91818942299717,35.01125277700175],[31.917184974997152,35.01253739500175],[31.916968569997135,35.01274899600175],[31.915679751997143,35.01400920700179],[31.915044120997138,35.01467077200178],[31.914929072997136,35.01474322600179],[31.913521241997138,35.016119808001775],[31.912878898997167,35.01636148100178],[31.912152237997088,35.016639043001796],[31.911467957997125,35.016812147001794],[31.9078415449971,35.01953074300183],[31.907342793997103,35.01990463900182],[31.904953975997103,35.02169545400182],[31.90036717099699,35.03032488800187],[31.898829056997016,35.03321863600191],[31.898591322997035,35.03399040900191],[31.89743425699698,35.037746682001895],[31.897189564997,35.038545733001904],[31.897188094996974,35.03854581400191],[31.89718722799699,35.038548629001916],[31.897118436996987,35.038549668001906],[31.889492094996964,35.03897161100195],[31.887223427996936,35.0390971290019],[31.88508019599696,35.039096500001904],[31.884280436996946,35.038941167001944],[31.882294138996983,35.03878367900193],[31.881604094997044,35.03086007400186],[31.881553282997068,35.029911928001866],[31.88134816699709,35.02608447300182],[31.880713036997115,35.02393106500185],[31.880713036997115,35.02393106500185]]]}