{"segmentId":"5001147","streetsFileVersion":96,"polygonPointList":[[[32.64580999999325,35.33364000000435],[32.64581999999331,35.333320000004356],[32.64582999999331,35.33300000000431],[32.64585999999328,35.33292000000435],[32.645949999993306,35.332850000004356],[32.6461399999933,35.3327500000043],[32.64631999999333,35.332690000004355],[32.646479999993296,35.33267000000434],[32.64662999999332,35.332620000004354],[32.646759999993286,35.33251000000435],[32.6470299999933,35.33217000000435],[32.647269999993334,35.331830000004295],[32.64753999999331,35.33185000000431],[32.647579999993326,35.332200000004335],[32.64773999999329,35.332470000004335],[32.64784999999331,35.332720000004336],[32.647879999993286,35.33308000000433],[32.647779999993304,35.334290001004355],[32.64771152099332,35.33484836600438],[32.64764999999327,35.335350000004375],[32.64752999999329,35.33615000000436],[32.64746999999325,35.336990000004405],[32.64740999999321,35.337440000004406],[32.64730999999323,35.33787000000441],[32.64708999999323,35.33847000000438],[32.64709999999323,35.33860999900439],[32.646969580993215,35.338759050004434],[32.646952658993236,35.33901749800439],[32.64684448999318,35.33908628900444],[32.64682999999321,35.339110000004425],[32.6464999999932,35.33940000000443],[32.64535999999317,35.340070000004395],[32.64506999999318,35.34024000000443],[32.64429999999319,35.34071000000444],[32.644202083993186,35.340762084004446],[32.64241459299317,35.34200463900444],[32.642399999993174,35.342020000004446],[32.642299999993135,35.34217000000446],[32.642189999993136,35.34243000000444],[32.641948421993156,35.34232869300448],[32.64184452899313,35.34240091300446],[32.641787477993134,35.34237609000448],[32.641634439993204,35.34230950200444],[32.641647164993145,35.34191717500445],[32.641433546993206,35.341785129004464],[32.6409802359932,35.34141090000442],[32.64088973999317,35.34118516700443],[32.64083353699318,35.341066735004404],[32.64077655399319,35.34102780000445],[32.64035921499317,35.34121597600445],[32.64035861299318,35.34121604000445],[32.63993999999315,35.34152999900443],[32.63913999999318,35.340260000004434],[32.639155856993206,35.339541180004396],[32.638996538993226,35.339100849004396],[32.63894352099324,35.3362439520044],[32.639707348993234,35.33611258100439],[32.63989936999324,35.33539303900437],[32.63979999999325,35.33513000000437],[32.63997999999326,35.33510000000438],[32.64005413199327,35.33510308900434],[32.64192658899327,35.33491663900434],[32.64366796299326,35.334743242004365],[32.64415102699331,35.33469514100437],[32.645649999993275,35.33436000000437],[32.64580999999325,35.33364000000435],[32.64580999999325,35.33364000000435]]]}