{"segmentId":"5001658","streetsFileVersion":188,"polygonPointList":[[[33.24207979998659,35.61228150000868],[33.24160769998658,35.61267810000867],[33.2414370069866,35.6128097020087],[33.24143615198659,35.6128103620087],[33.24130159998658,35.612914100008716],[33.24105789998656,35.613033500008676],[33.24055048398658,35.613268054008714],[33.240411499986564,35.61333230000867],[33.23991349998658,35.6134198000087],[33.23956829998655,35.61330160000871],[33.23936659998655,35.61284000000871],[33.23940256998659,35.6125841260087],[33.23906252198657,35.612669794008696],[33.23906371098659,35.61268248700867],[33.23867873398666,35.61213336400868],[33.238559999986606,35.61212000000869],[33.23848999998661,35.6120700000087],[33.23841999998664,35.61195000000866],[33.2384329459866,35.61178277400869],[33.23804652898662,35.61123159600864],[33.2374183519867,35.609846750008614],[33.23679807398672,35.60796584000861],[33.23676573398674,35.60789851800861],[33.23670072098673,35.607763173008614],[33.23609923398684,35.603853500008526],[33.23674494098686,35.60358403200852],[33.236826799986915,35.60281330000847],[33.23780659998689,35.602614600008465],[33.23840939998692,35.60217990000847],[33.239353799986894,35.60172930000846],[33.240751099986916,35.60174350000846],[33.240792194986895,35.601745874008486],[33.241105999986914,35.601764000008465],[33.24110636198688,35.60176391100845],[33.241555590986934,35.60157643700847],[33.24168998698688,35.601640436008424],[33.242131999986874,35.60163750000844],[33.2420258229869,35.601987883008455],[33.24230744998681,35.60488462200851],[33.242843522986774,35.60536384500853],[33.242843845986755,35.605365410008524],[33.24284459998682,35.60536600000854],[33.2430680999868,35.606114800008555],[33.24317899998675,35.60665040000855],[33.243306099986754,35.60704400000855],[33.24347822498673,35.60715270500855],[33.24397138698672,35.60737687000858],[33.24398517498674,35.6074308710086],[33.244276199986736,35.6076110000086],[33.244408199986715,35.60806840000858],[33.2444197379867,35.60812594300861],[33.2445238999867,35.60864540000861],[33.244446499986694,35.6091517000086],[33.24441149998668,35.60952120000864],[33.24430329998666,35.610089100008615],[33.24415987398666,35.610373307008615],[33.24415487898664,35.610426906008634],[33.24356309098664,35.610929669008634],[33.24344019998667,35.611042400008635],[33.2430689999866,35.61152290000868],[33.24257439998657,35.61197730000866],[33.24207979998659,35.61228150000868],[33.24207979998659,35.61228150000868]]]}