{"segmentId":"5001001","streetsFileVersion":236,"polygonPointList":[[[32.43769750799051,35.495175983006725],[32.438965228990554,35.49356534200674],[32.440097746990574,35.49144685100667],[32.44017999999059,35.491370000006704],[32.44053616999056,35.4912770280067],[32.440842573990594,35.4911970470067],[32.441619629990605,35.49110565700668],[32.44422952399061,35.490798705006654],[32.444396339990575,35.49077908500666],[32.44439772899062,35.49077892200668],[32.445962981990526,35.492967020006695],[32.44595823799055,35.493553971006705],[32.44595488099051,35.49396939000675],[32.44594452699049,35.49528346500676],[32.444849973990486,35.49801984600678],[32.44412220299042,35.49940381600681],[32.4440115419904,35.49973195800681],[32.443710303990365,35.50062521600685],[32.44540121999036,35.50228457700689],[32.445263649990345,35.503616758006935],[32.443768608990375,35.50301495600691],[32.44320462899035,35.502412372006866],[32.44219064899036,35.501440283006886],[32.4403435149904,35.50099355400685],[32.43997890999037,35.50090537500686],[32.43874446999045,35.50023947600684],[32.43777364999046,35.49816458600678],[32.437848249990495,35.496084466006785],[32.43769750799051,35.495175983006725],[32.43769750799051,35.495175983006725]]]}