{"segmentId":"5001268","streetsFileVersion":236,"polygonPointList":[[[32.73808094198994,35.50624950600685],[32.73696683998996,35.504860209006836],[32.737829394990015,35.50399765500677],[32.739001908989934,35.50550038400685],[32.739706168989954,35.50612267400682],[32.74051760898997,35.505440839006845],[32.739690562990006,35.50407675000677],[32.73971402399002,35.50405524400677],[32.740335014989995,35.50348600200678],[32.74082909398998,35.50443119800683],[32.741990316990005,35.50321097600678],[32.74265631699005,35.50253196100676],[32.7456597579901,35.49946982900674],[32.74541345999013,35.4987561960067],[32.745240864990116,35.49825611100669],[32.745724202990154,35.497847959006705],[32.74630420999013,35.498062776006684],[32.746427845990155,35.49747756600667],[32.746465322990154,35.49730017500671],[32.746978966990206,35.49656611500668],[32.74702103099014,35.49657103200669],[32.74780601299016,35.49666278300665],[32.747924162990145,35.49636203900669],[32.74723674799016,35.49555647500665],[32.74763415999022,35.49494424500664],[32.748267869990215,35.49528795300665],[32.74880491299022,35.49427831200663],[32.7490891529902,35.494426117006626],[32.750154326990256,35.493638363006625],[32.75054098999019,35.4941439980066],[32.750426782990225,35.494783133006635],[32.74933121499015,35.49597536800668],[32.75060937799012,35.496866859006694],[32.75127531099012,35.49565314200663],[32.75152530099018,35.495822584006646],[32.75223635599013,35.49586910800667],[32.752950193990145,35.496553203006684],[32.75216331799009,35.4983308290067],[32.752599058990064,35.49894307200669],[32.752588317990096,35.49895381300673],[32.75256683599009,35.49896455400671],[32.7525614039901,35.498996824006724],[32.75234384899009,35.49926751700674],[32.75314944999005,35.50015791900673],[32.75316015499008,35.50016975000673],[32.75098574598996,35.50442062200681],[32.750918916989946,35.5045512690068],[32.750775683989986,35.504831283006794],[32.748121931989964,35.506442669006866],[32.74793470198993,35.50669595600684],[32.74788650198991,35.50671851200686],[32.747877075989926,35.506722923006826],[32.74680826798992,35.50722307800684],[32.746015617989904,35.50759400300687],[32.745220794989955,35.507991415006856],[32.745155104989905,35.50791008400687],[32.744995236989915,35.507712152006874],[32.74439070798986,35.50809059800684],[32.74367974198988,35.50853567400686],[32.74367411098992,35.50853919900686],[32.743582883989895,35.50824357700685],[32.74352821398988,35.50806642000685],[32.74282558298996,35.505789538006816],[32.74269773298994,35.50631725900685],[32.74232076198991,35.50787326500687],[32.74213250898989,35.50773922900684],[32.74186701398988,35.50755019800686],[32.741559472989934,35.50733123000683],[32.740918136989904,35.50799325400686],[32.7405799429899,35.50834235700688],[32.74027398698986,35.508658182006855],[32.740227605989915,35.508706060006894],[32.7397726579899,35.50796114400685],[32.73975260098993,35.50792830400689],[32.7392501879899,35.50710567200688],[32.73900339798997,35.506782946006844],[32.73897092598994,35.506740483006844],[32.73808094198994,35.50624950600685],[32.73808094198994,35.50624950600685]]]}