{"segmentId":"5001360","streetsFileVersion":236,"polygonPointList":[[[32.854599485994825,35.212019171003064],[32.854558480994825,35.212048061003074],[32.855973496994785,35.214064104003064],[32.85585452399478,35.21492665900309],[32.85466479299478,35.21552152400308],[32.85350391799479,35.21489772100308],[32.852408349994846,35.21476883100309],[32.85200019699481,35.21403845200308],[32.8515316159948,35.21394473600304],[32.85146315399479,35.21393104400306],[32.85142661899479,35.21433820700305],[32.85141281599478,35.21449203500306],[32.85125554799479,35.21450548000309],[32.850033917994814,35.21438971900307],[32.84987080299482,35.213183028003066],[32.8498195579948,35.212803925003065],[32.84944088599481,35.21235522300304],[32.84933747199483,35.21234908800306],[32.84927595299484,35.21299588300309],[32.848781872994806,35.21393033800308],[32.84894298599481,35.214327750003086],[32.84910409899479,35.21512257300306],[32.84893224499481,35.21535887200305],[32.84858853799479,35.215541467003064],[32.84741338599477,35.21610449200308],[32.844629415994795,35.21389159300305],[32.842487901994865,35.21089347200305],[32.841774062994915,35.207181513003036],[32.84357662599492,35.20594021800302],[32.84338999999494,35.204860000002995],[32.843623647994974,35.20109391900298],[32.84366758299499,35.20038574300293],[32.843977757995006,35.199874895002935],[32.84437377499502,35.19876439300292],[32.845094751995035,35.197715051002916],[32.84522974399502,35.19768108200291],[32.84532422799498,35.19765730600293],[32.846424922995006,35.19584449800291],[32.84599999999505,35.19447000000287],[32.847027928995054,35.19346489900288],[32.84724766799506,35.19325004000291],[32.847255713995025,35.19324217300287],[32.84725999599505,35.1928598430029],[32.84695925199504,35.19187168400286],[32.8470451789951,35.191162787002874],[32.84689836799507,35.1904916490029],[32.84674443499512,35.18978795700289],[32.84685184399512,35.18875683400287],[32.84762080699511,35.18881353100285],[32.84841686999513,35.188751342002845],[32.849151833995144,35.18812784600284],[32.848995139995125,35.187996252002854],[32.8484841349951,35.18756710100286],[32.848312280995145,35.18715894800283],[32.84841845299517,35.186706184002844],[32.848226353995145,35.18645005200283],[32.848650564995154,35.186281968002845],[32.84916362999517,35.18594385700282],[32.84937093999511,35.18524010800285],[32.849536738995155,35.18382928200279],[32.84947640099517,35.18381204300282],[32.848935250995154,35.183657428002824],[32.84872043299517,35.183034458002815],[32.848419688995136,35.182991495002824],[32.84831228099519,35.18258334200279],[32.847936215995205,35.1815009120028],[32.847838657995226,35.180013749002796],[32.84755887299519,35.17854740600278],[32.84751423899526,35.17775774700276],[32.84483999999528,35.172660000002736],[32.84631404299534,35.169111031002686],[32.84640999999533,35.16888000100269],[32.84333015199537,35.16733110900266],[32.8415224439954,35.16642199200266],[32.84151924499534,35.16642038300268],[32.84155912799536,35.16596723800268],[32.8416010709954,35.16549067900269],[32.84173622499537,35.163955066002636],[32.841796667995375,35.16326832400265],[32.84181135699538,35.163101428002655],[32.84339303899538,35.163695424002626],[32.8459730699954,35.164664347002656],[32.8470849669954,35.165081916002684],[32.85195884699534,35.16840043200269],[32.8523252499953,35.168649907002674],[32.852666270995314,35.16888210100271],[32.85327787299538,35.16258711600264],[32.85965482899541,35.163348543002634],[32.85893468299528,35.16941253500269],[32.858945867995324,35.16941855000269],[32.861307764995296,35.17068862700271],[32.86397913999526,35.17212512100275],[32.867033763995245,35.174656832002725],[32.86821999999526,35.17563999900275],[32.86816394699522,35.176592897002735],[32.868102376995246,35.17763959300275],[32.86806026999523,35.178355406002744],[32.86799999999521,35.17938000000276],[32.8679293339952,35.179460276002764],[32.868293455995094,35.18897876500285],[32.868293455995094,35.19001383000286],[32.86789712099509,35.190201246002886],[32.867971525995095,35.19100985100287],[32.86824374199504,35.193968205002875],[32.86785325599503,35.1948322390029],[32.866528693995036,35.19469626800288],[32.864356784995,35.19561827500293],[32.86339653299502,35.19855736100292],[32.861979727994964,35.19960107300294],[32.86173945299497,35.19939247500292],[32.861194165995,35.19891907700291],[32.85832619099494,35.20263960500298],[32.85593139499487,35.20687622200302],[32.855970593994876,35.20860989600301],[32.854802282994825,35.210077525003015],[32.854881708994824,35.21157846100304],[32.854728375994824,35.21161101800304],[32.854599485994825,35.212019171003064],[32.854599485994825,35.212019171003064]]]}