{"segmentId":"5001051","streetsFileVersion":188,"polygonPointList":[[[32.4901361259895,35.53771445800749],[32.489699640989535,35.53738919300747],[32.48930111898952,35.5370922180075],[32.48911047798951,35.53697349900749],[32.48874953198951,35.536681180007506],[32.48882973698957,35.536297179007455],[32.48900822998953,35.53544260600747],[32.48931363698963,35.53398040400741],[32.48953730798958,35.5329095300074],[32.48972200198966,35.5320252670074],[32.48974420998963,35.531918939007376],[32.48888538298963,35.53154553500742],[32.48817648698965,35.53098701100737],[32.48768240698972,35.53017070400737],[32.48787574298972,35.52937588200737],[32.48819796698975,35.52843068600731],[32.48860612098975,35.52712030100727],[32.48869680198976,35.526806209007276],[32.48922504298976,35.526456429007304],[32.48961051498975,35.52639218400727],[32.49043142998978,35.52671341100731],[32.491038427989736,35.52669026200729],[32.49155768998975,35.526838933007326],[32.49157632498975,35.52687861100728],[32.49391444898973,35.527697321007324],[32.49396682198975,35.52771566000734],[32.49478775498973,35.52931719500732],[32.49475425598968,35.53029463500739],[32.49469048998967,35.53114105400738],[32.49458862498962,35.533051159007385],[32.49453399298959,35.534075597007416],[32.4942667609896,35.53477918400745],[32.493764036989575,35.53517199000744],[32.493417483989575,35.53544277100748],[32.49308613298958,35.53576154700746],[32.49268132098956,35.53623292600744],[32.49098980298948,35.53820260100754],[32.49063669498949,35.53805579900752],[32.4901361259895,35.53771445800749],[32.4901361259895,35.53771445800749]]]}