{"segmentId":"5001604","streetsFileVersion":188,"polygonPointList":[[[33.08669999999023,35.47705000000626],[33.086499999990224,35.476800000006186],[33.08643999999022,35.4767300000062],[33.086259999990226,35.47640000000623],[33.08616999999022,35.47615000000623],[33.08610999999026,35.47590000000617],[33.086069999990265,35.47565000000617],[33.08605999999025,35.4753000000062],[33.08606457199028,35.47490676700618],[33.086069999990286,35.4744400000062],[33.086179999990314,35.47415000000619],[33.08629667699031,35.474033323006196],[33.08657999999032,35.47201264200613],[33.08657999999032,35.47198000000612],[33.08659999999031,35.471870000006106],[33.08641999999031,35.47164000000612],[33.08632999999032,35.47150000000613],[33.08631664499034,35.47146260600613],[33.08623764999035,35.4713588530061],[33.086141543990344,35.47116364100611],[33.08365716599045,35.46733587300603],[33.084089999990475,35.46570999900605],[33.08474129999051,35.46477619600604],[33.08676278899048,35.46487961900601],[33.087744316990474,35.46574217300601],[33.08789317499041,35.46692815300603],[33.08917199399044,35.466783187006044],[33.08991361199041,35.467525370006044],[33.09011204599041,35.467960149006096],[33.0902326679904,35.46811117000607],[33.0907724859904,35.46878703200612],[33.09121760099047,35.465337095006035],[33.092550098990486,35.46535613000601],[33.09229999999044,35.46901000000606],[33.09217999999037,35.469600000006125],[33.09205999999036,35.47020999900613],[33.091929999990356,35.47098000000612],[33.091849999990366,35.471400000006156],[33.091844557990335,35.47142565700613],[33.091779999990315,35.47173000000612],[33.09169999999033,35.47199000100614],[33.091499999990326,35.47247000000614],[33.091169999990306,35.47321000000616],[33.09097999999031,35.47362000000615],[33.09086999999029,35.47387000000616],[33.090868229990306,35.473873866006194],[33.09037753199027,35.47502765400616],[33.09008172399026,35.47572319800617],[33.08930336299022,35.47755337700623],[33.08866914699024,35.477688333006235],[33.08759019599021,35.47777043600626],[33.08744386599019,35.47768295400622],[33.0871799999902,35.477810000006215],[33.086964053990215,35.47739610300622],[33.086871960990216,35.47734104600623],[33.086705245990245,35.47705655800624],[33.08669999999023,35.47705000000626],[33.08669999999023,35.47705000000626]]]}