{"segmentId":"5001247","streetsFileVersion":188,"polygonPointList":[[[32.736390851994436,35.250500434003435],[32.73586570199443,35.25126232200344],[32.7354109739944,35.25177746400343],[32.735319829994374,35.25188071800344],[32.734842580994396,35.25277436000345],[32.73486999999438,35.25298000000344],[32.73470303599438,35.25303565500348],[32.7341860229944,35.25400375400347],[32.73419999999436,35.25426000000346],[32.734039999994366,35.25437000000347],[32.73399999999437,35.25468000000348],[32.73386430599436,35.25473277000345],[32.73386347899436,35.254758372003444],[32.733759959994345,35.25480155000345],[32.73375385999435,35.25481297300349],[32.733739999994384,35.25491000000348],[32.7336699999944,35.254970000003496],[32.73356736599435,35.25498536300348],[32.73242868699434,35.25515581400346],[32.73239479299433,35.253537745003484],[32.73267850699439,35.25304997900343],[32.73300755599442,35.25239053000347],[32.73305999999443,35.25214000000344],[32.732312315994385,35.25186936600344],[32.732059999994405,35.25182000000346],[32.7319199999944,35.25178000000345],[32.73182709999439,35.25169373600344],[32.73180801599441,35.25168682800345],[32.731429999994404,35.25155000000346],[32.73127842099441,35.25167350800346],[32.7312652369944,35.251684251003425],[32.73120998899441,35.25173810700344],[32.73120556299441,35.25173287500347],[32.7311599999944,35.251770000003475],[32.7310734029944,35.251765189003414],[32.73105290299439,35.25177755900345],[32.73044927799438,35.25227116200345],[32.73042007299442,35.25227114600345],[32.730409999994414,35.252310000003476],[32.73038999999441,35.25250000000346],[32.73037999999437,35.25256000000347],[32.730299999994415,35.25265000000347],[32.73015999999442,35.25269000000343],[32.729769999994375,35.25263000000347],[32.729689999994406,35.252600000003426],[32.72952060299437,35.25164791700346],[32.729534573994435,35.25162965000343],[32.73071282699443,35.25008905500342],[32.73106489199446,35.24922476400344],[32.730939999994426,35.248950000003404],[32.73102775099443,35.248950000003404],[32.73042083399444,35.24826779500342],[32.73030999999442,35.248170000003434],[32.73023062399446,35.248053989003374],[32.72991386299444,35.247697934003384],[32.7297299999945,35.24761000000342],[32.72947999999443,35.24739000100339],[32.7288499999945,35.24670000000337],[32.72879999999446,35.24664000000341],[32.7285399999945,35.24627000000338],[32.7284299999945,35.24603000000341],[32.728349999994485,35.245510000003364],[32.72829999999449,35.24482000000338],[32.72831999999453,35.244650000003354],[32.72855167899452,35.2445394260034],[32.728749999994534,35.24211000000332],[32.72887999999455,35.241760000003346],[32.72898235799455,35.241594277003344],[32.72927079099455,35.24095409900337],[32.72931915199458,35.24084676100334],[32.72943999999458,35.240470000003356],[32.729569999994524,35.240290000003355],[32.72981999999459,35.240100000003316],[32.730129999994546,35.2398800000033],[32.73037999999453,35.23975999900334],[32.73060999999456,35.23973000000334],[32.730909999994566,35.239710000003335],[32.73099999999455,35.239710000003335],[32.73110729499459,35.239693906003346],[32.731228296994566,35.23964698700335],[32.731319999994575,35.23954000000331],[32.73149999999455,35.2394500000033],[32.73173631499454,35.2394500000033],[32.73201999999455,35.239340000003295],[32.73239999999457,35.23947000000331],[32.73253875999456,35.239692015003335],[32.73369999999457,35.24048000000332],[32.73383031099459,35.240330642003336],[32.73499999999458,35.238990000003334],[32.73518467799454,35.239095036003306],[32.73522999999456,35.23909000000331],[32.73536999999456,35.23913000000332],[32.735519999994594,35.2392700000033],[32.735550163994596,35.23930290600331],[32.73659999999457,35.23990000000331],[32.73653299299451,35.24113591200336],[32.73639584099449,35.24366562400339],[32.7364199999945,35.24469000100336],[32.73642999999447,35.245270000003394],[32.73641999999448,35.24557000000337],[32.73638999999447,35.24583000000341],[32.73633999999448,35.24613000000338],[32.736289999994476,35.246320000003365],[32.736243936994455,35.246467401003414],[32.73626360199447,35.24646471600339],[32.736772265994475,35.24737920400337],[32.73682565299445,35.24763909300338],[32.737229999994476,35.24755000000339],[32.73736999999447,35.24754000000342],[32.737449999994446,35.247590000003406],[32.737379999994424,35.24784000000341],[32.737319999994455,35.24793000000341],[32.737189999994456,35.248130000003414],[32.73702710899444,35.2484174540034],[32.73699207099441,35.2486852670034],[32.73677795999442,35.25000608900344],[32.736528001994444,35.2503099180034],[32.73650905399443,35.25037079200345],[32.736437451994455,35.25041998500345],[32.73640296199442,35.25046190800341],[32.736390851994436,35.250500434003435],[32.736390851994436,35.250500434003435]]]}