{"segmentId":"5001143","streetsFileVersion":236,"polygonPointList":[[[32.65369561799723,34.95503809100142],[32.653686640997236,34.955160364001415],[32.65369446699722,34.95552012200142],[32.653701251997276,34.95583204600143],[32.653710818997226,34.95627183100141],[32.65377643299726,34.95928820300141],[32.6483590859972,34.95895242100143],[32.64671634999727,34.958850600001455],[32.645899999997226,34.95880000000143],[32.645936640997256,34.9581082480014],[32.64611587399724,34.954724494001425],[32.64521999999726,34.95461000000142],[32.64511999999726,34.955420000001425],[32.64451999999726,34.95540000000142],[32.644560995997246,34.954607047001375],[32.64461496299728,34.95356322400141],[32.64357628499728,34.953321564001435],[32.643260232997264,34.9532480310014],[32.64326933799726,34.9529500000014],[32.6433228979973,34.951196908001386],[32.64332857499729,34.951011086001394],[32.64365402899733,34.940358574001365],[32.643759999997364,34.93689000000135],[32.648708177997385,34.93646010500131],[32.64939999999739,34.93640000000133],[32.64944980899735,34.936958088001326],[32.653089019997374,34.93718713600133],[32.65359999999733,34.938470000001345],[32.65347776999735,34.94057081400137],[32.65336290899735,34.94254497400134],[32.65307055799726,34.947569721001365],[32.65402999999728,34.9479000000014],[32.65401540199728,34.949186143001405],[32.65399531299728,34.95095609600137],[32.653974296997276,34.95124234900138],[32.65390594199727,34.952173376001426],[32.65388583099726,34.95244728900143],[32.65387492299726,34.952595866001374],[32.65380901199729,34.953493611001406],[32.65369561799723,34.95503809100142],[32.65369561799723,34.95503809100142]]]}