{"segmentId":"5001262","streetsFileVersion":236,"polygonPointList":[[[32.75856163899516,35.18832526700285],[32.75840157999517,35.189148284002876],[32.75888533699515,35.18938233800285],[32.75882822999515,35.19005334600289],[32.75817459999518,35.190315400002866],[32.75671799999511,35.192773147002875],[32.756256999995145,35.19355100000293],[32.756058122995114,35.19387485600289],[32.75482080299509,35.19337516900289],[32.75420446099511,35.19231002700292],[32.753030999995154,35.191023000002865],[32.752744306995154,35.1906706070029],[32.752550999995144,35.190433000002876],[32.752765999995184,35.188767000002855],[32.75277767499518,35.18876504000289],[32.755800371995186,35.18825770200286],[32.756024999995184,35.18822000000287],[32.7563109999952,35.18424600000281],[32.75564899999525,35.18173200000283],[32.75724569699524,35.18037203500281],[32.75821199999529,35.17954900000281],[32.75819251399526,35.17942340900277],[32.75925066999525,35.179493865002776],[32.759384746995295,35.1797359130028],[32.759843999995255,35.18056500000281],[32.760667999995256,35.180810000002815],[32.7607955539952,35.18224497900283],[32.761027999995235,35.18486000000286],[32.76102355799518,35.18488204500283],[32.7607546469952,35.18621659600286],[32.760328999995195,35.188329000002874],[32.758578999995166,35.18823600000288],[32.75856163899516,35.18832526700285],[32.75856163899516,35.18832526700285]]]}