{"segmentId":"5001546","streetsFileVersion":236,"polygonPointList":[[[33.030183992995156,35.17360640200271],[33.029761179995134,35.17493374100273],[33.029935500995165,35.17607323300274],[33.02999871499512,35.176486444002705],[33.03002102899516,35.17672445100271],[33.03021572699509,35.17880115500272],[33.03025465499515,35.17921636900277],[33.02885831299506,35.18427899000278],[33.028820071995035,35.18441763700275],[33.02826199999504,35.186441000002816],[33.027778732994996,35.1870396810028],[33.02746615899498,35.187426905002816],[33.027344999994995,35.18757700000279],[33.02709370799502,35.187647265002816],[33.02528908699499,35.18815186700281],[33.02525999999503,35.18816000000281],[33.02533132599506,35.18600102400281],[33.02539104299509,35.1841934230028],[33.02544946299504,35.18242509800279],[33.02546705499509,35.18189260800277],[33.02654114099507,35.18114074800278],[33.02677280099509,35.17905339100272],[33.02606390399514,35.17703410900271],[33.02675131899511,35.1758740960027],[33.02591353199517,35.17499334500273],[33.026045582995174,35.17350477100271],[33.026149830995216,35.1723296120027],[33.02842689299525,35.17138441600265],[33.02986616799523,35.17127700800269],[33.03016604299522,35.171799870002666],[33.03054755399519,35.17246507100267],[33.03040462999521,35.17291375300269],[33.030183992995156,35.17360640200271],[33.030183992995156,35.17360640200271]]]}