{"segmentId":"5001664","streetsFileVersion":236,"polygonPointList":[[[33.245721607982,35.75033960401207],[33.24578069898203,35.75043115401211],[33.24608681398201,35.75132801601213],[33.24634459398193,35.75210135801215],[33.24647678998193,35.752253674012124],[33.24653478898196,35.75232050001215],[33.24656378698195,35.75237880301215],[33.246761621981925,35.752776570012145],[33.246765741981896,35.75279013101215],[33.24683250398189,35.75300989101215],[33.24689051198188,35.75320083401216],[33.24687977098189,35.753576764012195],[33.246832662981895,35.753670981012164],[33.24683153898186,35.753673228012154],[33.2467801979819,35.753775910012195],[33.2465774949819,35.75374889101217],[33.24623485298187,35.75324444501218],[33.24523547898192,35.752425911012146],[33.244636797981954,35.75168246401213],[33.24461531598199,35.751456906012116],[33.244749576982,35.75126894101211],[33.24457772298201,35.75072652801208],[33.24455624098199,35.75043115401211],[33.244792539982036,35.750189485012115],[33.245168469982026,35.750103558012064],[33.245186457982015,35.749956052012095],[33.24519532198199,35.74988337001209],[33.24529020598202,35.74977836401209],[33.24550911698201,35.74974743101209],[33.245706611982,35.75004010401208],[33.245721607982,35.75033960401207],[33.245721607982,35.75033960401207]]]}