{"segmentId":"5001596","streetsFileVersion":96,"polygonPointList":[[[33.08895194899314,35.320830256004115],[33.08867300799316,35.3209265040041],[33.088679999993175,35.320930000004076],[33.08861783299315,35.3209455420041],[33.08848661799315,35.32099081800408],[33.08834999999314,35.3210399990041],[33.08834755799318,35.3210388000041],[33.08819331299312,35.321092022004116],[33.08695502599314,35.321366142004095],[33.086859999993145,35.32141000000411],[33.08673999999318,35.321470000004076],[33.08669393899315,35.3214239390041],[33.08667621299313,35.3214278630041],[33.08591771499313,35.3215394770041],[33.08528580199312,35.321463554004104],[33.08519832899314,35.321133241004084],[33.08481999999316,35.32059000000408],[33.08471999999316,35.32036000000409],[33.08454999999316,35.319750000004085],[33.08452999999315,35.31965000000405],[33.08454999999316,35.31911000000411],[33.0845599999932,35.319030000004076],[33.084609999993184,35.31872999900405],[33.08464999999322,35.31841000000404],[33.08471999999319,35.31807000000405],[33.08470999999317,35.317940000004086],[33.08460999999321,35.31777000000406],[33.084409999993184,35.31758000000408],[33.084299999993206,35.31746000000405],[33.08424999999322,35.31737000000404],[33.084129999993245,35.31710000000404],[33.0841159859932,35.31706344100408],[33.08389999999321,35.316500000004076],[33.08389729999324,35.31649280000404],[33.08295304399327,35.31530452300405],[33.08268339999329,35.31414672700401],[33.08248084199328,35.313276983003995],[33.08251155699329,35.312526926003976],[33.08244305899332,35.31247255200398],[33.08160113399327,35.310885507004016],[33.08127927499332,35.31001421700399],[33.08167351899334,35.30838134600394],[33.08182875799333,35.30830779600397],[33.08246999999338,35.30800000000395],[33.08272999999337,35.30788000000397],[33.08328999999336,35.30761000000396],[33.08341999999334,35.30755000000394],[33.083519999993385,35.307500000003955],[33.08377999999334,35.30738000000398],[33.083909999993395,35.307440000003936],[33.084291090993396,35.30762589800392],[33.08431999999337,35.30764000000394],[33.084623990993364,35.30778846100393],[33.08518420299335,35.30805901000398],[33.085499737993366,35.30857906900398],[33.08606167299336,35.30905290300397],[33.08614421899334,35.30901810200395],[33.08664643199336,35.307936658003975],[33.08751971199338,35.307767644003974],[33.087977207993326,35.308422826003934],[33.088992175993305,35.309979889003955],[33.08867711199327,35.312442910004016],[33.08867999999331,35.31246000000399],[33.08867999999331,35.31317000000403],[33.088674167993275,35.31350244100399],[33.08867346599323,35.31430371200399],[33.088672910993274,35.31493631500405],[33.08892446999323,35.316325570004054],[33.089113152993185,35.317339351004044],[33.0890802589932,35.31876578500406],[33.08904758199315,35.3199294500041],[33.08895194899314,35.320830256004115],[33.08895194899314,35.320830256004115]]]}