{"segmentId":"5001066","streetsFileVersion":236,"polygonPointList":[[[32.53304624399608,35.11101708600232],[32.5342054649961,35.11126939800231],[32.5352106989961,35.111169268002286],[32.53543645499605,35.11198198900234],[32.53431137999612,35.11270546700234],[32.532945310996055,35.11369831600234],[32.52988933899608,35.11436623900233],[32.52970926299605,35.114126138002355],[32.526609669996056,35.111553902002285],[32.52842480799613,35.10820822600228],[32.52857780099614,35.10665929200231],[32.526371465996135,35.106712268002255],[32.52598548999613,35.1060118130023],[32.52628442399616,35.102052156002266],[32.5264816749962,35.10122809500226],[32.525877947996214,35.09886556800224],[32.525290982996225,35.097488457002214],[32.52549416299626,35.096878916002204],[32.52495234899621,35.09588558900218],[32.5267809719962,35.09500514100221],[32.52784202499624,35.09602104300223],[32.52838383899625,35.09599846700223],[32.528899733996234,35.09633747400221],[32.531111720996215,35.0946932480022],[32.533070051996226,35.09431406100217],[32.53369414699625,35.095277359002225],[32.53512039699624,35.09509544400219],[32.535301001996196,35.096088770002204],[32.53421737299621,35.09674346200223],[32.533684874996204,35.09943264500222],[32.5356302979962,35.10045370300221],[32.53743747399617,35.10041484100221],[32.53737601099618,35.10146324200227],[32.53477485199617,35.102183476002246],[32.534619853996126,35.10317679100227],[32.53430940299615,35.10459326600226],[32.53540022999615,35.104941493002286],[32.53530724999616,35.10556691000227],[32.533710486996114,35.10636782100228],[32.5328295169961,35.1058605900023],[32.53304624399608,35.11101708600232],[32.53304624399608,35.11101708600232]]]}