{"segmentId":"5001461","streetsFileVersion":188,"polygonPointList":[[[32.9589499999954,35.16089000000261],[32.95886999999536,35.16098000000262],[32.95888999999536,35.16107000000262],[32.958886943995346,35.16116169300262],[32.958879999995396,35.1613700000026],[32.958899999995324,35.16180000000259],[32.958899999995324,35.16213000000261],[32.95893999999532,35.162420000002626],[32.95899999999536,35.16270000000261],[32.95899999999536,35.162750000002646],[32.95893999999532,35.16278000000263],[32.95866999999534,35.16284000000265],[32.958619999995335,35.16284000000265],[32.95773999999535,35.1629500000026],[32.95780999999535,35.16333000000261],[32.957839999995315,35.163480000002636],[32.957899999995334,35.16368999900262],[32.95792999999531,35.16393000000264],[32.9579099999953,35.164280000002655],[32.95786999999534,35.16458000000265],[32.95787999999531,35.16478000000266],[32.957909999995266,35.16491000000267],[32.95791999999532,35.16523000000266],[32.95788999999535,35.165540000002686],[32.957859999995286,35.165920000002636],[32.957859999995286,35.16599265100267],[32.957841547995294,35.166011569002634],[32.95782162899534,35.16661757400264],[32.95764356199528,35.16665059500268],[32.9576235129953,35.16686856800265],[32.95744353999528,35.16685752200265],[32.957420590995305,35.16700266600264],[32.95734430499528,35.16700301400265],[32.95725069499526,35.166955484002635],[32.957168965995294,35.16693197200265],[32.95710214999526,35.16687994700264],[32.957088922995304,35.16692656500265],[32.95711374799527,35.167004066002676],[32.957005554995256,35.167004559002685],[32.957015608995306,35.16715760100265],[32.956857569995314,35.16726258500267],[32.95683827899529,35.16741425400266],[32.95669854799532,35.16742615500265],[32.95664246399525,35.16742282800266],[32.9566154139953,35.167404812002644],[32.95657625299528,35.167392606002686],[32.95654722199528,35.16738175500267],[32.956524696995324,35.16742304100268],[32.95650384499529,35.16741730100267],[32.95640575999529,35.16735064300269],[32.956358866995295,35.16734854400266],[32.95628999999526,35.16726000000266],[32.9562099999953,35.16717000000267],[32.9560899999953,35.167079999002674],[32.9559599999953,35.16704000000265],[32.95586999999529,35.167019999002655],[32.9552399999953,35.16691000000264],[32.95515999999527,35.16692000000267],[32.95474999999529,35.167110000002644],[32.954699999995306,35.16713000000265],[32.95430999999531,35.167310000002644],[32.95404999999528,35.16742000000267],[32.953789999995266,35.16742000000267],[32.95367999999532,35.16782000000268],[32.95368999999529,35.167900000002646],[32.95353999999528,35.16818000000267],[32.953319999995294,35.1684900000027],[32.953219999995255,35.1687600000027],[32.953199999995256,35.168930000002675],[32.9532999999953,35.16943000100271],[32.953319999995294,35.16970000000266],[32.953309999995255,35.169830000002676],[32.95327999999529,35.16996000000269],[32.953239999995255,35.16999000000268],[32.95332999999526,35.17007999900269],[32.95333185699524,35.170091141002686],[32.953304246995245,35.170820669002715],[32.953263215995214,35.1708590430027],[32.95329292499524,35.17114636500266],[32.95328999999522,35.17118000000269],[32.953297113995276,35.17122268200271],[32.953291878995266,35.17125930200271],[32.953294176995215,35.171292767002704],[32.95329921299523,35.17140318500267],[32.953252531995254,35.17146023800271],[32.953253056995216,35.17147408200268],[32.95316507399522,35.171548642002705],[32.95310541899525,35.17161490900268],[32.953082390995256,35.171716374002685],[32.953059258995225,35.17181829500268],[32.95305999399526,35.17195788100267],[32.95306015199522,35.171988391002714],[32.95312353299525,35.172118652002695],[32.952980028995235,35.17270176000272],[32.95254318399519,35.17349833600274],[32.95204219799523,35.173220408002734],[32.95147726399524,35.173018341002695],[32.951446887995246,35.17294761400272],[32.95117871099525,35.1723231900027],[32.95136436199525,35.171674335002685],[32.95137043099524,35.1716531240027],[32.95084805899526,35.17108448300271],[32.950496303995266,35.17094556600271],[32.95016580699529,35.170477969002675],[32.950208688995296,35.16978541000267],[32.94998999999528,35.169710000002695],[32.94999073599528,35.16970519700267],[32.949502655995275,35.170363640002684],[32.94908110999526,35.170168292002664],[32.94940333599525,35.169394950002655],[32.94963963399526,35.16936272700271],[32.949790005995276,35.16892235200267],[32.95010149099527,35.168982640002646],[32.95020560999531,35.168303373002686],[32.94785473599528,35.16812253700266],[32.94794066299529,35.16690882000267],[32.947059911995304,35.16669400200265],[32.94711349399532,35.16622069500265],[32.946454508995295,35.16602561000268],[32.94635999999528,35.16607000000265],[32.946109999995286,35.165820000002654],[32.94614999999531,35.16522000000263],[32.94634999999532,35.16450000000262],[32.94638000399533,35.16449225600266],[32.94644139199532,35.16419038100261],[32.94647346699529,35.16387650300262],[32.94648084699531,35.16388019100261],[32.94649202499532,35.16377508300267],[32.94646999999533,35.16377000000263],[32.94650999999534,35.16325000000264],[32.946562669995345,35.16319733000264],[32.94669761799531,35.162930391002604],[32.94779999999533,35.16220000000261],[32.94827999999537,35.16274000000261],[32.948419999995366,35.161880000002625],[32.949389999995354,35.16098000000262],[32.94936891099542,35.16092995600264],[32.94902916199538,35.16012372400263],[32.94848999999538,35.159100000002574],[32.94812999999539,35.157990000002584],[32.9483799999954,35.15688000000259],[32.948689999995416,35.1562200000026],[32.948929999995435,35.15657000000257],[32.9490299999954,35.15678000000256],[32.94992999999538,35.158330000002586],[32.950105532995416,35.1586087860026],[32.9505476109954,35.158390784002606],[32.95062619899541,35.1585930490026],[32.95081416299541,35.15916231400262],[32.950538410995364,35.15933277800262],[32.95055999999537,35.159370000002575],[32.950803036995396,35.15982803100263],[32.95084336799537,35.15989689600263],[32.95100999999537,35.16016000000263],[32.95110999999536,35.160350000002616],[32.95121999999534,35.160540000002584],[32.95117464799538,35.15998640100259],[32.951119999995406,35.159759999002624],[32.95107999999537,35.15895999900259],[32.951059999995366,35.1586800000026],[32.95099999999541,35.158310000002565],[32.95098999999539,35.15775000000262],[32.95091999999543,35.157230000002556],[32.95092710299538,35.157066627002585],[32.94988146699542,35.157172247002606],[32.94993517299538,35.15672113000258],[32.95019295299543,35.156602981002585],[32.9502036939954,35.15621631000256],[32.951000683995446,35.15621631000256],[32.951049999995426,35.1559500000026],[32.95128999999541,35.15510000000258],[32.95141999999541,35.15476000000258],[32.95144689699542,35.15475701200258],[32.951679999995484,35.15398000000255],[32.951775093995415,35.15399999400257],[32.95262663599542,35.154179037002564],[32.95274623299542,35.153929651002564],[32.95296288299545,35.15397985000255],[32.95333533499547,35.153168729002566],[32.95418386399547,35.15369503100255],[32.95426978999545,35.15454355800257],[32.9549142419954,35.15509134300255],[32.95500016799541,35.154779858002556],[32.95514002099543,35.15483313500256],[32.95519999999543,35.15476999900257],[32.95538460399545,35.15442092900254],[32.95549424899542,35.154113924002566],[32.955268690995474,35.153834662002566],[32.95574999999541,35.15372999900257],[32.956221816995416,35.15485525000254],[32.95622690799546,35.15486739200254],[32.95623142399544,35.15487816000258],[32.95706404099542,35.15501417900255],[32.957064107995436,35.15600161300258],[32.95723524499539,35.15612934500259],[32.957249999995405,35.15609000000259],[32.95792999999538,35.156270000002586],[32.95794999999541,35.156310000002605],[32.95852999999541,35.15688000000259],[32.9584845529954,35.15706178700256],[32.958411639995425,35.15714298900261],[32.9584587259954,35.15716156900257],[32.95845770999541,35.1571628190026],[32.958329999995385,35.15732000000255],[32.9582099999954,35.15750000000256],[32.95835873199545,35.157570346002586],