{"segmentId":"5001433","streetsFileVersion":96,"polygonPointList":[[[32.93053755599521,35.17658223500276],[32.930458999995174,35.17779200000276],[32.93055999999519,35.17808000000277],[32.93058999999519,35.17823000000274],[32.93055999999519,35.17841000000274],[32.930479999995185,35.17857000000274],[32.93040699999517,35.178603000002774],[32.930318582995135,35.179963194002745],[32.93030800799515,35.180125876002755],[32.930307999995144,35.180126000002744],[32.93008827499515,35.18084120000275],[32.92980599999514,35.18176000000279],[32.929802916995165,35.181770276002794],[32.929782057995155,35.18183980800279],[32.92978199999516,35.18184000000281],[32.92926396599513,35.18354371600278],[32.9292279999951,35.183662000002776],[32.929045346995125,35.183820559002775],[32.928666999995144,35.1841490000028],[32.92778999999511,35.18563400000281],[32.92749499999514,35.18641500000284],[32.92694699999508,35.1863610000028],[32.9269001379951,35.18629834600282],[32.92690009599509,35.18629829000279],[32.92658199999512,35.185873000002836],[32.92629228899509,35.18525641300281],[32.92623899999511,35.1851430000028],[32.92596695499509,35.18493761100282],[32.92596632899511,35.184937139002805],[32.9257369999951,35.18476400000279],[32.925698999995134,35.18471000000281],[32.92554999999511,35.1847600000028],[32.92521999999508,35.18479000000284],[32.92483999999512,35.18477000000282],[32.92422999999513,35.18450000000283],[32.92439999999511,35.1837200000028],[32.92429999999514,35.18360000000282],[32.92421246299515,35.18333042700279],[32.92421199999515,35.183329000002814],[32.92418999999515,35.183260000002825],[32.92410999999513,35.18226000000278],[32.92363999999514,35.181950000002765],[32.92352999999514,35.18179000000276],[32.92350799999513,35.1816860000028],[32.92350794499514,35.18168573800279],[32.923489999995155,35.18160000000279],[32.92350999999518,35.18136000000277],[32.92360599999518,35.18113900000276],[32.92352807599514,35.180971931002766],[32.92348099999514,35.180871000002746],[32.92348074399518,35.18087095500277],[32.923476534995174,35.18087022300278],[32.92321099999515,35.18082400000276],[32.92306928499516,35.18077018400276],[32.923052999995136,35.18076400000279],[32.92293195999513,35.18097811300276],[32.922788999995184,35.181231000002754],[32.92255020199513,35.1813193510028],[32.92221599999513,35.18144300000279],[32.92166204699513,35.181234155002755],[32.921406999995135,35.18113800000277],[32.92119619999516,35.180984273002764],[32.92071999999519,35.180637000002775],[32.92069159099515,35.18052749600275],[32.920554999995154,35.180001000002775],[32.92120599999516,35.17918600000278],[32.921427999995196,35.178592000002745],[32.92171906999519,35.17804415000276],[32.921792999995155,35.17790500000277],[32.92255644299522,35.17777754300274],[32.922966999995175,35.17770900000274],[32.92381799999518,35.17764700000273],[32.9235669999952,35.17670000000273],[32.923546730995184,35.176459596002715],[32.92340899999521,35.17482600000274],[32.92355159899524,35.17455341200275],[32.923702999995236,35.17426400000273],[32.92418568199523,35.17345368300272],[32.924390657995254,35.17310957500273],[32.92439099999525,35.173109000002725],[32.924524999995285,35.172884000002725],[32.92452853999524,35.17288329200271],[32.924529999995244,35.172883000002734],[32.92452999999527,35.172880000002735],[32.92486999999526,35.17284000000272],[32.924996999995294,35.1728260000027],[32.92541499999523,35.172775000002716],[32.92623599999528,35.172585000002684],[32.92652128399525,35.17265460700269],[32.92677699999528,35.1727170000027],[32.92677707599527,35.17271672600269],[32.92694989999528,35.172091900002705],[32.927277899995254,35.171442600002685],[32.927467932995285,35.17109007800273],[32.927893999995256,35.17029970000269],[32.92819409999528,35.170083400002696],[32.928727999995246,35.17007190000268],[32.9294602999953,35.17006630000267],[32.930314599995256,35.17040700000271],[32.93066179999528,35.170854600002684],[32.930837044995236,35.17117241000269],[32.930889699995284,35.17126790000268],[32.931171699995254,35.1724536000027],[32.93093199999522,35.17358400000273],[32.930573999995204,35.176021000002734],[32.93053755599521,35.17658223500276],[32.93053755599521,35.17658223500276]]]}