{"segmentId":"5001836","streetsFileVersion":188,"polygonPointList":[[[31.96131999999477,35.263170000003704],[31.961279999994755,35.263210000003724],[31.961139999994746,35.26323000000373],[31.96094999999473,35.26318000000369],[31.957842860994777,35.26340193800373],[31.957729999994722,35.26340999900369],[31.95654919799479,35.26422518500371],[31.95660548299473,35.26429378400374],[31.95780093099473,35.26575074600372],[31.95856305299468,35.266679589003736],[31.958860485994702,35.268791361003785],[31.95856305299463,35.27114107900381],[31.957667488994655,35.273212070003815],[31.95761126899463,35.27334208000384],[31.956897429994584,35.27471027000385],[31.956830257994593,35.27487768000381],[31.956465523994616,35.27578668800383],[31.95671189699459,35.27590193500383],[31.956169814994606,35.277695911003896],[31.95550186699459,35.277542742003845],[31.954438780994604,35.278877480003885],[31.953516739994576,35.2792938850039],[31.952237778994547,35.2789667100039],[31.95125625199457,35.27843133100386],[31.94905618199459,35.276565670003826],[31.94890219999462,35.27536837200385],[31.94906362099462,35.274686176003826],[31.949095001994607,35.27455355700383],[31.94910705599462,35.27455078700384],[31.95025116699465,35.269984601003756],[31.950828722994682,35.26726428900372],[31.949606358994696,35.26691932900377],[31.948767644994707,35.26656306500376],[31.947423585994756,35.26599214300375],[31.946459999994687,35.26709000000375],[31.94459999999469,35.26767000000377],[31.944309999994687,35.26740000000376],[31.944049999994725,35.26631000000373],[31.944129999994725,35.26529000000373],[31.94415999999477,35.264860000003736],[31.944189999994748,35.26450000000373],[31.945384486994794,35.2640184280037],[31.946719999994727,35.26348000000373],[31.9465299999948,35.26152000000371],[31.946519999994802,35.261450000003656],[31.946542232994805,35.26125731200369],[31.94654915799477,35.26118858700369],[31.9465655219948,35.261160896003666],[31.946629999994787,35.26103999900368],[31.94706403199483,35.2602973240037],[31.94707857999479,35.260271760003704],[31.94707930899482,35.26027118400366],[31.947079999994777,35.26027000000368],[31.94799999999477,35.25954000000369],[31.948896705994795,35.25932261700369],[31.948989999994808,35.25930000000366],[31.950369999994834,35.258860000003644],[31.950939999994834,35.25868000100368],[31.950941437994786,35.25868311700364],[31.95094335799485,35.25868249300365],[31.950969656994804,35.258744257003656],[31.950999999994842,35.258810000003656],[31.951039999994784,35.258900000003656],[31.951110863994803,35.25901338300364],[31.95133415799481,35.25897558300367],[31.951924437994805,35.25797396800365],[31.95196659999482,35.257927310003666],[31.95197871499483,35.25790077700363],[31.952007025994806,35.25786428800366],[31.952259999994812,35.25753000000363],[31.95265964399485,35.25702313300367],[31.952669102994836,35.257010942003674],[31.952669289994866,35.25701090000366],[31.952669999994853,35.25700999900364],[31.952739327994827,35.256995144003625],[31.953267173994867,35.25687639500366],[31.953379664994838,35.25690473800365],[31.953389368994827,35.256901266003645],[31.954080885994838,35.25699708700365],[31.954412728994875,35.25664757000363],[31.954618458994865,35.256550037003656],[31.954957353994853,35.25626821000361],[31.954969239994824,35.25604688200366],[31.95496955299486,35.256041062003646],[31.954969952994844,35.25604100000362],[31.954969999994855,35.25604000000362],[31.955046627994836,35.25602905300366],[31.955290659994866,35.255991030003656],[31.95533999999484,35.25594999900363],[31.955445090994843,35.25597901200365],[31.956119999994847,35.255960000003654],[31.956263928994826,35.25601974400365],[31.956648531994844,35.256176896003645],[31.957633526994833,35.25653117600366],[31.95777999999488,35.25658000000362],[31.957890388994855,35.256619740003664],[31.957963168994837,35.25664349800366],[31.958470401994823,35.256809074003634],[31.958599999994828,35.25685000000363],[31.958602912994813,35.25685233000366],[31.958603299994838,35.256852456003635],[31.959224105994856,35.25733842300367],[31.959545947994798,35.25774329800363],[31.959566026994818,35.257785740003634],[31.960971379994806,35.259147034003696],[31.96103469999478,35.25998752900368],[31.9613136239948,35.2609783560037],[31.96128983099476,35.26178737200372],[31.961429999994774,35.262620000003686],[31.961359999994777,35.26308000000371],[31.96131999999477,35.263170000003704],[31.96131999999477,35.263170000003704]]]}