{"segmentId":"5001771","streetsFileVersion":236,"polygonPointList":[[[30.934809999999334,34.403010000000236],[30.93695999999936,34.40390000000026],[30.937609745999374,34.40473568500023],[30.937741106999376,34.40640584900025],[30.93743999999934,34.40715000000024],[30.935827392999343,34.40816459900021],[30.935039999999365,34.40866000000024],[30.93462981099931,34.40910233600023],[30.93272732199932,34.411153923000214],[30.93248150299934,34.411419007000255],[30.93184114999932,34.412100656000256],[30.93165315299937,34.412300777000226],[30.93132478699934,34.41232933100021],[30.931089803999356,34.41215631100024],[30.931001055999364,34.41209096500025],[30.93068233299935,34.41194385800022],[30.930596586999293,34.411373977000224],[30.92941773899933,34.413007331000266],[30.928090221999312,34.414230445000236],[30.928103078999307,34.412987997000265],[30.928125949999334,34.41077774600026],[30.92913245899936,34.408202959000235],[30.92803999999936,34.40846000000024],[30.92978252199933,34.405112524000245],[30.929939999999327,34.40481000000024],[30.93056811899934,34.404405726000235],[30.933310219999356,34.40356433300026],[30.934349776999376,34.40318010300025],[30.934809999999334,34.403010000000236],[30.934809999999334,34.403010000000236]]]}