{"segmentId":"5001860","streetsFileVersion":236,"polygonPointList":[[[31.99906386199812,34.836356361001016],[31.998408480998133,34.83549145000101],[31.998562752998097,34.83354199000101],[31.99868530099809,34.831993414001005],[31.99873302399814,34.831390354000995],[31.99879733499814,34.83057769000097],[31.99547350999816,34.83132555400097],[31.991861097998157,34.832138350000974],[31.991710967998127,34.832172129001],[31.989181330998115,34.83209655100101],[31.987415965998135,34.832284852000974],[31.98701318399813,34.83155178900098],[31.987033106998144,34.83145917600099],[31.98723353899814,34.830527463001],[31.986427554998116,34.829502172000964],[31.988059746998168,34.828605772000984],[31.988866934998132,34.830175257000995],[31.98886786099814,34.830177057001],[31.98938086999814,34.829849239000986],[31.990752271998137,34.82881215500096],[31.991921779998133,34.82792774700097],[31.99410819199818,34.82627433500097],[32.00103243499817,34.82161660400094],[32.00134828599814,34.82140414100097],[32.00152505699814,34.82189644700093],[32.00219417699814,34.82375994000096],[32.002342397998156,34.82417273300098],[32.00284967099814,34.824667734000975],[32.00304514299817,34.824851321000956],[32.005124293998136,34.827089188000976],[32.00570161499814,34.83152893500098],[32.00593214699814,34.833301791000984],[32.00771732599809,34.83575592100098],[32.00519371299808,34.838625588001015],[32.003220300998095,34.837141826001],[32.00269080099809,34.835509431000986],[32.002557197998065,34.835097545000984],[32.0013672379981,34.837283889001],[32.00129436699812,34.83741777800098],[32.000807785998106,34.83718623200103],[31.99906386199812,34.836356361001016],[31.99906386199812,34.836356361001016]]]}