{"segmentId":"5001785","streetsFileVersion":236,"polygonPointList":[[[31.897853568997398,34.97587232100159],[31.899534083997384,34.97422704300157],[31.899750731997376,34.97401493800156],[31.902027794997387,34.97401493800156],[31.90370336899738,34.9753897680016],[31.9047019919974,34.9775540310016],[31.907923402997312,34.984535624001616],[31.908393589997353,34.984498642001626],[31.91263970799733,34.984164668001625],[31.91510864199736,34.980382277001596],[31.915163273997393,34.979740313001585],[31.916804437997374,34.979851130001585],[31.918605540997344,34.980314527001624],[31.9193329089973,34.98844207800164],[31.919821551997256,34.99390213200169],[31.920369963997253,34.9946656910017],[31.92356092299722,34.99910849000168],[31.923894305997276,34.99957266100171],[31.925161810997235,35.00137438100172],[31.923264867997204,35.00402901700173],[31.92045916099718,35.007955405001766],[31.91929042899716,35.009590963001756],[31.917184974997152,35.01253739500175],[31.916968570997128,35.01274899600175],[31.915679751997143,35.01400920800179],[31.914929072997136,35.01474322500181],[31.913521241997138,35.016119808001775],[31.911467957997125,35.016812147001794],[31.9078415449971,35.01953074300183],[31.907342793997103,35.01990463900182],[31.905405594997102,35.02135689100181],[31.904954265997098,35.02169490700181],[31.904953975997103,35.02169545400182],[31.90036717099699,35.03032488800187],[31.898829056997016,35.03321863600191],[31.898591322997035,35.03399040900191],[31.89743425699698,35.037746682001895],[31.897188095996967,35.03854581400191],[31.89718722899697,35.038548629001916],[31.897118436996987,35.038549668001906],[31.889497008996972,35.038664812001905],[31.882303700996985,35.03877348800193],[31.88166227699701,35.030395626001855],[31.881104897997073,35.02510281200185],[31.880719166997103,35.02354627500184],[31.87966694799715,35.019300259001795],[31.877581310997158,35.010884094001774],[31.87707725399717,35.00956781800176],[31.8769332569972,35.00919179100174],[31.876933138997224,35.00867060300175],[31.876933047997213,35.008268160001755],[31.877005720997197,35.00740097600173],[31.877011779997172,35.00732867300177],[31.87731872999723,35.00645779000176],[31.878282563997228,35.00513277000174],[31.8793370949972,35.003683065001745],[31.880092720997215,35.002241906001714],[31.879641349997254,34.998404011001696],[31.879858369997283,34.99816372600167],[31.881143207997237,34.996741155001686],[31.882758254997285,34.99495297600166],[31.885783581997263,34.99653433400168],[31.886877343997234,34.99831532800169],[31.888211015997275,35.00048697000171],[31.89009739399726,35.000893836001694],[31.89040215099723,35.000959568001704],[31.89115799699725,34.99840780200167],[31.893977495997287,34.98888906100165],[31.8933500239973,34.98788322900162],[31.89163152699735,34.98512849700164],[31.89346147999731,34.983102374001625],[31.894016545997378,34.98141582700159],[31.894206928997395,34.97926731800158],[31.8945341049974,34.97789912800159],[31.895366915997407,34.977006830001585],[31.896609756997425,34.97676531400156],[31.897853568997398,34.97587232100159],[31.897853568997398,34.97587232100159]]]}