{"segmentId":"5001209","streetsFileVersion":188,"polygonPointList":[[[32.70732321299207,35.403284013005255],[32.706614869992066,35.403886104005224],[32.70680820599205,35.40431573900522],[32.70686090899205,35.40444989300525],[32.707024969992055,35.40448227700526],[32.707025979992004,35.40487007300524],[32.70704450499205,35.404917227005264],[32.70708746799203,35.405303898005265],[32.70741675099202,35.40590259500526],[32.707546350992025,35.40591494400529],[32.707544472992,35.4061348160053],[32.707796363991996,35.40659280100527],[32.70777167499201,35.406674278005255],[32.70779999999204,35.406649999005246],[32.707789999992016,35.40682000000527],[32.70736999999194,35.40801000000529],[32.70736696199195,35.4080098270053],[32.70736672899199,35.40801059400532],[32.70528300299196,35.40807504000528],[32.70528300299196,35.40951431500529],[32.70566094799196,35.40970938300534],[32.70614176299196,35.40977529000529],[32.706070718991924,35.41022523800534],[32.706068732991916,35.41023781500535],[32.70599899599194,35.410679485005346],[32.70524967899195,35.410787857005346],[32.70523058699194,35.41100550000533],[32.70519507699193,35.41141031000536],[32.705199999991905,35.411430000005346],[32.70523999999194,35.411700000005354],[32.7052499999919,35.41198000000533],[32.70502999999195,35.411970000005354],[32.704849999991914,35.41196000000538],[32.704629999991916,35.41196000000538],[32.70440999999191,35.411970000005354],[32.7035906909919,35.41201274700536],[32.703259999991914,35.41203000000538],[32.70300999999193,35.41205000000539],[32.70262999999191,35.412070000005336],[32.70234999999189,35.41209000000534],[32.702348670991896,35.41204479300537],[32.70227556299189,35.41204915800537],[32.702171660991965,35.41125257700532],[32.70199999999192,35.41146000000533],[32.70151999999195,35.41118000000535],[32.70110309899195,35.41089445100533],[32.70078999999191,35.41068000000536],[32.70050999999196,35.41041000000535],[32.70008999999196,35.40981000000532],[32.699539999992,35.40936000000532],[32.69946999999199,35.408700000005325],[32.69927999999198,35.40784000000532],[32.69925999499199,35.4072331890053],[32.69911774999198,35.4072372530053],[32.69907478599199,35.4072372530053],[32.69888145099198,35.4070439170053],[32.69884964599201,35.407001851005305],[32.69875256099201,35.40678613600529],[32.69920367699203,35.406313539005275],[32.699525901992054,35.40528241600524],[32.699891091992015,35.40465944500525],[32.70075035999203,35.404057958005254],[32.70176502199208,35.404183808005214],[32.70211999999205,35.40415000000527],[32.702799999992024,35.40378000000523],[32.70311999999208,35.40320999900525],[32.70317953599209,35.40306115900524],[32.7029844589921,35.4022964570052],[32.70378412799207,35.40193798500523],[32.70423039899209,35.40173793200522],[32.70447561599208,35.40211393200524],[32.704830701992066,35.402114715005204],[32.70486513999206,35.402178130005204],[32.70517559499211,35.40212460300523],[32.70586300999208,35.401716450005196],[32.70659338799211,35.401780895005224],[32.707259321992055,35.40227497500523],[32.70730712299211,35.40247096200521],[32.70776716399209,35.40244679000522],[32.708086827992055,35.40267461000525],[32.70821995799202,35.40311537000526],[32.70732321299207,35.403284013005255],[32.70732321299207,35.403284013005255]]]}