{"segmentId":"5001191","streetsFileVersion":236,"polygonPointList":[[[32.70165753099696,34.99104881500159],[32.70161063399701,34.99101272300156],[32.700728753997005,34.99033402300159],[32.700773983997024,34.98908152800156],[32.70105302099702,34.98764352500159],[32.70204109299702,34.98627006700158],[32.70278031099703,34.985242525001546],[32.70313285299704,34.98475247900155],[32.704493833997056,34.98463325200154],[32.70458706599704,34.984625084001564],[32.704590652997005,34.984624770001524],[32.70478944299701,34.98437412100152],[32.70515706999705,34.98430630700155],[32.70532999999705,34.98456000000154],[32.70533764499703,34.98477407200155],[32.70535916699702,34.985376667001525],[32.70552980199702,34.98640771100153],[32.70534072299704,34.98700487500153],[32.70500915199703,34.98729584500157],[32.70436749899703,34.98742166700154],[32.703306415997005,34.988054414001546],[32.703132303997016,34.988443240001544],[32.70295012499698,34.98933504300156],[32.70241712599699,34.990372488001576],[32.702092791996996,34.99076466900157],[32.70203802099702,34.99088698300157],[32.70165753099696,34.99104881500159],[32.70165753099696,34.99104881500159]]]}