{"segmentId":"5001539","streetsFileVersion":236,"polygonPointList":[[[32.9998885829874,35.59527356900841],[32.999820255987416,35.59507184700841],[33.00111867798744,35.594799597008446],[33.00153093498742,35.59471315600845],[33.00154266898741,35.5949786930084],[33.00279010198743,35.59477643900842],[33.00577394598738,35.59581745300844],[33.006482431987365,35.59611468800845],[33.00853887998738,35.59697744000846],[33.00854669398737,35.59703520200845],[33.008885541987254,35.5995400450085],[33.00910377798725,35.60074873600857],[33.00937466498727,35.60084168500853],[33.009360281987256,35.60118080200855],[33.0093355039872,35.60176498900857],[33.0093263279872,35.6019813180086],[33.00866082698713,35.60392308700862],[33.00708205498715,35.60524963700864],[33.006295362987125,35.60508834900862],[33.00566032698715,35.604958153008624],[33.0028394759872,35.603985548008595],[33.00181439798728,35.60095918900854],[33.00115341398732,35.599007753008486],[33.00041884098731,35.59901640700854],[33.00011545998736,35.59802298200847],[33.00066392098738,35.5975626150085],[32.9998885829874,35.59527356900841],[32.9998885829874,35.59527356900841]]]}