{"segmentId":"5001052","streetsFileVersion":236,"polygonPointList":[[[32.48958292598926,35.54741019000769],[32.489837111989296,35.54639344500765],[32.490503360989315,35.54572719600764],[32.49190724298932,35.54556063300763],[32.49200175698927,35.546339271007696],[32.49353909798928,35.546305650007696],[32.4943687099893,35.546287507007655],[32.49469809598924,35.547149899007664],[32.49655341598926,35.54801809600772],[32.49682137298912,35.55359515900781],[32.49636341298909,35.55438152300784],[32.49623066598909,35.55460946300785],[32.495603393989065,35.55568655100787],[32.493355027989075,35.55538293000786],[32.49297714598908,35.55533190100783],[32.49205413398903,35.557604532007865],[32.49108477198908,35.556941284007884],[32.49086471298909,35.55613066900783],[32.49012942398909,35.554205244007825],[32.48996928298912,35.553785899007806],[32.489626799989125,35.55350443200783],[32.48834023298912,35.55306989300779],[32.48842537898916,35.551993047007784],[32.48855400998919,35.550105527007716],[32.48926736298928,35.547602389007714],[32.48958292598926,35.54741019000769],[32.48958292598926,35.54741019000769]]]}