{"segmentId":"5001382","streetsFileVersion":96,"polygonPointList":[[[32.853711010990764,35.46263623100605],[32.85365094899075,35.462808476006096],[32.85371090199076,35.463124586006074],[32.85355811899077,35.463935734006114],[32.85331549999077,35.464340809006124],[32.85302283499075,35.46459059800608],[32.85300673699072,35.46459851800611],[32.852093104990686,35.46649265800614],[32.851545247990686,35.46682812200612],[32.851219999990704,35.46703000000617],[32.85110999999068,35.46710000000616],[32.85072999999068,35.467180000006124],[32.85055999999064,35.46770000000613],[32.85044999999064,35.467890000006165],[32.85039999999065,35.46803000000615],[32.85030999999063,35.46823000000617],[32.85030999999063,35.46833735700616],[32.85030999999063,35.46843000100617],[32.850239999990656,35.468740000006136],[32.85011999999063,35.469110000006175],[32.85005999999063,35.4694400000062],[32.85001999999059,35.470080000006185],[32.84992999999057,35.4708000000062],[32.849879999990605,35.4711400000062],[32.84893999999058,35.4710900010062],[32.8480599999906,35.470060000006185],[32.84827999999062,35.46964000000615],[32.848479999990616,35.4692600000062],[32.848759999990634,35.46879000000618],[32.84901999999067,35.468450000006186],[32.84916743399062,35.46830570300616],[32.849489999990666,35.46799000000615],[32.84956999999065,35.46786000000614],[32.849659999990656,35.46760000000615],[32.8495499999907,35.467500000006126],[32.849547495990706,35.46749455100617],[32.84893199999069,35.46670505100616],[32.8486381009907,35.466753916006155],[32.84799564699072,35.46652786700611],[32.847460267990726,35.465421417006134],[32.84696058099078,35.46443394100609],[32.84690109499077,35.4634702590061],[32.84719039599076,35.46308663300607],[32.84774947799074,35.46268409100605],[32.84864986799079,35.46220904500607],[32.84911666199078,35.461438809006076],[32.849460676990795,35.46058617300601],[32.84937912199084,35.46063912100603],[32.849514870990824,35.46006557200605],[32.84998699799086,35.45960175600601],[32.85152062299088,35.458489680006025],[32.85269725899082,35.45914431100601],[32.85328301399079,35.46072767100602],[32.853711010990764,35.46263623100605],[32.853711010990764,35.46263623100605]]]}