{"segmentId":"5001150","streetsFileVersion":96,"polygonPointList":[[[32.67344999999609,35.10534000000227],[32.67315999999605,35.10618000000227],[32.673309999996086,35.10641000000225],[32.67329999999604,35.10663000000226],[32.67338999999604,35.10690000000226],[32.673459999996055,35.10750000000229],[32.67354999999601,35.10767000000226],[32.67307999999605,35.10771000000226],[32.67300340099607,35.10771729500227],[32.672869999996045,35.10773000000227],[32.67269999999608,35.10774000000225],[32.67252999999605,35.10777000000228],[32.67239999999603,35.107780000002265],[32.67223999999605,35.107800000002264],[32.67192999999603,35.10783000000226],[32.67105999999604,35.107900000002246],[32.67052999999603,35.10796000000227],[32.669799999996044,35.108050000002265],[32.668289999996055,35.1082400000023],[32.66805999999603,35.10827000000228],[32.66787999999601,35.108289999002295],[32.66770999999605,35.108300000002274],[32.667579999996015,35.108300000002274],[32.667469999996015,35.10829000000229],[32.66734999999603,35.10827000000228],[32.66720999999606,35.1082400000023],[32.667009999996054,35.10818000000228],[32.66683999999602,35.10811000000229],[32.66662999999607,35.10800000000227],[32.66659882999606,35.107979220002285],[32.66651219099605,35.10794690800224],[32.66593908999606,35.10751042000225],[32.66450244299606,35.10676314300229],[32.66400547199605,35.106504642002264],[32.66266740899605,35.105808643002256],[32.66047830499606,35.10423819900227],[32.657860998996085,35.101954002002245],[32.657860897996095,35.101953916002245],[32.65775919699614,35.101791745002245],[32.6569874129961,35.10056106200223],[32.65610009599612,35.09914615200222],[32.65610000199616,35.09914599900219],[32.65513733799612,35.0975425740022],[32.65409986699621,35.09581455400221],[32.65434431799616,35.0949444870022],[32.65511447699618,35.0945490390022],[32.65518795899619,35.094511293002164],[32.65622175499619,35.093980254002155],[32.65672239899618,35.0942354470022],[32.65674011099618,35.09422694400219],[32.65676570699616,35.094257523002184],[32.657701604996205,35.094734578002175],[32.658107510996125,35.0956098130022],[32.65834999999617,35.09580000100218],[32.658589999996174,35.096020000002206],[32.65879999999616,35.096260000002175],[32.65884999999614,35.09632000000219],[32.65907999999619,35.096550000002175],[32.65935999999616,35.0967900000022],[32.659729999996124,35.097080000002215],[32.659989999996135,35.097190000002215],[32.66013999999617,35.09733000000221],[32.66018999999616,35.09748000000223],[32.66020999999618,35.0977199990022],[32.66021999999613,35.098220001002225],[32.6601999999961,35.098540000002224],[32.66018999999615,35.0986000000022],[32.66018999999611,35.09863000000223],[32.66015999999615,35.09883000000224],[32.66015970699612,35.098832055002205],[32.660211032996145,35.09915250000222],[32.66001552899614,35.099684032002195],[32.65993999999614,35.10009000000225],[32.659929999996116,35.1001300000022],[32.65989999999615,35.100460000002215],[32.65992189999611,35.100629727002236],[32.65993999999614,35.100770000002235],[32.660039999996116,35.101250000002224],[32.660079999996114,35.10159000000222],[32.66009999999611,35.10172000000223],[32.66015999999615,35.101910000002206],[32.66053999999607,35.102460000002246],[32.66062999999607,35.10262000000224],[32.66083999999613,35.10297000000222],[32.66098999999607,35.10311000000227],[32.6610499999961,35.103150000002216],[32.660803535996095,35.103766160002266],[32.660865641996075,35.10384269400223],[32.66171138399608,35.10426374000228],[32.66405419999614,35.103602168002254],[32.66444757099607,35.103491087002254],[32.66575294899611,35.10301196700223],[32.66693555699611,35.10277526300224],[32.66715779399608,35.10244272500224],[32.66864463499614,35.10196998000221],[32.668901730996105,35.10337544400224],[32.66925053899611,35.10317336800224],[32.669528178996075,35.10300671400224],[32.67010947699607,35.10311089000223],[32.67023798299609,35.10272306500226],[32.67229384299608,35.103468423002234],[32.67232020099607,35.10361547000227],[32.672529999996094,35.10340000000226],[32.673067094996114,35.103924307002245],[32.673369999996076,35.10422000000224],[32.67375999999611,35.10452000000223],[32.67344999999609,35.10534000000227],[32.67344999999609,35.10534000000227]]]}