{"segmentId":"5001404","streetsFileVersion":188,"polygonPointList":[[[32.907584135995975,35.1012369640022],[32.90512127599596,35.10283847800218],[32.89854664899596,35.10239542200218],[32.89831124799597,35.102379559002195],[32.89855545999601,35.101871273002175],[32.90011910099602,35.09861682400216],[32.89919560099601,35.09800776200218],[32.89910654799605,35.09765018300216],[32.899584680996064,35.09636617900214],[32.899713508996015,35.09593441800218],[32.89977936499602,35.09571370300216],[32.899788679996036,35.095586341002175],[32.899829655996065,35.09502610400215],[32.8997395579961,35.09478612500214],[32.899308570996105,35.09440625500213],[32.899129450996085,35.09378200400214],[32.899117737996036,35.093504227002136],[32.89879167499607,35.092613767002135],[32.898849999996045,35.092580000002144],[32.89922999999607,35.09236000000213],[32.8999299999961,35.09194000000216],[32.90034999999611,35.09168000000213],[32.90078999999606,35.091410000002135],[32.900979999996096,35.09129000000214],[32.90110827999612,35.091213032002116],[32.90155093199612,35.09106894700213],[32.9026717179961,35.09070412600212],[32.90318180799609,35.090775513002114],[32.90424860499611,35.090924816002115],[32.90446412199608,35.090954187002154],[32.90507594999608,35.09062126500211],[32.90546142199607,35.090478498002106],[32.90722480899612,35.09136179800212],[32.907393953996056,35.09154643100212],[32.90774037899612,35.09192457900216],[32.90793862299609,35.09214097500214],[32.907729642996074,35.09256630700211],[32.906171908996065,35.09573675400213],[32.906062947996055,35.09595852100216],[32.90654973099604,35.09617646900217],[32.90661491299606,35.096145191002165],[32.907510515996044,35.09660664300214],[32.90763006899603,35.09753917400219],[32.90764442499605,35.09765115600216],[32.907706555996036,35.09813578900214],[32.90854227999603,35.09816154300218],[32.908770410995984,35.09957186000216],[32.90904404799602,35.0996075520022],[32.90894886899598,35.10033328800219],[32.907647095996,35.10119602200221],[32.907584135995975,35.1012369640022],[32.907584135995975,35.1012369640022]]]}