{"segmentId":"5001550","streetsFileVersion":236,"polygonPointList":[[[33.030639999990264,35.47837000000625],[33.0305021909902,35.4798907050063],[33.03079814199014,35.48273873300636],[33.03020346899017,35.483187076006324],[33.026850523990134,35.483953464006326],[33.026799853990134,35.48396504600634],[33.02603941199011,35.48413886100638],[33.026015616990065,35.48628037600637],[33.02601164599005,35.48628122000637],[33.024112047990094,35.48668488400641],[33.02359585099012,35.48386213400635],[33.02223227399028,35.47640561300623],[33.02432371299033,35.47588696600625],[33.02660999999033,35.475320000006235],[33.026975443990345,35.475130065006184],[33.02964999999037,35.473740000006224],[33.030639999990264,35.47837000000625],[33.030639999990264,35.47837000000625]]]}