{"segmentId":"5001575","streetsFileVersion":188,"polygonPointList":[[[33.05395720699113,35.43632678500561],[33.05363776799111,35.43586954400561],[33.053639227991155,35.4350812160056],[33.05372791999114,35.43435535800558],[33.05436965299115,35.43373466900555],[33.05484675499114,35.43344485400557],[33.05538988799115,35.433114929005555],[33.05605951499118,35.43315124200558],[33.057079438991195,35.432704379005536],[33.05771988099113,35.43277518400553],[33.05780868799124,35.431980137005525],[33.0580135839912,35.431392841005525],[33.05816255099121,35.43129383200553],[33.058480014991225,35.43108283500551],[33.0589577629912,35.43106305300553],[33.059624664991226,35.43083011500551],[33.05999498699121,35.43060264100553],[33.06010237499124,35.43058628500553],[33.060136988991246,35.430581013005515],[33.06049313999124,35.43052677000549],[33.06128955099124,35.43024859600553],[33.06132789899118,35.43138090000555],[33.06144350399116,35.434794393005596],[33.06037274699109,35.43509182500556],[33.05951019199113,35.43646001500563],[33.05947120599109,35.43851008800563],[33.05942695499106,35.43862327500564],[33.058553309991034,35.43869011500563],[33.058117432991075,35.438418590005604],[33.05782958899111,35.43644067100562],[33.05640518399107,35.43669459400562],[33.05619832399109,35.436816739005614],[33.05583529499112,35.436796185005605],[33.05477756799113,35.436984742005606],[33.054771258991124,35.436985867005596],[33.05395720699113,35.43632678500561],[33.05395720699113,35.43632678500561]]]}