{"segmentId":"5001768","streetsFileVersion":188,"polygonPointList":[[[30.911882329999276,34.43471590600027],[30.91181022499933,34.43477249300023],[30.91180999999932,34.434800000000266],[30.91178999999933,34.43484000000028],[30.911679999999325,34.43486000000028],[30.911069999999306,34.43488000000029],[30.910369999999297,34.43488000000029],[30.9097199999993,34.43488000000029],[30.90936999999929,34.43487000000025],[30.90931999999931,34.434800000000266],[30.909245237999297,34.43363779000024],[30.909075711999304,34.431002435000245],[30.908697103999327,34.430955903000246],[30.90867330899933,34.429668020000264],[30.90898999999934,34.42966999900026],[30.90929837299936,34.428833966000276],[30.909289999999338,34.428700000000255],[30.9092799999993,34.42857000000024],[30.909359999999328,34.42847000000026],[30.90943999999935,34.42845000000026],[30.910829999999287,34.42845000000026],[30.91093999999929,34.42850000000025],[30.910989999999295,34.42853000000023],[30.91115999999933,34.42875000000024],[30.911559999999323,34.429420000000256],[30.91179999999929,34.42989000000026],[30.91181999999931,34.430820000000246],[30.91180999999932,34.43166000000029],[30.91182999999932,34.43236000000028],[30.91182389899936,34.433104269000275],[30.91185346699934,34.43367668000028],[30.91190126299934,34.43460196000028],[30.911882329999276,34.43471590600027],[30.911882329999276,34.43471590600027]]]}