{"segmentId":"5001147","streetsFileVersion":188,"polygonPointList":[[[32.64730999999323,35.33787000000441],[32.64708999999323,35.33847000000438],[32.64709999999323,35.33860999900439],[32.646974275993216,35.338753683004406],[32.646952658993236,35.33901749800439],[32.64683501799318,35.33910178800441],[32.64682999999321,35.339110000004425],[32.6464999999932,35.33940000000443],[32.6460483679932,35.33966543300443],[32.642189999993136,35.34243000000444],[32.641948421993156,35.34232869300448],[32.64184452899313,35.34240091300446],[32.641787477993134,35.34237609000448],[32.641634439993204,35.34230950200444],[32.641647164993145,35.34191717500445],[32.641433546993206,35.341785129004464],[32.6409802359932,35.34141090000442],[32.64088973999317,35.34118516700443],[32.640849314993154,35.34109998200445],[32.64077655399319,35.34102780000445],[32.63993999999315,35.34152999900443],[32.63913999999318,35.340260000004434],[32.63909685499318,35.339378107004435],[32.638996538993226,35.339100849004396],[32.63894352099324,35.3362439520044],[32.639707348993234,35.33611258100439],[32.63979999999325,35.33513000000437],[32.63997999999326,35.33510000000438],[32.640016398993275,35.33510151700437],[32.640869997993256,35.33498916300436],[32.64192783199333,35.334849927004356],[32.64289168699326,35.33472306000435],[32.645649999993275,35.33436000000437],[32.64580999999325,35.33364000000435],[32.64581999999331,35.333320000004356],[32.64582999999331,35.33300000000431],[32.64585999999328,35.33292000000435],[32.645949999993306,35.332850000004356],[32.64606464499326,35.332789661004334],[32.64702225199335,35.33217975800433],[32.6470299999933,35.33217000000435],[32.647269999993334,35.331830000004295],[32.64753999999331,35.33185000000431],[32.647579999993326,35.332200000004335],[32.64773999999329,35.332470000004335],[32.64784999999331,35.332720000004336],[32.647879999993286,35.33308000000433],[32.647779999993304,35.334290001004355],[32.64771152099332,35.33484836600438],[32.64764999999327,35.335350000004375],[32.64752999999329,35.33615000000436],[32.64746999999325,35.336990000004405],[32.64740999999321,35.337440000004406],[32.64730999999323,35.33787000000441],[32.64730999999323,35.33787000000441]]]}