{"segmentId":"5001625","streetsFileVersion":236,"polygonPointList":[[[33.13985336498554,35.65325442500966],[33.13871667998557,35.65299712900963],[33.136054400985564,35.65067350400959],[33.13605301798558,35.65067229600958],[33.136337378985694,35.64778956200954],[33.13644684798572,35.646679817009506],[33.13581155298578,35.645082475009445],[33.136288034985796,35.644965504009434],[33.1396099999858,35.64415000000942],[33.14075264998582,35.64256047200942],[33.14146040598588,35.641575920009366],[33.14151372198587,35.6415017520094],[33.1416299999859,35.6413400000094],[33.14329999998589,35.640730000009384],[33.14376999998589,35.64189000000938],[33.144539999985874,35.64156000000934],[33.144619999985814,35.642720000009405],[33.14540716998583,35.642776226009374],[33.14582166598585,35.642805833009426],[33.14643999998581,35.642850000009425],[33.14554999998579,35.64517000000947],[33.144686280985695,35.64801455800953],[33.1446784829857,35.64804023900954],[33.14402811298561,35.65018215900958],[33.14249244698557,35.651823511009596],[33.14092641498545,35.65349731800967],[33.14052195698549,35.65340576600965],[33.139853869985494,35.653254540009634],[33.13985336498554,35.65325442500966],[33.13985336498554,35.65325442500966]]]}