{"segmentId":"5001166","streetsFileVersion":188,"polygonPointList":[[[32.67197999999131,35.446630000005854],[32.67188270099129,35.4470306430059],[32.67196603099129,35.44709314100587],[32.67187103199127,35.44808113300592],[32.67190898499126,35.44819891800591],[32.671909012991264,35.448199005005904],[32.671918999991256,35.44823000000588],[32.67191357299122,35.4483428420059],[32.67191356299122,35.44834303900592],[32.67186599999125,35.44933200000589],[32.67171212599121,35.4494059390059],[32.67159417599123,35.44946261600593],[32.67147481099122,35.44956551800592],[32.67144999999121,35.449760000005895],[32.671089999991196,35.45034000000593],[32.6705236599912,35.450854854005954],[32.67055624499118,35.45165861400595],[32.67079499999119,35.451825000005954],[32.67074652599117,35.45210880600598],[32.67073299999117,35.45218800000594],[32.67065563799115,35.45221501800598],[32.67027199999119,35.452349000005945],[32.670209999991165,35.45246000000595],[32.670034999991145,35.45243300000595],[32.66999758499114,35.45244574600594],[32.66993148899121,35.452498285005966],[32.66992635699116,35.45251234700596],[32.66986699999119,35.45267500000598],[32.66986700199116,35.45267504000595],[32.66986799099116,35.452699784005986],[32.66986799999119,35.452700000005976],[32.669883051991135,35.45326138800598],[32.66992526599114,35.45343024800601],[32.66988780199114,35.45343857300596],[32.66989499999115,35.453707000006006],[32.66975299999117,35.453832000005974],[32.6694339999911,35.45387400000598],[32.66940815699115,35.45381575700597],[32.669367028991154,35.453723066006],[32.669366999991155,35.45372300000596],[32.66923501199114,35.45380450600599],[32.66923409099117,35.453805074006],[32.668898999991136,35.454012000005974],[32.668898570991125,35.45401226200599],[32.66888099999114,35.45402300000601],[32.668880956991146,35.45402302600601],[32.66813999999113,35.454480000005994],[32.668129999991145,35.45428000000599],[32.668176999991154,35.45373800000598],[32.66804731899113,35.453647574006],[32.66760068399114,35.45354077000601],[32.66743099999117,35.45365700000602],[32.666835999991115,35.454043000006024],[32.66670399999111,35.45412300000598],[32.66670386499111,35.454123082005964],[32.665819999991136,35.454658000006006],[32.66518399999112,35.45497100000601],[32.66415035699112,35.454225080006026],[32.66415031999113,35.45422505300602],[32.66250399999117,35.453037000005985],[32.66254225399119,35.452773474005944],[32.66254229199117,35.452773213005976],[32.66257599999118,35.45254100000597],[32.66259511199121,35.45251633900598],[32.66260674999117,35.452501323005954],[32.66260699999114,35.45250100000597],[32.6629005669912,35.45211773200595],[32.6627718549912,35.45181911800597],[32.6627580209912,35.451760330005975],[32.662699999991176,35.45177000000598],[32.66262999999117,35.45183000000594],[32.66230999999119,35.45109000000597],[32.66218999999122,35.45012000000591],[32.662389999991234,35.4499400000059],[32.6626299999912,35.44964000000593],[32.662719999991204,35.4495800000059],[32.66278999999121,35.4494000000059],[32.66284699999124,35.44936700000592],[32.66284705999122,35.44936686700591],[32.66317065399124,35.448652178005894],[32.663223998991235,35.448534361005905],[32.66257362799127,35.44832299000592],[32.662559999991245,35.44833000000591],[32.66250999999126,35.44835000000592],[32.66170579999123,35.4486212000059],[32.66072159999123,35.44870770000592],[32.65984259999127,35.448582200005895],[32.65936449999127,35.44776410000588],[32.65879669999126,35.44697370000589],[32.65897209999131,35.44582360000585],[32.659301699991346,35.44450300000585],[32.65970129999136,35.44339210000582],[32.660930799991405,35.442965300005795],[32.661942999991375,35.44283780000583],[32.66271999999132,35.443868400005826],[32.66291895999133,35.44489879500583],[32.662918999991305,35.44489900000589],[32.663356760991334,35.44464596800583],[32.66348299999131,35.444573000005846],[32.66348309099133,35.44457307100583],[32.663524005991306,35.44460485600586],[32.66360399999136,35.444667000005836],[32.664869999991346,35.44412000000584],[32.66581340099132,35.44389503500581],[32.666187446991316,35.44376347400582],[32.66628696699136,35.44384778900586],[32.66681999999131,35.44402000000587],[32.66689953899133,35.444101527005834],[32.66689999999134,35.444102000005834],[32.6675799999913,35.44480000000585],[32.66862999999132,35.44480000000585],[32.6691799999913,35.444630000005866],[32.670309999991304,35.444660000005854],[32.670309999991304,35.44505000000584],[32.67033999999131,35.44526000000589],[32.671939999991274,35.44638000000585],[32.67197999999131,35.44646000000588],[32.67197999999131,35.446630000005854],[32.67197999999131,35.446630000005854]]]}