{"segmentId":"5001277","streetsFileVersion":236,"polygonPointList":[[[32.76301263199392,35.28468857400374],[32.763452831993924,35.285289388003754],[32.76371300199389,35.28557524900376],[32.76381769899394,35.28585602500377],[32.76366065399389,35.28646516700381],[32.76337035999394,35.286665042003776],[32.76318519799387,35.286953531003796],[32.76301263199386,35.28753500400381],[32.76286986399388,35.28830832900383],[32.76243561199385,35.28896862900384],[32.76193397599389,35.28935981000383],[32.76125882599386,35.290846291003824],[32.761241695993874,35.29088400500385],[32.76074108899379,35.2951054910039],[32.76064999999378,35.29587362200389],[32.760633975993784,35.29590411000388],[32.760223220993744,35.29668564300389],[32.759866704993755,35.296491688003904],[32.759667432993766,35.29638327800391],[32.75908887299376,35.29743489100393],[32.758018490993685,35.29938045800391],[32.75733195599369,35.300628329003956],[32.75720999999369,35.30085000000392],[32.75555886499371,35.301759552003986],[32.75387802199371,35.30116111000396],[32.753507726993696,35.30147965200398],[32.75321759099371,35.30172923900396],[32.75240665599371,35.30156812600397],[32.752612954993744,35.30079644200393],[32.7526648049937,35.30074081900395],[32.75325211299369,35.30011076800391],[32.75346896699378,35.29731565700392],[32.7546144769938,35.294948267003875],[32.754980137993826,35.29419256700386],[32.756248325993845,35.291571639003834],[32.756159992993844,35.28920664400381],[32.75605814099392,35.28647967900377],[32.75736036399395,35.28451684300378],[32.75787629099395,35.284448280003765],[32.7580427329939,35.284727738003795],[32.75849931099391,35.28549433400381],[32.75877817899393,35.28532135200377],[32.75988576099397,35.28463431800376],[32.76008587099395,35.28451019000377],[32.76023139199391,35.28441992400379],[32.76081533699395,35.28405770200376],[32.76115984499396,35.284011919003795],[32.76242132199398,35.28437581800378],[32.76301263199392,35.28468857400374],[32.76301263199392,35.28468857400374]]]}