{"segmentId":"5002023","streetsFileVersion":236,"polygonPointList":[[[32.87330993299599,35.10062639800217],[32.87293541899603,35.10072369400221],[32.87238947399602,35.10047069500221],[32.866678767996,35.10254082600221],[32.86481643799602,35.10273765800218],[32.86477805099599,35.10143392500219],[32.862490304996015,35.10145467300219],[32.86085390399602,35.10146951300219],[32.860948073996084,35.09761712600218],[32.86103788999606,35.09471485400218],[32.861250521996055,35.09472280200214],[32.861757232996084,35.09478271100216],[32.862600673996084,35.09488243200218],[32.867713503996065,35.09548693000216],[32.86811554699608,35.095534464002135],[32.869345428996084,35.09567987500213],[32.8693442789961,35.09502535200215],[32.8693383339961,35.094987703002175],[32.86931959599604,35.09486903900216],[32.86927404499609,35.094580564002165],[32.871618233996074,35.09491343100217],[32.87169991099608,35.09492502900213],[32.873324872996086,35.09515576900214],[32.87350056999607,35.095180717002165],[32.873398207996026,35.09810476200217],[32.87335356399605,35.099380045002164],[32.87330993299599,35.10062639800217],[32.87330993299599,35.10062639800217]]]}