{"segmentId":"5002194","streetsFileVersion":236,"polygonPointList":[[[32.51980919898946,35.53848459200749],[32.51979864498944,35.53874527000751],[32.52007569898937,35.5421965510076],[32.51961884298935,35.54318640700761],[32.51914294998934,35.54364326400758],[32.518172129989296,35.543738442007616],[32.516972881989375,35.54278665800761],[32.51687770298934,35.54208233700759],[32.51687770298939,35.54069273200753],[32.516439882989395,35.5395886620075],[32.51545002698946,35.53916987700753],[32.51470763498945,35.53854169900752],[32.514745705989476,35.537856415007525],[32.51564038398947,35.53808484300748],[32.51583074098951,35.537494736007474],[32.51554520498948,35.53620031000743],[32.51619241898951,35.535724417007444],[32.517315523989524,35.53538177500747],[32.51815309498953,35.53509624000743],[32.51927619998954,35.53541984600742],[32.5197711279895,35.536523916007496],[32.51980919898946,35.53848459200749],[32.51980919898946,35.53848459200749]]]}