{"segmentId":"5002183","streetsFileVersion":236,"polygonPointList":[[[32.87353760898874,35.55041787800761],[32.87336836898874,35.550610812007605],[32.8730768859887,35.5511878320076],[32.873059039988696,35.5517470050076],[32.873183961988694,35.55247869000763],[32.87260694298869,35.552591714007654],[32.872124208988716,35.551631403007605],[32.87179584398874,35.55127448400759],[32.87132470998877,35.550232280007585],[32.870696532988795,35.54881888000757],[32.871053451988836,35.54814787200758],[32.871153388988795,35.54731982000752],[32.87091068398888,35.54600635700752],[32.87016829198893,35.54442163600747],[32.8696257749889,35.54406471700745],[32.86879772298894,35.543265218007456],[32.86836327598892,35.542353940007445],[32.86853212898899,35.54205699300746],[32.868911936988965,35.54208024700745],[32.86968288198895,35.542408612007414],[32.87053948798897,35.54277980800744],[32.87172445998892,35.543422263007436],[32.871810120988926,35.543779182007455],[32.87182347898891,35.54467420500747],[32.87201475398892,35.5446960670075],[32.87420385798887,35.54540038800752],[32.874546500988856,35.546809029007505],[32.874717821988796,35.548217670007546],[32.874451321988744,35.54884743400755],[32.87398018898876,35.54976114700755],[32.87353760898874,35.55041787800761],[32.87353760898874,35.55041787800761]]]}