{"segmentId":"5002020","streetsFileVersion":236,"polygonPointList":[[[33.04265639698793,35.573742576007966],[33.042466039988,35.57217213200794],[33.042656396987944,35.572160234007974],[33.04332264598797,35.572457667007946],[33.045666414987956,35.57283838100796],[33.04787931398795,35.57311201900798],[33.0479388009879,35.57421846800796],[33.04658250798789,35.57455159300796],[33.044345814987906,35.57421846800796],[33.04265639698793,35.573742576007966],[33.04265639698793,35.573742576007966]]]}