{"segmentId":"5002187","streetsFileVersion":236,"polygonPointList":[[[32.84709809898607,35.6492745490097],[32.85037350698608,35.64831634000971],[32.85084939898599,35.65060657100972],[32.84947208798598,35.65109317100977],[32.84879941398601,35.651445807009786],[32.84873992698598,35.65245707800979],[32.84826403498597,35.65269502400976],[32.84625339098599,35.652576051009774],[32.843070861986014,35.65198118500979],[32.840661656986036,35.65132683400974],[32.83698538998605,35.65049402200973],[32.83570642998611,35.64933403500971],[32.83421926698614,35.646776115009686],[32.83448695598618,35.645794587009654],[32.835408996986246,35.6446048560096],[32.836687956986204,35.64502126200962],[32.83707461998621,35.64635970900967],[32.83835357998615,35.64763866900969],[32.84061406798606,35.64942326500972],[32.84252131298608,35.649863398009714],[32.845973082986056,35.64956073700972],[32.84709809898607,35.6492745490097],[32.84709809898607,35.6492745490097]]]}