{"segmentId":"5002205","streetsFileVersion":236,"polygonPointList":[[[31.421542182998436,34.78587109100087],[31.422817573998483,34.78555700200089],[31.42306503799847,34.785852055000895],[31.422960341998483,34.786689625000896],[31.422674806998483,34.78706082100089],[31.422027592998457,34.787232142000875],[31.421608807998457,34.7871369640009],[31.421542182998436,34.78587109100087],[31.421542182998436,34.78587109100087]]]}