{"segmentId":"5002201","streetsFileVersion":236,"polygonPointList":[[[32.808501815991086,35.44980421300588],[32.80831474599099,35.45335854900592],[32.80794502299101,35.45349237700592],[32.807423920991,35.45417766200596],[32.807088416990965,35.45510565200597],[32.80695183799093,35.45622536100599],[32.80636030199095,35.456204963005995],[32.804956419990965,35.454896259005984],[32.805244333991055,35.45296175800595],[32.80465422799103,35.4517625090059],[32.803591175991045,35.4514663490059],[32.80310043999104,35.451041533005935],[32.80317182399109,35.449494883005876],[32.80338597499109,35.44882863400587],[32.80474458899109,35.44899229400587],[32.80664583699114,35.448781045005845],[32.80816869199109,35.44873345500584],[32.808501815991086,35.44980421300588],[32.808501815991086,35.44980421300588]]]}