{"segmentId":"5002022","streetsFileVersion":236,"polygonPointList":[[[31.815729980997144,35.02383887800184],[31.8160195599971,35.02362481200183],[31.816208726997104,35.02384253300184],[31.81620884499712,35.02408220200184],[31.8158597669971,35.02436683500182],[31.815360316997097,35.024791099001824],[31.815274389997104,35.024640727001874],[31.815166981997084,35.02454405900185],[31.81493605299709,35.02435609400184],[31.814565492997087,35.024839433001866],[31.81436678799708,35.02477498800183],[31.81424805099711,35.024640842001844],[31.814590520997136,35.02413548100182],[31.8144473439971,35.024017757001815],[31.814416397997118,35.02337348100187],[31.814308941997073,35.02296741400184],[31.814289124997128,35.02293443800184],[31.814286867997144,35.02293068300181],[31.81435111299709,35.02252379600181],[31.814711600997125,35.02246311900185],[31.815007173997152,35.022481805001824],[31.815332640997116,35.02250238100182],[31.81559319199711,35.02269868600186],[31.815368332997103,35.023241203001845],[31.815124017997118,35.023410898001856],[31.814995127997147,35.02372775400183],[31.814968821997073,35.02382819400182],[31.815188506997146,35.02394071500183],[31.815729980997144,35.02383887800184],[31.815729980997144,35.02383887800184]]]}