{"segmentId":"5003006","streetsFileVersion":96,"polygonPointList":[[[33.06113657499834,34.6915053480006],[33.06113299499833,34.6912956990006],[33.06113657499834,34.69108605000054],[33.061147310998386,34.690876645000586],[33.0611651889984,34.69066772900056],[33.06119018999834,34.690459545000586],[33.061222283998376,34.69025233600058],[33.061261432998336,34.690046343000574],[33.06130759199835,34.68984180700056],[33.061360707998375,34.68963896600059],[33.0614207179984,34.68943805700059],[33.0614875519984,34.68923931400058],[33.06156113199838,34.689042969000575],[33.06164137299838,34.688849250000544],[33.06172818099835,34.688658383000586],[33.061821454998366,34.68847059200056],[33.06192108599837,34.688286094000546],[33.06202695799839,34.68810510600059],[33.06213894699838,34.687927838000576],[33.06225692299838,34.68775449600054],[33.06238074799839,34.68758528300054],[33.06251027799836,34.687420397000544],[33.06264536199842,34.687260029000576],[33.06278584299836,34.68710436600053],[33.06293155599835,34.686953590000535],[33.06308233099836,34.68680787700053],[33.06323799399842,34.68666739700057],[33.06339836199837,34.68653231300055],[33.06356324899833,34.68640278300056],[33.06373246099834,34.686278957000575],[33.0639058029984,34.68616098100056],[33.06408307099836,34.68604899200055],[33.06426405999838,34.68594312100054],[33.06444855699838,34.685843490000536],[33.064636348998384,34.68575021600054],[33.064827214998374,34.68566340800054],[33.06502093399841,34.685583167000566],[33.06521727999839,34.685509587000574],[33.0654160229984,34.68544275200053],[33.065616931998385,34.68538274300055],[33.06581977299835,34.68532962700055],[33.066024307998404,34.68528346800058],[33.066230300998406,34.68524431800057],[33.06643750999839,34.68521222400055],[33.06664569399837,34.685187224000565],[33.06685460999839,34.68516934500058],[33.067064014998344,34.685158610000535],[33.067206871998366,34.68515617100057],[33.067273664998396,34.68515503000054],[33.0674833139984,34.685158610000535],[33.06769271899836,34.68516934500058],[33.0679016349984,34.685187224000565],[33.068109818998344,34.68521222400055],[33.068317027998354,34.68524431800057],[33.06852302099839,34.68528346800058],[33.06872755699838,34.68532962700055],[33.068930396998354,34.68538274300055],[33.06913130599837,34.68544275200053],[33.06933004999839,34.685509587000574],[33.06952639499836,34.685583167000566],[33.06972011399839,34.68566340800054],[33.06991097999835,34.68575021600054],[33.07009877199838,34.685843490000536],[33.070283268998395,34.68594312100054],[33.07046425799841,34.68604899200055],[33.07064152599837,34.68616098100056],[33.07081486799839,34.686278957000575],[33.070984079998404,34.68640278300056],[33.07114896699838,34.68653231300055],[33.07130933499833,34.68666739700057],[33.071464997998405,34.68680787700053],[33.0716157729984,34.686953590000535],[33.07176148699837,34.68710436600053],[33.07190196699834,34.687260029000576],[33.072037050998375,34.687420397000544],[33.07216658099837,34.68758528300054],[33.07229040599836,34.68775449600053],[33.072408381998365,34.68792783800056],[33.07252037199835,34.68810510600059],[33.07262624299836,34.688286094000546],[33.072725873998394,34.68847059200056],[33.07281914799838,34.688658383000586],[33.07290595599839,34.688849250000544],[33.072986196998336,34.689042969000575],[33.073059776998335,34.68923931400058],[33.07312661099841,34.68943805700059],[33.073186620998364,34.68963896600059],[33.07323973699837,34.68984180700056],[33.07328589599839,34.690046343000574],[33.07332504599837,34.69025233600058],[33.07335713899836,34.690459545000586],[33.07338213999833,34.69066772900055],[33.073400018998385,34.69087664500057],[33.07341075399839,34.69108605000054],[33.07341433399838,34.6912956990006],[33.07341075399837,34.6915053480006],[33.073400018998385,34.691714753000554],[33.07338213999833,34.69192367000057],[33.07335713899835,34.69213185400054],[33.07332504599834,34.69233906300059],[33.07328589599839,34.69254505500055],[33.07325948999834,34.69266206400056],[33.07323973699837,34.69274959100057],[33.073186620998364,34.692952432000546],[33.073126610998386,34.69315334100054],[33.07305977699832,34.693352084000544],[33.072986196998336,34.6935484300006],[33.072905955998365,34.69374214900058],[33.07281914799836,34.693933015000546],[33.072725873998365,34.694120806000576],[33.07262624299836,34.694305304000586],[33.07252037199835,34.694486292000605],[33.072408381998365,34.694663561000546],[33.072290405998324,34.694836902000596],[33.07216658099833,34.69500611500059],[33.07203705099834,34.69517100200058],[33.071901966998325,34.695331370000595],[33.07176148699837,34.69548703200059],[33.07161577299837,34.695637808000605],[33.07146499799837,34.69578352100059],[33.07130933499832,34.69592400200056],[33.07114896699838,34.69605908600057],[33.070984079998375,34.696188616000555],[33.07081486799837,34.696312441000565],[33.07064152599835,34.69643041700057],[33.070464257998346,34.696542406000574],[33.07028326899835,34.69664827800057],[33.07009877199834,34.696747909000585],[33.06991097999833,34.6968411820006],[33.069720113998336,34.69692799000059],[33.069526394998306,34.69700823100056],[33.06933004999839,34.6970818120006],[33.06913130599831,34.69714864600061],[33.06893039699833,34.697208656000576],[33.06872755699833,34.69726177100059],[33.06852302099833,34.697307931000594],[33.0683170279983,34.69734708000057],[33.068109818998295,34.697379174000574],[33.067901634998336,34.697404175000564],[33.067692718998345,34.69742205300056],[33.06748331399838,34.6974327890006],[33.06727366499837,34.69743636800059],[33.067064014998344,34.6974327890006],[33.06704033699834,34.69743157500058],[33.06685460999836,34.697422053000544],[33.06664569399833,34.69740417500056],[33.06643750999835,34.697379174000574],[33.066230300998356,34.69734708000057],[33.066024307998376,34.697307931000594],[33.06581977299833,34.69726177100058],[33.06561693199836,34.697208656000576],[33.06541602299834,34.69714864600061],[33.06521727999837,34.6970818120006],[33.06502093399835,34.69700823100056],[33.06482721499832,34.69692799000059],[33.06463634899835,34.6968411820006],[33.06444855699833,34.696747909000585],[33.06426405999832,34.69664827800057],[33.064083070998315,34.696542406000574],[33.06390580299837,34.69643041700057],[33.063732460998324,34.696312441000565],[33.063563248998314,34.696188616000555],[33.063398361998345,34.69605908600057],[33.06323799399837,34.69592400200056],[33.06308233099834,34.69578352100059],[33.062931555998325,34.695637808000605],[33.06278584299832,34.69548703200059],[33.062645361998385,34.695331370000595],[33.06251027799834,34.69517100200058],[33.06238074799834,34.69500611500059],[33.06225692299835,34.694836902000596],[33.06213894699835,34.694663561000546],[33.062026957998356,34.694486292000605],[33.06192108599835,34.694305304000586],[33.06182145499832,34.694120806000576],[33.06172818099832,34.693933015000546],[33.06164137299835,34.69374214900058],[33.06156113199838,34.6935484300006],[33.061487551998376,34.693352084000544],[33.0614207179984,34.69315334100054],[33.061360707998375,34.692952432000546],[33.06130759199835,34.69274959100057],[33.061261432998336,34.69254505500055],[33.06123992999838,34.69243191100055],[33.061222283998376,34.69233906300059],[33.06119018999834,34.69213185400054],[33.06116518899837,34.69192367000057],[33.06114731099841,34.691714753000554],[33.06113657499834,34.6915053480006],[33.06113657499834,34.6915053480006]]]}