{"segmentId":"5003003","streetsFileVersion":236,"polygonPointList":[[[33.07491265799837,34.69269372600059],[33.07491265799839,34.69017993000056],[33.076157558998325,34.69017993000056],[33.08517621899837,34.69017993000056],[33.08993743699837,34.69017993000056],[33.08993743699833,34.69298164500055],[33.08993743699833,34.70369543700061],[33.08993743699832,34.7066130590006],[33.084952295998306,34.7066130590006],[33.075933660998345,34.7066130590006],[33.07491265799835,34.7066130590006],[33.07491265799835,34.70340569400057],[33.07491265799837,34.69269372600059],[33.07491265799837,34.69269372600059]]]}