{"segmentId":"5003002","streetsFileVersion":236,"polygonPointList":[[[33.096330157998445,34.66658735000051],[33.09577756699841,34.66398761500051],[33.096330157998466,34.66116501900052],[33.09646725499847,34.660962937000534],[33.09782229999848,34.6589655890005],[33.100033677998454,34.65749121200047],[33.10263777999848,34.65695958100047],[33.10365711099846,34.657150627000526],[33.10525010899846,34.65744919100052],[33.10764317199846,34.659044702000536],[33.10905508999842,34.66119981300049],[33.10909968699843,34.661267884000495],[33.10961032499844,34.663876184000515],[33.109099686998405,34.66648448400054],[33.10764317199843,34.6687076670005],[33.10545583299843,34.67021747800051],[33.1034773019984,34.67062139800051],[33.102637779998425,34.6707927880005],[33.10003367799841,34.670261156000514],[33.097822299998455,34.66878678000053],[33.096330157998445,34.66658735000051],[33.096330157998445,34.66658735000051]]]}